split,sample_index,label,class_name,f00,f01,f02,f03,f04,f05,f06,f07,f08,f09,f10,f11,f12,f13,f14,f15,f16,f17,f18,f19,f20,f21,f22,f23,f24
known_train,0,0,Cross,0.024377366527915,0.0,1.0,0.07524517923593521,1.0,0.0,0.010227232240140438,0.9747005701065063,0.0,0.0,1.0,1.0,1.0,1.0,1.0,0.0,0.029500063508749008,0.92328941822052,1.0,0.0,0.0,0.0,1.0,0.0,0.0
known_train,1,0,Cross,0.03446568176150322,0.17133180797100067,0.9674867987632751,0.0,0.0,0.04927835240960121,0.09031778573989868,0.9908841848373413,0.0,0.0,1.0,0.0,1.0,0.0,1.0,0.009334865026175976,0.017495088279247284,1.0,0.017887644469738007,0.05431308597326279,0.0054063256829977036,0.023129552602767944,1.0,0.0,0.0
known_train,2,0,Cross,0.9043328166007996,0.0,1.0,0.0,0.0,0.013020245358347893,0.04689778760075569,1.0,1.0,0.0,0.9630118608474731,1.0,0.9846956729888916,0.8979451060295105,0.909337043762207,0.0,0.03977286070585251,1.0,0.05523882806301117,0.0,0.012683175504207611,0.05004722997546196,0.9752522706985474,0.03654202073812485,0.0
known_train,3,0,Cross,0.0,0.0009995294967666268,0.0,0.03572249412536621,0.053230807185173035,0.0,0.0,0.9936225414276123,0.0,0.0,0.8941840529441833,0.9202202558517456,1.0,0.9275617003440857,0.969747006893158,0.1039382666349411,0.0,1.0,0.0,0.0,0.8843153715133667,0.0,1.0,0.0,0.034753892570734024
known_train,4,0,Cross,0.0057703605853021145,0.0,1.0,0.0017481716349720955,0.128142312169075,0.0,0.0,1.0,0.017599735409021378,0.10873500257730484,1.0,1.0,0.0,0.9048989415168762,0.9488198757171631,0.0,0.8294363021850586,0.8898651003837585,0.05081207677721977,0.0,0.0,0.0,1.0,0.06705012172460556,0.1597384661436081
known_train,5,0,Cross,0.02141691744327545,0.0,0.9667714238166809,0.0,0.0,0.08527842164039612,0.012563885189592838,0.9873092174530029,0.0,0.0,0.96109539270401,0.9956973791122437,1.0,1.0,1.0,0.9476169943809509,0.0,0.9227906465530396,0.0,0.17027758061885834,0.0,0.06707913428544998,0.0,0.07452584058046341,0.030796077102422714
known_train,6,0,Cross,0.03568577766418457,0.0,0.9019515514373779,0.0,0.013807033188641071,0.1263273060321808,0.012799329124391079,0.9905089139938354,0.02286609075963497,0.10448013991117477,1.0,0.9671258330345154,1.0,1.0,1.0,0.01465875469148159,0.0,0.8905472755432129,0.132074236869812,0.999590277671814,0.0,0.0,1.0,0.9869245886802673,0.0
known_train,7,0,Cross,0.027005963027477264,0.11259854584932327,1.0,0.05151510238647461,0.0,0.0,0.0,0.9024949669837952,0.0,0.0,1.0,0.8938885927200317,1.0,0.9612664580345154,0.9737861752510071,0.08022062480449677,0.04304923489689827,1.0,1.0,0.0,0.0,0.019399743527173996,1.0,1.0,0.0072391824796795845
known_train,8,0,Cross,0.0,0.0,0.8829246163368225,0.0,0.02524840086698532,0.09646829217672348,0.0,0.06218700483441353,0.0,0.0,0.9150068759918213,0.9576448202133179,0.9298511147499084,0.9924589991569519,0.8593817353248596,0.0,0.17033976316452026,0.8970062136650085,0.0,0.14695307612419128,0.2324053794145584,0.0,0.9705401062965393,0.02732444368302822,1.0
known_train,9,0,Cross,0.0,0.0,0.8900083303451538,1.0,0.0,0.018573591485619545,0.0,1.0,0.08101726323366165,0.012434346601366997,1.0,1.0,1.0,0.94227534532547,1.0,0.0,0.16745346784591675,1.0,0.030867723748087883,0.0,0.9111655354499817,0.09529143571853638,1.0,0.038411471992731094,0.0
known_train,10,0,Cross,0.0,0.021097376942634583,1.0,0.0,0.0,0.0,0.012205000966787338,1.0,1.0,0.0,1.0,1.0,0.9702468514442444,0.8594622611999512,1.0,0.13818801939487457,0.0,1.0,1.0,0.0,0.0,0.0,1.0,0.046612419188022614,0.1385849267244339
known_train,11,0,Cross,1.0,0.0,1.0,0.0,0.0791667178273201,0.0,0.06258802860975266,0.9847478866577148,0.09369976818561554,0.06006952002644539,1.0,1.0,0.0,0.9946437478065491,0.9062394499778748,0.0,0.1208982765674591,1.0,0.0,0.0,0.0026225673500448465,0.0,0.9463087916374207,0.024960758164525032,0.09242496639490128
known_train,12,0,Cross,0.005762686021625996,0.033111222088336945,1.0,0.0,0.0,0.04727250710129738,0.0,1.0,0.029468528926372528,0.06772671639919281,0.95432448387146,1.0,1.0,1.0,1.0,0.021627459675073624,0.0,0.9881976842880249,0.0,0.030671508982777596,0.07998593896627426,0.0,0.0009140844340436161,1.0,0.0
known_train,13,0,Cross,0.10631684958934784,0.06854351609945297,1.0,0.04432931914925575,0.18621224164962769,0.0,0.0,1.0,0.0,0.008630435913801193,1.0,0.871819257736206,0.8998682498931885,0.8718977570533752,0.9364690780639648,1.0,0.0419350266456604,1.0,1.0,0.0,0.004348286893218756,0.0,1.0,0.05615628883242607,0.01105931494385004
known_train,14,0,Cross,0.0,1.0,1.0,0.06564227491617203,1.0,0.04169338196516037,0.0,0.9905966520309448,0.06636152416467667,0.0,0.8962821960449219,0.881425142288208,0.8133107423782349,0.9457388520240784,1.0,0.0,0.015823205932974815,1.0,0.10621488839387894,0.0,0.10828687250614166,0.007370132487267256,0.9330081343650818,0.0,0.0
known_train,15,0,Cross,0.0,0.03142619878053665,0.9167565107345581,1.0,0.0,0.0,1.0,0.9515999555587769,0.0,0.0,0.9476573467254639,1.0,0.9848604798316956,1.0,1.0,0.10565293580293655,0.0,0.8818513751029968,0.08537779003381729,0.0,0.08916739374399185,0.0306701697409153,0.9895089864730835,0.02790207229554653,0.15608100593090057
known_train,16,0,Cross,0.08609921485185623,0.0,1.0,0.0,0.025112656876444817,0.0,0.0,0.8341613411903381,0.0,0.0,0.9765446782112122,1.0,1.0,0.9230327010154724,1.0,0.0,0.0,1.0,0.9954573512077332,1.0,0.08510812371969223,0.0,1.0,0.20781390368938446,0.017846379429101944
known_train,17,0,Cross,0.0,0.0,1.0,1.0,0.053246818482875824,0.08682295680046082,0.029322512447834015,0.9771000742912292,0.03631724789738655,0.0,1.0,0.853487491607666,0.9731513857841492,0.8407350182533264,0.8803951144218445,0.10910897701978683,0.07161480188369751,0.9424415826797485,0.0,0.0,0.0,0.9762141108512878,1.0,0.0,0.037206415086984634
known_train,18,0,Cross,0.0,0.06326448917388916,1.0,0.053466081619262695,0.0,0.07182523608207703,0.13031496107578278,0.9223880171775818,0.0,0.10686274617910385,0.9846924543380737,1.0,0.0,1.0,1.0,0.020658306777477264,0.12517744302749634,0.0,0.0,0.0,0.036186717450618744,0.0,1.0,0.0,0.09182501584291458
known_train,19,0,Cross,0.01981327123939991,0.0,0.04387423396110535,0.0,0.016271058470010757,0.0,0.056547969579696655,1.0,0.030803034082055092,0.04452267661690712,1.0,1.0,0.9930324554443359,0.975433349609375,0.9397177696228027,1.0,0.0,0.9288961887359619,0.0,0.026743609458208084,0.004091364797204733,0.0,1.0,0.05915301293134689,0.0
known_train,20,0,Cross,0.0,0.0,1.0,0.0,0.01518747117370367,0.0,0.10689488798379898,1.0,0.0,0.0290763471275568,0.8072062730789185,0.9074921607971191,0.06500810384750366,0.9142293334007263,1.0,0.1597837209701538,0.0,0.9330029487609863,0.018835868686437607,1.0,0.0,0.0199228897690773,1.0,0.0,0.0
known_train,21,0,Cross,0.0,0.04123283177614212,0.9537968635559082,0.10195577889680862,0.0,0.0,0.043290529400110245,1.0,0.03584795072674751,0.0,1.0,0.0,1.0,0.0,1.0,0.0,0.0,1.0,0.019331561401486397,0.0,0.11609430611133575,0.0,1.0,0.0215130764991045,0.0
known_train,22,0,Cross,0.10901141166687012,0.0,0.025552021339535713,0.12887495756149292,0.20394623279571533,0.0,0.0,0.9751612544059753,0.0,1.0,0.9109289646148682,1.0,1.0,0.8804475665092468,1.0,0.16421480476856232,0.013756826519966125,0.9730139970779419,0.0,0.04922053962945938,0.0,0.013151256367564201,0.9687628746032715,0.14782600104808807,0.0
known_train,23,0,Cross,0.0,0.958294153213501,1.0,0.0,0.0,0.0,0.0,0.972612738609314,0.0,0.0,0.8707473278045654,1.0,0.9581825137138367,0.7948204278945923,1.0,0.021789580583572388,0.0,0.8946535587310791,0.06686463207006454,0.02794804982841015,0.1906081885099411,1.0,1.0,0.0,0.06534206867218018
known_train,24,0,Cross,0.0,0.0,1.0,0.11986995488405228,0.0,0.9171937704086304,0.025126177817583084,0.9803390502929688,0.07616429030895233,0.0,0.05613309144973755,0.9374067187309265,0.8143715262413025,0.9229089021682739,0.9267874956130981,0.0,0.08903726935386658,0.9803951382637024,0.0,0.0,0.08393388986587524,0.0,0.927154004573822,0.04468391835689545,0.0
known_train,25,0,Cross,1.0,0.0,0.9027287364006042,0.8202185034751892,0.05485992133617401,0.0,0.0,0.9923056960105896,0.09024150669574738,0.0,0.880268931388855,0.9261690974235535,1.0,1.0,1.0,0.0,0.0,1.0,0.004661946557462215,0.04389910399913788,0.0,0.022251497954130173,1.0,0.06222139298915863,0.0645606592297554
known_train,26,0,Cross,1.0,0.0,0.8512131571769714,0.007922785356640816,0.07446705549955368,0.1438075602054596,0.04130380600690842,0.9702626466751099,0.0,0.8976126909255981,0.976058840751648,0.918794572353363,1.0,1.0,1.0,0.0,0.06840154528617859,1.0,0.035403650254011154,0.09997322410345078,0.0508296899497509,0.05920113995671272,1.0,0.02726331353187561,0.0
known_train,27,0,Cross,0.13831962645053864,0.10873764753341675,1.0,1.0,1.0,0.016223782673478127,0.0,1.0,0.004830874502658844,0.0,0.9959042072296143,0.9936216473579407,1.0,1.0,1.0,0.01990298554301262,0.0035369901452213526,0.9837668538093567,0.0,0.0,0.0,0.0,1.0,0.03130117431282997,0.0
known_train,28,0,Cross,0.08206694573163986,0.003113056533038616,0.9323963522911072,0.0,0.02756839245557785,0.030342401936650276,0.10298649221658707,1.0,1.0,0.0,0.9744714498519897,0.002473382279276848,0.9838333129882812,0.9537684917449951,1.0,0.0,0.0,1.0,0.0,0.019528351724147797,0.021856321021914482,0.0,0.9615007042884827,0.11502215266227722,0.0
known_train,29,0,Cross,0.0,1.0,0.7861732244491577,0.03167470917105675,0.12491505593061447,0.0,0.0,0.9397686719894409,0.0,0.0,1.0,1.0,0.9731248617172241,1.0,1.0,0.14029528200626373,0.0,0.022286072373390198,0.029237957671284676,0.25430828332901,0.06810284405946732,0.0,1.0,0.0,0.0
known_train,30,0,Cross,0.0011188177159056067,0.02692664973437786,1.0,0.0,0.05332581326365471,0.0,0.0,0.9953271150588989,0.006718480493873358,0.0,1.0,0.8926259875297546,0.9674444794654846,0.9532100558280945,0.9962730407714844,0.022309143096208572,0.0,1.0,0.9062422513961792,0.0,0.0,0.0,0.0,0.0,0.0
known_train,31,0,Cross,0.0,0.02311333268880844,1.0,0.0,1.0,0.0,0.0,0.9553816914558411,0.0,0.0030864898581057787,0.9750602841377258,1.0,0.945918619632721,0.9310145378112793,1.0,0.0,0.031175335869193077,1.0,0.0,0.12706208229064941,0.0,0.16482385993003845,0.9819654822349548,0.9398595094680786,0.005593566689640284
known_train,32,0,Cross,0.04444656893610954,0.0,1.0,1.0,0.11490414291620255,0.0423530712723732,1.0,0.849536120891571,0.0,0.0,1.0,0.9542840719223022,0.9867073893547058,1.0,0.9864224195480347,0.03310338407754898,0.0,1.0,0.0004813344276044518,0.03586592525243759,0.09322459995746613,0.13179151713848114,1.0,0.04716375097632408,0.0
known_train,33,0,Cross,1.0,0.039261337369680405,1.0,0.023148732259869576,0.0,0.026867300271987915,0.0,0.0,0.0,0.0,1.0,1.0,0.9070056676864624,0.9430318474769592,1.0,0.0,0.17943362891674042,0.9998463988304138,0.03264289349317551,0.129349946975708,0.010482169687747955,0.0,0.9912217855453491,0.0,0.0
known_train,34,0,Cross,0.0027689498383551836,0.0,0.9915054440498352,0.017849761992692947,0.04934513568878174,0.0,0.0,1.0,0.0,1.0,0.009694236330688,1.0,0.8775427937507629,1.0,1.0,0.02995091676712036,0.05055851861834526,0.8876584768295288,0.026483211666345596,0.0,0.0,0.06964445114135742,1.0,0.1435496062040329,0.1051846295595169
known_train,35,0,Cross,0.01046113483607769,0.06590025126934052,0.9952573776245117,0.0,0.0,0.05071283131837845,0.0002394632901996374,1.0,0.053606338798999786,0.0,1.0,1.0,0.9012149572372437,0.0,0.9599404335021973,0.0,0.0,0.9183163642883301,0.004173865541815758,0.0,0.0,0.049576155841350555,1.0,0.025283830240368843,0.9708449244499207
known_train,36,0,Cross,0.0,0.002884794259443879,0.9996293783187866,0.08364257961511612,0.09501074999570847,0.01622200384736061,0.0,1.0,0.0,0.0,1.0,0.9553782939910889,1.0,1.0,0.9236166477203369,0.07791153341531754,0.05588530749082565,1.0,0.0,1.0,0.0,0.04340755566954613,0.923550009727478,0.8898147344589233,0.0
known_train,37,0,Cross,0.11776116490364075,0.011987392790615559,1.0,0.009467832744121552,0.03557814657688141,0.0,0.11632401496171951,0.9634823203086853,0.09057876467704773,0.0,0.9951798319816589,0.9142429828643799,1.0,1.0,0.9938114881515503,0.9879001975059509,0.0,0.9816566109657288,1.0,0.0,0.018142884597182274,0.1055210530757904,1.0,0.0,0.11482401192188263
known_train,38,0,Cross,0.004953318741172552,0.008831658400595188,0.9673333168029785,0.0,0.0,0.05225959047675133,0.0,0.9523128867149353,0.0006804501172155142,0.06359457969665527,0.11899186670780182,0.947515606880188,1.0,1.0,1.0,0.07789307832717896,0.09935680031776428,1.0,0.049127932637929916,0.04786776378750801,0.041572846472263336,0.0,0.0,0.0,0.0
known_train,39,0,Cross,0.0,0.0,1.0,0.006319097243249416,0.09069443494081497,0.0,0.028162756934762,0.0,1.0,0.0002486840239726007,0.9400149583816528,0.9811336398124695,0.9852659702301025,0.9783875942230225,1.0,0.0,0.0,0.8322039246559143,0.0,0.0,0.0,0.1105366051197052,0.9868049621582031,0.1030755415558815,0.0049363705329597
known_train,40,0,Cross,0.13750359416007996,0.0,0.8398763537406921,0.0,0.0011622305028140545,0.05520835518836975,0.03784697502851486,0.9692603349685669,0.08152349293231964,0.0824156329035759,1.0,1.0,1.0,0.1441393494606018,1.0,0.008849049918353558,0.00010718774137785658,0.0,0.0,0.0,0.0,0.0,0.9796313643455505,0.0,0.0
known_train,41,0,Cross,0.0,0.0,0.8473495841026306,0.0,0.0,0.0,0.0,0.9390420317649841,1.0,0.029296766966581345,1.0,0.8943608999252319,1.0,0.9359830617904663,1.0,0.0,0.0,0.9747042059898376,0.029229098930954933,0.9017599821090698,0.0,0.12254231423139572,1.0,0.0,0.06000974401831627
known_train,42,0,Cross,0.0,0.11879350244998932,0.9153375029563904,0.0,0.0,0.03361813724040985,0.0,0.9479548931121826,0.0,0.0,0.9296392202377319,1.0,1.0,0.0,0.9608737826347351,0.0,1.0,0.7878633141517639,0.0,0.0,0.0,0.0,1.0,0.0,0.10324510186910629
known_train,43,0,Cross,0.058297138661146164,0.0,1.0,0.045295022428035736,0.0,0.0,0.0,1.0,0.026160789653658867,0.0,1.0,1.0,1.0,1.0,1.0,0.0,0.1346869021654129,0.9575218558311462,0.0835898220539093,0.0054389298893511295,0.0,0.0,0.9862748384475708,0.9362471103668213,1.0
known_train,44,0,Cross,0.826350748538971,0.8388717770576477,1.0,0.0,0.13917183876037598,0.0,0.07994690537452698,1.0,0.06366223841905594,0.0,0.9960352778434753,0.990760087966919,0.9331154227256775,1.0,1.0,0.0474843755364418,0.1229572519659996,1.0,0.0,0.029844185337424278,0.0,0.0018684252863749862,0.9520200490951538,0.12960562109947205,0.029095852747559547
known_train,45,0,Cross,0.06366708874702454,0.0048374757170677185,1.0,0.0,0.0,0.1602807492017746,0.06593596935272217,1.0,0.0,0.0,0.8296641707420349,1.0,1.0,0.8739504814147949,0.9470866322517395,0.0,0.0,0.0,0.0,0.04914163425564766,0.06030840426683426,0.0,0.8015433549880981,0.9721981287002563,0.09863215684890747
known_train,46,0,Cross,0.06436562538146973,0.0,0.0,0.04523683339357376,0.1468980610370636,1.0,0.03008355014026165,0.8811955451965332,0.09523308277130127,0.0,0.9551396369934082,0.9982202053070068,0.8749692440032959,1.0,1.0,0.023434706032276154,0.0,0.9900952577590942,0.05936231091618538,0.0,0.0,0.07012348622083664,1.0,0.03295772522687912,0.14875958859920502
known_train,47,0,Cross,0.0,0.03422371298074722,1.0,0.0,0.0,0.1847875565290451,0.026147477328777313,0.9414171576499939,0.07327442616224289,0.0,0.9797694683074951,1.0,0.0,1.0,1.0,1.0,0.0,0.9594315886497498,0.0,0.0,0.0,0.0733049139380455,0.861343264579773,0.06896000355482101,0.0
known_train,48,0,Cross,0.0996508002281189,0.07676724344491959,0.8788195848464966,1.0,0.03238840773701668,0.0,0.0,0.14898540079593658,0.04448602348566055,0.014180908910930157,1.0,1.0,1.0,0.7706356048583984,0.9746049046516418,0.0,0.0,1.0,0.09990061819553375,0.0,0.02691207453608513,0.0,0.9462470412254333,0.11819148808717728,0.0
known_train,49,0,Cross,0.0,0.046043720096349716,0.8872144222259521,0.09460245817899704,1.0,0.0,0.0,0.9535478949546814,0.05557364970445633,0.02047254890203476,0.11209490150213242,0.9992964267730713,1.0,0.9664921164512634,1.0,0.0,0.10087498277425766,1.0,0.0,0.17834189534187317,0.07963922619819641,0.07769112288951874,1.0,0.0,0.0
known_train,50,0,Cross,0.0,0.9683804512023926,1.0,0.0523727610707283,0.059639912098646164,0.0,0.0,0.9305444955825806,0.0,0.018955888226628304,0.9933241009712219,0.9648009538650513,0.7635505199432373,0.9002146124839783,1.0,0.0,0.028847334906458855,0.0,0.11509643495082855,0.0,0.023203231394290924,0.18606238067150116,1.0,0.0,0.0
known_train,51,0,Cross,0.11737450212240219,0.0,1.0,0.007259405218064785,0.14282546937465668,0.02858555316925049,0.07703684270381927,0.03599826619029045,0.0,0.036776475608348846,1.0,1.0,0.8970885276794434,0.8911793231964111,0.8858290910720825,0.0,0.008758828975260258,1.0,0.0,1.0,0.0,0.0,1.0,0.0,0.0
known_train,52,0,Cross,0.00916675478219986,0.026395482942461967,1.0,0.0,0.0702446848154068,0.0,0.02626943774521351,1.0,0.0,0.0,0.9501968026161194,0.914263904094696,0.9717108011245728,0.9116809368133545,1.0,0.0,0.0569581612944603,0.9054816961288452,1.0,0.0,0.10601174086332321,1.0,0.9830613136291504,0.039897553622722626,0.0
known_train,53,0,Cross,0.04385026916861534,0.07164841890335083,0.8402026891708374,0.0,0.9255788326263428,0.0,0.10496202111244202,0.0,0.0,0.0,0.7800258994102478,0.9812699556350708,0.9849292635917664,0.9660429954528809,1.0,0.09588158875703812,0.0,0.8292245268821716,0.0493825264275074,0.04442881792783737,0.0247513260692358,0.07851838320493698,0.9068137407302856,0.16070042550563812,0.0
known_train,54,0,Cross,0.12130948901176453,0.0,1.0,0.01895643025636673,0.0,1.0,0.0,0.8575409650802612,0.0,0.04409533739089966,0.0,0.8746353387832642,0.9420526027679443,0.9534623026847839,0.9707624316215515,0.0,0.0,0.9417111873626709,0.061722662299871445,0.064729705452919,0.0,0.0,1.0,0.0,0.0
known_train,55,0,Cross,0.058377254754304886,0.0,1.0,0.0,0.02732069417834282,0.0,1.0,0.8990088701248169,0.002353886142373085,0.08230247348546982,0.8228650093078613,1.0,1.0,0.9877579212188721,1.0,0.0,0.0,0.8703269362449646,1.0,0.07542126625776291,0.0,0.0,0.8890846371650696,0.0,0.0
known_train,56,0,Cross,0.02566797100007534,0.01908806338906288,1.0,0.0,0.0,0.0906151831150055,0.10116318613290787,0.8862589001655579,0.0,0.10864968597888947,1.0,1.0,0.9825852513313293,0.9692959189414978,1.0,1.0,0.0,1.0,1.0,0.04257034882903099,0.23313957452774048,0.0,1.0,0.0,0.04619220644235611
known_train,57,0,Cross,0.09056418389081955,0.0,1.0,0.030004972591996193,0.08622746914625168,0.0,0.0,1.0,0.0,0.022645486518740654,1.0,0.8587824106216431,1.0,1.0,0.9836974740028381,0.0,0.04024389386177063,0.8068713545799255,1.0,0.0,0.00427663279697299,0.0,1.0,0.0,1.0
known_train,58,0,Cross,0.0,0.0,0.8746258020401001,0.03107793629169464,0.0,0.060143716633319855,0.010289727710187435,1.0,0.0,0.0,1.0,1.0,0.944303035736084,1.0,1.0,0.022556468844413757,0.0,0.9928543567657471,0.0,0.010809876024723053,0.9179672002792358,0.0,0.0,0.07908254861831665,0.029162002727389336
known_train,59,0,Cross,1.0,0.9868836998939514,0.9488397240638733,0.05121709406375885,0.0,0.019835805520415306,0.0,1.0,0.0,0.0,0.8894440531730652,0.9574497938156128,0.9000751972198486,1.0,0.962738573551178,0.1899685263633728,0.0,1.0,0.0,0.0,0.011313557624816895,0.0,1.0,0.1522326022386551,0.0
known_train,60,0,Cross,0.0,0.0,1.0,0.0,0.0,0.010127737186849117,0.0,0.9577258825302124,0.9848355650901794,0.0,1.0,0.8881850838661194,0.9469838738441467,1.0,1.0,0.007808319292962551,0.9344196915626526,0.9576582312583923,0.005862025078386068,0.0030018584802746773,0.0,0.0,0.9828500151634216,0.0,0.0
known_train,61,0,Cross,0.008908034302294254,0.0,1.0,0.040526650846004486,0.0,0.05369824171066284,0.0,0.9538403153419495,0.025105521082878113,0.0,1.0,0.0,0.9504842758178711,0.9474903345108032,0.9547488689422607,0.08793532103300095,0.05030370503664017,1.0,0.9884572625160217,0.0,0.005633530206978321,0.0,0.9377915263175964,0.0,0.0
known_train,62,0,Cross,0.06737015396356583,0.0,1.0,0.0,0.005761411506682634,0.0,0.13648733496665955,1.0,0.023753270506858826,0.0,0.0,0.9102855324745178,1.0,1.0,1.0,0.9739441275596619,0.0,1.0,0.09703069180250168,0.08873358368873596,0.0,0.024124184623360634,1.0,0.0,0.0
known_train,63,0,Cross,0.0,0.0,0.9549222588539124,0.0,0.0,0.03539636731147766,0.0,0.9672280550003052,0.007388323079794645,0.0,0.051564671099185944,0.9999549388885498,1.0,1.0,0.8437747359275818,0.0,0.02190430834889412,0.9994306564331055,1.0,0.0,0.0531482957303524,0.0746111050248146,1.0,0.0,0.0
known_train,64,0,Cross,0.0,0.053903549909591675,1.0,0.12470529973506927,0.0,0.0,0.059781763702631,0.01850256137549877,0.0,0.033169303089380264,1.0,1.0,1.0,0.9793035387992859,1.0,0.0,0.0,1.0,0.07031632214784622,0.0,0.0,0.0,1.0,0.9760529398918152,0.0
known_train,65,0,Cross,0.05376914516091347,0.03801024705171585,0.9446452856063843,0.0,1.0,0.031470149755477905,0.0,1.0,0.0,0.11300104856491089,1.0,1.0,1.0,0.983277440071106,1.0,0.0,0.018845589831471443,1.0,0.0,0.8699132204055786,0.0,0.0,0.8537283539772034,0.05838630348443985,0.1447131633758545
known_train,66,0,Cross,1.0,0.0,1.0,0.0,0.021338893100619316,0.0,0.015970801934599876,0.875103771686554,0.043428659439086914,0.0819610133767128,0.9373456239700317,0.9090461730957031,0.0,0.9786869287490845,0.9534724950790405,0.0,0.036241501569747925,0.9640023708343506,0.0,0.0,0.08570436388254166,0.048234954476356506,0.9895979166030884,0.04952840134501457,0.0
known_train,67,0,Cross,0.0,0.04078565537929535,1.0,0.0,0.09522445499897003,0.0,0.0,1.0,0.0,0.0,0.9125010371208191,1.0,0.8462796211242676,1.0,0.9955918192863464,0.0,0.0,0.9186220765113831,0.9973364472389221,0.058594223111867905,0.0,0.0,0.9309451580047607,0.9070452451705933,0.0
known_train,68,0,Cross,0.0,0.0,0.8980305194854736,1.0,0.0,0.0,1.0,0.8557714819908142,0.0,0.0,0.9303027391433716,1.0,1.0,1.0,0.8578881025314331,0.0,0.017224211245775223,0.9180377125740051,0.07264503091573715,0.0,0.0,0.0,1.0,0.0,0.0
known_train,69,0,Cross,0.0,0.0,1.0,0.0,0.0,0.008375202305614948,0.1357269287109375,0.8927714824676514,1.0,0.0,1.0,1.0,1.0,1.0,0.9551640152931213,0.0024837760720402002,1.0,0.9371218681335449,0.0,0.01587049290537834,0.0,0.0,0.8911805152893066,0.031258001923561096,0.043625861406326294
known_train,70,0,Cross,0.03136087581515312,0.024306993931531906,0.9926767945289612,0.0,0.17713220417499542,0.0,0.0,1.0,0.020148353651165962,0.0,1.0,0.9924644231796265,0.0,1.0,1.0,0.0,0.142174631357193,0.010394387878477573,0.0,0.12721750140190125,0.012743822298943996,0.0,0.9471759796142578,0.046548034995794296,0.038128238171339035
known_train,71,0,Cross,0.0,0.0,1.0,0.0,0.01643284223973751,0.0,0.10465972870588303,0.9605225324630737,0.05275873839855194,0.0,0.06134938448667526,1.0,0.9629955291748047,1.0,0.9205041527748108,0.023567426949739456,0.07381118088960648,1.0,0.15331558883190155,0.0,0.0,0.0,1.0,0.9020236134529114,0.008180532604455948
known_train,72,0,Cross,0.09271596372127533,0.2285950779914856,1.0,0.046648651361465454,0.0,0.0,0.0,0.9125683903694153,0.0,1.0,0.0,1.0,0.9752781987190247,0.9861702919006348,1.0,0.0,0.0424555167555809,0.9843196868896484,0.0,0.0,0.0,0.0,1.0,0.0,0.0
known_train,73,0,Cross,0.030964698642492294,0.0,1.0,0.08179257810115814,0.06216583773493767,0.0,0.0,0.9496524333953857,0.916217029094696,0.015608318150043488,1.0,1.0,1.0,1.0,1.0,0.0696658194065094,0.0,0.8553484678268433,0.12347942590713501,0.020532699301838875,0.9361477494239807,0.0,1.0,0.0,0.0
known_train,74,0,Cross,0.016910918056964874,0.031236395239830017,1.0,0.07289904356002808,0.01588628999888897,0.03915071487426758,0.0,1.0,0.00860273465514183,0.017207851633429527,1.0,1.0,1.0,0.06770432740449905,1.0,0.0,0.01545452605932951,1.0,0.0,0.03378312289714813,1.0,0.007840152829885483,1.0,0.0,0.025927137583494186
known_train,75,0,Cross,0.0255275871604681,0.10072918981313705,0.9924027919769287,1.0,0.21631881594657898,0.031539011746644974,1.0,0.9444589018821716,0.0,0.07492554932832718,0.9708498120307922,1.0,0.9949193000793457,1.0,0.9322604537010193,0.0,0.017943784594535828,1.0,0.02660258486866951,0.0,0.05419878661632538,0.0,0.9582769274711609,0.0,0.10409266501665115
known_train,76,0,Cross,0.225011944770813,1.0,0.9409298896789551,0.0,0.0,0.0,0.0,0.9026716947555542,0.026803389191627502,0.004135865718126297,1.0,1.0,1.0,0.970127284526825,1.0,0.018754489719867706,0.0,0.9198099374771118,0.0,0.0013867702800780535,1.0,0.0,1.0,0.04391862824559212,0.058087870478630066
known_train,77,0,Cross,0.0,0.0,1.0,0.0,0.0,0.0,0.0,1.0,0.9385315179824829,0.08646849542856216,0.9764521718025208,0.9635075330734253,1.0,1.0,0.0068794782273471355,0.06323147565126419,0.07836683094501495,1.0,0.1422656774520874,0.0,0.001111856778152287,0.0009022157173603773,0.9921541213989258,0.0,0.0
known_train,78,0,Cross,0.9932383894920349,0.0,1.0,0.01207372173666954,0.04634255915880203,0.174869105219841,0.022183163091540337,1.0,0.0,0.0,1.0,0.9261215925216675,0.9164844751358032,0.996872067451477,0.9927846193313599,0.0,0.0,1.0,0.0,0.0,0.0754074901342392,0.9170734286308289,0.950358510017395,0.0,0.0
known_train,79,0,Cross,0.054011572152376175,0.0,1.0,0.9562769532203674,0.02655963972210884,0.01973465271294117,0.08676691353321075,1.0,0.0,0.0,1.0,0.9844015836715698,1.0,1.0,1.0,0.0,0.0,0.0,0.0333094522356987,0.0,0.050501979887485504,0.07267146557569504,1.0,0.0,0.0
known_train,80,0,Cross,0.0988197922706604,0.0010684473672881722,1.0,0.022156694903969765,0.036684729158878326,0.029040738940238953,1.0,1.0,0.07768050581216812,0.0,1.0,1.0,1.0,0.9658715724945068,1.0,0.07421939074993134,0.20580139756202698,0.9399998784065247,0.0,1.0,0.0,0.0,0.7789859771728516,0.0,0.02954864501953125
known_train,81,0,Cross,0.020913632586598396,0.06611258536577225,0.006772902328521013,0.10950277000665665,0.004475147929042578,0.03968965634703636,0.02930663526058197,0.9769371747970581,0.032398585230112076,0.1787509024143219,0.9783682227134705,0.2213948667049408,1.0,1.0,1.0,0.0,0.04133622720837593,0.8224420547485352,0.11759497970342636,0.013557909987866879,0.07997392117977142,0.0,0.8757994174957275,0.020860351622104645,0.0
known_train,82,0,Cross,0.0667620450258255,0.08395988494157791,1.0,0.11835697293281555,0.0,0.0,0.0,1.0,0.0,0.0,0.20255237817764282,0.11840793490409851,1.0,1.0,1.0,0.0,0.015804503113031387,0.9051852226257324,0.0,0.012006490491330624,0.025919221341609955,0.09674116224050522,1.0,0.12559987604618073,0.0
known_train,83,0,Cross,0.08955177664756775,0.0,0.9293440580368042,0.06311263144016266,0.0,0.0,0.0,1.0,0.0,0.0,1.0,0.944078266620636,0.024703942239284515,0.9930636286735535,0.9781036972999573,0.06322724372148514,0.0,0.9586388468742371,0.05472303181886673,0.0,0.0,0.05348442867398262,1.0,0.0,0.8672089576721191
known_train,84,0,Cross,0.0,0.0,0.9646471738815308,0.0,0.0,0.047096263617277145,0.0,1.0,0.02249385416507721,0.0,0.9307247996330261,0.8682003021240234,1.0,0.9716330170631409,0.8102243542671204,0.0,0.0,1.0,0.0,0.0,1.0,0.9775413274765015,0.9404013752937317,0.0,0.04929883033037186
known_train,85,0,Cross,0.0,0.008074942976236343,1.0,0.1685507744550705,0.0,0.0,0.14576441049575806,0.8782240748405457,0.08220648765563965,0.0,1.0,0.9805904626846313,0.9233590960502625,0.9213518500328064,1.0,0.0796431452035904,0.0,0.06552833318710327,0.04569392651319504,0.9571930170059204,0.05917540192604065,0.06554745137691498,1.0,0.0,0.0
known_train,86,0,Cross,0.0,0.04329046607017517,0.9337932467460632,0.0,0.007167421281337738,0.07967509329319,0.0,0.8526092767715454,0.0,0.0,0.8949465751647949,0.9876311421394348,0.0609719380736351,0.9437795877456665,0.9380731582641602,0.9775944948196411,0.10580034554004669,1.0,0.0012903532478958368,0.0,0.0,0.026219718158245087,1.0,0.0,0.0029184604063630104
known_train,87,0,Cross,0.14532215893268585,0.0,1.0,0.0,0.0,0.0,0.008568402379751205,1.0,0.11021889746189117,0.0,1.0,0.9438586235046387,1.0,0.9390406608581543,1.0,1.0,0.0,0.8245965242385864,0.0,0.09855001419782639,0.04424614459276199,0.019913088530302048,1.0,0.038756273686885834,1.0
known_train,88,0,Cross,0.07242075353860855,0.0,0.9518831372261047,0.13654141128063202,0.01729637384414673,0.06439044326543808,0.0098992008715868,0.9530787467956543,0.0008786314283497632,0.11487951874732971,1.0,0.8630821704864502,0.9827804565429688,1.0,0.9828962683677673,1.0,0.15144391357898712,1.0,0.0,0.0,0.08658815175294876,0.0,0.0,0.04337562248110771,0.01957455463707447
known_train,89,0,Cross,0.0,0.049155209213495255,1.0,0.038419291377067566,0.03261826932430267,0.0,0.06299861520528793,0.9963553547859192,0.0,0.0,1.0,0.8612018823623657,1.0,0.8656711578369141,0.9913413524627686,1.0,0.0,1.0,0.0,0.0,0.06716544926166534,0.11480049788951874,0.09068549424409866,0.028716515749692917,0.003684651106595993
known_train,90,0,Cross,0.0,0.01610758900642395,1.0,0.0,1.0,0.18183934688568115,0.051194895058870316,1.0,0.0146331787109375,0.0,1.0,0.9347338676452637,0.92289799451828,1.0,1.0,0.0,0.07743990421295166,0.9930431842803955,0.027184685692191124,0.03681749105453491,0.07954803854227066,1.0,1.0,0.02475302666425705,0.049934741109609604
known_train,91,0,Cross,0.0,0.0,1.0,0.022951290011405945,0.0,0.08306319266557693,0.0,1.0,0.0,0.01637653447687626,1.0,0.9282005429267883,0.9205722808837891,0.9842801094055176,1.0,0.0,0.0,0.0,0.0,0.0,0.0,0.0,0.9993945956230164,0.9452354907989502,0.0
known_train,92,0,Cross,0.12298860400915146,0.01691681146621704,0.9558380246162415,0.0,0.9154090881347656,0.11729622632265091,0.0,0.9966052770614624,1.0,0.0,0.9955452084541321,1.0,1.0,1.0,0.9736632704734802,0.0,0.05314338579773903,0.9531849026679993,0.04709121212363243,0.0,0.0,0.0,1.0,0.0,0.13122832775115967
known_train,93,0,Cross,0.0,0.10292720794677734,0.9338552951812744,0.0,0.0,0.021453022956848145,0.8581268191337585,0.9856047630310059,0.035985227674245834,0.0,0.9439932703971863,0.9722093939781189,0.8856947422027588,0.9661951065063477,1.0,1.0,0.0,0.9984078407287598,0.0,0.0552850067615509,0.11487825214862823,0.0,1.0,0.0,0.0292389877140522
known_train,94,0,Cross,0.03631965070962906,0.09862910211086273,0.9822723269462585,0.07965078204870224,0.0,0.0,0.011293521150946617,0.8594818711280823,0.0,0.10294738411903381,0.8472189903259277,0.032024793326854706,0.0,0.9949344396591187,0.9707426428794861,0.11193091422319412,0.07634786516427994,1.0,0.011650425381958485,0.031458381563425064,0.0,0.06857682764530182,0.911036491394043,0.06683015823364258,0.09489139914512634
known_train,95,0,Cross,0.024180658161640167,0.0,0.0,0.05652260035276413,0.0,0.0,0.0,1.0,0.009194713085889816,0.01295354962348938,1.0,0.9131172299385071,1.0,1.0,0.8612310886383057,0.014371734112501144,0.9979488849639893,0.9703431725502014,0.0,0.0,0.14730045199394226,0.0,0.9064311981201172,0.0,0.13819345831871033
known_train,96,0,Cross,0.0,0.0,1.0,0.1113656759262085,0.0,0.051805928349494934,0.0,0.8578906059265137,0.08156087249517441,0.09280742704868317,1.0,0.9624108076095581,0.9866579174995422,1.0,1.0,0.0,0.0,1.0,0.08632077276706696,0.0,0.051100749522447586,0.02652333490550518,1.0,1.0,0.9566397070884705
known_train,97,0,Cross,0.0,0.0,1.0,0.06605709344148636,0.061591677367687225,0.07741802930831909,0.04613666981458664,0.9804536700248718,0.0,0.0,0.0,1.0,0.9628959894180298,1.0,0.9191305041313171,0.12036053836345673,0.0,0.0,0.0852782130241394,0.03078148327767849,0.00755759933963418,0.0008641667664051056,0.9954847097396851,0.0,0.0
known_train,98,0,Cross,0.0,0.0880296528339386,1.0,0.04482633247971535,0.0,0.045868996530771255,0.0,0.02391345240175724,0.8767412304878235,0.06994221359491348,0.921447217464447,0.9315578937530518,1.0,1.0,0.846754789352417,0.022266635671257973,0.0,0.949253499507904,0.0,0.0,0.0,0.000576564809307456,0.9571795463562012,0.0,0.062389567494392395
known_train,99,0,Cross,0.05407830700278282,0.0,1.0,0.0,0.1473720520734787,0.15395967662334442,0.0,1.0,0.0,0.07845386117696762,1.0,0.9203447699546814,0.0780787244439125,0.06289593875408173,1.0,0.01845378428697586,0.09570715576410294,1.0,0.0,0.08768513798713684,0.04643167555332184,0.05854507163167,0.946833074092865,0.0,0.0
known_train,100,0,Cross,0.0,0.11447352170944214,1.0,0.9570245146751404,0.0,0.12603013217449188,0.0,1.0,0.0,0.0,0.8825088739395142,1.0,0.9373279213905334,1.0,0.9131141304969788,0.0,0.040811095386743546,1.0,0.005167172756046057,0.04577939212322235,0.0,0.0,0.9141107201576233,0.0,0.9334971308708191
known_train,101,0,Cross,0.03171268105506897,0.024446414783596992,1.0,0.060190699994564056,1.0,1.0,0.024277351796627045,1.0,0.011332536116242409,0.0,0.973404586315155,0.9345953464508057,1.0,0.9924787878990173,0.9469460844993591,0.0,0.0,1.0,0.0062894136644899845,0.0,0.06468381732702255,0.0,0.8874799609184265,0.08169778436422348,0.0
known_train,102,0,Cross,0.0016029832186177373,0.0,0.0,0.0,0.1510339230298996,0.0,0.0,1.0,0.15556782484054565,0.12607362866401672,1.0,0.9184191823005676,1.0,0.9422404170036316,1.0,0.0,0.0,0.9459002614021301,0.9395824670791626,0.06405752897262573,0.022145578637719154,0.0,0.9750688672065735,0.0,0.06957405805587769
known_train,103,0,Cross,0.0,0.11373015493154526,0.9678996205329895,0.0,0.1314128190279007,0.10121279209852219,0.001955897780135274,0.976527750492096,0.0,0.01817302405834198,1.0,1.0,1.0,1.0,0.906425952911377,0.0603889524936676,1.0,0.7987123727798462,0.0,0.941098153591156,0.04249785840511322,0.009103965014219284,1.0,0.15607547760009766,0.0
known_train,104,0,Cross,0.002266139490529895,0.0,1.0,0.0,0.16251201927661896,1.0,0.08224428445100784,0.995735764503479,0.0,0.0,1.0,1.0,0.937259316444397,0.9899964332580566,0.0,0.18397311866283417,0.0,1.0,0.0,0.020743010565638542,0.0,0.0,1.0,0.12688030302524567,0.017758622765541077
known_train,105,0,Cross,0.1912178099155426,0.0,0.938683032989502,0.0,0.18648196756839752,0.06555580347776413,0.0,1.0,0.05501537397503853,0.15729019045829773,0.0,0.9787712097167969,0.9629982709884644,0.8421053886413574,1.0,0.0,0.059170495718717575,1.0,0.0,0.9019686579704285,0.00949313398450613,0.07897979021072388,0.9546629786491394,0.0,0.08457513898611069
known_train,106,0,Cross,0.12009886652231216,0.03215426206588745,0.9390243291854858,0.0,1.0,0.05885867029428482,0.0,0.9327240586280823,0.021836459636688232,0.0,1.0,0.9016394019126892,1.0,1.0,1.0,1.0,0.0,0.9332119226455688,0.0,0.10077647119760513,0.0,0.0,0.9606202244758606,0.016068024560809135,0.0
known_train,107,0,Cross,0.07966870069503784,0.0,0.9277172684669495,0.0,0.0,0.0,0.0,0.0,0.0,0.0,1.0,1.0,1.0,1.0,0.9767947196960449,0.0003306306025478989,0.020519359037280083,1.0,0.16613690555095673,0.0,0.06872368603944778,0.016620047390460968,0.874312162399292,0.06165590137243271,0.9992852807044983
known_train,108,0,Cross,0.0,0.08384236693382263,0.9626866579055786,0.0,0.01835682988166809,0.0,0.0,1.0,0.0,1.0,1.0,1.0,1.0,0.9467950463294983,1.0,0.0,0.14609675109386444,0.0035726623609662056,0.10627830773591995,0.0,0.16105972230434418,0.04730565845966339,0.918718695640564,0.0,0.06249449774622917
known_train,109,0,Cross,0.9578794836997986,0.0,0.0,0.018809596076607704,0.09723859280347824,0.12927860021591187,0.06236235424876213,1.0,0.05990511178970337,0.0,0.9877415299415588,0.9340695142745972,0.900100588798523,1.0,1.0,0.05501220002770424,0.04368894547224045,1.0,0.04452933371067047,0.0,0.03303131088614464,0.0,1.0,0.05347341299057007,0.0
known_train,110,0,Cross,1.0,0.10126199573278427,1.0,1.0,0.1577756702899933,0.0,0.24254100024700165,0.9817976355552673,0.020415468141436577,0.0,1.0,1.0,0.9908866882324219,1.0,1.0,0.02163883112370968,0.0,1.0,0.0,0.0,0.0,0.21374106407165527,0.9789218306541443,0.0,0.0
known_train,111,0,Cross,0.0,0.027235236018896103,0.9299152493476868,0.0,0.0,0.0,0.08513675630092621,1.0,0.0781332328915596,0.003145045368000865,1.0,0.859096884727478,1.0,1.0,1.0,0.030401863157749176,0.0,0.8801568150520325,0.0,0.0451933816075325,0.05520731210708618,0.8862358331680298,0.0,0.0,0.0
known_train,112,0,Cross,0.006900306791067123,0.0,0.9907357096672058,0.08468422293663025,0.0,0.0,0.08198054134845734,0.9665385484695435,0.0,0.09307966381311417,0.9755038619041443,1.0,1.0,0.9725724458694458,0.11415877938270569,0.025635961443185806,0.08167062699794769,0.08014671504497528,0.0032964854035526514,0.0,0.056331850588321686,0.0,1.0,0.037306301295757294,0.0
known_train,113,0,Cross,0.006829710677266121,0.0,0.8524703979492188,1.0,0.0,0.0,0.0,1.0,0.0,0.0,1.0,0.0,1.0,0.9612215161323547,1.0,0.08778619766235352,0.059302542358636856,1.0,0.0,0.08909277617931366,0.0,0.020763341337442398,1.0,0.03880980610847473,0.026956534013152122
known_train,114,0,Cross,0.014866766519844532,0.09195014834403992,0.0,0.0,0.0772903710603714,0.0,0.027360277250409126,0.9482032656669617,0.13154414296150208,0.0,0.9730055928230286,1.0,0.07688748091459274,1.0,1.0,0.0,0.031611423939466476,0.7800451517105103,0.0,0.0,0.0,0.08651603758335114,0.9739004969596863,0.0,0.0
known_train,115,0,Cross,1.0,0.0,1.0,0.06148830056190491,0.0,0.10436109453439713,0.0,1.0,0.0,0.08586062490940094,0.9675093293190002,0.9177196621894836,0.9826285243034363,1.0,0.9604201316833496,0.044316280633211136,0.0,1.0,0.03537776321172714,0.0,0.0,0.01212326344102621,1.0,0.16494393348693848,1.0
known_train,116,0,Cross,0.038771480321884155,0.05632120743393898,0.9192827343940735,0.0,0.0,0.05180911719799042,0.0,1.0,0.08699636906385422,0.06905205547809601,0.9870623350143433,0.9464004039764404,0.004496452398598194,1.0,0.8714994192123413,0.0,0.01324123702943325,1.0,0.07280811667442322,0.022712480276823044,0.04681980237364769,0.9682013392448425,0.946091890335083,0.0,0.0015192949213087559
known_train,117,0,Cross,0.0,0.0,0.01724063791334629,0.0,0.0,0.0,0.06112915277481079,1.0,0.06257025897502899,0.0,0.9814106225967407,0.0,1.0,1.0,0.9266360998153687,0.005195446778088808,0.033625826239585876,1.0,0.0,0.0,0.0,0.0,0.9580467939376831,0.0,0.013248971663415432
known_train,118,0,Cross,0.0,0.8618714809417725,0.8974518775939941,0.0024005230516195297,0.0,0.02424815110862255,0.009975782595574856,0.9795868396759033,0.0,0.0,0.9532890319824219,0.9993376135826111,0.9513401389122009,1.0,0.9776623249053955,0.9141038060188293,0.0,1.0,0.02599077671766281,0.15027032792568207,0.0,0.0,1.0,0.0,0.0
known_train,119,0,Cross,0.0,0.0,1.0,0.04808734729886055,0.0,0.0,0.0,0.010928182862699032,0.03191855177283287,0.06599503010511398,0.09827154874801636,1.0,0.8787446618080139,0.9001897573471069,1.0,0.13368970155715942,0.03947455808520317,0.9967725872993469,0.0,0.0,0.01035276334732771,0.0,0.9115331768989563,0.005242606624960899,0.00921050924807787
known_train,120,1,Circle,0.0006395223899744451,0.0,1.0,1.0,0.2251558005809784,0.03002059832215309,1.0,0.042007677257061005,1.0,0.06340059638023376,0.8715955018997192,0.11227763444185257,0.0,0.008572406135499477,0.8976596593856812,0.04209616035223007,0.947890043258667,0.008013570681214333,0.977272093296051,0.15400102734565735,0.15858082473278046,0.0037210537120699883,0.0,0.0,0.08848050236701965
known_train,121,1,Circle,0.0,0.0,1.0,0.15526935458183289,0.05769803002476692,0.11694393306970596,0.9323118329048157,0.018905943259596825,0.9245471954345703,0.0,1.0,0.00814564898610115,0.0,0.0,0.8895068764686584,0.03931620717048645,1.0,0.10899665951728821,0.8483211994171143,0.11368607729673386,0.828999936580658,0.0,0.9757438898086548,1.0,0.0440346822142601
known_train,122,1,Circle,0.0,0.09103654325008392,1.0,0.0,0.07114770263433456,0.0779801458120346,1.0,0.06994739174842834,1.0,1.0,1.0,0.007160719949752092,0.0,0.0,0.9235751032829285,0.0,1.0,0.11526500433683395,0.9966562390327454,0.08027810603380203,0.08634525537490845,0.0,0.13184897601604462,0.0,0.10577087104320526
known_train,123,1,Circle,0.0,0.03581720218062401,1.0,0.0,0.04085663706064224,0.0,0.949950098991394,0.08605783432722092,1.0,0.0,1.0,0.0,0.0010062801884487271,0.05254548043012619,0.028154462575912476,0.003226912347599864,0.9750185608863831,0.0,0.9263635277748108,1.0,0.030777866020798683,0.0,0.8767716288566589,0.0,0.12489492446184158
known_train,124,1,Circle,0.03770003840327263,0.0,1.0,0.0,1.0,0.0,1.0,0.02816023677587509,0.9876773357391357,0.032363615930080414,0.9786882400512695,0.0,0.12843866646289825,0.08391623198986053,0.9391308426856995,0.8995156288146973,0.9405856728553772,0.0,1.0,0.0,0.07414847612380981,0.0,0.983076274394989,0.03278009593486786,0.04649590328335762
known_train,125,1,Circle,0.956239640712738,0.9960327744483948,1.0,0.05738787725567818,0.0,0.03924855217337608,1.0,0.05805663764476776,1.0,0.02906104549765587,0.9942070245742798,0.0,0.0,0.027171341702342033,1.0,0.04460606724023819,0.8929964900016785,0.051601335406303406,1.0,0.006276010535657406,0.0,0.024720188230276108,1.0,0.0,0.016256554052233696
known_train,126,1,Circle,0.10778585821390152,0.14407925307750702,1.0,0.0,0.19941911101341248,0.0,0.9543091058731079,0.0,1.0,0.07745964825153351,1.0,0.0,0.11665366590023041,0.005610841326415539,1.0,0.0,1.0,0.9787567853927612,0.99688720703125,0.051609013229608536,0.0,0.0,0.9629244208335876,1.0,0.0689406767487526
known_train,127,1,Circle,0.026261916384100914,1.0,0.9293259978294373,0.08416599035263062,0.0,0.16176871955394745,1.0,0.0,1.0,0.05046401172876358,1.0,0.968555748462677,0.0,0.0,0.9862840175628662,0.0,0.9789127707481384,0.1069103553891182,1.0,0.0,0.0,0.1331820785999298,0.992774486541748,0.0,0.0
known_train,128,1,Circle,0.10939212143421173,0.004132137168198824,1.0,0.9162232875823975,0.0682586133480072,0.05752744525671005,1.0,0.027834758162498474,0.9813719391822815,0.15323477983474731,0.9274450540542603,0.0003446113842073828,0.0011908700689673424,0.032195258885622025,0.9656422138214111,0.025179704651236534,0.9864925742149353,0.0,1.0,0.0,0.0,0.01094986591488123,1.0,0.04213584214448929,1.0
known_train,129,1,Circle,0.04886728152632713,0.0,1.0,0.0,0.044923290610313416,0.010941929183900356,0.9641368389129639,0.9375047087669373,1.0,0.0,1.0,0.21011878550052643,0.10801360756158829,0.057467829436063766,0.9931514263153076,1.0,0.8942170739173889,0.10262342542409897,0.9368194937705994,0.0,0.0,0.0,0.9018585085868835,0.0,0.0
known_train,130,1,Circle,0.0,0.9700164198875427,1.0,0.0,0.0,0.03763602674007416,0.22762355208396912,0.0,1.0,0.0,0.9311453700065613,0.06153180077672005,0.0355953648686409,0.036423876881599426,1.0,0.003696262137964368,1.0,0.07480870187282562,1.0,0.0,0.11095941811800003,0.01827685534954071,1.0,0.022567031905055046,0.019760536029934883
known_train,131,1,Circle,0.005679577123373747,0.0,0.9609584212303162,0.12355595827102661,0.0,0.0,0.8730005621910095,0.0,0.8633279800415039,0.0505443774163723,1.0,0.0,0.9644702672958374,0.07199997454881668,0.9418460130691528,0.10394775122404099,0.0607508160173893,0.0,0.9857633709907532,0.060622140765190125,0.0,0.0,0.9840934872627258,0.0,0.03176252916455269
known_train,132,1,Circle,0.9605704545974731,0.047225646674633026,0.9947963356971741,0.09357969462871552,0.9618492722511292,0.0356912799179554,1.0,0.0600338838994503,0.9648429155349731,0.0,1.0,0.043687138706445694,0.08723776042461395,0.0,0.9274855256080627,0.03679202124476433,0.9943066239356995,0.0,1.0,0.0,0.0,0.10813450813293457,1.0,0.0,0.0
known_train,133,1,Circle,0.12389804422855377,0.0,1.0,0.0,0.0,0.0,0.9155653119087219,0.06713610887527466,0.9960075616836548,0.0,0.9401000142097473,1.0,0.02408905327320099,0.07863329350948334,0.7899882793426514,0.0,1.0,0.0,1.0,0.021403223276138306,0.0,0.0,0.01466737687587738,0.09189938753843307,0.0
known_train,134,1,Circle,0.0,1.0,1.0,0.0,0.0,0.0,0.0,0.06833919137716293,1.0,0.018823176622390747,0.9099821448326111,0.0,0.17147575318813324,0.0,0.938018262386322,0.11448793113231659,1.0,0.04625239223241806,0.9889562129974365,0.0,0.0,0.0,0.992965817451477,0.023682646453380585,0.14803706109523773
known_train,135,1,Circle,0.069309301674366,0.0,1.0,0.0,0.0,0.0,1.0,0.0,0.032139912247657776,0.0008268450619652867,0.9673461318016052,0.03158489987254143,0.0,0.05712909996509552,0.9052992463111877,0.13141874969005585,0.8627393245697021,0.0,1.0,0.13313865661621094,0.025203442201018333,0.04502863436937332,1.0,0.8977031707763672,0.0
known_train,136,1,Circle,0.0,0.025564320385456085,0.8958541750907898,0.023710642009973526,0.0,0.11252924054861069,1.0,0.09886263310909271,0.0,0.0044914670288562775,0.921513020992279,0.0,0.0,0.0,0.9027597904205322,0.0,0.8128201365470886,0.0,1.0,0.0,0.8705418109893799,0.14327187836170197,0.9490802884101868,0.025683680549263954,0.05138537287712097
known_train,137,1,Circle,0.19570542871952057,0.0,0.9161728024482727,0.0,0.0,1.0,1.0,0.0,0.8943661451339722,0.0,0.060420140624046326,0.0,0.0,0.017710020765662193,1.0,0.025846660137176514,0.9747099876403809,0.0,1.0,0.001001100754365325,0.07106859982013702,0.06320604681968689,0.8862590193748474,0.0,0.0
known_train,138,1,Circle,0.0879347175359726,0.03171894699335098,1.0,0.09597837924957275,1.0,0.0054480768740177155,1.0,0.009214471094310284,0.9756527543067932,0.0,1.0,0.09896404296159744,0.0,1.0,0.8423987627029419,0.0,0.9967924356460571,0.0,1.0,0.0,0.0,0.002076969016343355,0.8397749066352844,0.0,0.07865919917821884
known_train,139,1,Circle,0.04135923832654953,0.0,0.9808422923088074,0.0,0.0,0.0,0.9505556225776672,0.0,0.09573023021221161,0.017552213743329048,0.0,0.13606342673301697,0.0,0.023688046261668205,1.0,0.0,1.0,0.06201833486557007,1.0,0.0,0.0,0.0,0.9355266094207764,0.0,0.0
known_train,140,1,Circle,0.02267531491816044,0.0,0.9756062030792236,0.0,0.0481516532599926,0.0,1.0,0.0,0.9480317234992981,0.0,1.0,0.9743216037750244,1.0,0.17910653352737427,1.0,0.0,0.9745578169822693,0.03757573664188385,0.9329584836959839,0.09330306202173233,0.028928041458129883,0.020516712218523026,1.0,0.13782639801502228,0.013676428236067295
known_train,141,1,Circle,0.0004149159067310393,0.01563047245144844,1.0,0.0,0.0,0.0,0.9228209257125854,0.9880532026290894,1.0,0.0,1.0,0.0,0.0,0.046980611979961395,1.0,0.0,1.0,0.17590783536434174,0.0,0.0,0.0,0.007374168373644352,0.9879065155982971,0.0,0.0
known_train,142,1,Circle,0.0,0.0,1.0,0.07115307450294495,0.0,0.031928256154060364,0.956671953201294,0.045767657458782196,1.0,0.9027361273765564,1.0,0.04709884896874428,0.0,0.9340301752090454,1.0,0.0,0.9497273564338684,0.014514511451125145,1.0,0.0,0.0,0.0,0.8227775692939758,0.0,0.0
known_train,143,1,Circle,0.0,0.0,0.1480329930782318,0.0,0.08861418813467026,0.06884939968585968,1.0,0.0,1.0,0.0,0.9345383644104004,0.9377501010894775,0.0,0.06037148833274841,1.0,0.004928827751427889,0.9387715458869934,0.0,1.0,0.0,0.04402760788798332,0.06541693210601807,1.0,0.0,0.04519525170326233
known_train,144,1,Circle,0.0,0.06206018477678299,0.806510865688324,0.10211767256259918,0.11750110238790512,0.002386702923104167,1.0,0.04468121379613876,0.9485772848129272,0.04376978427171707,0.9353095293045044,0.0,0.0901554524898529,0.9386783838272095,0.9434899687767029,0.0,0.9483522772789001,0.05861116573214531,0.920001208782196,0.02853701077401638,0.05974774435162544,1.0,1.0,0.0,0.0
known_train,145,1,Circle,0.0,0.0,0.9512717723846436,0.11062978208065033,0.016132604330778122,0.0,1.0,0.0,1.0,0.022809907793998718,0.9695500135421753,0.11360223591327667,0.0,0.007545612286776304,0.0,0.0,0.03648097440600395,0.0,1.0,0.030085567384958267,0.0,0.0,0.9552239775657654,0.028895830735564232,0.10705569386482239
known_train,146,1,Circle,0.0,0.04266016185283661,0.8923622965812683,1.0,0.024332035332918167,0.0,0.9180589914321899,0.0,1.0,0.08492150157690048,1.0,0.0058925277553498745,0.0,0.0,0.959129810333252,0.03279484808444977,1.0,0.0,0.9371458292007446,0.09636060148477554,0.0063372040167450905,0.0,0.0,0.0,0.030746717005968094
known_train,147,1,Circle,0.08025646954774857,0.0657549723982811,1.0,0.0,0.1022024154663086,0.0,1.0,0.0,0.8367313146591187,0.025463296100497246,0.9352720379829407,1.0,0.04324876144528389,0.16960646212100983,1.0,0.0,1.0,0.07101649791002274,1.0,0.0,0.0027342173270881176,1.0,1.0,0.0,0.0
known_train,148,1,Circle,0.13752873241901398,0.0,1.0,0.04340123385190964,0.26168209314346313,0.0,0.944852352142334,0.03350382670760155,0.0,0.15601111948490143,0.9465300440788269,0.07239348441362381,0.09299703687429428,0.05637182667851448,0.9231202602386475,0.11262070387601852,1.0,0.047966763377189636,1.0,0.01808864064514637,0.0,0.051262810826301575,1.0,1.0,0.0
known_train,149,1,Circle,0.04006505012512207,0.0,1.0,0.0,0.0,1.0,0.8530791997909546,0.0,1.0,0.0,1.0,0.12089092284440994,0.0,0.023345021530985832,1.0,0.0,1.0,0.0,0.03149800002574921,0.0,0.027411775663495064,0.09263752400875092,0.9852709770202637,0.0,0.0
known_train,150,1,Circle,0.0,0.061294715851545334,0.9808400869369507,0.0,0.0,0.11267590522766113,0.0,0.0638287365436554,0.9629004001617432,0.0,1.0,0.0,0.0,0.0,0.0,0.0,0.8740912675857544,0.0,1.0,0.005982143338769674,0.03608698397874832,0.0,0.9472401738166809,0.13420554995536804,0.0
known_train,151,1,Circle,0.0008197347051464021,2.1608326278510503e-05,0.1469516158103943,0.16733352839946747,0.026899859309196472,0.0,1.0,0.0030303995590656996,1.0,0.019675785675644875,0.9977057576179504,0.9046494960784912,0.04904353618621826,0.0,0.9241850972175598,0.24190251529216766,0.9427313804626465,0.00801143329590559,0.8803471922874451,0.009317473508417606,0.0,0.0,1.0,0.037760764360427856,0.04547276347875595
known_train,152,1,Circle,0.12228486686944962,0.08172351121902466,1.0,0.0,0.01212718803435564,0.0,1.0,0.0,0.836911141872406,0.0897427350282669,0.15637540817260742,0.0,0.0,0.028676766902208328,0.9284994602203369,1.0,1.0,0.04152823984622955,0.9840294718742371,0.0,0.007114843465387821,0.0,0.9178215265274048,0.0,0.06751512736082077
known_train,153,1,Circle,0.027119560167193413,0.0,0.9522902965545654,0.0,0.07749924063682556,0.035864777863025665,0.9856666922569275,1.0,1.0,0.0,0.9528095126152039,0.0,0.1417207419872284,0.07005244493484497,0.823784589767456,0.0,0.9894123673439026,0.0,0.8940494060516357,0.15558098256587982,0.02500319294631481,0.03798530623316765,0.9446387887001038,0.05778193101286888,0.8696801662445068
known_train,154,1,Circle,0.12776222825050354,0.014591136947274208,1.0,0.0,0.0,0.0,1.0,0.0052786641754209995,0.9628470540046692,0.0,0.8986722826957703,0.0,0.0,0.0,0.09887988120317459,0.0,1.0,0.0,1.0,1.0,0.0,0.11426706612110138,0.9891877174377441,0.0597134567797184,0.0
known_train,155,1,Circle,0.02936428226530552,0.10865473002195358,1.0,0.9137811064720154,0.0,1.0,0.9196889400482178,0.05820269510149956,1.0,0.0,0.9849004745483398,0.0,0.0,0.0,1.0,0.03023700974881649,1.0,0.06782986223697662,0.9661668539047241,0.06544560939073563,0.0,0.0,1.0,0.0,0.0
known_train,156,1,Circle,0.033939849585294724,0.0015461938455700874,1.0,0.0005387627170421183,0.0,0.0,0.8924610614776611,1.0,1.0,0.1975356787443161,0.9502531290054321,0.0,0.0,0.016969095915555954,1.0,0.0,1.0,0.0,1.0,0.04307982698082924,0.9457319974899292,0.0,1.0,0.0,0.023834655061364174
known_train,157,1,Circle,0.04100760072469711,0.8953866362571716,0.9586700201034546,0.060653138905763626,0.031144430860877037,0.01725589670240879,0.9966464042663574,0.03448436036705971,1.0,0.004727466497570276,0.9487187266349792,0.13550129532814026,0.0,0.034210897982120514,0.9743807315826416,0.1407637745141983,0.927721381187439,0.0,0.08684875071048737,0.025877203792333603,0.0,0.0,0.8278107643127441,0.019233709201216698,0.0
known_train,158,1,Circle,0.06375549733638763,1.0,1.0,0.05996404215693474,0.0,0.0,1.0,0.0,0.986452579498291,0.10177911072969437,0.9401049017906189,0.007303501944988966,0.0763702243566513,0.06472939997911453,0.9872310161590576,0.0,0.8608947992324829,0.0,1.0,0.0,0.005994166247546673,0.0831402912735939,0.905014157295227,1.0,0.01509687677025795
known_train,159,1,Circle,0.14353854954242706,0.0,0.06331991404294968,0.029306957498192787,0.0,0.024057162925601006,0.9114733934402466,0.05524458363652229,0.0,0.021786672994494438,0.8517761826515198,0.0,0.04517680034041405,0.0016958914930000901,0.7844797968864441,0.09942643344402313,1.0,0.0,1.0,0.0,0.0,0.02866821177303791,1.0,0.12988696992397308,0.028776919469237328
known_train,160,1,Circle,0.05153186619281769,0.0,1.0,0.0,0.04009666666388512,0.009448276832699776,0.754157543182373,0.014311336912214756,1.0,0.03567426651716232,0.9917930960655212,0.13137292861938477,0.0249098502099514,0.03501386567950249,1.0,0.02900744043290615,0.9281585812568665,0.0,0.9618303179740906,1.0,0.0,0.8634690046310425,1.0,0.10304528474807739,0.0
known_train,161,1,Circle,0.0,0.06788128614425659,1.0,0.019205721095204353,0.0,0.06056946888566017,1.0,0.0,1.0,0.09444218128919601,0.0,0.05940839648246765,0.0035311116371303797,0.0,1.0,0.0,1.0,0.0,1.0,0.0,0.0,0.007807461079210043,1.0,1.0,0.0
known_train,162,1,Circle,0.0,0.21850310266017914,1.0,0.0,0.0,0.005396365188062191,1.0,0.14716015756130219,1.0,0.0,1.0,0.0,0.0,0.0,0.8747897148132324,0.0,0.9057767987251282,0.025058921426534653,0.9040478467941284,0.0,0.0,0.9331696033477783,0.9515640139579773,0.9966156482696533,0.0
known_train,163,1,Circle,0.0,0.0,1.0,1.0,0.0,0.07935154438018799,1.0,0.0,1.0,0.0,0.9305927157402039,0.005639698356389999,1.0,0.0,0.8701785802841187,0.0,1.0,0.0,1.0,0.07085485011339188,0.10434640944004059,0.06361944228410721,1.0,0.0,0.0
known_train,164,1,Circle,0.02203780971467495,0.10567279905080795,1.0,0.06391303241252899,0.0,0.0,1.0,0.008072122931480408,0.9501416683197021,0.0,0.9480701684951782,0.0,0.8549929261207581,0.0,0.984399676322937,0.0,1.0,0.9608118534088135,1.0,0.0,0.0,0.028880087658762932,1.0,0.0,0.08632989972829819
known_train,165,1,Circle,0.021468719467520714,0.05802592635154724,1.0,0.03377493470907211,0.0,0.0,1.0,0.03411579504609108,0.9551280736923218,0.08875393867492676,0.9293707609176636,0.0,0.9875149130821228,0.06948655843734741,0.0,0.022990455850958824,1.0,0.0,0.9274820685386658,0.0,0.0,0.019768204540014267,1.0,0.0,0.0
known_train,166,1,Circle,0.0,0.17934702336788177,0.8207436800003052,0.0,0.0,0.0,1.0,0.06506061553955078,0.9961796402931213,0.0,0.9910434484481812,0.0,0.9210416078567505,0.0,1.0,0.0602569654583931,0.9015792012214661,0.956294059753418,0.860118567943573,0.06931179016828537,0.020025864243507385,0.04042140021920204,0.8856401443481445,0.1427958458662033,0.0
known_train,167,1,Circle,0.01433374173939228,0.22859784960746765,1.0,1.0,0.09645385295152664,0.029440803453326225,0.9208643436431885,0.08478029072284698,0.8801511526107788,0.12807001173496246,1.0,0.0,0.0,0.8944776058197021,0.9810380935668945,0.057200465351343155,0.931998074054718,0.0,0.9942843914031982,0.002525253454223275,0.0,0.0981832891702652,0.9319834113121033,0.025053247809410095,0.005437597632408142
known_train,168,1,Circle,0.15849600732326508,0.046341583132743835,0.8619492053985596,0.0,0.058644287288188934,0.0,1.0,0.0,1.0,0.06769387423992157,0.964202880859375,0.8114010095596313,0.0020210265647619963,0.04341410845518112,0.9988532662391663,1.0,0.9630451798439026,0.0,1.0,0.0,0.0,0.0,1.0,0.0,0.0
known_train,169,1,Circle,0.0,0.04644981026649475,0.8897519111633301,0.9965432286262512,0.0,0.11757790297269821,0.9531348943710327,0.06064639985561371,0.9479663372039795,0.0,0.980355978012085,0.10270760953426361,0.0,0.0,0.0,0.0,0.9350720047950745,0.0,0.9412682056427002,0.0,0.0,0.09603363275527954,1.0,0.014997413381934166,0.0
known_train,170,1,Circle,0.0694541409611702,0.07218939065933228,1.0,0.0,0.001963986549526453,0.0,0.9839048385620117,0.16297022998332977,0.0,0.0,1.0,0.0,0.0,0.0,0.9821368455886841,0.0,1.0,0.053302980959415436,1.0,0.0,0.0069208634085953236,0.89185631275177,0.9733922481536865,0.17227743566036224,0.007655630353838205
known_train,171,1,Circle,0.0,0.0,1.0,0.046271856874227524,0.04183962568640709,0.0,0.9566948413848877,0.021760089322924614,0.9497343897819519,0.0,1.0,0.0,0.01808476634323597,0.12741827964782715,0.005647166166454554,0.0943470224738121,0.0,0.0,0.9118290543556213,0.0,0.0,0.0,1.0,0.10041267424821854,0.024654006585478783
known_train,172,1,Circle,0.002061615465208888,0.014634300023317337,1.0,1.0,0.06280487030744553,0.0,0.9589604139328003,0.0,0.9379674196243286,0.040037162601947784,1.0,0.0,0.09574533998966217,0.0081848269328475,0.8616743087768555,0.0,1.0,0.07782338559627533,0.9730018973350525,0.06623505800962448,0.014971358701586723,0.0,0.8867866396903992,1.0,0.09567873179912567
known_train,173,1,Circle,0.0,0.13851429522037506,1.0,0.0,0.0,0.020542701706290245,0.8663152456283569,0.05597386136651039,0.9237143397331238,0.02964864857494831,0.9582703709602356,0.8299992084503174,0.0,0.0,1.0,0.11080477386713028,1.0,0.0,1.0,0.09039763361215591,0.0,0.0,0.8542433381080627,1.0,0.16520194709300995
known_train,174,1,Circle,0.0,0.0,1.0,0.02036432921886444,0.0,1.0,1.0,0.0,0.9112610220909119,0.0,1.0,1.0,0.0,0.07912517338991165,0.7808951139450073,0.0,0.9503841400146484,0.011854310519993305,1.0,0.0901411846280098,0.0,0.0469265878200531,1.0,0.0,0.15204322338104248
known_train,175,1,Circle,0.0,0.06618021428585052,0.8751705884933472,0.9999497532844543,0.0,0.0,1.0,0.08619828522205353,0.028125662356615067,0.06245448812842369,1.0,0.0,0.0,0.0,0.944267213344574,0.03427863493561745,1.0,0.0,0.8678779006004333,0.03397475555539131,0.0,0.024163292720913887,1.0,0.0,0.0
known_train,176,1,Circle,0.0,0.0,0.9591647386550903,0.8553410172462463,0.07067297399044037,0.0,1.0,0.0,0.9165319800376892,0.0,0.790066659450531,0.0,1.0,0.06597942113876343,0.8490955829620361,0.09294930845499039,1.0,0.10016348212957382,0.9957823157310486,0.08111174404621124,0.0,0.057043805718421936,0.938306987285614,0.0,0.0
known_train,177,1,Circle,0.0,0.10979099571704865,1.0,0.0,0.0,0.08156056702136993,1.0,0.011857847683131695,1.0,0.9960924983024597,1.0,0.0,0.0,0.0,1.0,0.002752599772065878,0.9161257743835449,0.06414367258548737,0.0,0.0,0.0,0.028648288920521736,0.8304716944694519,0.07127278298139572,0.0
known_train,178,1,Circle,0.15310288965702057,0.0,0.0,0.003123606787994504,0.03323350474238396,0.005596687085926533,1.0,0.0,0.9212760925292969,0.0,1.0,0.9297795295715332,0.05682199075818062,0.10437853634357452,0.9219329357147217,0.0,0.8851008415222168,0.1624298393726349,1.0,0.03838418424129486,0.0,0.0,1.0,0.0,0.08605644851922989
known_train,179,1,Circle,0.1284959316253662,0.08338842540979385,0.9891577959060669,0.0029247731436043978,0.0,0.07120217382907867,0.9696078300476074,0.0,1.0,0.0,0.9812027215957642,0.0008460164535790682,0.0636284351348877,1.0,1.0,0.06426513940095901,0.9840116500854492,1.0,1.0,0.013699266128242016,0.0,0.0,0.9933682680130005,0.0,0.11853884905576706
known_train,180,1,Circle,0.006511026993393898,0.0,1.0,0.0010443140054121614,0.0,0.0,0.9741373658180237,0.03307836502790451,1.0,0.0,1.0,0.0,0.0,0.0,1.0,0.0,1.0,1.0,0.9391509890556335,0.0001719264400890097,0.0,0.13017849624156952,0.0,0.0037301473785191774,0.10834404081106186
known_train,181,1,Circle,0.9138217568397522,0.0,0.9957407116889954,0.0,1.0,0.014143010601401329,0.927586019039154,0.0,0.8488482236862183,0.0,1.0,0.17854289710521698,0.05811171978712082,0.0,0.9654432535171509,0.0,1.0,0.0,1.0,0.11148156225681305,0.0,0.0,0.946476399898529,0.0,0.0
known_train,182,1,Circle,0.01831759512424469,0.04932061955332756,0.9998742341995239,0.00881444662809372,0.0,0.008518895134329796,0.0,0.026208046823740005,1.0,0.11300863325595856,1.0,0.005703568924218416,0.0,0.0,0.9824295043945312,0.02018766663968563,0.9617334008216858,0.0,0.904944121837616,0.9560458660125732,0.0,0.0,0.9199579358100891,0.0,0.0
known_train,183,1,Circle,0.04299437999725342,0.0,0.9373812675476074,0.09571988135576248,0.07073502242565155,0.04812400043010712,1.0,0.0,1.0,0.03136496990919113,1.0,0.03097294270992279,0.944098949432373,0.0,1.0,0.0,0.06790932267904282,0.0,0.9566739201545715,0.1635858565568924,0.0,0.0,0.9293935298919678,0.02686765417456627,0.0
known_train,184,1,Circle,1.0,0.06577834486961365,1.0,0.01124328002333641,0.25930073857307434,0.08436269313097,1.0,0.0,0.9922352433204651,0.11410615593194962,1.0,0.939750075340271,0.06281538307666779,0.0,1.0,0.0,0.8810023069381714,0.019132694229483604,1.0,0.07227016985416412,0.03977089747786522,0.04252687841653824,0.9212278127670288,0.0,0.0
known_train,185,1,Circle,0.08866780251264572,0.0,1.0,0.0,0.0,0.009864752180874348,0.9623301029205322,0.0,1.0,0.0,0.0,0.0,0.0726609155535698,0.023874498903751373,1.0,0.0,0.9387529492378235,0.07418004423379898,1.0,1.0,0.0,0.02711508236825466,1.0,0.00819382444024086,0.11694727092981339
known_train,186,1,Circle,1.0,0.9348570108413696,0.9352385997772217,0.07906275242567062,0.0953240618109703,0.12097148597240448,1.0,0.01076955534517765,0.975104033946991,0.10807927697896957,1.0,0.0,0.0,0.039354417473077774,0.9858180284500122,0.0,1.0,0.06072297319769859,1.0,0.0,0.02027183398604393,0.05557508021593094,0.8778731226921082,0.0,0.0
known_train,187,1,Circle,0.04212458059191704,0.044703830033540726,1.0,0.031918369233608246,0.02429939992725849,0.13500560820102692,1.0,0.0,1.0,0.07138986885547638,1.0,0.09051395207643509,0.015045923180878162,0.9840366840362549,1.0,0.0,0.0,0.0,0.9050841331481934,0.11472146213054657,0.04033660143613815,0.0,0.9548157453536987,0.023693567141890526,0.07931488752365112
known_train,188,1,Circle,0.06944531947374344,0.0,0.9953944087028503,1.0,0.0,0.0,1.0,0.15389017760753632,0.9740862250328064,0.023336879909038544,1.0,0.0,0.1451740264892578,0.00042584052425809205,0.0,0.06001608818769455,1.0,0.0,0.950076699256897,0.006063323933631182,0.07178891450166702,0.0,0.9746701717376709,0.0,0.07939812541007996
known_train,189,1,Circle,0.122202567756176,0.09167922288179398,0.062177322804927826,0.0,0.0,0.0,1.0,0.0,0.8704907894134521,0.0,1.0,0.04966038465499878,0.034995876252651215,0.09405483305454254,0.8589531183242798,0.09506691992282867,0.10297361761331558,0.05851954594254494,0.8941259384155273,0.00039653576095588505,0.018901661038398743,0.09246008098125458,0.8731796145439148,0.002460203832015395,0.0
known_train,190,1,Circle,0.0,0.07417812198400497,1.0,0.0,0.04898759350180626,0.07668089866638184,0.9793018698692322,0.0,1.0,0.0,0.9857318997383118,0.0,0.057243045419454575,0.9995386004447937,0.9452332854270935,0.007913238368928432,1.0,0.18299600481987,0.8794015049934387,0.025227362290024757,0.0,1.0,0.9249164462089539,0.0,0.0
known_train,191,1,Circle,0.0,0.05822289362549782,0.9957633018493652,1.0,1.0,0.0,0.9972779154777527,0.1036762148141861,1.0,0.0,0.9303722381591797,0.14062131941318512,0.0,0.0,1.0,0.0,1.0,0.04993544891476631,1.0,0.044649362564086914,0.0,0.0,0.9887939691543579,0.0,0.03889242559671402
known_train,192,1,Circle,0.07396602630615234,0.0,0.9617378115653992,0.03789374977350235,0.0,0.021534863859415054,0.9151046276092529,0.0,0.0,0.0709352046251297,0.9211475253105164,0.05364914610981941,0.0,0.0013204141287133098,1.0,0.06459897756576538,1.0,0.15270322561264038,0.04719686880707741,0.0,0.0,0.0,0.8116359710693359,0.0,0.0
known_train,193,1,Circle,0.05786104500293732,0.0,0.9605580568313599,0.0,0.0,0.0,1.0,0.0,0.9589238166809082,0.0,1.0,0.034057166427373886,0.032189227640628815,0.000988890533335507,0.8767141699790955,0.0,0.967415452003479,0.0,0.0,0.8872036933898926,0.06496769934892654,0.0,1.0,0.05122419074177742,0.0
known_train,194,1,Circle,0.9861653447151184,0.01735694520175457,0.981785774230957,0.0,0.0,0.0488104410469532,0.9965239763259888,0.013315907679498196,1.0,0.0,0.9284573793411255,0.0,0.04517938196659088,0.0,1.0,0.029679058119654655,1.0,0.0,0.9947870969772339,0.9493725299835205,0.13714517652988434,0.07898584753274918,1.0,0.0,0.057489730417728424
known_train,195,1,Circle,0.013131788931787014,1.0,1.0,0.0,0.0,0.12998279929161072,1.0,0.03579365834593773,0.894080638885498,0.0,0.039229486137628555,0.10728924721479416,0.0,0.0,1.0,0.06916627287864685,0.972511887550354,0.0,1.0,0.08998367935419083,0.0,0.03241920843720436,0.9620407223701477,0.0,0.08211405575275421
known_train,196,1,Circle,0.0,0.0,1.0,0.0,0.06265092641115189,0.0,0.9205973744392395,0.9446276426315308,1.0,0.07477456331253052,1.0,0.03689171001315117,0.02562333457171917,0.0,0.9427024722099304,0.023107068613171577,0.9733500480651855,0.13518580794334412,1.0,0.05062713101506233,0.030277354642748833,0.0,0.07370641827583313,0.0,0.008112003095448017
known_train,197,1,Circle,0.0,0.116068534553051,1.0,0.0,0.0,0.0,1.0,0.03781464695930481,0.02911096066236496,0.015180524438619614,1.0,0.0,0.0,0.09830520302057266,1.0,0.0,0.04678621143102646,0.15345315635204315,0.8403273820877075,0.121551014482975,0.0,0.07503991574048996,0.9993081092834473,0.0,0.0356910265982151
known_train,198,1,Circle,0.0,0.0,1.0,0.13998031616210938,0.09036646783351898,0.0,0.8788084387779236,0.0,0.8725619316101074,0.0035351936239749193,1.0,0.0,0.062170278280973434,0.04808831587433815,0.9561472535133362,0.0,0.0,0.0,1.0,0.9482592940330505,0.03031015209853649,0.01953933946788311,0.9788525104522705,0.02289559505879879,0.08016256242990494
known_train,199,1,Circle,0.04183037206530571,0.0,1.0,0.002260429784655571,0.0,0.0,0.9593503475189209,0.0,1.0,0.018523745238780975,1.0,0.0,0.1516306847333908,1.0,0.9299912452697754,0.0,0.8612862229347229,0.12261023372411728,1.0,0.0480596125125885,0.0,0.14490140974521637,0.17608824372291565,0.0,0.11498072743415833
known_train,200,1,Circle,0.0,0.0,0.8522403240203857,0.0,0.09156746417284012,0.04790673404932022,0.012107755057513714,0.0,1.0,0.08102509379386902,1.0,0.013338813558220863,0.0,0.06937454640865326,0.7494475841522217,0.03062765672802925,1.0,0.0,0.9806904196739197,0.0,0.0,0.08290994167327881,0.015622568316757679,0.012184029445052147,0.06378180533647537
known_train,201,1,Circle,0.0,0.0,1.0,0.0,0.0,0.0025852376129478216,1.0,0.003390498226508498,0.973110020160675,0.0,1.0,0.05290200933814049,0.0,0.09076259285211563,0.08936846256256104,0.09058527648448944,1.0,0.052294615656137466,0.09187962114810944,0.06947778910398483,0.0,0.0,0.941119372844696,0.0,0.03105095401406288
known_train,202,1,Circle,0.0,0.019086088985204697,0.932173490524292,0.0,0.025743309408426285,0.0,1.0,0.04531269520521164,0.952343761920929,0.1541895866394043,0.9722055196762085,0.01060155127197504,0.0,0.13215935230255127,0.9916012287139893,0.8770045638084412,1.0,0.04681115597486496,0.9956521391868591,0.9052906036376953,0.20307865738868713,0.025392835959792137,1.0,0.013650166802108288,0.10483436286449432
known_train,203,1,Circle,0.0,0.0,1.0,0.04287942498922348,0.9191173911094666,0.0,1.0,0.0901288315653801,1.0,0.0,1.0,0.0,0.03136243298649788,0.18181271851062775,1.0,0.0,1.0,0.0,0.1513735055923462,0.05608288198709488,0.08942674845457077,0.0,0.9698211550712585,0.0,0.0
known_train,204,1,Circle,0.037319425493478775,0.04579160735011101,1.0,0.06168289855122566,0.9972274899482727,0.021804209798574448,0.9784775376319885,0.03507709130644798,1.0,0.0,0.8936561346054077,0.011698964983224869,0.0,0.0,1.0,0.07722736895084381,1.0,0.0,0.9569030404090881,0.0,0.016691353172063828,0.0161854550242424,0.935096263885498,0.0,0.8858644962310791
known_train,205,1,Circle,0.0,0.0,0.9990967512130737,0.9770023226737976,0.11512600630521774,1.0,1.0,0.11568833142518997,1.0,0.0,1.0,0.08584073930978775,0.05188526585698128,0.0,0.9326831698417664,0.0,1.0,0.0,1.0,0.10521893203258514,0.09593363851308823,0.09644324332475662,0.9170404672622681,0.03861083835363388,0.0
known_train,206,1,Circle,0.036859359592199326,0.16142475605010986,1.0,0.19582422077655792,0.014201697893440723,0.0017984237056225538,0.897648811340332,0.08884502202272415,0.9598299860954285,0.0,1.0,0.09265781193971634,0.09056410938501358,0.0,0.9959219098091125,0.0,1.0,0.12428517639636993,1.0,0.15799129009246826,0.07177555561065674,1.0,1.0,0.13647522032260895,0.9826645255088806
known_train,207,1,Circle,0.13391795754432678,0.03470152989029884,1.0,0.0041118282824754715,0.0,0.0,1.0,0.1374479979276657,0.9808229207992554,0.0042089661583304405,0.9307698011398315,0.05733048543334007,0.10933433473110199,0.1299598217010498,1.0,0.045948341488838196,0.9877159595489502,0.04224149510264397,1.0,0.004661151207983494,0.011020295321941376,0.9036506414413452,0.9764677882194519,0.8992422819137573,0.1365889608860016
known_train,208,1,Circle,0.0,0.0,1.0,1.0,0.013762490823864937,0.04231484234333038,0.9446331262588501,0.0,0.9983924627304077,0.0,0.907095193862915,0.0,0.061128657311201096,0.01962839625775814,1.0,0.8553469777107239,0.8813146352767944,0.0530572347342968,0.7777064442634583,0.09797035157680511,0.0,0.0674675926566124,0.9289132356643677,0.08391229808330536,0.2566528618335724
known_train,209,1,Circle,0.0,0.010382586158812046,0.9270650744438171,0.062443289905786514,0.9399699568748474,0.09933098405599594,0.9672600030899048,0.0,1.0,0.0,1.0,0.09770849347114563,0.0,0.0,1.0,0.12210425734519958,1.0,0.014103409834206104,0.9840096235275269,0.0,0.10436736792325974,0.00029642807203345,0.968400239944458,1.0,0.0
known_train,210,1,Circle,0.0,0.05635293200612068,0.8016994595527649,0.045464903116226196,1.0,0.0,1.0,0.0,0.0,0.07377983629703522,1.0,0.0,0.0,0.0,1.0,0.12907527387142181,1.0,0.0,1.0,0.0,0.06912349164485931,0.048538655042648315,0.7611342072486877,0.04361937567591667,0.0
known_train,211,1,Circle,0.05636611208319664,0.06106710806488991,1.0,0.0,0.0,0.08207456767559052,0.04350458085536957,0.08515764027833939,0.986784040927887,0.9354205131530762,0.8633530139923096,0.0,0.04908684268593788,0.0,1.0,0.00712098041549325,0.9484995603561401,0.06837384402751923,0.8238194584846497,0.027734460309147835,0.12955480813980103,0.11519545316696167,1.0,0.0,0.0
known_train,212,1,Circle,0.06059390679001808,0.170652836561203,0.9950493574142456,0.0,0.0,0.06212524324655533,0.05151941254734993,0.07014647126197815,0.9573092460632324,0.06644988059997559,0.9873360395431519,0.0,0.0,0.0,1.0,0.0,1.0,0.0,0.9158457517623901,0.0,0.08809540420770645,1.0,0.9303574562072754,0.012437139637768269,0.03992180898785591
known_train,213,1,Circle,0.0,0.0,0.9132882952690125,1.0,1.0,0.023204008117318153,1.0,0.0,1.0,0.0,1.0,0.0,0.0,0.0,1.0,0.0,0.9141600131988525,0.0,1.0,0.05691709369421005,0.14496271312236786,0.0,1.0,0.0,0.0
known_train,214,1,Circle,0.07928533852100372,0.9788507223129272,1.0,0.0,0.0,0.9770949482917786,0.9552051424980164,0.13938510417938232,1.0,0.01396894734352827,0.9790202379226685,0.19567829370498657,0.10440083593130112,0.0,0.9781107902526855,0.0,1.0,0.0,1.0,0.11616705358028412,0.0,0.0,0.9613473415374756,0.0,0.15987727046012878
known_train,215,1,Circle,0.0,0.06253921985626221,1.0,0.10287979245185852,0.0,0.0,1.0,0.0713518038392067,0.8823827505111694,0.05888449028134346,0.9983603358268738,0.0,0.0,0.0,0.0,0.13397477567195892,1.0,0.15696045756340027,0.9965646862983704,0.07626428455114365,0.0,0.0,0.9457992911338806,0.9760835766792297,0.10296738147735596
known_train,216,1,Circle,0.0,1.0,0.9836512207984924,0.141079381108284,0.16750231385231018,0.0,0.0,0.0,1.0,0.022927483543753624,0.9490744471549988,0.005805846303701401,0.0,0.12913969159126282,1.0,0.05358587205410004,0.7866466045379639,0.0,1.0,0.10609032213687897,0.0,0.0,0.9038784503936768,0.13688813149929047,0.019542261958122253
known_train,217,1,Circle,0.0,0.0,1.0,0.06765402853488922,0.0,0.0,1.0,0.0,1.0,0.00527796009555459,0.0,0.0,0.0,0.06839677691459656,0.8938921093940735,0.0,0.9635419845581055,0.0,1.0,0.04433291777968407,0.0,0.010935936123132706,0.0,0.0,0.011613341979682446
known_train,218,1,Circle,0.1128610298037529,0.0,1.0,0.0,0.0,0.09704986214637756,1.0,1.0,1.0,0.0,0.9993305802345276,0.0,0.0723251923918724,0.0,1.0,0.0,1.0,0.060698240995407104,1.0,0.0,0.0,0.07150546461343765,0.9469718337059021,0.9874768853187561,0.0008229381637647748
known_train,219,1,Circle,0.0,0.0,0.894668698310852,1.0,0.0,0.09086638689041138,0.9973499178886414,0.0,1.0,0.1240941733121872,1.0,0.0,0.0,0.14509887993335724,1.0,0.9742382168769836,1.0,0.08058392256498337,0.9542840123176575,0.017555195838212967,0.07412480562925339,0.0,1.0,0.0,0.0
known_train,220,1,Circle,0.0,0.004124365281313658,0.9082430005073547,0.03430425748229027,0.09051094204187393,0.0,0.9837880730628967,0.02987522818148136,0.11889205127954483,0.04294539615511894,1.0,0.0,0.0,0.05948856100440025,1.0,0.07799743115901947,0.8275514841079712,0.045071907341480255,1.0,0.9562841653823853,0.0,0.022546369582414627,0.8975450396537781,0.09862429648637772,0.0
known_train,221,1,Circle,0.00827657338231802,0.0,0.0,0.0,0.0,0.00895673967897892,1.0,1.0,1.0,0.0,0.9809590578079224,0.0,0.0792609378695488,0.16780084371566772,0.8590546250343323,0.0,1.0,0.0,1.0,0.0977177768945694,0.006258305162191391,0.04402104392647743,1.0,0.1558741182088852,0.0
known_train,222,1,Circle,0.0,0.0,1.0,0.0,0.022385621443390846,0.20516106486320496,0.9902721047401428,0.0,1.0,0.019166691228747368,1.0,0.01317500974982977,0.0,0.0,0.05131463706493378,0.0,1.0,0.0,1.0,0.0024197252932935953,0.0,0.9812056422233582,1.0,0.0,0.0
known_train,223,1,Circle,0.0007145498530007899,0.03064105287194252,0.9346521496772766,0.16563189029693604,0.0,0.12448130548000336,0.9848905205726624,0.06456776708364487,1.0,0.09174814075231552,0.9327501058578491,0.08605083078145981,0.14771518111228943,0.0,1.0,0.0,0.9722850918769836,0.13691382110118866,0.011464093811810017,0.0,0.1288720816373825,0.049963872879743576,1.0,0.8580722808837891,0.010102490894496441
known_train,224,1,Circle,0.05479636415839195,0.025877926498651505,0.9953956007957458,0.0,0.0,0.05821703374385834,0.9063128232955933,0.040951672941446304,1.0,0.11884172260761261,0.8795897960662842,0.0,1.0,0.0,0.8880475759506226,0.03082527592778206,0.9991986751556396,0.15314602851867676,0.0,0.09344027191400528,0.0,0.0,1.0,0.08669846504926682,0.0
known_train,225,1,Circle,0.0,0.0,0.0,0.0,0.14064887166023254,0.005833991337567568,0.9198153614997864,0.0,0.8722057938575745,0.0,1.0,0.0,0.1512584090232849,0.0,0.12307722866535187,0.051271531730890274,0.7861930131912231,0.016395146027207375,0.9960810542106628,0.11888311058282852,0.0771743506193161,0.0,1.0,0.0,0.0
known_train,226,1,Circle,0.027249762788414955,0.016452712938189507,1.0,0.08742973208427429,0.06268841028213501,0.11355707794427872,1.0,0.013412117026746273,1.0,0.0,1.0,0.13772615790367126,0.9779001474380493,0.0,0.07759181410074234,0.11705388128757477,1.0,0.025246500968933105,0.9742501974105835,0.026535727083683014,0.0,0.0,1.0,0.021233923733234406,0.0
known_train,227,1,Circle,0.06046571955084801,0.006236911751329899,0.9011403322219849,1.0,0.9384695887565613,0.20748384296894073,1.0,0.05689201131463051,1.0,0.013097780756652355,0.9197048544883728,0.0,0.0,0.0,0.8315568566322327,0.0,0.9801909327507019,0.0,0.9470621347427368,0.0,0.13791151344776154,0.052971623837947845,0.9551759362220764,0.0,0.0
known_train,228,1,Circle,0.0,0.0,0.9965487718582153,0.009440780617296696,0.0,1.0,1.0,0.03609834983944893,1.0,0.10008876025676727,1.0,0.22400687634944916,0.06065250188112259,1.0,1.0,0.0,1.0,0.0,1.0,0.0,0.0,0.03307786211371422,0.9889830946922302,0.0,0.0
known_train,229,1,Circle,0.08522234857082367,1.0,1.0,0.048671696335077286,0.016774345189332962,0.08794813603162766,1.0,0.030087629333138466,0.0,0.0,0.9767629504203796,0.0,0.09221462905406952,0.1257116049528122,0.8839856386184692,0.11289337277412415,0.9062843918800354,0.0,0.9812571406364441,0.0,0.0,0.05199023708701134,1.0,0.08432332426309586,0.0
known_train,230,1,Circle,0.0,0.0,1.0,1.0,0.0,0.0,0.9473851323127747,0.00515751400962472,1.0,0.9939043521881104,0.9637444019317627,0.0,0.0,0.0,1.0,0.0,1.0,0.04728427901864052,1.0,0.0,0.0,0.0,0.943584680557251,0.10016843676567078,0.11899924278259277
known_train,231,1,Circle,1.0,1.0,1.0,0.0,0.0,0.012967344373464584,1.0,0.0,0.970739483833313,0.0675656720995903,1.0,0.0,0.003017831826582551,0.030653521418571472,1.0,0.06290589272975922,1.0,0.0,0.958065390586853,0.0,0.0,0.0,1.0,0.07066813111305237,0.0
known_train,232,1,Circle,0.0,0.0,0.9953569173812866,0.9636994004249573,0.0,0.0,0.9134640097618103,0.0,1.0,0.13469985127449036,1.0,0.006522422190755606,0.0,0.08833467215299606,0.952791154384613,0.0,0.912859320640564,0.11351248621940613,1.0,0.0,0.0,0.04077206179499626,0.0,0.0,0.0
known_train,233,1,Circle,0.006211245898157358,0.0,0.9742681384086609,0.015901654958724976,0.05984017997980118,0.05612523853778839,1.0,0.0,0.9546401500701904,1.0,0.9525474905967712,0.0015720076626166701,0.0,0.007684571202844381,0.922763466835022,0.0,1.0,0.0,0.1955280303955078,0.0,0.03384287655353546,0.109992615878582,0.967754065990448,0.0,0.08573054522275925
known_train,234,1,Circle,0.0,0.0,0.9424842596054077,0.0,1.0,0.06494072824716568,0.990994393825531,0.0,0.0,0.0411827377974987,0.9053022861480713,0.0,0.15941941738128662,0.0,0.9890117645263672,0.0,1.0,0.1418231874704361,1.0,0.0,0.0,0.0,0.978541374206543,0.0,0.06554727256298065
known_train,235,1,Circle,0.03511781245470047,0.0,1.0,0.0,0.0,0.8470547795295715,0.9627401828765869,0.0,1.0,0.0,1.0,0.0,0.1292344182729721,0.0,0.9999189376831055,0.0,0.9725016951560974,0.06410858035087585,1.0,0.095241978764534,0.0,0.014740417711436749,0.01996845006942749,0.0,0.0
known_train,236,1,Circle,0.0,1.0,1.0,0.0,0.0,0.03678642585873604,0.814605712890625,0.08881232887506485,0.9829130172729492,0.14650402963161469,0.8618427515029907,0.0734516978263855,0.0,0.0,0.8904125094413757,0.04765983298420906,1.0,0.14281022548675537,0.02639223076403141,0.0,0.0,0.0,1.0,0.0,0.118418388068676
known_train,237,1,Circle,0.0,0.05285383388400078,0.998762309551239,0.0,0.05568038299679756,0.0,0.9361332058906555,0.9788796305656433,0.9948811531066895,0.03911280259490013,0.963691234588623,0.0,0.13880591094493866,0.1237289160490036,1.0,0.0,0.9759745597839355,0.11058619618415833,0.9716935753822327,0.0,0.14977876842021942,1.0,1.0,0.0,0.04145479202270508
known_train,238,1,Circle,0.0,0.08658744394779205,0.938389778137207,0.0,0.0,0.12455156445503235,0.0,0.0,0.9076681137084961,0.12287256121635437,0.9707254767417908,0.0,0.0,0.0,0.8836289644241333,0.0,0.08404269069433212,0.0,1.0,0.0,0.005213525146245956,0.15367206931114197,0.9721211194992065,0.03075435571372509,0.0
known_train,239,1,Circle,0.048926349729299545,0.05368099361658096,0.0,0.08735251426696777,0.0,0.06223473697900772,0.9687835574150085,0.02796463668346405,0.9630405902862549,0.003998077940195799,0.9140244722366333,0.019804559648036957,0.0035350266844034195,0.0,0.995597779750824,0.010720358230173588,0.9506914615631104,0.0,0.9195558428764343,0.1876586377620697,0.08472949266433716,0.021847529336810112,0.0,0.0,0.0
known_train,240,2,Triangle,0.016452530398964882,0.07363315671682358,0.0,0.03197045624256134,0.001151175471022725,1.0,0.0,1.0,0.0,0.1419345736503601,0.0,1.0,0.9952265024185181,0.973780632019043,1.0,0.9760661125183105,0.7870427370071411,0.7549705505371094,1.0,1.0,0.15098728239536285,0.0,0.0,0.0,0.0009139612084254622
known_train,241,2,Triangle,0.0,0.0,0.12371471524238586,0.00610454473644495,0.0,0.9175587892532349,0.0,1.0,0.0,0.08696697652339935,0.0,1.0,0.9839091300964355,0.9891040325164795,0.0,1.0,0.9299328327178955,0.9610862135887146,1.0,1.0,0.0,0.9899231791496277,0.06361841410398483,0.0,0.0
known_train,242,2,Triangle,0.0,0.07952585071325302,0.0,0.0,0.0,0.07531055808067322,0.0,0.931984007358551,0.0073812478221952915,0.9326014518737793,0.0,0.0,0.9146576523780823,1.0,0.0,1.0,0.9330958724021912,1.0,0.9179134368896484,1.0,0.004228104837238789,0.18622443079948425,0.05043402314186096,0.0,0.054803915321826935
known_train,243,2,Triangle,0.0,0.0,0.0,0.11231648176908493,0.0,0.0,0.08366644382476807,0.010900664143264294,0.0,0.0,0.0,0.9394376277923584,1.0,0.028786053881049156,0.06504286080598831,1.0,1.0,1.0,0.9649763703346252,0.9419346451759338,0.0,0.0,0.0,0.0,0.0
known_train,244,2,Triangle,0.09596435725688934,0.1564389169216156,0.060746703296899796,0.11060164868831635,0.061341945081949234,0.13679194450378418,0.14806829392910004,1.0,0.9769108295440674,0.0,0.0,0.9729729890823364,1.0,0.9423721432685852,0.0,0.8115863800048828,1.0,0.9823620319366455,1.0,0.0,0.024023475125432014,0.11554749310016632,0.0,0.1917901337146759,0.0869688168168068
known_train,245,2,Triangle,0.1155400350689888,0.0,0.0448366217315197,0.042574092745780945,0.15753807127475739,0.0,0.12877048552036285,0.9552423357963562,0.0,0.8831419944763184,0.0,1.0,0.9110134243965149,1.0,0.0,0.9029573202133179,0.9577752947807312,0.0,0.9778117537498474,1.0,0.05569659546017647,0.08659371733665466,0.0,0.0,0.006087558344006538
known_train,246,2,Triangle,0.0,0.0,0.0,0.05656325817108154,0.0,0.0,0.0,0.9859477877616882,0.0,0.0,0.9855639934539795,0.9685361385345459,1.0,0.9470736980438232,0.11822690069675446,1.0,0.9354309439659119,1.0,1.0,1.0,0.0,0.06138709560036659,0.0033483579754829407,1.0,0.10327131301164627
known_train,247,2,Triangle,0.13442456722259521,0.0062776063568890095,0.0,0.0,0.0,0.04452472925186157,0.0,1.0,0.0,0.010179315693676472,0.09201790392398834,0.8278202414512634,1.0,0.0,0.011287630535662174,1.0,1.0,1.0,1.0,0.11964352428913116,0.14087049663066864,0.041786205023527145,0.1571708470582962,0.07208630442619324,0.0
known_train,248,2,Triangle,0.0021434754598885775,0.08488722145557404,0.0,0.05005956441164017,0.0,0.1263202428817749,0.03509345278143883,1.0,0.0,0.0,0.03284412994980812,1.0,1.0,0.0,0.0039029684849083424,1.0,0.8177049160003662,1.0,0.9732891917228699,0.9270145297050476,0.026923537254333496,0.0981961041688919,0.9491812586784363,0.0,0.07005927711725235
known_train,249,2,Triangle,0.9908203482627869,0.0,0.0,0.0,0.06654651463031769,0.8804675936698914,0.026431020349264145,1.0,0.0,0.0,0.0,1.0,1.0,0.893643856048584,0.04558383673429489,1.0,0.9850898385047913,0.9890042543411255,1.0,1.0,0.04658820852637291,0.04490244388580322,0.0,0.07922132313251495,0.09334265440702438
known_train,250,2,Triangle,0.015552470460534096,0.0,0.0,0.0,0.04858337715268135,0.013276425190269947,0.0,1.0,1.0,0.04131314158439636,0.0,0.9358816146850586,0.9383324384689331,0.9569463729858398,0.0015060077421367168,1.0,0.0,0.9661344289779663,0.9718877673149109,1.0,0.0,0.0,0.26350831985473633,0.03368106484413147,0.0
known_train,251,2,Triangle,0.0,0.9725983142852783,0.04531210660934448,0.07783915847539902,0.03479357436299324,0.0,0.048908352851867676,1.0,0.010779043659567833,0.14413140714168549,0.06803897768259048,1.0,1.0,1.0,0.9935290813446045,0.9927942156791687,1.0,0.9667131900787354,1.0,1.0,0.061895351856946945,0.0530489906668663,0.013372262939810753,0.0,0.14325781166553497
known_train,252,2,Triangle,0.0,1.0,0.11088354885578156,0.03555147349834442,0.0,0.049529436975717545,0.0059037585742771626,0.9847821593284607,0.027048474177718163,0.0,0.020181141793727875,1.0,1.0,0.9504690170288086,0.056810908019542694,0.9274950623512268,0.9541946649551392,0.9576860070228577,0.9142358303070068,1.0,0.0,0.0,0.1004326194524765,0.0,1.0
known_train,253,2,Triangle,0.04300238564610481,0.005887128878384829,0.0,0.0,0.10319244116544724,0.061184342950582504,0.0,1.0,0.0,0.0,0.014212110079824924,0.9667605757713318,0.923797070980072,0.8816694021224976,0.0,0.9702858924865723,0.9931923747062683,0.9299759268760681,0.07345860451459885,0.994756281375885,0.046150825917720795,0.0,0.9250280857086182,0.009129405952990055,0.0
known_train,254,2,Triangle,0.0,0.08500268310308456,0.0,0.0,0.030474795028567314,0.09363976866006851,0.13332870602607727,1.0,0.1470196545124054,0.0,0.9424477219581604,0.9246255159378052,1.0,0.8126645684242249,0.0,1.0,0.8950048685073853,1.0,1.0,0.9598943591117859,0.0,0.0,0.0,0.0,1.0
known_train,255,2,Triangle,0.0,0.005822205450385809,0.9682826995849609,0.09050857275724411,0.0,0.04440557584166527,0.033694326877593994,0.9568048715591431,0.049275994300842285,0.1489993780851364,0.03773605450987816,1.0,1.0,0.8831218481063843,0.03681797534227371,0.9186592102050781,0.9528090357780457,0.043519169092178345,0.9797390699386597,0.9407860636711121,0.09220660477876663,0.0,0.0,0.09992417693138123,0.003421405330300331
known_train,256,2,Triangle,0.12318811565637589,0.0,0.08409807831048965,0.14205583930015564,0.0,0.0,0.03109002113342285,0.9314123392105103,0.02162359654903412,0.0,0.0,1.0,0.0,1.0,0.0,0.9555862545967102,0.9905129671096802,0.0,0.9648920297622681,1.0,0.0,0.0,0.0,0.0,0.13033583760261536
known_train,257,2,Triangle,0.0,0.0,0.0,0.0,0.0,0.0,0.1171141117811203,1.0,0.10552314668893814,0.11101770401000977,0.05383899435400963,0.9637705087661743,0.9170199036598206,1.0,1.0,0.0,0.9707921743392944,1.0,0.9874566793441772,1.0,0.13573533296585083,0.0,0.0,0.0,0.0
known_train,258,2,Triangle,0.04449912905693054,0.0,0.10294128209352493,0.0,0.04259210452437401,0.049657028168439865,0.10966372489929199,0.9916114211082458,0.0,0.004570208955556154,0.016056548804044724,0.917259156703949,1.0,0.9711185097694397,0.0,0.04849841818213463,0.9549019932746887,0.0,0.9629936814308167,1.0,0.0,0.0063279857859015465,0.0,0.03702934458851814,0.10794544219970703
known_train,259,2,Triangle,0.0,0.0,0.0,0.0,0.0,0.0,0.0,0.9944459199905396,0.0,0.006314016878604889,1.0,1.0,0.9870699644088745,1.0,0.01625710166990757,0.8878343105316162,0.9927473664283752,0.9011500477790833,0.9913503527641296,0.9403895139694214,0.030557041987776756,0.0,1.0,0.04579324647784233,0.07260764390230179
known_train,260,2,Triangle,0.1237701028585434,0.0,1.0,0.2243569940328598,0.0,0.0,0.0,0.7784901261329651,0.019273657351732254,0.06478278338909149,0.0,0.9623420834541321,1.0,0.8599827289581299,0.0,0.9817507863044739,0.0,0.9764906764030457,0.8988999724388123,1.0,0.0,0.04393523931503296,0.016031960025429726,0.016535205766558647,0.0
known_train,261,2,Triangle,0.0,0.10809474438428879,0.11555802077054977,0.06022275611758232,0.0,0.0,0.08630679547786713,1.0,0.0,1.0,0.0,0.9660675525665283,1.0,0.9109117984771729,0.0,1.0,1.0,1.0,0.0,1.0,0.0,0.0,0.061066728085279465,0.0,0.0
known_train,262,2,Triangle,0.0,0.0,0.028073037043213844,0.0,0.08394146710634232,0.0,0.009612875059247017,1.0,0.0,0.06717679649591446,0.011916683055460453,1.0,0.03722319006919861,1.0,0.0,0.9495382905006409,1.0,1.0,0.9181627631187439,1.0,0.0,0.0,0.07688221335411072,0.0,1.0
known_train,263,2,Triangle,0.07698845863342285,0.0,0.0,0.0,1.0,0.0,0.0,0.9131856560707092,0.12069479376077652,0.0,0.01759018935263157,0.9589203000068665,0.8567559123039246,1.0,0.0,0.9556165933609009,0.9956308007240295,1.0,0.9418824315071106,0.8529630899429321,0.0,0.0,0.0,1.0,0.0
known_train,264,2,Triangle,0.0,0.06329047679901123,0.0,0.03475140035152435,0.0,0.0,0.030203748494386673,1.0,0.03804018720984459,0.0,0.11917778104543686,0.9632097482681274,1.0,1.0,0.13749921321868896,0.0,0.9477445483207703,0.8801483511924744,1.0,1.0,0.03624488785862923,0.2493363320827484,0.9530380368232727,0.0,0.0
known_train,265,2,Triangle,0.0,0.12740013003349304,0.023907843977212906,1.0,0.060611024498939514,0.03768538311123848,0.022055258974432945,1.0,0.010714779607951641,0.05361771583557129,0.06024898588657379,1.0,0.9823684692382812,0.0,0.0,1.0,1.0,0.9512353539466858,0.9353742003440857,0.9716918468475342,0.0,0.0,0.0,0.021297838538885117,0.1012754887342453
known_train,266,2,Triangle,0.0,0.036246407777071,0.0,0.0,0.0,0.0,0.10755239427089691,0.9984272122383118,0.08684288710355759,0.07519246637821198,0.05336364358663559,0.8570705056190491,1.0,0.9633678793907166,0.057258181273937225,0.9221973419189453,0.9051940441131592,1.0,0.9234413504600525,1.0,1.0,0.0,0.0,0.0,1.0
known_train,267,2,Triangle,0.0,0.06811904907226562,0.0,0.0,0.05973410606384277,0.0,0.0,1.0,0.0,0.0,0.0,1.0,0.9580097198486328,0.8764016032218933,0.0,1.0,0.0,0.9795987606048584,1.0,1.0,0.9848544001579285,0.0,0.026345418766140938,0.0,0.00036040524719282985
known_train,268,2,Triangle,0.0,0.9113567471504211,0.0,0.0,0.0,0.07680567353963852,0.0,1.0,0.0529770702123642,0.0,0.01917269639670849,0.9716745018959045,1.0,0.8934241533279419,0.0,1.0,1.0,0.0,1.0,0.9887892007827759,0.0,0.0,0.0,0.0,0.0
known_train,269,2,Triangle,0.0026888230349868536,0.01846182346343994,0.0,0.07211573421955109,0.0,0.0,0.0,1.0,0.0,0.0,0.07408861815929413,1.0,1.0,1.0,0.8784480690956116,0.9515488147735596,1.0,0.897396445274353,0.9836046099662781,0.9499047994613647,0.0,0.9403103590011597,0.0,0.04257861524820328,0.0
known_train,270,2,Triangle,0.019524818286299706,0.040265388786792755,0.020523857325315475,0.0,0.01974831521511078,0.0,0.0,1.0,0.06544221937656403,0.07591164112091064,0.0,1.0,0.9605134129524231,1.0,0.0,0.0,0.0,0.9758469462394714,1.0,0.9671960473060608,0.14049504697322845,0.0,0.0,0.0,0.0
known_train,271,2,Triangle,0.0,0.104502834379673,0.08968035131692886,0.0,0.0,0.0,0.013650355860590935,1.0,0.0,0.0,0.12946367263793945,0.9825992584228516,1.0,1.0,0.0,0.9765862822532654,0.9897044897079468,0.9237990975379944,0.9224105477333069,0.04543234407901764,0.0,0.0862748846411705,0.8362855911254883,0.0,0.0449475534260273
known_train,272,2,Triangle,0.0351765900850296,0.0,0.0,1.0,0.049783624708652496,0.0,0.0,0.9449062347412109,0.014897269196808338,0.0,0.0,1.0,0.977357029914856,1.0,0.01789793185889721,0.9566676616668701,0.0,1.0,0.9237539768218994,0.9537326097488403,0.03832993656396866,0.11338666826486588,0.0,0.04432518780231476,0.0
known_train,273,2,Triangle,0.0,0.0847051590681076,0.0,0.0,0.20413066446781158,0.0,1.0,1.0,0.021409399807453156,0.0,0.0,0.0,0.9107252955436707,1.0,0.0,1.0,0.9732277989387512,0.9716188907623291,0.9635645151138306,0.8760123252868652,0.0,0.0,0.09372196346521378,0.0,0.0
known_train,274,2,Triangle,0.11540243029594421,0.0,0.044983986765146255,0.07761292159557343,1.0,0.0,0.0,1.0,0.0,0.031362127512693405,0.009147929027676582,1.0,1.0,0.9253063201904297,0.0,1.0,0.9496524333953857,0.0,1.0,0.917099118232727,0.037370871752500534,0.11142574995756149,0.0013409965904429555,0.07966126501560211,0.01230381429195404
known_train,275,2,Triangle,0.0,0.09217751771211624,0.0,0.16554969549179077,0.1697757989168167,0.02256575971841812,0.0442080944776535,0.0,0.0,0.0,0.1005135104060173,1.0,0.9818795919418335,1.0,0.0,0.9847550392150879,0.9397562742233276,0.0,1.0,1.0,0.031636692583560944,0.0,0.04725144803524017,0.050351835787296295,0.09961540997028351
known_train,276,2,Triangle,0.0,0.013800575397908688,0.0010721486760303378,0.0,0.08220835030078888,0.0,0.0,0.9180619716644287,0.0,0.0,0.0,0.9867607951164246,0.9370787739753723,1.0,0.0,1.0,0.9843960404396057,0.998064398765564,0.9549773931503296,0.12167629599571228,0.0569785051047802,0.0,0.04147295653820038,0.0,1.0
known_train,277,2,Triangle,0.9790538549423218,0.0,0.0,0.0,0.0,0.04972406104207039,0.0,0.9616255164146423,0.0,0.0,0.13202953338623047,0.04763094708323479,0.8942292928695679,1.0,0.0,1.0,0.9579035639762878,1.0,1.0,0.9582931399345398,0.0,0.05930932238698006,0.04599135369062424,0.0,0.0
known_train,278,2,Triangle,0.0,0.0,0.0,0.0,0.0,0.009426886215806007,0.04667745158076286,1.0,0.0,0.08923221379518509,0.0,0.8660042881965637,0.9718158841133118,0.8721822500228882,0.0011738534085452557,0.9375636577606201,0.8436582684516907,1.0,0.9569950699806213,0.868990421295166,0.07185374200344086,0.0,0.992820680141449,0.0,1.0
known_train,279,2,Triangle,0.04228933900594711,0.05965028703212738,0.016045531257987022,0.0,0.0,0.04793393239378929,0.0033738960046321154,0.966910719871521,0.10222131013870239,0.0,0.13152290880680084,0.9982181191444397,1.0,0.9683964848518372,0.0,0.9888312220573425,1.0,0.05001666024327278,0.9841573238372803,0.0,0.0,0.1641615629196167,0.0,0.11416395753622055,0.0
known_train,280,2,Triangle,0.1273772120475769,0.006058268714696169,0.03686806932091713,0.0,0.052697621285915375,0.12630341947078705,0.0,1.0,0.0,0.8943892121315002,0.039129145443439484,0.9145134091377258,1.0,1.0,0.0,1.0,1.0,0.9941930174827576,0.9945138096809387,0.9927991628646851,1.0,0.011186727322638035,0.0,0.2125447541475296,0.0
known_train,281,2,Triangle,0.034073784947395325,0.019871525466442108,0.026688184589147568,0.0989074558019638,0.09726634621620178,0.0,0.015521395951509476,0.8508718013763428,0.007927441038191319,0.0,0.0,0.8651702404022217,1.0,0.8642745018005371,0.011862768791615963,0.9018795490264893,0.0,1.0,1.0,0.04915758967399597,0.12477817386388779,0.0,0.11991773545742035,0.0,0.0596880279481411
known_train,282,2,Triangle,0.07559612393379211,1.0,0.017188791185617447,0.010556584224104881,0.04214932769536972,0.02430112659931183,0.04330846667289734,1.0,0.06742270290851593,0.0,0.0,0.889292299747467,1.0,1.0,0.0,1.0,1.0,0.8345821499824524,0.0,1.0,0.0,0.0,0.0880686342716217,0.08023975044488907,0.029945457354187965
known_train,283,2,Triangle,0.00926501490175724,0.0,0.10107866674661636,0.12172475457191467,0.11039302498102188,0.0,0.0,1.0,0.04351257532835007,0.9208195209503174,0.0,1.0,0.9131777286529541,1.0,0.11031093448400497,1.0,1.0,0.889438271522522,1.0,0.09793003648519516,0.0,0.0,0.11308194696903229,0.04937071353197098,0.19841250777244568
known_train,284,2,Triangle,0.0,0.0,0.0,0.08287915587425232,0.04914143681526184,0.03656519204378128,0.0,1.0,0.32206591963768005,0.9911636710166931,0.007973776198923588,0.896170973777771,0.9490014910697937,0.9829031825065613,0.0,0.0587608739733696,1.0,1.0,0.9872933626174927,0.9033375978469849,0.10698941349983215,0.0,0.0,0.05699440836906433,0.08205493539571762
known_train,285,2,Triangle,0.0,0.0,0.058173540979623795,0.0,0.04336437210440636,0.0,0.0,1.0,0.02020159363746643,1.0,0.0,0.9363915920257568,1.0,0.8781632781028748,0.10011685639619827,1.0,1.0,0.9449753761291504,0.9346780776977539,0.9831955432891846,0.0,0.0,0.051578741520643234,1.0,0.0
known_train,286,2,Triangle,0.04553091526031494,0.08468648791313171,0.9092745184898376,0.0783943310379982,0.0,0.0,0.0,0.9804999828338623,0.03551093116402626,0.05075037106871605,0.03138056769967079,0.9858444929122925,0.9411416053771973,1.0,0.027978625148534775,0.918510913848877,0.9845049977302551,0.8605360388755798,1.0,0.9841296076774597,0.8910350203514099,0.12676800787448883,0.0,0.05651143565773964,0.17493665218353271
known_train,287,2,Triangle,1.0,0.0,0.0,0.0,0.0,0.03881695494055748,0.0,0.945420503616333,0.0,0.0,0.14691390097141266,1.0,0.8709127902984619,1.0,0.04365309700369835,0.9899897575378418,0.9029282331466675,1.0,0.0,1.0,0.016004042699933052,0.04806484282016754,0.13654863834381104,0.04493110999464989,0.0
known_train,288,2,Triangle,0.0,0.0,0.004110933747142553,0.029446937143802643,0.0,0.039782989770174026,0.0,1.0,0.0,0.0,0.0060643646866083145,0.9267011880874634,1.0,1.0,0.0,0.0,0.9196041822433472,0.8968676924705505,1.0,0.9120263457298279,0.0,0.06694047898054123,0.04200512915849686,0.0,1.0
known_train,289,2,Triangle,0.046095576137304306,0.0,0.0,0.008389061316847801,0.036178458482027054,0.0,0.019841080531477928,1.0,1.0,0.0,0.0,1.0,0.0,1.0,0.0,0.9200857877731323,1.0,1.0,1.0,0.9670665264129639,0.017947236075997353,0.0,0.10471545159816742,0.014927531592547894,0.0
known_train,290,2,Triangle,0.0,0.012429259717464447,0.04589811712503433,0.0,0.015496756881475449,0.021954845637083054,0.0,1.0,0.0,0.01039730291813612,0.0028503770008683205,1.0,1.0,0.0,0.0,1.0,1.0,1.0,1.0,1.0,0.9700958132743835,0.0,0.0,0.0,0.05695681273937225
known_train,291,2,Triangle,0.0,0.05795803666114807,0.06725819408893585,0.0,0.060987405478954315,0.0,0.03751373291015625,0.0,0.12526308000087738,0.0,0.014288946986198425,1.0,0.9300832748413086,0.0006693802424706519,0.0,0.9588949084281921,0.9648221731185913,1.0,0.9521159529685974,1.0,0.025167599320411682,0.0,0.04153355583548546,0.0,0.05024734511971474
known_train,292,2,Triangle,0.009790586307644844,0.8757185935974121,0.0,0.0,1.0,0.03836946561932564,0.0,1.0,0.0422842800617218,0.05575349181890488,0.0,0.8515717387199402,1.0,0.9547849893569946,0.04351453483104706,0.982495903968811,1.0,0.9380002617835999,1.0,0.9049296975135803,0.17964555323123932,0.17903588712215424,0.1306159645318985,0.10203831642866135,0.0
known_train,293,2,Triangle,0.9544950127601624,0.0,0.0,0.0,0.0,0.07560646533966064,0.0,1.0,0.957904577255249,0.0,0.019068406894803047,0.973296046257019,1.0,0.8985915780067444,0.0,0.808988630771637,0.8252522945404053,1.0,1.0,1.0,0.0,0.0,0.06988593935966492,0.0,0.01901070959866047
known_train,294,2,Triangle,0.02346567064523697,0.0,0.036138348281383514,0.0,0.01018938422203064,0.11071700602769852,0.0,1.0,0.0,0.0,0.969129741191864,1.0,0.8432038426399231,0.992303192615509,0.11653510481119156,0.0,0.9829729199409485,1.0,1.0,1.0,0.035877905786037445,0.10622183233499527,0.0,0.0,0.0
known_train,295,2,Triangle,0.03989267349243164,0.0,0.0616401769220829,0.0,0.09272771328687668,0.0,1.0,1.0,0.059512149542570114,0.9956627488136292,0.0,1.0,0.9929853677749634,1.0,0.05521971732378006,0.9381362795829773,0.9268163442611694,1.0,0.9757400751113892,1.0,0.0,0.08187278360128403,0.03386436030268669,0.023037999868392944,0.0
known_train,296,2,Triangle,0.04249395430088043,0.0037088061217218637,0.00996832363307476,0.9176300168037415,1.0,0.0063523054122924805,0.0171563271433115,0.9438503384590149,0.0,0.024751823395490646,0.06804908812046051,1.0,0.9112592935562134,1.0,0.0,0.9210407137870789,1.0,1.0,1.0,1.0,0.06139593571424484,0.11166176944971085,0.05824548378586769,0.0,0.16078461706638336
known_train,297,2,Triangle,0.0,0.026399629190564156,0.059472545981407166,0.0,0.0,0.03086547739803791,0.0,1.0,0.0,0.0,0.057196151465177536,0.0076706367544829845,0.9369313716888428,0.9065388441085815,0.0012610951671376824,1.0,1.0,0.9590272307395935,0.0,1.0,0.01641157455742359,0.0,0.016256026923656464,0.1635165512561798,0.0
known_train,298,2,Triangle,0.015540172345936298,0.09119775891304016,0.9061720967292786,0.10218076407909393,0.0,0.0,0.0,0.8546330332756042,0.02206251211464405,0.16432002186775208,0.036658838391304016,1.0,0.9669575095176697,0.9804533123970032,0.07877131551504135,1.0,1.0,0.0,1.0,1.0,0.0,0.0,0.0,0.003984002862125635,0.0
known_train,299,2,Triangle,1.0,0.0,0.0,0.07413361221551895,0.0,0.0,0.0002628627698868513,1.0,0.032337211072444916,0.0,0.0,0.9994146823883057,0.9646737575531006,1.0,0.0,0.9957451820373535,0.16229166090488434,0.9844191670417786,1.0,1.0,0.058512132614851,0.023158980533480644,0.015507263131439686,0.008026743307709694,0.0
known_train,300,2,Triangle,0.024313442409038544,0.06846638023853302,1.0,0.0,0.07582798600196838,0.11897337436676025,0.0,0.9613129496574402,0.17451006174087524,0.0077009000815451145,0.1458689570426941,1.0,1.0,0.97556072473526,0.07540441304445267,1.0,0.9171998500823975,0.9718039631843567,1.0,0.9896361231803894,0.0,0.08076336979866028,1.0,0.0,0.016989322379231453
known_train,301,2,Triangle,0.0,0.0,0.0,0.03640478849411011,0.0,0.0,0.0,0.0,0.0,0.0025383359752595425,0.13116192817687988,1.0,0.855527400970459,1.0,0.0,0.9045491218566895,0.9909223914146423,1.0,1.0,0.9427887201309204,0.056402720510959625,0.0,0.0,0.986022412776947,0.006265655159950256
known_train,302,2,Triangle,0.0017925793072208762,0.0432104766368866,0.01194648165255785,0.0,0.032139863818883896,0.06608988344669342,0.0,0.9952477812767029,0.09295252710580826,0.0,0.14437617361545563,0.8928676247596741,0.06529832631349564,0.9239848256111145,0.17503416538238525,0.9597319960594177,0.9599326848983765,0.9703400731086731,1.0,0.9737246632575989,0.0,0.0,0.00457278685644269,0.9118744730949402,0.08308550715446472
known_train,303,2,Triangle,0.06138738617300987,0.0,0.0,0.0,1.0,0.014480442740023136,0.11971905082464218,0.0024055682588368654,0.08382809162139893,0.0,0.01802629418671131,1.0,1.0,1.0,0.0,1.0,1.0,0.9532957077026367,0.8531814217567444,1.0,0.0,0.0,0.04449421912431717,0.0,0.0
known_train,304,2,Triangle,0.0,0.0,0.01113839354366064,0.0,0.0,0.050842877477407455,1.0,0.9705491065979004,0.02349274419248104,0.015049731358885765,0.0481935515999794,1.0,0.7915369272232056,0.9807600975036621,1.0,0.9671634435653687,1.0,1.0,1.0,1.0,0.09015890210866928,0.0,0.0,0.0,0.0
known_train,305,2,Triangle,0.11173363775014877,0.0,0.18243330717086792,0.018596116453409195,0.0,0.0,0.0,1.0,0.0,0.0,0.0,0.9641503095626831,1.0,1.0,0.09332536906003952,0.9735180139541626,1.0,0.0,0.0,0.9028958678245544,0.0007369354134425521,0.09619025141000748,0.0,0.0,0.0
known_train,306,2,Triangle,0.0,0.0,0.09419693797826767,0.007274080533534288,0.0,0.09889151901006699,0.0,1.0,0.11228855699300766,0.004480930045247078,0.0,0.11917632073163986,1.0,0.9740890264511108,0.07649023085832596,1.0,1.0,0.0,1.0,0.9051303863525391,0.05330675095319748,0.0,0.022480741143226624,0.0,0.0
known_train,307,2,Triangle,0.04428324103355408,1.0,0.0006478248978964984,1.0,0.0,0.0,0.0,1.0,0.02941625751554966,0.0,0.0,0.8540903329849243,0.999812662601471,1.0,0.0,1.0,0.961607813835144,1.0,1.0,0.9723238945007324,0.0,0.11344564706087112,0.0036446256563067436,0.08729640394449234,0.0
known_train,308,2,Triangle,1.0,0.0,0.0,0.0,0.07676368206739426,0.0,0.0,0.8656461238861084,0.0,0.04943766072392464,0.0,1.0,0.013287588953971863,0.9948233366012573,0.03507241606712341,1.0,0.7832216024398804,0.9741100072860718,1.0,1.0,0.13491660356521606,0.0,0.0,0.0,0.12159080803394318
known_train,309,2,Triangle,0.9778344631195068,0.09264357388019562,0.0365343876183033,0.0,0.06136998534202576,0.06528335064649582,0.0,0.9719001054763794,0.0906650647521019,0.13312928378582,0.0,0.978929877281189,0.0,1.0,0.0,1.0,1.0,1.0,1.0,0.9640750885009766,0.0,0.0,0.0,0.0,0.05982794985175133
known_train,310,2,Triangle,0.060917314141988754,0.0,0.016333429142832756,0.05596078559756279,0.0,0.054795041680336,0.0,0.9905924201011658,0.0,0.11449972540140152,1.0,0.8679847717285156,1.0,0.9669037461280823,0.0,1.0,0.8406800627708435,0.917100727558136,0.9539825320243835,1.0,0.9048397541046143,0.08822257816791534,0.0,0.0,0.03126824274659157
known_train,311,2,Triangle,0.9600167274475098,0.15470515191555023,0.0,0.0,0.07540412247180939,0.0,0.0,1.0,0.036884479224681854,0.0,0.0,1.0,0.9980438351631165,1.0,0.07149068266153336,0.9583278894424438,0.9589647054672241,1.0,1.0,0.8498467206954956,0.9361221194267273,0.0,0.0,0.02093968726694584,0.0
known_train,312,2,Triangle,0.0,0.0,0.12585432827472687,0.9600363969802856,0.14356504380702972,0.0,0.0,1.0,0.0,0.0,0.05760379135608673,0.9009819030761719,1.0,1.0,0.8500841856002808,1.0,1.0,0.9911662340164185,0.9309864044189453,1.0,0.0,0.0,0.04521024227142334,0.12999887764453888,0.015164067968726158
known_train,313,2,Triangle,0.06243287771940231,0.0,0.0,0.041122015565633774,0.08494594693183899,0.0,0.04561379924416542,1.0,0.0,0.0,0.045191314071416855,0.0,1.0,1.0,1.0,1.0,0.9998894929885864,0.9613810181617737,0.9764291048049927,0.9447793960571289,0.07110749930143356,0.0,0.0,0.0,0.12910006940364838
known_train,314,2,Triangle,0.10795361548662186,0.0,0.0,0.0,0.08979395031929016,0.12730096280574799,0.0,1.0,0.0,0.0,0.0,1.0,1.0,1.0,0.0,1.0,1.0,0.8663012385368347,0.8346388936042786,1.0,0.0,0.0,0.0,0.9731698036193848,1.0
known_train,315,2,Triangle,1.0,0.02875899150967598,0.0,0.025814114138484,0.0,0.0,0.0,0.9105532765388489,0.13165780901908875,0.004738071467727423,0.016592519357800484,0.0005769970011897385,0.9522398710250854,1.0,0.015530901029706001,0.8276776075363159,1.0,1.0,1.0,0.9475815296173096,0.0,0.0,0.0,0.0589367114007473,0.0
known_train,316,2,Triangle,0.07170534878969193,0.0,0.0,0.11497939378023148,0.008097229525446892,0.008261948823928833,0.0,1.0,0.0,0.0949496328830719,0.21822646260261536,1.0,0.9492042660713196,0.7973073124885559,1.0,1.0,0.917664647102356,0.9703332185745239,1.0,0.17052842676639557,0.0,0.0,0.00572968227788806,0.0,0.0
known_train,317,2,Triangle,0.0920916423201561,0.0,0.04201258346438408,0.0,0.03163626044988632,0.055081166326999664,0.0039895074442029,1.0,0.11423838138580322,0.09417963027954102,0.06114289537072182,1.0,0.8850424289703369,1.0,0.0,0.9548528790473938,1.0,1.0,0.0,0.9589964151382446,0.007802565582096577,0.8962793350219727,0.0683225616812706,0.274874210357666,0.033545657992362976
known_train,318,2,Triangle,0.0,0.037403982132673264,0.03616173192858696,0.0,0.15879639983177185,0.0,0.0,1.0,0.0713643878698349,0.10220611840486526,0.9453727006912231,1.0,0.9467913508415222,1.0,0.07237832993268967,1.0,0.8665251135826111,0.9274253249168396,1.0,0.7878908514976501,0.039360493421554565,0.08478435128927231,0.9409857392311096,0.0,0.0
known_train,319,2,Triangle,0.0,0.0,0.14993055164813995,0.8906272053718567,0.02753201685845852,0.0,0.0,0.8636503219604492,0.0,0.0,0.014695746824145317,1.0,0.8570668697357178,0.9560738801956177,0.0,0.9788578152656555,1.0,0.9642494320869446,0.9961986541748047,1.0,1.0,0.0,0.01271322276443243,0.0,0.03363855928182602
known_train,320,2,Triangle,0.0,0.04357419162988663,0.06650776416063309,0.03819596767425537,0.0,0.07466640323400497,0.0,0.894358217716217,0.0,0.0,0.0,1.0,0.8423018455505371,0.948225736618042,0.03762159124016762,0.9176130890846252,1.0,0.0,0.9973753094673157,1.0,0.07622376084327698,0.007399392779916525,0.0,0.9691292643547058,0.05095642805099487
known_train,321,2,Triangle,1.0,0.0,0.041659411042928696,0.0771305114030838,0.0,0.029514092952013016,0.08665463328361511,1.0,0.0,0.0,0.006478246301412582,1.0,1.0,0.9855892062187195,0.0,1.0,1.0,1.0,1.0,1.0,0.0,0.10251481086015701,0.0,0.0887160450220108,1.0
known_train,322,2,Triangle,0.0,0.0,0.0906209871172905,0.07384517788887024,0.0,0.0,0.016281839460134506,0.0007964468677528203,0.18862397968769073,0.018693098798394203,0.0,1.0,0.9707829356193542,1.0,0.0,0.0,1.0,1.0,0.9381363391876221,0.9288142919540405,0.04539571329951286,0.0,0.0,0.07011239975690842,0.0
known_train,323,2,Triangle,0.0,0.0,0.13119512796401978,0.17321141064167023,0.0,0.020540693774819374,0.0,0.9752547740936279,0.14427754282951355,0.0,0.0,0.016673428937792778,1.0,0.7389386892318726,0.0,0.996329128742218,0.9471138119697571,1.0,1.0,0.8870368599891663,0.16747893393039703,0.0,0.9973189830780029,0.011986215598881245,0.0
known_train,324,2,Triangle,0.0,0.0,0.0,0.0,0.0,0.0,0.0,1.0,0.00965682789683342,0.9547739624977112,0.0,1.0,1.0,1.0,0.05731721594929695,0.9868006706237793,1.0,0.9404744505882263,1.0,0.8496899008750916,0.06214611604809761,0.0,0.0,0.0,1.0
known_train,325,2,Triangle,0.050382547080516815,0.05386633425951004,0.0,0.0,0.0,0.8649831414222717,0.0,0.942328155040741,0.04581213742494583,0.003337888978421688,0.98623126745224,0.8870906233787537,1.0,0.8769606351852417,0.0,0.9952870011329651,0.9092432856559753,0.9968995451927185,0.9941018223762512,0.9843380451202393,0.0,0.034612491726875305,0.0,0.08829318732023239,0.0
known_train,326,2,Triangle,0.0,0.0,0.04219658300280571,0.0,0.11297547072172165,0.01277731079608202,0.0,0.9172187447547913,0.06114978343248367,0.0,0.0,1.0,0.8653771877288818,0.8691738247871399,0.0,0.0,0.9997393488883972,1.0,0.9264007806777954,1.0,0.9877049326896667,0.0,0.030824612826108932,0.0,0.0
known_train,327,2,Triangle,0.8451236486434937,0.005981233436614275,0.0,0.0,0.0,0.058722123503685,0.014849080704152584,0.9575086236000061,0.0,0.050865061581134796,0.0,1.0,0.8500787019729614,0.8867673873901367,0.0,1.0,1.0,1.0,1.0,0.8510178327560425,0.012540653347969055,0.0,0.0,1.0,0.0
known_train,328,2,Triangle,0.0,0.0,0.8720054626464844,0.0,0.013138570822775364,0.0,0.0,0.9623541831970215,0.0,0.0,0.8345058560371399,0.9777458906173706,0.9510973691940308,1.0,0.033219192177057266,0.9693830013275146,1.0,0.917854368686676,0.9650582671165466,0.9743937849998474,0.0,0.03098832443356514,0.0,0.0,0.0
known_train,329,2,Triangle,0.060744211077690125,0.8768758773803711,0.0,0.1023159772157669,0.059327200055122375,0.0,0.0,1.0,0.07019646465778351,0.0317835658788681,0.0,0.9860634207725525,1.0,1.0,1.0,1.0,1.0,1.0,1.0,1.0,0.02111147902905941,0.0,0.030844705179333687,0.0,0.0
known_train,330,2,Triangle,0.0,0.010495639406144619,0.20548699796199799,0.0,0.0,0.0,0.0,0.0,0.0,0.05232077091932297,0.0,0.8554534912109375,0.981681227684021,0.8745193481445312,0.12146151065826416,0.8776156902313232,0.916985034942627,1.0,0.9530909061431885,0.0,0.1631971299648285,0.0,0.0,0.0,0.056824732571840286
known_train,331,2,Triangle,0.05991676077246666,0.0,0.16144885122776031,0.0,0.0,1.0,0.0,0.9300457239151001,0.0,0.0,0.0,1.0,0.9373612999916077,0.9284947514533997,0.0,1.0,1.0,0.0,0.8853564262390137,0.9085833430290222,0.0,0.10454809665679932,0.042445048689842224,0.0,0.0
known_train,332,2,Triangle,0.0,0.16649341583251953,0.10002878308296204,0.10475842654705048,0.05370855703949928,1.0,0.04782326892018318,0.062234651297330856,0.13042208552360535,0.03234235197305679,0.020988829433918,1.0,1.0,0.8852999806404114,0.14706303179264069,0.9851077198982239,0.8875080943107605,0.9398232102394104,0.8679354190826416,1.0,0.0,0.013493413105607033,0.09073736518621445,0.0,0.0
known_train,333,2,Triangle,0.0,0.977197527885437,0.0,0.01040406059473753,0.0,0.04240473732352257,0.0,0.9233289957046509,0.9856265783309937,0.0,0.058321379125118256,0.9988575577735901,0.8537672758102417,1.0,0.0,1.0,0.9801028370857239,1.0,1.0,0.9151446223258972,0.0,0.0,0.0,0.146059051156044,0.0
known_train,334,2,Triangle,0.0,0.08852314203977585,0.02492997981607914,0.0,0.12980112433433533,0.0,0.0,0.7736395597457886,0.05075196549296379,0.008081011474132538,0.007994052954018116,0.9677740335464478,0.9539825916290283,0.9704335927963257,0.03705286979675293,1.0,0.981517493724823,1.0,0.0,0.9596619009971619,0.015873245894908905,0.0,0.01861746422946453,1.0,0.0
known_train,335,2,Triangle,0.0,1.0,0.18818511068820953,0.03232446685433388,0.0,0.0,5.265665822662413e-05,0.949368417263031,0.0,0.07882031053304672,0.08209250122308731,0.8682485818862915,0.10169848054647446,0.9628796577453613,0.047927115112543106,1.0,1.0,0.9627461433410645,0.966741681098938,1.0,0.0,0.0,0.0,0.0,0.009858658537268639
known_train,336,2,Triangle,0.0,0.9435034990310669,0.0,0.0,0.050840478390455246,0.0,0.07380066066980362,0.8426486253738403,0.0,0.0,0.07646788656711578,1.0,1.0,1.0,0.0,0.03795435652136803,0.9164634943008423,0.9135297536849976,1.0,0.8796207308769226,0.04582124948501587,0.008105055429041386,0.08574821799993515,0.0,0.004483915865421295
known_train,337,2,Triangle,0.0,0.0,0.0,0.12756475806236267,0.0,0.0,0.0,0.9966117739677429,0.05255068093538284,0.06689585000276566,0.008657407946884632,1.0,0.024647722020745277,1.0,0.07874421030282974,1.0,0.9864245653152466,0.8938353657722473,1.0,1.0,0.12559963762760162,0.1025032252073288,0.15563780069351196,0.9557997584342957,0.018304847180843353
known_train,338,2,Triangle,0.016920801252126694,0.004361054860055447,0.03773868829011917,0.0,0.07480161637067795,0.0,0.015199486166238785,1.0,1.0,0.05855690687894821,0.13479064404964447,1.0,1.0,1.0,0.0,0.9374114274978638,0.9587807655334473,0.9110277891159058,1.0,1.0,0.0,0.0,0.04040450602769852,0.062435854226350784,0.8899893164634705
known_train,339,2,Triangle,1.0,0.12953878939151764,0.05902980640530586,0.05670475959777832,0.18015259504318237,0.0,0.0,1.0,0.0,0.09918226301670074,0.0,1.0,0.9780260324478149,0.958199143409729,0.0,1.0,0.9380347728729248,1.0,1.0,0.033960971981287,0.0,0.0,0.0,0.2319040447473526,0.10129670053720474
known_train,340,2,Triangle,0.0,0.10957007110118866,0.0,0.0,0.0019027728121727705,1.0,0.0,0.8634424209594727,0.02583642303943634,0.0,0.0,1.0,1.0,1.0,0.049628108739852905,1.0,0.952940821647644,1.0,0.9649503827095032,1.0,0.0,1.0,0.0,0.11257012188434601,0.04745116084814072
known_train,341,2,Triangle,0.0,0.0,0.9893001914024353,0.0,0.06735586374998093,0.0,1.0,1.0,0.067151740193367,0.0,0.0,1.0,1.0,1.0,0.0,0.8360767364501953,1.0,0.957033097743988,0.8593167662620544,0.9873189926147461,0.09844464063644409,0.0,0.18687967956066132,0.0,0.0069608683697879314
known_train,342,2,Triangle,0.0,0.22606615722179413,0.0,0.0,0.077522873878479,0.1451403945684433,0.09011495113372803,0.9039055705070496,1.0,0.0,0.07213640958070755,0.0,0.9357438683509827,0.9997438788414001,0.03560052439570427,0.9791252017021179,1.0,1.0,1.0,0.9016479253768921,0.13594943284988403,0.0,0.13900339603424072,0.161775603890419,0.04101252183318138
known_train,343,2,Triangle,0.0739608183503151,0.0,0.0,0.0,0.03303942829370499,0.0,0.09043822437524796,1.0,1.0,0.04170207306742668,0.0,1.0,0.9082192182540894,1.0,0.0,0.8536055684089661,0.9902457594871521,0.035361431539058685,1.0,0.9480394124984741,0.15085533261299133,0.012848399579524994,0.01863054186105728,0.015778711065649986,0.08023279160261154
known_train,344,2,Triangle,0.9647936224937439,0.0,0.0,0.0,0.0463847890496254,0.0016013521235436201,0.04654919356107712,0.9003523588180542,0.0,0.0,0.030948635190725327,0.0,1.0,0.8824800252914429,0.0,1.0,1.0,0.86834716796875,0.9462084770202637,0.879889726638794,0.0,0.009413054212927818,0.044823866337537766,0.03524847328662872,0.04821014404296875
known_train,345,2,Triangle,0.9849668145179749,0.0,0.007114149630069733,0.0,0.2451782375574112,0.0,0.0,0.8861014246940613,0.0,0.0,0.06759040057659149,0.964026689529419,0.9846944212913513,0.9655745625495911,0.0,0.0,0.9694450497627258,1.0,1.0,0.9812322854995728,0.0,0.0,0.04317876324057579,0.0,0.05976985767483711
known_train,346,2,Triangle,0.0,0.027896160259842873,0.0,0.0,0.8348509073257446,0.03980626165866852,0.0,0.867674708366394,0.03651025518774986,0.0,0.017147285863757133,1.0,0.8488842248916626,1.0,0.041162602603435516,1.0,1.0,0.8418251276016235,1.0,1.0,0.0,0.0,0.01849793642759323,0.9166032671928406,0.0
known_train,347,2,Triangle,0.0,0.120646171271801,0.1646241843700409,0.018767237663269043,0.0,0.0,0.037867192178964615,0.0,0.0,0.11479144543409348,0.0,0.9400780200958252,1.0,1.0,0.0,1.0,1.0,1.0,0.9899004697799683,0.9966962337493896,0.9922387599945068,0.0,0.0,0.02001991868019104,0.08609399944543839
known_train,348,2,Triangle,0.0,0.09865239262580872,0.0,0.0,0.0,0.0,0.019833840429782867,1.0,0.034626152366399765,0.0,0.0,1.0,0.9595264792442322,1.0,0.15076076984405518,1.0,0.9247910976409912,1.0,0.03718230873346329,1.0,0.0,0.1023331955075264,3.7998910556780174e-05,1.0,0.0
known_train,349,2,Triangle,0.014474926516413689,0.0,0.0629279762506485,0.0,0.0,0.045516449958086014,0.0,0.8940590620040894,0.0,0.02266659028828144,0.0,0.8293853402137756,0.969307541847229,1.0,0.0,0.9867618680000305,1.0,1.0,1.0,0.0,0.13868184387683868,1.0,0.19691811501979828,0.0,0.0
known_train,350,2,Triangle,0.08599426597356796,0.0,0.0,0.04181758686900139,0.0,0.0,0.08297079801559448,1.0,0.08671730011701584,0.0,0.0,0.9881435036659241,0.939361572265625,0.9896219968795776,1.0,0.9983407855033875,0.0,0.8975425958633423,1.0,0.9224274158477783,2.6530020477366634e-05,0.07636118680238724,0.07314433157444,0.06358785927295685,0.024229321628808975
known_train,351,2,Triangle,0.0,0.0557096041738987,0.0,0.12960849702358246,0.0,0.006819901522248983,0.08997953683137894,0.985372006893158,0.014102162793278694,0.07192987948656082,0.0,0.9771761298179626,1.0,1.0,0.11738670617341995,0.8739261627197266,0.0,1.0,1.0,0.9845399856567383,0.032031551003456116,0.059616558253765106,0.9067234396934509,0.0,0.015178094618022442
known_train,352,2,Triangle,0.0,0.03343672677874565,0.0,0.0,0.09988526254892349,0.852912425994873,0.0,0.8726801872253418,0.0,0.04128608480095863,0.02564815618097782,1.0,1.0,1.0,0.0,0.8704460859298706,0.9159557819366455,0.9437078237533569,0.9220538139343262,1.0,0.10021239519119263,0.9395997524261475,0.04034468159079552,0.17130178213119507,0.0
known_train,353,2,Triangle,0.04160897806286812,0.0,0.0,0.0,0.0,0.08029299974441528,0.0015974333509802818,0.9335819482803345,0.0,0.0,0.7991256713867188,1.0,0.9359594583511353,0.8231392502784729,0.03360101953148842,0.13838991522789001,1.0,0.939511239528656,0.9209679365158081,1.0,0.18861593306064606,0.05992240086197853,0.010897544212639332,0.028708122670650482,0.0
known_train,354,2,Triangle,0.12219088524580002,0.03142548352479935,0.010809208266437054,0.0,0.0,0.14339135587215424,0.01051327958703041,0.9548282623291016,0.0,0.1104244589805603,0.8475756645202637,0.8594613075256348,0.9260587692260742,0.8977969884872437,0.0,1.0,0.9597426652908325,1.0,1.0,0.023565027862787247,0.0,0.24362604320049286,0.0,0.0,0.0
known_train,355,2,Triangle,0.012933674268424511,0.0,0.0,0.048363231122493744,0.1843230128288269,0.0,0.0,0.9420993328094482,0.0,0.0,0.06592531502246857,0.9609555006027222,1.0,1.0,0.0,0.9706636071205139,0.9358522295951843,1.0,0.8688976168632507,0.8927239179611206,1.0,0.05463574454188347,0.09864482283592224,0.9084399342536926,0.04238412156701088
known_train,356,2,Triangle,0.0,0.0349310077726841,0.0,0.0,0.009570160880684853,0.019849564880132675,0.07502332329750061,1.0,0.01560000516474247,0.0,0.008620967157185078,0.9523031711578369,0.9842857122421265,1.0,0.014575175940990448,1.0,0.0,1.0,1.0,1.0,0.9957359433174133,0.08273521065711975,0.10173481702804565,0.022647913545370102,0.0
known_train,357,2,Triangle,0.0,0.06620762497186661,0.0,0.0,0.0,0.0031429457012563944,0.0,0.0,0.0,0.0,0.0,1.0,0.831647515296936,0.983542799949646,0.0,1.0,0.8836565613746643,0.960017204284668,0.991811215877533,1.0,0.026574797928333282,0.0,0.9691373705863953,0.070884108543396,0.0
known_train,358,2,Triangle,0.21566013991832733,0.0,0.03598121181130409,0.0,0.04221983999013901,0.06966301053762436,0.0,0.9956238269805908,0.0,0.0,0.0829436331987381,0.9556798934936523,0.8069109916687012,1.0,0.0,0.012912467122077942,1.0,0.9886606335639954,0.036813363432884216,0.9017461538314819,0.0,0.0,0.02902478165924549,0.024442031979560852,0.0
known_train,359,2,Triangle,0.1578928679227829,0.0005983717273920774,0.0,0.0,0.0,0.03477662801742554,0.002151364926248789,0.0,0.0,0.021032655611634254,0.11064916104078293,1.0,1.0,1.0,0.021343348547816277,0.9348406791687012,1.0,1.0,1.0,1.0,0.0,0.0,0.0,1.0,0.09343666583299637
