sample_index,true_label,true_class_name,pred_label,pred_class_name,winner_rule,status,status_legacy,best_d2,best_N_hat,best_I_ML,second_label,winner_margin,winner_by_nhat,winner_by_d2,winner_agreement,class_0_d2,class_0_N_hat,class_0_I_ML,class_0_zone,class_0_status_legacy,class_1_d2,class_1_N_hat,class_1_I_ML,class_1_zone,class_1_status_legacy,class_2_d2,class_2_N_hat,class_2_I_ML,class_2_zone,class_2_status_legacy,tsne_1,tsne_2
0,0,Cross,0,Cross,max_nhat,RELIABLE,RELIABLE,27.250463034944477,0.8634488467296498,0.0014246905971039222,2,0.2935716067216012,0,0,True,27.250463034944477,0.8634488467296498,0.0014246905971039222,RELIABLE,RELIABLE,141.39722952542604,0.5250925788857668,0.0008664027551615152,OOD,OOD,108.78531233115481,0.5698772400080486,0.0009402974460132802,OOD,OOD,-6.588435,-33.73099
1,0,Cross,0,Cross,max_nhat,RELIABLE,RELIABLE,27.453197092016925,0.866091218063464,0.0014290505098047157,2,0.14723626996704764,0,0,True,27.453197092016925,0.866091218063464,0.0014290505098047157,RELIABLE,RELIABLE,110.64996251459128,0.6017786194017821,0.0009929347220129405,OOD,OOD,62.8974849189884,0.7188549480964164,0.001186110664359087,OOD,OOD,-0.19687411,-31.684746
2,0,Cross,0,Cross,max_nhat,UNRELIABLE,IDO,44.07830716020476,0.8650040628261569,0.001427256703663159,2,0.22228973953212428,0,0,True,44.07830716020476,0.8650040628261569,0.001427256703663159,UNRELIABLE,IDO,114.93654523627461,0.6028367659176841,0.0009946806637641788,OOD,OOD,96.73404580777601,0.6427143232940327,0.0010604786334351538,OOD,OOD,-0.8190393,-29.749783
3,0,Cross,0,Cross,max_nhat,RELIABLE,RELIABLE,18.77523109421111,0.8741590398847789,0.0014423624158098852,2,0.2216556084279715,0,0,True,18.77523109421111,0.8741590398847789,0.0014423624158098852,RELIABLE,RELIABLE,123.46145129171076,0.525963921226953,0.0008678404700244725,OOD,OOD,93.50718176785077,0.6525034314568074,0.0010766306619037322,OOD,OOD,7.782486,-36.288002
4,0,Cross,0,Cross,max_nhat,RELIABLE,RELIABLE,22.61266159047428,0.8584621509333277,0.0014164625490399906,2,0.2962658187722971,0,0,True,22.61266159047428,0.8584621509333277,0.0014164625490399906,RELIABLE,RELIABLE,121.67230768101172,0.5243186112136708,0.000865125708502557,OOD,OOD,119.03692502716947,0.5621963321610306,0.0009276239480657005,OOD,OOD,6.919649,-34.875454
5,0,Cross,0,Cross,max_nhat,RELIABLE,RELIABLE,24.6108475404474,0.8623459942645231,0.001422870890536463,2,0.21267336339697696,0,0,True,24.6108475404474,0.8623459942645231,0.001422870890536463,RELIABLE,RELIABLE,122.87816872007106,0.5371264249997602,0.0008862586012496043,OOD,OOD,92.43889901873928,0.6496726308675461,0.0010719598409314511,OOD,OOD,6.4128914,-35.703876
6,0,Cross,0,Cross,max_nhat,RELIABLE,RELIABLE,23.62023248732024,0.8763810835015797,0.0014460287877776066,2,0.22272417347945495,0,0,True,23.62023248732024,0.8763810835015797,0.0014460287877776066,RELIABLE,RELIABLE,127.83854622279206,0.5289723667534194,0.000872804405143142,OOD,OOD,98.03778271609848,0.6536569100221248,0.0010785339015365058,OOD,OOD,-0.2888659,-34.80546
7,0,Cross,0,Cross,max_nhat,RELIABLE,RELIABLE,23.05871318701748,0.8693004740746754,0.0014343457822232144,2,0.22462111417710273,0,0,True,23.05871318701748,0.8693004740746754,0.0014343457822232144,RELIABLE,RELIABLE,118.75866605589778,0.6148163851572994,0.001014447035509544,OOD,OOD,80.77644840502043,0.6446793598975726,0.001063720943830995,OOD,OOD,3.0889878,-36.650826
8,0,Cross,0,Cross,max_nhat,RELIABLE,RELIABLE,36.24356134585927,0.8702146322897913,0.0014358541432781557,2,0.292323974334168,0,0,True,36.24356134585927,0.8702146322897913,0.0014358541432781557,RELIABLE,RELIABLE,151.78488669502713,0.528886739571344,0.0008726631202927176,OOD,OOD,116.33215668376663,0.5778906579556233,0.0009535195856267785,OOD,OOD,4.2599807,-29.03888
9,0,Cross,0,Cross,max_nhat,RELIABLE,RELIABLE,37.08204322151188,0.8647007356791871,0.0014267562138706588,1,0.18639089272498577,0,0,True,37.08204322151188,0.8647007356791871,0.0014267562138706588,RELIABLE,RELIABLE,90.23245653765241,0.6783098429542014,0.0011192112408744323,OOD,OOD,96.01988994200265,0.6402854159001281,0.0010564709362352114,OOD,OOD,-0.4389861,-28.155935
10,0,Cross,0,Cross,max_nhat,RELIABLE,RELIABLE,27.48535095166987,0.865064124929,0.0014273558061328499,2,0.2956879316808424,0,0,True,27.48535095166987,0.865064124929,0.0014273558061328499,RELIABLE,RELIABLE,128.02516339160235,0.5249966613104828,0.0008662444911622967,OOD,OOD,110.72298082588978,0.5693761932481576,0.00093947071885946,OOD,OOD,5.7262387,-31.358433
11,0,Cross,0,Cross,max_nhat,RELIABLE,RELIABLE,23.80176048144883,0.871291566857586,0.001437631085315017,2,0.23053762791115184,0,0,True,23.80176048144883,0.871291566857586,0.001437631085315017,RELIABLE,RELIABLE,115.6539340983316,0.6027847540508299,0.0009945948441838692,OOD,OOD,101.79143517131357,0.6407539389464342,0.0010572439992616164,OOD,OOD,1.9088304,-38.826675
12,0,Cross,0,Cross,max_nhat,UNRELIABLE,IDO,49.86808970899008,0.8674530194004079,0.001431297482010673,2,0.22073121748194557,0,0,True,49.86808970899008,0.8674530194004079,0.001431297482010673,UNRELIABLE,IDO,101.29837293412989,0.6046069699201957,0.0009976015003683228,OOD,OOD,88.86061757352803,0.6467218019184623,0.0010670909731654628,OOD,OOD,6.0442276,-42.653187
13,0,Cross,0,Cross,max_nhat,UNRELIABLE,IDO,39.36542949917542,0.8596030384491506,0.0014183450134410986,1,0.26689890557644946,0,0,True,39.36542949917542,0.8596030384491506,0.0014183450134410986,UNRELIABLE,IDO,116.5300994758793,0.5927041328727012,0.000977961819239957,OOD,OOD,120.49521345963838,0.5647518883868775,0.000931840615838348,OOD,OOD,-0.5351029,-26.83605
14,0,Cross,0,Cross,max_nhat,RELIABLE,RELIABLE,24.375015158501125,0.8521375848911106,0.0014060270150703324,2,0.29213674591632444,0,0,True,24.375015158501125,0.8521375848911106,0.0014060270150703324,RELIABLE,RELIABLE,152.63899246368553,0.5092768703238404,0.0008403068360343366,OOD,OOD,117.41082511818213,0.5600008389747861,0.0009240013843083972,OOD,OOD,9.544251,-29.378008
15,0,Cross,0,Cross,max_nhat,RELIABLE,RELIABLE,21.47386035526441,0.8632502374347429,0.0014243628917673258,2,0.22146113913039478,0,0,True,21.47386035526441,0.8632502374347429,0.0014243628917673258,RELIABLE,RELIABLE,119.48447270821751,0.6013233356558679,0.0009921835038321821,OOD,OOD,83.6941561377958,0.6417890983043482,0.0010589520122021745,OOD,OOD,2.8964872,-39.88013
16,0,Cross,0,Cross,max_nhat,RELIABLE,RELIABLE,19.559778627208132,0.874438829067609,0.0014428240679615547,2,0.2339509226562949,0,0,True,19.559778627208132,0.874438829067609,0.0014428240679615547,RELIABLE,RELIABLE,107.4961270720826,0.5985541788191443,0.0009876143950515882,OOD,OOD,96.82619258128986,0.640487906411314,0.001056805045578668,OOD,OOD,1.3002863,-37.73743
17,0,Cross,0,Cross,max_nhat,RELIABLE,RELIABLE,24.968269462240087,0.8755698124631045,0.0014446901905641224,1,0.2736741222837441,0,0,True,24.968269462240087,0.8755698124631045,0.0014446901905641224,RELIABLE,RELIABLE,125.08887434687948,0.6018956901793604,0.0009931278887959447,OOD,OOD,107.35801654969164,0.5714188440010932,0.0009428410926018039,OOD,OOD,2.9922729,-32.44774
18,0,Cross,0,Cross,max_nhat,RELIABLE,RELIABLE,23.156784950850646,0.8720470049715255,0.001438877558203017,2,0.22640540377997376,0,0,True,23.156784950850646,0.8720470049715255,0.001438877558203017,RELIABLE,RELIABLE,129.1556186773432,0.5256726164568736,0.0008673598171538414,OOD,OOD,85.1564277010503,0.6456416011915518,0.0010653086419660604,OOD,OOD,-0.09530852,-33.65897
19,0,Cross,0,Cross,max_nhat,RELIABLE,RELIABLE,36.973545136957206,0.8574819681663953,0.0014148452474745522,1,0.2577305466182227,0,0,True,36.973545136957206,0.8574819681663953,0.0014148452474745522,RELIABLE,RELIABLE,108.11044933826327,0.5997514215481726,0.0009895898455544849,OOD,OOD,115.80647712026455,0.5611414986528948,0.0009258834727772763,OOD,OOD,4.397501,-34.162228
20,0,Cross,0,Cross,max_nhat,UNRELIABLE,IDO,38.29563537265922,0.85920038328436,0.001417680632419194,2,0.22467736526950077,0,0,True,38.29563537265922,0.85920038328436,0.001417680632419194,UNRELIABLE,IDO,140.7263411035253,0.5215352496579397,0.0008605331619356005,OOD,OOD,90.26535054043839,0.6345230180148592,0.0010469629797245177,OOD,OOD,8.748131,-33.32043
21,0,Cross,0,Cross,max_nhat,RELIABLE,RELIABLE,26.594424746114345,0.8638852482639294,0.0014254106596354836,1,0.2683432804838731,0,0,True,26.594424746114345,0.8638852482639294,0.0014254106596354836,RELIABLE,RELIABLE,106.9715915132438,0.5955419677800563,0.0009826442468370928,OOD,OOD,111.80331725133745,0.5658407642029846,0.0009336372609349246,OOD,OOD,1.509634,-34.58839
22,0,Cross,0,Cross,max_nhat,RELIABLE,RELIABLE,20.017601486367095,0.8718185751712616,0.0014385006490325817,2,0.14913458437825944,0,0,True,20.017601486367095,0.8718185751712616,0.0014385006490325817,RELIABLE,RELIABLE,134.79006343293705,0.5314006865515958,0.000876811132810133,OOD,OOD,71.01040831579196,0.7226839907930022,0.0011924285848084536,OOD,OOD,3.5031776,-39.08787
23,0,Cross,0,Cross,max_nhat,RELIABLE,RELIABLE,33.24116847038859,0.879029035822637,0.001450397909107351,2,0.22628276874205244,0,0,True,33.24116847038859,0.879029035822637,0.001450397909107351,RELIABLE,RELIABLE,139.2955000831199,0.5346148215251582,0.0008821144555165109,OOD,OOD,88.8847524711196,0.6527462670805846,0.0010770313406829645,OOD,OOD,7.8194056,-38.81808
24,0,Cross,0,Cross,max_nhat,RELIABLE,RELIABLE,17.129277897837213,0.8691477691133016,0.0014340938190369476,1,0.2613858765841922,0,0,True,17.129277897837213,0.8691477691133016,0.0014340938190369476,RELIABLE,RELIABLE,111.54194032603601,0.6077618925291094,0.0010028071226730305,OOD,OOD,100.00939043558436,0.5699095022084698,0.0009403506786439752,OOD,OOD,-4.678341,-32.566517
25,0,Cross,0,Cross,max_nhat,RELIABLE,RELIABLE,31.662339631904917,0.8642935779397068,0.0014260844036005163,1,0.19067568922288103,0,0,True,31.662339631904917,0.8642935779397068,0.0014260844036005163,RELIABLE,RELIABLE,92.66496537915745,0.6736178887168258,0.0011114695163827626,OOD,OOD,90.15750593621634,0.6386538793881266,0.0010537789009904088,OOD,OOD,-2.66794,-39.215164
26,0,Cross,0,Cross,max_nhat,RELIABLE,RELIABLE,22.05873061148391,0.8648083044514224,0.001426933702344847,1,0.1953051935897362,0,0,True,22.05873061148391,0.8648083044514224,0.001426933702344847,RELIABLE,RELIABLE,89.34865818701937,0.6695031108616862,0.0011046801329217823,OOD,OOD,88.78006715991303,0.6436774441482095,0.0010620677828445456,OOD,OOD,-2.747411,-37.7184
27,0,Cross,0,Cross,max_nhat,RELIABLE,RELIABLE,22.889638403980566,0.8660073959380735,0.0014289122032978213,1,0.2656226403666613,0,0,True,22.889638403980566,0.8660073959380735,0.0014289122032978213,RELIABLE,RELIABLE,96.11003268030541,0.6003847555714122,0.0009906348466928302,OOD,OOD,107.9058152970102,0.5708210181061834,0.0009418546798752025,OOD,OOD,7.192818,-27.86038
28,0,Cross,0,Cross,max_nhat,RELIABLE,RELIABLE,22.87993584359249,0.8726244281990786,0.0014398303065284797,1,0.2734661070348724,0,0,True,22.87993584359249,0.8726244281990786,0.0014398303065284797,RELIABLE,RELIABLE,109.35604663447084,0.5991583211642062,0.0009886112299209403,OOD,OOD,107.93370562108215,0.5720475822279729,0.0009438785106761552,OOD,OOD,-3.8558753,-32.966007
29,0,Cross,0,Cross,max_nhat,RELIABLE,RELIABLE,21.98210224689692,0.8693922400558406,0.001434497196092137,2,0.2998956067597416,0,0,True,21.98210224689692,0.8693922400558406,0.001434497196092137,RELIABLE,RELIABLE,126.29885339901072,0.5348047290870218,0.000882427802993586,OOD,OOD,103.54549681829074,0.569496633296099,0.0009396694449385634,OOD,OOD,5.5856423,-31.248728
30,0,Cross,0,Cross,max_nhat,RELIABLE,RELIABLE,20.379603336222903,0.876465156985614,0.0014461675090262631,2,0.3044964525819257,0,0,True,20.379603336222903,0.876465156985614,0.0014461675090262631,RELIABLE,RELIABLE,129.7364761405584,0.531635205732484,0.0008771980894585986,OOD,OOD,108.96106216682934,0.5719687044036883,0.0009437483622660857,OOD,OOD,-6.642983,-31.859612
31,0,Cross,0,Cross,max_nhat,UNRELIABLE,IDO,43.42284714985865,0.8597033486402507,0.0014185105252564137,2,0.21999861301111878,0,0,True,43.42284714985865,0.8597033486402507,0.0014185105252564137,UNRELIABLE,IDO,112.79466029945608,0.5887810314205323,0.0009714887018438783,OOD,OOD,97.31548938616915,0.6397047356291319,0.0010555128137880675,OOD,OOD,-0.875773,-29.714722
32,0,Cross,0,Cross,max_nhat,RELIABLE,RELIABLE,20.068877890259806,0.8679911497230255,0.0014321853970429921,1,0.18930931840429577,0,0,True,20.068877890259806,0.8679911497230255,0.0014321853970429921,RELIABLE,RELIABLE,83.99156816354916,0.6786818313187297,0.001119825021675904,OOD,OOD,108.26150515240701,0.5689009084263252,0.0009386864989034366,OOD,OOD,6.707922,-27.479958
33,0,Cross,0,Cross,max_nhat,RELIABLE,RELIABLE,21.58149203219494,0.8732265410828357,0.001440823792786679,2,0.22668124295236847,0,0,True,21.58149203219494,0.8732265410828357,0.001440823792786679,RELIABLE,RELIABLE,116.73932593870053,0.6042200216937034,0.0009969630357946106,OOD,OOD,87.58319952902856,0.6465452981304672,0.001066799741915271,OOD,OOD,-3.8226426,-38.958214
34,0,Cross,0,Cross,max_nhat,RELIABLE,RELIABLE,24.798459391752512,0.8739441481241359,0.0014420078444048242,1,0.2731706185011078,0,0,True,24.798459391752512,0.8739441481241359,0.0014420078444048242,RELIABLE,RELIABLE,103.61407517510312,0.6007735296230281,0.0009912763238779964,OOD,OOD,114.81169070305005,0.5738926136972997,0.0009469228126005445,OOD,OOD,5.984663,-33.264687
35,0,Cross,0,Cross,max_nhat,RELIABLE,RELIABLE,23.52394304967774,0.8671247329257484,0.001430755809327485,2,0.15174530846893142,0,0,True,23.52394304967774,0.8671247329257484,0.001430755809327485,RELIABLE,RELIABLE,139.52227366344027,0.5227883430391627,0.0008626007660146183,OOD,OOD,62.142771147986934,0.715379424456817,0.001180376050353748,OOD,OOD,9.0530615,-36.207886
36,0,Cross,0,Cross,max_nhat,RELIABLE,RELIABLE,23.223954865470496,0.8685644352485433,0.0014331313181600964,2,0.22575334381443513,0,0,True,23.223954865470496,0.8685644352485433,0.0014331313181600964,RELIABLE,RELIABLE,106.5763472280853,0.6014598957698848,0.0009924088280203098,OOD,OOD,91.85629411693397,0.6428110914341082,0.0010606383008662785,OOD,OOD,-1.9773479,-35.38998
37,0,Cross,0,Cross,max_nhat,UNRELIABLE,IDO,48.09372205489905,0.8638139304458954,0.0014252929852357273,2,0.15527537623553211,0,0,True,48.09372205489905,0.8638139304458954,0.0014252929852357273,UNRELIABLE,IDO,135.13812732573166,0.5257995366855933,0.000867569235531229,OOD,OOD,71.40794773274799,0.7085385542103633,0.0011690886144470993,OOD,OOD,4.308232,-40.76907
38,0,Cross,0,Cross,max_nhat,UNRELIABLE,IDO,49.1647288228869,0.8766351017689786,0.0014464479179188148,2,0.15118154882882573,0,0,True,49.1647288228869,0.8766351017689786,0.0014464479179188148,UNRELIABLE,IDO,129.69006275942127,0.5279767695027917,0.0008711616696796063,OOD,OOD,60.82421357664147,0.7254535529401529,0.0011969983623512522,OOD,OOD,4.884352,-41.603775
39,0,Cross,0,Cross,max_nhat,RELIABLE,RELIABLE,18.355823168971042,0.8697261743755551,0.001435048187719666,1,0.2624326807952021,0,0,True,18.355823168971042,0.8697261743755551,0.001435048187719666,RELIABLE,RELIABLE,112.2984533841258,0.607293493580353,0.0010020342644075824,OOD,OOD,102.5176844021017,0.5723831459068118,0.0009444321907462396,OOD,OOD,4.108139,-30.992834
40,0,Cross,0,Cross,max_nhat,RELIABLE,RELIABLE,28.734216008520615,0.8598632611146251,0.0014187743808391313,2,0.20906676609213914,0,0,True,28.734216008520615,0.8598632611146251,0.0014187743808391313,RELIABLE,RELIABLE,109.25123067091266,0.6103395264052733,0.001007060218568701,OOD,OOD,85.0635025483813,0.6507964950224859,0.0010738142167871017,OOD,OOD,0.4390566,-30.443724
41,0,Cross,0,Cross,max_nhat,RELIABLE,RELIABLE,21.863116372635897,0.8608361216128928,0.0014203796006612731,1,0.26761574033713487,0,0,True,21.863116372635897,0.8608361216128928,0.0014203796006612731,RELIABLE,RELIABLE,110.35452762681265,0.5932203812757579,0.0009788136291050006,OOD,OOD,112.27112251792448,0.5588910085404837,0.000922170164091798,OOD,OOD,2.5537775,-30.20898
42,0,Cross,0,Cross,max_nhat,RELIABLE,RELIABLE,22.58769445266007,0.8709486547188384,0.0014370652802860834,2,0.22626186574554574,0,0,True,22.58769445266007,0.8709486547188384,0.0014370652802860834,RELIABLE,RELIABLE,109.8112210052528,0.6107111402717249,0.0010076733814483462,OOD,OOD,80.97191143636013,0.6446867889732927,0.001063733201805933,OOD,OOD,6.925926,-28.84073
43,0,Cross,0,Cross,max_nhat,UNRELIABLE,IDO,49.143801391359084,0.8563681848814231,0.0014130075050543481,2,0.21381733253797497,0,0,True,49.143801391359084,0.8563681848814231,0.0014130075050543481,UNRELIABLE,IDO,115.6345631260209,0.5909502217378595,0.0009750678658674681,OOD,OOD,92.49139480538986,0.6425508523434481,0.0010602089063666894,OOD,OOD,2.7552276,-42.429855
44,0,Cross,0,Cross,max_nhat,RELIABLE,RELIABLE,33.7615987468702,0.8587274001891225,0.001416900210312052,2,0.2933063745760106,0,0,True,33.7615987468702,0.8587274001891225,0.001416900210312052,RELIABLE,RELIABLE,139.4527600225104,0.526808100253881,0.0008692333654189038,OOD,OOD,122.5565589555844,0.5654210256131119,0.0009329446922616347,OOD,OOD,8.0130415,-37.958157
45,0,Cross,0,Cross,max_nhat,RELIABLE,RELIABLE,21.08499181330807,0.8632703881416838,0.0014243961404337782,2,0.2220126151444971,0,0,True,21.08499181330807,0.8632703881416838,0.0014243961404337782,RELIABLE,RELIABLE,132.11228628610775,0.52316339369692,0.000863219599599918,OOD,OOD,89.30122585401902,0.6412577729971867,0.001058075325445358,OOD,OOD,10.327695,-26.877693
46,0,Cross,0,Cross,max_nhat,RELIABLE,RELIABLE,22.75446461170693,0.8750619086399417,0.0014438521492559039,2,0.23443007731536225,0,0,True,22.75446461170693,0.8750619086399417,0.0014438521492559039,RELIABLE,RELIABLE,116.0505180248845,0.6016548764586652,0.0009927305461567976,OOD,OOD,85.69191077535149,0.6406318313245795,0.001057042521685556,OOD,OOD,3.0233166,-36.704174
47,0,Cross,0,Cross,max_nhat,RELIABLE,RELIABLE,19.40965906906025,0.8824129128567492,0.0014559813062136361,1,0.1965763618253854,0,0,True,19.40965906906025,0.8824129128567492,0.0014559813062136361,RELIABLE,RELIABLE,76.88201714732776,0.6858365510313638,0.0011316303092017501,OOD,OOD,107.61338202768502,0.5746675723774486,0.0009482014944227902,OOD,OOD,6.7740917,-26.179167
48,0,Cross,0,Cross,max_nhat,RELIABLE,RELIABLE,33.473228235098475,0.8641455865663885,0.001425840217834541,2,0.2997300155656919,0,0,True,33.473228235098475,0.8641455865663885,0.001425840217834541,RELIABLE,RELIABLE,133.61023378523433,0.5238124235767224,0.000864290498901592,OOD,OOD,123.41425309187039,0.5644155710006966,0.0009312856921511494,OOD,OOD,10.545493,-30.340782
49,0,Cross,0,Cross,max_nhat,RELIABLE,RELIABLE,37.01294853618926,0.8669521349572025,0.001430471022679384,1,0.19128763358226808,0,0,True,37.01294853618926,0.8669521349572025,0.001430471022679384,RELIABLE,RELIABLE,84.51393524994162,0.6756645013749344,0.0011148464272686418,OOD,OOD,103.34176535300178,0.6311856404287696,0.0010414563067074698,OOD,OOD,-1.7205724,-31.452307
50,0,Cross,0,Cross,max_nhat,RELIABLE,RELIABLE,33.37719027946418,0.8791653360321118,0.0014506228044529844,2,0.2293395487874268,0,0,True,33.37719027946418,0.8791653360321118,0.0014506228044529844,RELIABLE,RELIABLE,111.54429897128848,0.6070833263035534,0.0010016874884008632,OOD,OOD,92.85452276488739,0.649825787244685,0.0010722125489537303,OOD,OOD,10.395667,-32.941975
51,0,Cross,0,Cross,max_nhat,RELIABLE,RELIABLE,19.30288540839141,0.8647976924449368,0.0014269161925341456,2,0.20906980341856185,0,0,True,19.30288540839141,0.8647976924449368,0.0014269161925341456,RELIABLE,RELIABLE,133.16461089407454,0.5277380075069621,0.0008707677123864874,OOD,OOD,80.80107108157193,0.6557278890263749,0.0010819510168935185,OOD,OOD,-5.076133,-29.79671
52,0,Cross,0,Cross,max_nhat,RELIABLE,RELIABLE,26.19376153794701,0.8608950834410094,0.0014204768876776655,2,0.2254540615659376,0,0,True,26.19376153794701,0.8608950834410094,0.0014204768876776655,RELIABLE,RELIABLE,115.5753803868507,0.5929119653627685,0.000978304742848568,OOD,OOD,93.03981710480033,0.6354410218750718,0.0010484776860938685,OOD,OOD,1.4146386,-42.000416
53,0,Cross,0,Cross,max_nhat,RELIABLE,RELIABLE,18.399944146645385,0.8628178904228884,0.0014236495191977659,2,0.21795677086312537,0,0,True,18.399944146645385,0.8628178904228884,0.0014236495191977659,RELIABLE,RELIABLE,120.06709909034788,0.6015011644315226,0.0009924769213120123,OOD,OOD,89.25813598922284,0.644861119559763,0.0010640208472736089,OOD,OOD,-5.1032653,-33.600132
54,0,Cross,0,Cross,max_nhat,RELIABLE,RELIABLE,23.0079042365034,0.8636226381794764,0.001424977352996136,1,0.26454192585278236,0,0,True,23.0079042365034,0.8636226381794764,0.001424977352996136,RELIABLE,RELIABLE,121.66899789927041,0.599080712326694,0.0009884831753390452,OOD,OOD,110.25034489926354,0.5673573594315062,0.0009361396430619853,OOD,OOD,5.3756275,-27.225088
55,0,Cross,0,Cross,max_nhat,RELIABLE,RELIABLE,33.181321329328085,0.8621875018709243,0.001422609378087025,1,0.2625826582276427,0,0,True,33.181321329328085,0.8621875018709243,0.001422609378087025,RELIABLE,RELIABLE,143.91254920151,0.5996048436432816,0.0009893479920114146,OOD,OOD,113.09512302814043,0.557872087334423,0.0009204889441017978,OOD,OOD,1.1142191,-25.228148
56,0,Cross,0,Cross,max_nhat,RELIABLE,RELIABLE,18.89608666220784,0.8719554920877207,0.0014387265619447392,2,0.2966932791423448,0,0,True,18.89608666220784,0.8719554920877207,0.0014387265619447392,RELIABLE,RELIABLE,129.4995023572932,0.5185258149886761,0.0008555675947313156,OOD,OOD,99.19058939458685,0.5752622129453759,0.0009491826513598704,OOD,OOD,3.9327385,-30.299452
57,0,Cross,0,Cross,max_nhat,OOD,OOD,57.691761064385716,0.8757205887243031,0.0014449389713951002,2,0.23078774686157755,0,0,True,57.691761064385716,0.8757205887243031,0.0014449389713951002,OOD,OOD,163.29813863752634,0.5364222907512534,0.0008850967797395681,OOD,OOD,82.73609603884788,0.6449328418627256,0.0010641391890734973,OOD,OOD,4.557283,-43.216835
58,0,Cross,0,Cross,max_nhat,RELIABLE,RELIABLE,27.38259301432389,0.8587141574597932,0.0014168783598086587,1,0.2652581391902772,0,0,True,27.38259301432389,0.8587141574597932,0.0014168783598086587,RELIABLE,RELIABLE,108.54497079466739,0.593456018269516,0.0009792024301447013,OOD,OOD,119.6814558153793,0.5616753168217713,0.0009267642727559227,OOD,OOD,1.4063277,-34.61949
59,0,Cross,0,Cross,max_nhat,RELIABLE,RELIABLE,21.353672177443332,0.8711275143511741,0.0014373603986794373,2,0.22885763200656328,0,0,True,21.353672177443332,0.8711275143511741,0.0014373603986794373,RELIABLE,RELIABLE,132.27441530103724,0.5237041392101536,0.0008641118296967534,OOD,OOD,95.43462831808151,0.6422698823446108,0.0010597453058686077,OOD,OOD,11.064998,-28.070965
60,0,Cross,0,Cross,max_nhat,RELIABLE,RELIABLE,20.920278298439708,0.866834949600963,0.0014302776668415889,1,0.1956588898253614,0,0,True,20.920278298439708,0.866834949600963,0.0014302776668415889,RELIABLE,RELIABLE,92.39516899069599,0.6711760597756016,0.0011074404986297426,OOD,OOD,92.68213921643282,0.6391310014385435,0.0010545661523735969,OOD,OOD,-3.6173785,-35.688087
61,0,Cross,0,Cross,max_nhat,RELIABLE,RELIABLE,30.93686825876684,0.8617271266326685,0.001421849758943903,1,0.2611018373530516,0,0,True,30.93686825876684,0.8617271266326685,0.001421849758943903,RELIABLE,RELIABLE,115.70122385882094,0.6006252892796169,0.0009910317273113679,OOD,OOD,112.79846343762073,0.5646355286497023,0.0009316486222720089,OOD,OOD,0.102519505,-41.960743
62,0,Cross,0,Cross,max_nhat,RELIABLE,RELIABLE,27.85855725039865,0.8739728097861401,0.0014420551361471311,1,0.2676478195763785,0,0,True,27.85855725039865,0.8739728097861401,0.0014420551361471311,RELIABLE,RELIABLE,116.47639068611255,0.6063249902097616,0.0010004362338461067,OOD,OOD,126.67592239348342,0.5704178189438017,0.0009411894012572728,OOD,OOD,-7.2112346,-32.218105
63,0,Cross,0,Cross,max_nhat,RELIABLE,RELIABLE,23.144518906841054,0.8716312873929005,0.0014381916241982858,2,0.22102445251864444,0,0,True,23.144518906841054,0.8716312873929005,0.0014381916241982858,RELIABLE,RELIABLE,155.9926985007857,0.5256390393095746,0.000867304414860798,OOD,OOD,87.69025936251559,0.6506068348742561,0.0010735012775425225,OOD,OOD,4.0459924,-25.39611
64,0,Cross,0,Cross,max_nhat,RELIABLE,RELIABLE,19.027166729278164,0.8792002555063503,0.0014506804215854779,2,0.30823388936733276,0,0,True,19.027166729278164,0.8792002555063503,0.0014506804215854779,RELIABLE,RELIABLE,118.06180551886526,0.5226535909017825,0.0008623784249879411,OOD,OOD,109.22995887602782,0.5709663661390175,0.0009420945041293788,OOD,OOD,10.088321,-28.191338
65,0,Cross,0,Cross,max_nhat,RELIABLE,RELIABLE,31.23030584222285,0.8684781937470798,0.0014329890196826817,2,0.3037903224052525,0,0,True,31.23030584222285,0.8684781937470798,0.0014329890196826817,RELIABLE,RELIABLE,159.43174021888998,0.5213160263217033,0.0008601714434308104,OOD,OOD,107.96760155383838,0.5646878713418273,0.0009317349877140151,OOD,OOD,-0.7298583,-35.49785
66,0,Cross,0,Cross,max_nhat,RELIABLE,RELIABLE,20.369166722519363,0.8713290886049636,0.0014376929961981899,2,0.1595070595261967,0,0,True,20.369166722519363,0.8713290886049636,0.0014376929961981899,RELIABLE,RELIABLE,140.06678307067244,0.529853039176555,0.0008742575146413157,OOD,OOD,65.23748622823722,0.7118220290787669,0.0011745063479799654,OOD,OOD,3.9941847,-37.94701
67,0,Cross,0,Cross,max_nhat,RELIABLE,RELIABLE,27.72667011507853,0.8665679277497809,0.0014298370807871385,2,0.22989351022228754,0,0,True,27.72667011507853,0.8665679277497809,0.0014298370807871385,RELIABLE,RELIABLE,122.01314499359182,0.6090458925144647,0.0010049257226488668,OOD,OOD,107.1272832332035,0.6366744175274933,0.001050512788920364,OOD,OOD,1.8509055,-38.907043
68,0,Cross,0,Cross,max_nhat,RELIABLE,RELIABLE,29.501540117180117,0.8689581172600475,0.0014337808934790782,2,0.22535419797680356,0,0,True,29.501540117180117,0.8689581172600475,0.0014337808934790782,RELIABLE,RELIABLE,109.56455850616351,0.6008583742224536,0.0009914163174670485,OOD,OOD,90.33544446120642,0.6436039192832439,0.0010619464668173524,OOD,OOD,0.78414094,-26.387848
69,0,Cross,0,Cross,max_nhat,RELIABLE,RELIABLE,34.27109617467014,0.8621117004673063,0.0014224843057710555,2,0.22413871677328345,0,0,True,34.27109617467014,0.8621117004673063,0.0014224843057710555,RELIABLE,RELIABLE,104.57626458522941,0.5913536138145798,0.0009757334627940567,OOD,OOD,93.080402250596,0.6379729836940229,0.0010526554230951377,OOD,OOD,-0.75413394,-32.448124
70,0,Cross,0,Cross,max_nhat,RELIABLE,RELIABLE,20.95740119495713,0.8733444673174574,0.0014410183710738048,2,0.22807812990382703,0,0,True,20.95740119495713,0.8733444673174574,0.0014410183710738048,RELIABLE,RELIABLE,107.51875068877344,0.6100144759763739,0.001006523885361017,OOD,OOD,84.49693233577443,0.6452663374136304,0.0010646894567324901,OOD,OOD,5.694026,-25.29299
71,0,Cross,0,Cross,max_nhat,RELIABLE,RELIABLE,21.43591257718036,0.872283229578033,0.0014392673288037543,2,0.14352287986983148,0,0,True,21.43591257718036,0.872283229578033,0.0014392673288037543,RELIABLE,RELIABLE,133.06237925793067,0.5268395963773996,0.0008692853340227095,OOD,OOD,70.72606920338556,0.7287603497082015,0.0012024545770185325,OOD,OOD,4.2562976,-24.172935
72,0,Cross,0,Cross,max_nhat,RELIABLE,RELIABLE,20.284177002948546,0.8733936135005665,0.0014410994622759347,1,0.2705163282745332,0,0,True,20.284177002948546,0.8733936135005665,0.0014410994622759347,RELIABLE,RELIABLE,99.63635670602717,0.6028772852260333,0.000994747520622955,OOD,OOD,105.28785680571761,0.576425385261887,0.0009511018856821136,OOD,OOD,5.983767,-29.212399
73,0,Cross,0,Cross,max_nhat,RELIABLE,RELIABLE,27.07556154270547,0.8662833150997752,0.001429367469914629,2,0.2277678484265162,0,0,True,27.07556154270547,0.8662833150997752,0.001429367469914629,RELIABLE,RELIABLE,159.09453813353053,0.5301526644323845,0.0008747518963134345,OOD,OOD,79.1916040857378,0.638515466673259,0.0010535505200108773,OOD,OOD,2.6336887,-24.179714
74,0,Cross,0,Cross,max_nhat,RELIABLE,RELIABLE,33.32735945203536,0.8476649351637308,0.0013986471430201557,2,0.19945419308809165,0,0,True,33.32735945203536,0.8476649351637308,0.0013986471430201557,RELIABLE,RELIABLE,143.0056416272269,0.52689579074763,0.0008693780547335895,OOD,OOD,90.04057016685317,0.6482107420756391,0.0010695477244248046,OOD,OOD,7.14326,-39.274258
75,0,Cross,0,Cross,max_nhat,RELIABLE,RELIABLE,29.002656329039176,0.8708745991697372,0.0014369430886300664,1,0.26430406474871726,0,0,True,29.002656329039176,0.8708745991697372,0.0014369430886300664,RELIABLE,RELIABLE,110.52456856292166,0.6065705344210199,0.0010008413817946828,OOD,OOD,122.64325043819234,0.5739270564677983,0.0009469796431718671,OOD,OOD,11.521754,-27.33355
76,0,Cross,0,Cross,max_nhat,RELIABLE,RELIABLE,27.49469896673237,0.8655754928400724,0.0014281995631861195,1,0.19208732771787596,0,0,True,27.49469896673237,0.8655754928400724,0.0014281995631861195,RELIABLE,RELIABLE,90.0200255623914,0.6734881651221964,0.001111255472451624,OOD,OOD,122.33124149899582,0.5656705286380238,0.0009333563722527394,OOD,OOD,1.0888478,-40.972103
77,0,Cross,0,Cross,max_nhat,RELIABLE,RELIABLE,18.6392181149016,0.8698874483115734,0.001435314289714096,1,0.2651279705708208,0,0,True,18.6392181149016,0.8698874483115734,0.001435314289714096,RELIABLE,RELIABLE,102.47772741177337,0.6047594777407526,0.0009978531382722417,OOD,OOD,115.23576305305089,0.5716267455063904,0.000943184130085544,OOD,OOD,9.344434,-27.925163
78,0,Cross,0,Cross,max_nhat,RELIABLE,RELIABLE,27.43329285134719,0.8630401738820631,0.0014240162869054041,1,0.25248021943606724,0,0,True,27.43329285134719,0.8630401738820631,0.0014240162869054041,RELIABLE,RELIABLE,124.64444170578497,0.6105599544459959,0.0010074239248358931,OOD,OOD,109.37499087804925,0.5702770215625342,0.0009409570855781816,OOD,OOD,1.3729401,-26.896227
79,0,Cross,0,Cross,max_nhat,RELIABLE,RELIABLE,29.07278687832026,0.8640205195491147,0.0014256338572560393,1,0.26216436778033303,0,0,True,29.07278687832026,0.8640205195491147,0.0014256338572560393,RELIABLE,RELIABLE,107.44353604160608,0.6018561517687817,0.0009930626504184898,OOD,OOD,133.72982296148615,0.5639619294387059,0.0009305371835738647,OOD,OOD,-1.6109625,-34.040146
80,0,Cross,0,Cross,max_nhat,RELIABLE,RELIABLE,36.90311097856,0.877238587727562,0.0014474436697504774,2,0.22884424313354879,0,0,True,36.90311097856,0.877238587727562,0.0014474436697504774,RELIABLE,RELIABLE,128.49562488845254,0.5305543614621926,0.0008754146964126177,OOD,OOD,88.47677559173218,0.6483943445940132,0.0010698506685801218,OOD,OOD,8.823177,-33.305492
81,0,Cross,0,Cross,max_nhat,RELIABLE,RELIABLE,24.713880780618982,0.8785338872041488,0.0014495809138868455,1,0.2711624939871272,0,0,True,24.713880780618982,0.8785338872041488,0.0014495809138868455,RELIABLE,RELIABLE,124.69579915683386,0.6073713932170216,0.0010021627988080857,OOD,OOD,101.41502225109038,0.5795166571870212,0.000956202484358585,OOD,OOD,3.0435753,-32.40103
82,0,Cross,0,Cross,max_nhat,RELIABLE,RELIABLE,21.215452872599183,0.8540604716701519,0.0014091997782557505,2,0.21580377775323745,0,0,True,21.215452872599183,0.8540604716701519,0.0014091997782557505,RELIABLE,RELIABLE,143.99725876876917,0.524601566911226,0.0008655925854035227,OOD,OOD,81.07922366213795,0.6382566939169144,0.0010531235449629088,OOD,OOD,-5.0277534,-29.671867
83,0,Cross,0,Cross,max_nhat,RELIABLE,RELIABLE,27.06551818323427,0.8628558542134087,0.0014237121594521244,2,0.22843551070947532,0,0,True,27.06551818323427,0.8628558542134087,0.0014237121594521244,RELIABLE,RELIABLE,107.79961046720958,0.6012709291545375,0.0009920970331049868,OOD,OOD,84.94604879720738,0.6344203435039334,0.00104679356678149,OOD,OOD,5.1649413,-35.409763
84,0,Cross,0,Cross,max_nhat,RELIABLE,RELIABLE,27.640779966652254,0.8686149331449297,0.0014332146396891338,1,0.1881573825685977,0,0,True,27.640779966652254,0.8686149331449297,0.0014332146396891338,RELIABLE,RELIABLE,92.06186662325914,0.680457550576332,0.0011227549584509476,OOD,OOD,115.37402505768002,0.5635287826532452,0.0009298224913778546,OOD,OOD,-0.1402618,-25.828337
85,0,Cross,0,Cross,max_nhat,UNRELIABLE,IDO,52.55715329726706,0.8739189388070114,0.0014419662490315688,2,0.22707672439893622,0,0,True,52.55715329726706,0.8739189388070114,0.0014419662490315688,UNRELIABLE,IDO,107.7682493476346,0.6050898929234013,0.0009983983233236122,OOD,OOD,85.61552718384249,0.6468422144080752,0.001067289653773324,OOD,OOD,4.239943,-42.41889
86,0,Cross,0,Cross,max_nhat,RELIABLE,RELIABLE,33.485851095499044,0.8657705538388552,0.001428521413834111,2,0.22113666287428746,0,0,True,33.485851095499044,0.8657705538388552,0.001428521413834111,RELIABLE,RELIABLE,121.91891453650635,0.5972349324595668,0.0009854376385582853,OOD,OOD,96.38156620784319,0.6446338909645677,0.0010636459200915366,OOD,OOD,8.909986,-39.067097
87,0,Cross,0,Cross,max_nhat,RELIABLE,RELIABLE,25.798064598742535,0.8554094515119277,0.0014114255949946807,1,0.19291554879135653,0,0,True,25.798064598742535,0.8554094515119277,0.0014114255949946807,RELIABLE,RELIABLE,95.78204992695535,0.6624939027205712,0.0010931149394889424,OOD,OOD,116.80139602959733,0.5591972804840789,0.0009226755127987302,OOD,OOD,-1.1894426,-40.44354
88,0,Cross,0,Cross,max_nhat,RELIABLE,RELIABLE,24.737007132208625,0.8627373963148087,0.0014235167039194343,2,0.22275040829800663,0,0,True,24.737007132208625,0.8627373963148087,0.0014235167039194343,RELIABLE,RELIABLE,112.65612056961982,0.5962812470400771,0.0009838640576161272,OOD,OOD,89.2027751993414,0.6399869880168021,0.0010559785302277234,OOD,OOD,-4.865767,-31.720787
89,0,Cross,0,Cross,max_nhat,RELIABLE,RELIABLE,20.32795067802121,0.8797653667064269,0.0014516128550656044,1,0.19711421357896797,0,0,True,20.32795067802121,0.8797653667064269,0.0014516128550656044,RELIABLE,RELIABLE,87.98041114055616,0.6826511531274589,0.0011263744026603073,OOD,OOD,105.89996655238045,0.5795404462334768,0.0009562417362852366,OOD,OOD,-2.2823174,-38.181133
90,0,Cross,0,Cross,max_nhat,RELIABLE,RELIABLE,36.98054445603652,0.8822043494592741,0.0014556371766078022,2,0.3035422916586744,0,0,True,36.98054445603652,0.8822043494592741,0.0014556371766078022,RELIABLE,RELIABLE,169.81190838292505,0.5317711865365848,0.0008774224577853649,OOD,OOD,102.87199246429898,0.5786620578005996,0.0009547923953709894,OOD,OOD,7.8933887,-40.231426
91,0,Cross,0,Cross,max_nhat,RELIABLE,RELIABLE,24.771568090009236,0.8692225311734746,0.001434217176436233,2,0.22872030042990443,0,0,True,24.771568090009236,0.8692225311734746,0.001434217176436233,RELIABLE,RELIABLE,157.62528933733145,0.5305921178880038,0.0008754769945152061,OOD,OOD,84.2702092127875,0.6405022307435702,0.0010568286807268908,OOD,OOD,3.234965,-27.952822
92,0,Cross,0,Cross,max_nhat,RELIABLE,RELIABLE,22.61364009280039,0.8660930785112535,0.0014290535795435683,1,0.2690872213107053,0,0,True,22.61364009280039,0.8660930785112535,0.0014290535795435683,RELIABLE,RELIABLE,107.9713731511488,0.5970058572005482,0.0009850596643809046,OOD,OOD,119.48856347370946,0.5611986942990709,0.0009259778455934669,OOD,OOD,11.819949,-29.053598
93,0,Cross,0,Cross,max_nhat,RELIABLE,RELIABLE,28.308798898352293,0.8749996340782555,0.0014437493962291216,2,0.3043054281936215,0,0,True,28.308798898352293,0.8749996340782555,0.0014437493962291216,RELIABLE,RELIABLE,126.71004376291809,0.5256699932441974,0.0008673554888529257,OOD,OOD,114.08708215607037,0.570694205884634,0.0009416454397096461,OOD,OOD,10.508812,-30.20455
94,0,Cross,0,Cross,max_nhat,RELIABLE,RELIABLE,26.507253366824763,0.8771882266067806,0.001447360573901188,1,0.2734961437950626,0,0,True,26.507253366824763,0.8771882266067806,0.001447360573901188,RELIABLE,RELIABLE,103.89799596203477,0.603692082811718,0.0009960919366393348,OOD,OOD,107.45820114882389,0.5796538108658584,0.0009564287879286665,OOD,OOD,3.406183,-35.21967
95,0,Cross,0,Cross,max_nhat,RELIABLE,RELIABLE,20.294335703526976,0.8835370286648289,0.0014578360972969677,2,0.23324564308399698,0,0,True,20.294335703526976,0.8835370286648289,0.0014578360972969677,RELIABLE,RELIABLE,140.94080751797532,0.5347465938885774,0.0008823318799161527,OOD,OOD,86.65516918341409,0.6502913855808319,0.0010729807862083726,OOD,OOD,-6.334478,-30.611137
96,0,Cross,0,Cross,max_nhat,RELIABLE,RELIABLE,23.598503499330796,0.8611024398916923,0.0014208190258212924,2,0.2929679789726146,0,0,True,23.598503499330796,0.8611024398916923,0.0014208190258212924,RELIABLE,RELIABLE,135.81375058581662,0.5310425860354336,0.0008762202669584656,OOD,OOD,112.17703350598443,0.5681344609190777,0.0009374218605164782,OOD,OOD,-5.811181,-32.901894
97,0,Cross,0,Cross,max_nhat,RELIABLE,RELIABLE,19.45236104205246,0.8769922540492421,0.0014470372191812495,2,0.3009862990652731,0,0,True,19.45236104205246,0.8769922540492421,0.0014470372191812495,RELIABLE,RELIABLE,144.67092120771596,0.5281837460369285,0.000871503180960932,OOD,OOD,101.5617999844539,0.576005954983969,0.0009504098257235489,OOD,OOD,-5.503337,-31.665
98,0,Cross,0,Cross,max_nhat,RELIABLE,RELIABLE,32.37772991074599,0.8542993346844041,0.0014095939022292668,2,0.22184938609980953,0,0,True,32.37772991074599,0.8542993346844041,0.0014095939022292668,RELIABLE,RELIABLE,145.9769734158664,0.5165975656802325,0.0008523859833723836,OOD,OOD,97.67637556242364,0.6324499485845946,0.001043542415164581,OOD,OOD,4.5908914,-38.61693
99,0,Cross,0,Cross,max_nhat,RELIABLE,RELIABLE,22.469032014993388,0.8707324848993934,0.001436708600083999,1,0.27485691161318104,0,0,True,22.469032014993388,0.8707324848993934,0.001436708600083999,RELIABLE,RELIABLE,118.05726805876421,0.5958755732862123,0.0009831946959222503,OOD,OOD,109.53841029188598,0.5735071048834911,0.0009462867230577603,OOD,OOD,5.2821894,-27.233591
100,1,Circle,1,Circle,max_nhat,RELIABLE,RELIABLE,19.067825197835692,0.8723255137055762,0.0014393370976142007,0,0.2626103907231615,1,1,True,116.69774450321944,0.6097151229824147,0.0010060299529209842,OOD,OOD,19.067825197835692,0.8723255137055762,0.0014393370976142007,RELIABLE,RELIABLE,163.15390775056377,0.45990632833362155,0.0007588454417504756,OOD,OOD,-37.856087,5.4965324
101,1,Circle,1,Circle,max_nhat,RELIABLE,RELIABLE,25.12343152080985,0.8577783479646617,0.0014153342741416918,0,0.32882171746533273,1,1,True,139.1265062921827,0.528956630499329,0.0008727784403238927,OOD,OOD,25.12343152080985,0.8577783479646617,0.0014153342741416918,RELIABLE,RELIABLE,168.5476910104318,0.4502736162312188,0.0007429514667815111,OOD,OOD,-21.907211,7.404806
102,1,Circle,1,Circle,max_nhat,RELIABLE,RELIABLE,30.15700825288128,0.8683326916301483,0.0014327489411897446,0,0.3362583041317042,1,1,True,143.70007790912626,0.532074387498444,0.0008779227393724326,OOD,OOD,30.15700825288128,0.8683326916301483,0.0014327489411897446,RELIABLE,RELIABLE,196.39899406914867,0.3760516489278882,0.0006204852207310155,OOD,OOD,-32.681335,8.694251
103,1,Circle,1,Circle,max_nhat,RELIABLE,RELIABLE,24.101012453949664,0.8636332395100843,0.001424994845191639,0,0.2539499072036344,1,1,True,140.79421230179466,0.6096833323064499,0.0010059774983056423,OOD,OOD,24.101012453949664,0.8636332395100843,0.001424994845191639,RELIABLE,RELIABLE,148.5077735867313,0.5304472287943958,0.000875237927510753,OOD,OOD,-27.265528,7.6372075
104,1,Circle,1,Circle,max_nhat,RELIABLE,RELIABLE,25.501292255561633,0.8665511510041508,0.0014298093991568488,0,0.18451066671299554,1,1,True,88.21869439031234,0.6820404842911553,0.0011253667990804063,OOD,OOD,25.501292255561633,0.8665511510041508,0.0014298093991568488,RELIABLE,RELIABLE,159.44018618200028,0.45368225854127175,0.0007485757265930984,OOD,OOD,-30.6219,2.1737275
105,1,Circle,1,Circle,max_nhat,RELIABLE,RELIABLE,26.730140858560567,0.8596630538913027,0.0014184440389206495,0,0.25061669550229637,1,1,True,105.41149730109079,0.6090463583890063,0.0010049264913418604,OOD,OOD,26.730140858560567,0.8596630538913027,0.0014184440389206495,RELIABLE,RELIABLE,148.4618483406399,0.5338944992730043,0.0008809259238004571,OOD,OOD,-30.15905,16.15905
106,1,Circle,1,Circle,max_nhat,OOD,OOD,57.32701179560708,0.8635016149007141,0.0014247776645861783,0,0.33497681289885206,1,1,True,138.54504190254423,0.528524802001862,0.0008720659233030723,OOD,OOD,57.32701179560708,0.8635016149007141,0.0014247776645861783,OOD,OOD,186.75517834038135,0.3861602715562441,0.0006371644480678028,OOD,OOD,-38.776352,3.8830087
107,1,Circle,1,Circle,max_nhat,RELIABLE,RELIABLE,26.162871379350747,0.8507768124761598,0.0014037817405856635,0,0.1759513785931457,1,1,True,82.47669379083592,0.6748254338830141,0.0011134619659069732,OOD,OOD,26.162871379350747,0.8507768124761598,0.0014037817405856635,RELIABLE,RELIABLE,170.9081962996994,0.44810045954522487,0.000739365758249621,OOD,OOD,-36.460236,1.0842055
108,1,Circle,1,Circle,max_nhat,RELIABLE,RELIABLE,22.14879979797524,0.8587408588951085,0.001416922417176929,0,0.3269106197110976,1,1,True,158.39516908888695,0.531830239184011,0.000877519894653618,OOD,OOD,22.14879979797524,0.8587408588951085,0.001416922417176929,RELIABLE,RELIABLE,149.66580479643375,0.5282167388640353,0.0008715576191256583,OOD,OOD,-25.512945,8.450248
109,1,Circle,1,Circle,max_nhat,RELIABLE,RELIABLE,26.74700078603921,0.8492609227369368,0.0014012805225159456,0,0.18037794457460277,1,1,True,81.61708209639642,0.668882978162334,0.001103656913967851,OOD,OOD,26.74700078603921,0.8492609227369368,0.0014012805225159456,RELIABLE,RELIABLE,137.4545929365026,0.5329831809217258,0.0008794222485208476,OOD,OOD,-28.066973,2.667302
110,1,Circle,1,Circle,max_nhat,RELIABLE,RELIABLE,25.082464138974927,0.8610372209920272,0.0014207114146368449,0,0.3329031412651039,1,1,True,131.1869648020234,0.5281340797269233,0.0008714212315494233,OOD,OOD,25.082464138974927,0.8610372209920272,0.0014207114146368449,RELIABLE,RELIABLE,158.82831439123413,0.45344810638415295,0.0007481893755338524,OOD,OOD,-38.91498,5.459051
111,1,Circle,1,Circle,max_nhat,RELIABLE,RELIABLE,37.2295344181923,0.8608607749131638,0.0014204202786067203,0,0.18120341403331286,1,1,True,85.28257064954273,0.679657360879851,0.001121434645451754,OOD,OOD,37.2295344181923,0.8608607749131638,0.0014204202786067203,RELIABLE,RELIABLE,131.18034286654358,0.5299656905534483,0.0008744433894131898,OOD,OOD,-22.60301,11.589876
112,1,Circle,1,Circle,max_nhat,RELIABLE,RELIABLE,28.653022106899524,0.8669557280685696,0.0014304769513131398,0,0.33018676065063624,1,1,True,135.19626182108544,0.5367689674179333,0.00088566879623959,OOD,OOD,28.653022106899524,0.8669557280685696,0.0014304769513131398,RELIABLE,RELIABLE,164.42352904708483,0.4575101559067649,0.0007548917572461621,OOD,OOD,-36.456753,5.466285
113,1,Circle,1,Circle,max_nhat,RELIABLE,RELIABLE,28.96833852378533,0.8660449464307208,0.0014289741616106894,0,0.3279315302860861,1,1,True,116.85560935469617,0.5381134161446347,0.0008878871366386472,OOD,OOD,28.96833852378533,0.8660449464307208,0.0014289741616106894,RELIABLE,RELIABLE,151.05544236005093,0.4558122329540291,0.0007520901843741481,OOD,OOD,-29.008575,16.000605
114,1,Circle,1,Circle,max_nhat,RELIABLE,RELIABLE,23.761599213720814,0.8645082145292747,0.0014264385539733034,0,0.26105737422105424,1,1,True,95.23595705219655,0.6034508403082205,0.0009956938865085638,OOD,OOD,23.761599213720814,0.8645082145292747,0.0014264385539733034,RELIABLE,RELIABLE,156.44975958337227,0.4489227751793476,0.0007407225790459235,OOD,OOD,-21.144974,1.7167923
115,1,Circle,1,Circle,max_nhat,RELIABLE,RELIABLE,25.387179715830307,0.8600718070745836,0.001419118481673063,0,0.2581349863421418,1,1,True,104.92390797111123,0.6019368207324418,0.000993195754208529,OOD,OOD,25.387179715830307,0.8600718070745836,0.001419118481673063,RELIABLE,RELIABLE,131.6074629180174,0.5347329701786978,0.0008823094007948514,OOD,OOD,-23.93927,13.737358
116,1,Circle,1,Circle,max_nhat,RELIABLE,RELIABLE,23.396620106751417,0.865341682256049,0.0014278137757224808,0,0.18950816371177726,1,1,True,83.90759930796877,0.6758335185442718,0.0011151253055980484,OOD,OOD,23.396620106751417,0.865341682256049,0.0014278137757224808,RELIABLE,RELIABLE,132.93048029556027,0.5272965030033872,0.0008700392299555888,OOD,OOD,-25.67107,3.9049346
117,1,Circle,1,Circle,max_nhat,RELIABLE,RELIABLE,24.437528814902475,0.870749467212183,0.001436736620900102,0,0.25037014916441047,1,1,True,107.5168824593365,0.6203793180477726,0.0010236258747788247,OOD,OOD,24.437528814902475,0.870749467212183,0.001436736620900102,RELIABLE,RELIABLE,129.10006061817083,0.5338370069045453,0.0008808310613924997,OOD,OOD,-22.94341,9.410153
118,1,Circle,1,Circle,max_nhat,RELIABLE,RELIABLE,24.009065197676392,0.8585367357939158,0.001416585614059961,0,0.2543734867278853,1,1,True,113.9246073960871,0.6041632490660305,0.0009968693609589503,OOD,OOD,24.009065197676392,0.8585367357939158,0.001416585614059961,RELIABLE,RELIABLE,174.10969955983316,0.45050552119507564,0.0007433341099718748,OOD,OOD,-21.239166,3.4616225
119,1,Circle,1,Circle,max_nhat,RELIABLE,RELIABLE,32.76930569485139,0.8625092206728963,0.0014231402141102788,0,0.2582339847723889,1,1,True,106.19876349108569,0.6042752359005074,0.000997054139235837,OOD,OOD,32.76930569485139,0.8625092206728963,0.0014231402141102788,RELIABLE,RELIABLE,146.635615307803,0.5322071786780147,0.0008781418448187243,OOD,OOD,-30.446533,0.84856284
120,1,Circle,1,Circle,max_nhat,RELIABLE,RELIABLE,30.566348397662388,0.8670386048541329,0.0014306136980093192,0,0.25329777479853544,1,1,True,104.62973163204809,0.6137408300555974,0.0010126723695917357,OOD,OOD,30.566348397662388,0.8670386048541329,0.0014306136980093192,RELIABLE,RELIABLE,132.38419887405223,0.5367542621298511,0.0008856445325142544,OOD,OOD,-26.315798,12.385598
121,1,Circle,1,Circle,max_nhat,RELIABLE,RELIABLE,32.355893084841234,0.8615729517356858,0.0014215953703638816,0,0.25450187835092397,1,1,True,93.46882298605384,0.6070710733847619,0.001001667271084857,OOD,OOD,32.355893084841234,0.8615729517356858,0.0014215953703638816,RELIABLE,RELIABLE,171.57738192672844,0.3788199104284217,0.0006250528522068958,OOD,OOD,-34.38718,-0.010885311
122,1,Circle,1,Circle,max_nhat,RELIABLE,RELIABLE,24.31885989528407,0.8444912458016609,0.0013934105555727405,0,0.23681136806428216,1,1,True,109.88881815464448,0.6076798777373787,0.0010026717982666749,OOD,OOD,24.31885989528407,0.8444912458016609,0.0013934105555727405,RELIABLE,RELIABLE,161.98303848899914,0.4594545716366729,0.0007581000432005103,OOD,OOD,-29.787357,5.770742
123,1,Circle,1,Circle,max_nhat,RELIABLE,RELIABLE,26.156468412815542,0.8506895987172142,0.0014036378378834034,0,0.250401295287927,1,1,True,109.27572048310407,0.6002883034292872,0.0009904757006583239,OOD,OOD,26.156468412815542,0.8506895987172142,0.0014036378378834034,RELIABLE,RELIABLE,178.28747213140232,0.4520287956858668,0.0007458475128816802,OOD,OOD,-29.61204,3.1699383
124,1,Circle,1,Circle,max_nhat,UNRELIABLE,IDO,43.385641405181495,0.873896897587155,0.0014419298810188059,0,0.33042310742665215,1,1,True,125.10236039550888,0.5434737901605029,0.0008967317537648297,OOD,OOD,43.385641405181495,0.873896897587155,0.0014419298810188059,UNRELIABLE,IDO,160.18050195794396,0.46007371297125643,0.0007591216264025731,OOD,OOD,-31.387512,5.0410423
125,1,Circle,1,Circle,max_nhat,RELIABLE,RELIABLE,17.637311303286744,0.870089948247431,0.0014356484146082612,0,0.27032325295581916,1,1,True,110.79044898296388,0.5997666952916119,0.0009896150472311596,OOD,OOD,17.637311303286744,0.870089948247431,0.0014356484146082612,RELIABLE,RELIABLE,164.5484565727474,0.4554769067638016,0.0007515368961602726,OOD,OOD,-26.71748,3.565872
126,1,Circle,1,Circle,max_nhat,RELIABLE,RELIABLE,23.244867028621705,0.8605603187599877,0.0014199245259539797,0,0.18067737877521872,1,1,True,85.65145260847426,0.679882939984769,0.0011218068509748688,OOD,OOD,23.244867028621705,0.8605603187599877,0.0014199245259539797,RELIABLE,RELIABLE,189.29420027384214,0.37947790932396736,0.0006261385503845461,OOD,OOD,-34.261368,1.8218956
127,1,Circle,1,Circle,max_nhat,RELIABLE,RELIABLE,25.497249874414507,0.8538314997790717,0.0014088219746354682,0,0.24940541069026478,1,1,True,130.09442411732093,0.6044260890888069,0.0009973030469965314,OOD,OOD,25.497249874414507,0.8538314997790717,0.0014088219746354682,RELIABLE,RELIABLE,130.44122640534016,0.5399557684264745,0.0008909270179036829,OOD,OOD,-25.042896,10.097688
128,1,Circle,1,Circle,max_nhat,RELIABLE,RELIABLE,31.7379336266727,0.8618100789816039,0.0014219866303196464,0,0.26900384154376944,1,1,True,120.07737337433865,0.5928062374378344,0.0009781302917724268,OOD,OOD,31.7379336266727,0.8618100789816039,0.0014219866303196464,RELIABLE,RELIABLE,176.4507784652759,0.37624182218282126,0.0006207990066016551,OOD,OOD,-30.849733,8.653207
129,1,Circle,1,Circle,max_nhat,UNRELIABLE,IDO,38.2954963976835,0.8729742654421342,0.0014404075379795215,0,0.3343902360821507,1,1,True,137.98718357222614,0.5385840293599835,0.0008886636484439727,OOD,OOD,38.2954963976835,0.8729742654421342,0.0014404075379795215,UNRELIABLE,IDO,159.09562442245425,0.4555614048616995,0.0007516763180218042,OOD,OOD,-30.776173,10.732389
130,1,Circle,1,Circle,max_nhat,RELIABLE,RELIABLE,26.958281808979006,0.8624557616511813,0.001423052006724449,0,0.25486023826088433,1,1,True,101.18751815874535,0.607595523390297,0.00100253261359399,OOD,OOD,26.958281808979006,0.8624557616511813,0.001423052006724449,RELIABLE,RELIABLE,179.07423080475982,0.3837998006356448,0.0006332696710488138,OOD,OOD,-35.48143,0.84211195
131,1,Circle,1,Circle,max_nhat,RELIABLE,RELIABLE,25.30091187427053,0.851056034623202,0.0014042424571282834,0,0.16846735270395763,1,1,True,92.00738536320955,0.6825886819192444,0.0011262713251667532,OOD,OOD,25.30091187427053,0.851056034623202,0.0014042424571282834,RELIABLE,RELIABLE,163.06500863442295,0.45307069068505257,0.0007475666396303367,OOD,OOD,-30.521034,2.2375884
132,1,Circle,1,Circle,max_nhat,RELIABLE,RELIABLE,29.107612327832562,0.8605431187498023,0.0014198961459371737,0,0.26153943474553876,1,1,True,120.45131164761261,0.5990036840042635,0.0009883560786070349,OOD,OOD,29.107612327832562,0.8605431187498023,0.0014198961459371737,RELIABLE,RELIABLE,174.69880712075962,0.45238773035427626,0.0007464397550845559,OOD,OOD,-23.110271,6.144816
133,1,Circle,1,Circle,max_nhat,RELIABLE,RELIABLE,23.629425954435938,0.8735457524821473,0.001441350491595543,0,0.2603591569788507,1,1,True,102.03079800422722,0.6131865955032966,0.0010117578825804394,OOD,OOD,23.629425954435938,0.8735457524821473,0.001441350491595543,RELIABLE,RELIABLE,160.76986234558228,0.4562819009312561,0.0007528651365365725,OOD,OOD,-21.161676,1.6734227
134,1,Circle,1,Circle,max_nhat,RELIABLE,RELIABLE,18.39958231711044,0.864737468681237,0.0014268168233240411,0,0.3360794781122427,1,1,True,122.59014156380778,0.5286579905689943,0.0008722856844388406,OOD,OOD,18.39958231711044,0.864737468681237,0.0014268168233240411,RELIABLE,RELIABLE,189.19943751952414,0.37806060928779117,0.0006238000053248554,OOD,OOD,-37.33028,6.979434
135,1,Circle,1,Circle,max_nhat,UNRELIABLE,IDO,44.153977164169255,0.856025309635103,0.00141244176089792,0,0.3298668248955291,1,1,True,136.44521213699022,0.5261584847395739,0.000868161499820297,OOD,OOD,44.153977164169255,0.856025309635103,0.00141244176089792,UNRELIABLE,IDO,195.12674276621365,0.37835134480305105,0.0006242797189250342,OOD,OOD,-33.289154,6.468057
136,1,Circle,1,Circle,max_nhat,RELIABLE,RELIABLE,22.050530802594956,0.8529629330817188,0.001407388839584836,0,0.32625232589779474,1,1,True,126.96183780296907,0.526710607183924,0.0008690725018534747,OOD,OOD,22.050530802594956,0.8529629330817188,0.001407388839584836,RELIABLE,RELIABLE,191.24074334496302,0.3774338243556482,0.0006227658101868195,OOD,OOD,-22.489908,0.53143436
137,1,Circle,1,Circle,max_nhat,RELIABLE,RELIABLE,21.637322234708066,0.8721619818160726,0.0014390672699965198,0,0.26224893669274074,1,1,True,103.87008323954988,0.6099130451233319,0.0010063565244534977,OOD,OOD,21.637322234708066,0.8721619818160726,0.0014390672699965198,RELIABLE,RELIABLE,158.42630518480794,0.46301501375199866,0.0007639747726907978,OOD,OOD,-27.324095,4.9359202
138,1,Circle,1,Circle,max_nhat,RELIABLE,RELIABLE,28.085164609095962,0.8604354392041008,0.0014197184746867664,0,0.25330039515034397,1,1,True,99.8450493349091,0.6071350440537568,0.0010017728226886988,OOD,OOD,28.085164609095962,0.8604354392041008,0.0014197184746867664,RELIABLE,RELIABLE,150.14817642277237,0.4648680406480469,0.0007670322670692773,OOD,OOD,-23.639997,13.028036
139,1,Circle,1,Circle,max_nhat,RELIABLE,RELIABLE,28.870852989696456,0.8584896628780443,0.0014165079437487731,0,0.3236589804967631,1,1,True,132.87265572010523,0.5348306823812812,0.000882470625929114,OOD,OOD,28.870852989696456,0.8584896628780443,0.0014165079437487731,RELIABLE,RELIABLE,197.7053644547642,0.38142635294930194,0.0006293534823663482,OOD,OOD,-24.301006,-0.441819
140,1,Circle,1,Circle,max_nhat,RELIABLE,RELIABLE,23.044528038104218,0.8639971332993096,0.0014255952699438609,0,0.25286724347338807,1,1,True,133.730084715459,0.6111298898259215,0.0010083643182127705,OOD,OOD,23.044528038104218,0.8639971332993096,0.0014255952699438609,RELIABLE,RELIABLE,137.41945046425047,0.5319702427085463,0.0008777509004691015,OOD,OOD,-26.453638,9.15134
141,1,Circle,1,Circle,max_nhat,RELIABLE,RELIABLE,30.542114494727702,0.8583366891118905,0.0014162555370346194,0,0.2556931818277126,1,1,True,106.32086881260365,0.6026435072841779,0.0009943617870188937,OOD,OOD,30.542114494727702,0.8583366891118905,0.0014162555370346194,RELIABLE,RELIABLE,144.5691926538987,0.5260469124004112,0.0008679774054606786,OOD,OOD,-28.432703,15.019768
142,1,Circle,1,Circle,max_nhat,OOD,OOD,58.899790437888946,0.8519850601560424,0.00140577534925747,0,0.328494973023602,1,1,True,134.55513039302286,0.5234900871324404,0.0008637586437685267,OOD,OOD,58.899790437888946,0.8519850601560424,0.00140577534925747,OOD,OOD,185.16483330357482,0.37533779674049594,0.0006193073646218183,OOD,OOD,-27.948677,-1.573334
143,1,Circle,1,Circle,max_nhat,RELIABLE,RELIABLE,28.309897563033825,0.8651166983171279,0.001427442552223261,0,0.32741443211296495,1,1,True,129.73699579428694,0.537702266204163,0.0008872087392368688,OOD,OOD,28.309897563033825,0.8651166983171279,0.001427442552223261,RELIABLE,RELIABLE,144.7539346535845,0.53550555217546,0.0008835841610895091,OOD,OOD,-29.419437,14.487215
144,1,Circle,1,Circle,max_nhat,RELIABLE,RELIABLE,29.353482349292797,0.857716583264571,0.0014152323623865422,0,0.24950029964717413,1,1,True,99.13781288748035,0.6082162836173969,0.0010035568679687048,OOD,OOD,29.353482349292797,0.857716583264571,0.0014152323623865422,RELIABLE,RELIABLE,128.7344588361659,0.5320505204849483,0.0008778833588001646,OOD,OOD,-25.28715,14.954223
145,1,Circle,1,Circle,max_nhat,RELIABLE,RELIABLE,30.449189738972343,0.8532975489970256,0.0014079409558450922,0,0.25549266887299205,1,1,True,109.4827296401787,0.5978048801240335,0.0009863780522046553,OOD,OOD,30.449189738972343,0.8532975489970256,0.0014079409558450922,RELIABLE,RELIABLE,139.4774462532703,0.519534213436855,0.0008572314521708107,OOD,OOD,-28.57881,12.086528
146,1,Circle,1,Circle,max_nhat,RELIABLE,RELIABLE,30.689091909878112,0.865261436417361,0.0014276813700886456,0,0.33595779601530695,1,1,True,121.14698181386653,0.529303640402054,0.0008733510066633891,OOD,OOD,30.689091909878112,0.865261436417361,0.0014276813700886456,RELIABLE,RELIABLE,155.81911465694066,0.4562869676411403,0.0007528734966078815,OOD,OOD,-26.687363,-0.14034155
147,1,Circle,1,Circle,max_nhat,RELIABLE,RELIABLE,20.429289502198642,0.857086053918369,0.001414191988965309,0,0.2536935155555182,1,1,True,114.49370333047412,0.6033925383628508,0.0009955976882987038,OOD,OOD,20.429289502198642,0.857086053918369,0.001414191988965309,RELIABLE,RELIABLE,172.7917841063994,0.45104777388848377,0.0007442288269159982,OOD,OOD,-27.369196,4.9615703
148,1,Circle,1,Circle,max_nhat,RELIABLE,RELIABLE,24.51526509759351,0.8782688378522094,0.0014491435824561456,0,0.27007958599657056,1,1,True,99.36260981536547,0.6081892518556389,0.0010035122655618041,OOD,OOD,24.51526509759351,0.8782688378522094,0.0014491435824561456,RELIABLE,RELIABLE,167.62111794542096,0.456480215349508,0.0007531923553266882,OOD,OOD,-31.933357,2.5038443
149,1,Circle,1,Circle,max_nhat,RELIABLE,RELIABLE,20.83553117871256,0.8688742063523595,0.001433642440481393,0,0.33113586982012566,1,1,True,122.24415482209169,0.5377383365322338,0.0008872682552781858,OOD,OOD,20.83553117871256,0.8688742063523595,0.001433642440481393,RELIABLE,RELIABLE,193.86762496855016,0.38233820101281835,0.0006308580316711503,OOD,OOD,-22.445036,2.606509
150,1,Circle,1,Circle,max_nhat,RELIABLE,RELIABLE,22.852670472311107,0.8726724113135689,0.0014399094786673886,0,0.2506324103129832,1,1,True,103.3325404595319,0.6220400010005857,0.0010263660016509664,OOD,OOD,22.852670472311107,0.8726724113135689,0.0014399094786673886,RELIABLE,RELIABLE,130.08306996386617,0.5446449117850523,0.0008986641044453363,OOD,OOD,-31.048635,13.453139
151,1,Circle,1,Circle,max_nhat,UNRELIABLE,IDO,38.74966685034443,0.8677276497996944,0.0014317506221694957,0,0.2634890296630341,1,1,True,121.71664910194217,0.6042386201366603,0.0009969937232254895,OOD,OOD,38.74966685034443,0.8677276497996944,0.0014317506221694957,UNRELIABLE,IDO,168.9416173037514,0.45570429163553827,0.0007519120811986382,OOD,OOD,-23.129293,6.339488
152,1,Circle,1,Circle,max_nhat,UNRELIABLE,IDO,51.26550238001868,0.8604726360368053,0.0014197798494607289,0,0.2586005359015463,1,1,True,112.36452049282461,0.601872100135259,0.0009930889652231775,OOD,OOD,51.26550238001868,0.8604726360368053,0.0014197798494607289,UNRELIABLE,IDO,161.37628198400236,0.4504963288542681,0.0007433189426095424,OOD,OOD,-31.800406,6.0584903
153,1,Circle,1,Circle,max_nhat,RELIABLE,RELIABLE,30.353333019240768,0.8723758110061784,0.0014394200881601945,0,0.3350766193815956,1,1,True,170.62759630971794,0.5372991916245828,0.0008865436661805617,OOD,OOD,30.353333019240768,0.8723758110061784,0.0014394200881601945,RELIABLE,RELIABLE,169.9520710078476,0.46174778403085565,0.0007618838436509118,OOD,OOD,-29.458591,9.480862
154,1,Circle,1,Circle,max_nhat,OOD,OOD,64.39816405550663,0.8677555519148935,0.0014317966606595743,0,0.32973316611699477,1,1,True,130.48238973270506,0.5380223857978987,0.000887736936566533,OOD,OOD,64.39816405550663,0.8677555519148935,0.0014317966606595743,OOD,OOD,163.36750979826223,0.4590126032310747,0.0007573707953312732,OOD,OOD,-28.110615,16.823435
155,1,Circle,1,Circle,max_nhat,RELIABLE,RELIABLE,34.619155092372466,0.8716492329086882,0.0014382212342993355,0,0.19476753499640687,1,1,True,88.8237699714369,0.6768816979122814,0.0011168548015552642,OOD,OOD,34.619155092372466,0.8716492329086882,0.0014382212342993355,RELIABLE,RELIABLE,157.07211515671318,0.45187158010157746,0.0007455881071676029,OOD,OOD,-29.74489,6.493676
156,1,Circle,1,Circle,max_nhat,RELIABLE,RELIABLE,33.4197384210104,0.8617882873255136,0.0014219506740870975,0,0.2541924068624831,1,1,True,108.0015347778439,0.6075958804630305,0.0010025332027640004,OOD,OOD,33.4197384210104,0.8617882873255136,0.0014219506740870975,RELIABLE,RELIABLE,168.09616086962785,0.46288962583417287,0.0007637678826263852,OOD,OOD,-28.801352,0.11211803
157,1,Circle,1,Circle,max_nhat,RELIABLE,RELIABLE,21.3048821492917,0.8630080588050965,0.0014239632970284091,0,0.3379113132150169,1,1,True,128.6708401906562,0.5250967455900796,0.0008664096302236313,OOD,OOD,21.3048821492917,0.8630080588050965,0.0014239632970284091,RELIABLE,RELIABLE,206.00774462320337,0.37840292083530835,0.0006243648193782588,OOD,OOD,-34.355152,8.594297
158,1,Circle,1,Circle,max_nhat,RELIABLE,RELIABLE,29.85775890591689,0.8719408424787407,0.0014387023900899222,0,0.3447637393898062,1,1,True,140.423908379901,0.5271771030889345,0.000869842220096742,OOD,OOD,29.85775890591689,0.8719408424787407,0.0014387023900899222,RELIABLE,RELIABLE,163.67400582751884,0.4497862441751958,0.0007421473028890731,OOD,OOD,-31.59849,11.713065
159,1,Circle,1,Circle,max_nhat,RELIABLE,RELIABLE,35.32776015622125,0.8512421360375946,0.001404549524462031,0,0.2477239187656507,1,1,True,109.80853677096577,0.6035182172719439,0.0009958050584987074,OOD,OOD,35.32776015622125,0.8512421360375946,0.001404549524462031,RELIABLE,RELIABLE,168.14267913848713,0.4523698387057065,0.0007464102338644158,OOD,OOD,-31.901226,15.950524
160,1,Circle,1,Circle,max_nhat,RELIABLE,RELIABLE,28.873060826054648,0.8647517724275601,0.0014268404245054741,0,0.32495418428777634,1,1,True,124.08074293934921,0.5397975881397837,0.0008906660204306431,OOD,OOD,28.873060826054648,0.8647517724275601,0.0014268404245054741,RELIABLE,RELIABLE,166.29504649686902,0.4624692564303308,0.0007630742731100458,OOD,OOD,-23.56337,1.640334
161,1,Circle,1,Circle,max_nhat,RELIABLE,RELIABLE,20.353527832523184,0.8638129952844046,0.0014252914422192675,0,0.33235294686529915,1,1,True,131.68829760585047,0.5314600484191054,0.0008769090798915239,OOD,OOD,20.353527832523184,0.8638129952844046,0.0014252914422192675,RELIABLE,RELIABLE,173.0718781420461,0.4531336343717191,0.0007476704967133366,OOD,OOD,-35.361977,10.4566345
162,1,Circle,1,Circle,max_nhat,RELIABLE,RELIABLE,18.4125601660612,0.8703960522793643,0.0014361534862609511,0,0.3366726233987095,1,1,True,147.56671411424,0.5337234288806548,0.0008806436576530805,OOD,OOD,18.4125601660612,0.8703960522793643,0.0014361534862609511,RELIABLE,RELIABLE,166.0484097633908,0.4599344785042094,0.0007588918895319454,OOD,OOD,-25.46824,7.380994
163,1,Circle,1,Circle,max_nhat,RELIABLE,RELIABLE,17.95240192654486,0.8745977449161487,0.0014430862791116454,0,0.35537422102203653,1,1,True,123.76609308490082,0.5192235238941122,0.000856718814425285,OOD,OOD,17.95240192654486,0.8745977449161487,0.0014430862791116454,RELIABLE,RELIABLE,182.82303559706946,0.38109472041490616,0.0006288062886845952,OOD,OOD,-34.23731,12.264659
164,1,Circle,1,Circle,max_nhat,RELIABLE,RELIABLE,35.005604864096355,0.8595872844092216,0.0014183190192752157,0,0.3269868718761868,1,1,True,126.98457459340298,0.5326004125330348,0.0008787906806795074,OOD,OOD,35.005604864096355,0.8595872844092216,0.0014183190192752157,RELIABLE,RELIABLE,134.56807867366444,0.5237033396982006,0.0008641105105020309,OOD,OOD,-26.93858,15.201077
165,1,Circle,1,Circle,max_nhat,RELIABLE,RELIABLE,29.468724445208732,0.8549609228982885,0.0014106855227821761,0,0.3265023055212336,1,1,True,130.07562344362665,0.5284586173770549,0.0008719567186721406,OOD,OOD,29.468724445208732,0.8549609228982885,0.0014106855227821761,RELIABLE,RELIABLE,174.23497484302595,0.4492996550108466,0.000741344430767897,OOD,OOD,-23.614233,1.636276
166,1,Circle,1,Circle,max_nhat,OOD,OOD,58.01078295102626,0.8647606631888323,0.0014268550942615733,0,0.33394613979452303,1,1,True,134.9586613772208,0.5308145233943092,0.0008758439636006102,OOD,OOD,58.01078295102626,0.8647606631888323,0.0014268550942615733,OOD,OOD,185.69730467155958,0.37974834624076,0.000626584771297254,OOD,OOD,-27.962242,-1.5763186
167,1,Circle,1,Circle,max_nhat,RELIABLE,RELIABLE,21.536832398797486,0.8668294803582146,0.001430268642591054,0,0.33409910533886955,1,1,True,135.714594302638,0.5327303750193451,0.0008790051187819193,OOD,OOD,21.536832398797486,0.8668294803582146,0.001430268642591054,RELIABLE,RELIABLE,205.81106405726547,0.3772332776228657,0.0006224349080777284,OOD,OOD,-34.358356,8.608984
168,1,Circle,1,Circle,max_nhat,RELIABLE,RELIABLE,21.301648449212035,0.8644663172990278,0.001426369423543396,0,0.2539712145203321,1,1,True,105.9791616628527,0.6104951027786957,0.0010073169195848478,OOD,OOD,21.301648449212035,0.8644663172990278,0.001426369423543396,RELIABLE,RELIABLE,183.80803381024745,0.37836809869558247,0.000624307362847711,OOD,OOD,-36.54642,2.9594512
169,1,Circle,1,Circle,max_nhat,RELIABLE,RELIABLE,20.33538044563349,0.8538684860245528,0.001408883001940512,0,0.3259639185840426,1,1,True,130.2774021816348,0.5279045674405102,0.0008710425362768418,OOD,OOD,20.33538044563349,0.8538684860245528,0.001408883001940512,RELIABLE,RELIABLE,193.63951644653844,0.384884793843248,0.0006350599098413591,OOD,OOD,-37.42613,7.351489
170,1,Circle,1,Circle,max_nhat,RELIABLE,RELIABLE,28.534437406372334,0.8682269477848799,0.0014325744638450518,0,0.3328860442370799,1,1,True,138.50722832008248,0.5353409035478,0.00088331249085387,OOD,OOD,28.534437406372334,0.8682269477848799,0.0014325744638450518,RELIABLE,RELIABLE,182.98193266934095,0.3836185014898475,0.0006329705274582484,OOD,OOD,-31.83573,10.674535
171,1,Circle,1,Circle,max_nhat,RELIABLE,RELIABLE,20.95332036252845,0.866017392776319,0.0014289286980809263,0,0.32943905743878554,1,1,True,163.60611893418744,0.5365783353375334,0.0008853542533069301,OOD,OOD,20.95332036252845,0.866017392776319,0.0014289286980809263,RELIABLE,RELIABLE,157.86360100112108,0.45369282769061,0.0007485931656895065,OOD,OOD,-38.83703,6.575258
172,1,Circle,1,Circle,max_nhat,UNRELIABLE,IDO,41.58677944667819,0.8645546803442051,0.0014265152225679384,0,0.3315041184134875,1,1,True,132.80701880067406,0.5330505619307176,0.0008795334271856841,OOD,OOD,41.58677944667819,0.8645546803442051,0.0014265152225679384,UNRELIABLE,IDO,164.75586906275862,0.45594100795202713,0.0007523026631208447,OOD,OOD,-32.89259,5.4560785
173,1,Circle,1,Circle,max_nhat,RELIABLE,RELIABLE,29.29332136415465,0.8716072602378755,0.0014381519793924945,0,0.2565393608384049,1,1,True,100.38299649506939,0.6150678993994706,0.0010148620340091265,OOD,OOD,29.29332136415465,0.8716072602378755,0.0014381519793924945,RELIABLE,RELIABLE,128.46663289248465,0.5392956901050696,0.0008898378886733649,OOD,OOD,-25.330976,14.989549
174,1,Circle,1,Circle,max_nhat,RELIABLE,RELIABLE,22.689241874652453,0.871900961273003,0.001438636586100455,0,0.1806597104659866,1,1,True,83.79482689725629,0.6912412508070164,0.001140548063831577,OOD,OOD,22.689241874652453,0.871900961273003,0.001438636586100455,RELIABLE,RELIABLE,136.00138623428705,0.5337783103991733,0.0008807342121586359,OOD,OOD,-32.00637,15.163783
175,1,Circle,1,Circle,max_nhat,RELIABLE,RELIABLE,28.639859867084855,0.8612138898099648,0.001421002918186442,0,0.33042496273570565,1,1,True,141.18877079643707,0.5307889270742592,0.0008758017296725276,OOD,OOD,28.639859867084855,0.8612138898099648,0.001421002918186442,RELIABLE,RELIABLE,169.34988838758565,0.4511725970016495,0.0007444347850527217,OOD,OOD,-21.841358,7.3818617
176,1,Circle,1,Circle,max_nhat,UNRELIABLE,IDO,38.880852771383346,0.8666511445665135,0.0014299743885347472,0,0.33629983416547915,1,1,True,123.37594735179347,0.5303513104010343,0.0008750796621617067,OOD,OOD,38.880852771383346,0.8666511445665135,0.0014299743885347472,UNRELIABLE,IDO,174.35641970573897,0.37166556359321284,0.0006132481799288012,OOD,OOD,-35.189972,4.7888417
177,1,Circle,1,Circle,max_nhat,RELIABLE,RELIABLE,25.770831874771602,0.8604291490385881,0.0014197080959136704,0,0.18508401212130599,1,1,True,89.5099914433412,0.6753451369172822,0.0011143194759135155,OOD,OOD,25.770831874771602,0.8604291490385881,0.0014197080959136704,RELIABLE,RELIABLE,153.89597913907187,0.4547052003543484,0.0007502635805846749,OOD,OOD,-24.455532,11.580863
178,1,Circle,1,Circle,max_nhat,RELIABLE,RELIABLE,34.754064784198825,0.8536849430743363,0.0014085801560726548,0,0.2590372836718984,1,1,True,142.37879092092433,0.5946476594024379,0.0009811686380140226,OOD,OOD,34.754064784198825,0.8536849430743363,0.0014085801560726548,RELIABLE,RELIABLE,145.66556542650932,0.5179096847648177,0.0008545509798619492,OOD,OOD,-27.997757,8.914919
179,1,Circle,1,Circle,max_nhat,UNRELIABLE,IDO,50.36938224421857,0.8574651643297858,0.0014148175211441466,0,0.2507848574601145,1,1,True,108.63009803765564,0.6066803068696713,0.0010010225063349578,OOD,OOD,50.36938224421857,0.8574651643297858,0.0014148175211441466,UNRELIABLE,IDO,150.8898516179635,0.45148523935385304,0.0007449506449338575,OOD,OOD,-27.286741,2.7838244
180,1,Circle,1,Circle,max_nhat,RELIABLE,RELIABLE,27.294675044722155,0.8504192981946612,0.001403191842021191,0,0.3293419731764474,1,1,True,124.188069601161,0.5210773250182138,0.0008597775862800528,OOD,OOD,27.294675044722155,0.8504192981946612,0.001403191842021191,RELIABLE,RELIABLE,190.7701151495906,0.3750862488400285,0.000618892310586047,OOD,OOD,-24.395264,-0.45148668
181,1,Circle,1,Circle,max_nhat,RELIABLE,RELIABLE,23.928815455390858,0.8687289336877428,0.0014334027405847756,0,0.2689163126082019,1,1,True,101.05542697686057,0.5998126210795409,0.0009896908247812425,OOD,OOD,23.928815455390858,0.8687289336877428,0.0014334027405847756,RELIABLE,RELIABLE,192.26232752789764,0.3775562515687937,0.0006229678150885096,OOD,OOD,-35.461994,2.2314575
182,1,Circle,1,Circle,max_nhat,UNRELIABLE,IDO,46.526535216234194,0.8609135127858238,0.0014205072960966094,0,0.2521900670180305,1,1,True,115.73881169844888,0.6087234457677934,0.0010043936855168591,OOD,OOD,46.526535216234194,0.8609135127858238,0.0014205072960966094,UNRELIABLE,IDO,170.52511231874647,0.4554702972644627,0.0007515259904863635,OOD,OOD,-31.980253,3.9013524
183,1,Circle,1,Circle,max_nhat,RELIABLE,RELIABLE,26.373943882176285,0.8624563529708138,0.0014230529824018428,0,0.26053579649442027,1,1,True,105.14861931730162,0.6019205564763935,0.0009931689181860493,OOD,OOD,26.373943882176285,0.8624563529708138,0.0014230529824018428,RELIABLE,RELIABLE,154.80208541815318,0.4577564719792308,0.0007552981787657308,OOD,OOD,-22.342207,13.307113
184,1,Circle,1,Circle,max_nhat,RELIABLE,RELIABLE,19.72123970240242,0.8620558461015568,0.0014223921460675688,0,0.24951476886608814,1,1,True,101.1353028076678,0.6125410772354687,0.0010106927774385234,OOD,OOD,19.72123970240242,0.8620558461015568,0.0014223921460675688,RELIABLE,RELIABLE,184.99735944199253,0.38990903511722136,0.0006433499079434152,OOD,OOD,-36.33793,2.8273501
185,1,Circle,1,Circle,max_nhat,RELIABLE,RELIABLE,30.142499379570346,0.8464038604615437,0.001396566369761547,0,0.24728454658706123,1,1,True,106.09250414843613,0.5991193138744825,0.000988546867892896,OOD,OOD,30.142499379570346,0.8464038604615437,0.001396566369761547,RELIABLE,RELIABLE,128.89545676947427,0.5301035326455641,0.0008746708288651808,OOD,OOD,-27.281532,12.471529
186,1,Circle,1,Circle,max_nhat,RELIABLE,RELIABLE,15.36199222337665,0.8802515759823223,0.0014524151003708317,0,0.3427064224664257,1,1,True,123.27138210809899,0.5375451535158966,0.0008869495033012294,OOD,OOD,15.36199222337665,0.8802515759823223,0.0014524151003708317,RELIABLE,RELIABLE,183.32078676728113,0.3811282101706741,0.0006288615467816123,OOD,OOD,-37.429867,6.875529
187,1,Circle,1,Circle,max_nhat,UNRELIABLE,IDO,43.19863747152395,0.8619041077670285,0.0014221417778155971,0,0.24401587476478126,1,1,True,100.08587222734754,0.6178882330022473,0.001019515584453708,OOD,OOD,43.19863747152395,0.8619041077670285,0.0014221417778155971,UNRELIABLE,IDO,175.55925291963368,0.39132065898503077,0.0006456790873253008,OOD,OOD,-34.36928,4.042191
188,1,Circle,1,Circle,max_nhat,RELIABLE,RELIABLE,23.523307023660095,0.8551929177539772,0.0014110683142940625,0,0.25160458416670306,1,1,True,112.19557326560562,0.6035883335872742,0.0009959207504190023,OOD,OOD,23.523307023660095,0.8551929177539772,0.0014110683142940625,RELIABLE,RELIABLE,170.83394573337915,0.44982474744178635,0.0007422108332789475,OOD,OOD,-33.23227,14.872413
189,1,Circle,1,Circle,max_nhat,RELIABLE,RELIABLE,22.744024521827885,0.8645286015459895,0.0014264721925508828,0,0.26713379364244916,1,1,True,112.11407524409479,0.5973948079035404,0.0009857014330408415,OOD,OOD,22.744024521827885,0.8645286015459895,0.0014264721925508828,RELIABLE,RELIABLE,143.9193278902851,0.5247342409678367,0.0008658114975969306,OOD,OOD,-29.852835,13.33562
190,1,Circle,1,Circle,max_nhat,RELIABLE,RELIABLE,23.415362195841595,0.8630877733194413,0.001424094825977078,0,0.2563859440098024,1,1,True,130.7699447985856,0.6067018293096389,0.0010010580183609041,OOD,OOD,23.415362195841595,0.8630877733194413,0.001424094825977078,RELIABLE,RELIABLE,133.39420996856342,0.5305347788003199,0.0008753823850205278,OOD,OOD,-27.551878,10.793406
191,1,Circle,1,Circle,max_nhat,RELIABLE,RELIABLE,25.30464775751593,0.8720030746106752,0.001438805073107614,0,0.33851186672028655,1,1,True,136.05081178947788,0.5334912078903886,0.0008802604930191413,OOD,OOD,25.30464775751593,0.8720030746106752,0.001438805073107614,RELIABLE,RELIABLE,139.59657034930433,0.5325709702317466,0.0008787421008823819,OOD,OOD,-27.37486,15.608318
192,1,Circle,1,Circle,max_nhat,RELIABLE,RELIABLE,25.020099816601043,0.8681886221101488,0.0014325112264817455,0,0.3394983461082347,1,1,True,143.41329897032875,0.5286902760019141,0.0008723389554031582,OOD,OOD,25.020099816601043,0.8681886221101488,0.0014325112264817455,RELIABLE,RELIABLE,198.58462325410343,0.3828545250833062,0.0006317099663874552,OOD,OOD,-22.64316,4.281473
193,1,Circle,1,Circle,max_nhat,RELIABLE,RELIABLE,20.77356609187996,0.843778362098272,0.0013922342974621487,0,0.24356173709593754,1,1,True,112.9041936941089,0.6002166250023344,0.0009903574312538517,OOD,OOD,20.77356609187996,0.843778362098272,0.0013922342974621487,RELIABLE,RELIABLE,194.98991534794544,0.381471366611632,0.0006294277549091928,OOD,OOD,-35.922558,8.351005
194,1,Circle,1,Circle,max_nhat,RELIABLE,RELIABLE,33.941605657945836,0.8590179845085993,0.0014173796744391888,0,0.17469918241315485,1,1,True,83.8628324595774,0.6843188020954445,0.0011291260234574834,OOD,OOD,33.941605657945836,0.8590179845085993,0.0014173796744391888,RELIABLE,RELIABLE,127.12665474182133,0.5336956386916033,0.0008805978038411454,OOD,OOD,-22.637905,11.62381
195,1,Circle,1,Circle,max_nhat,OOD,OOD,65.17512084487187,0.8742081041507408,0.0014424433718487222,0,0.33452891685640285,1,1,True,146.58079135133096,0.539679187294338,0.0008904706590356576,OOD,OOD,65.17512084487187,0.8742081041507408,0.0014424433718487222,OOD,OOD,184.44573315220003,0.3947500740762077,0.0006513376222257427,OOD,OOD,-32.145893,10.005818
196,1,Circle,1,Circle,max_nhat,RELIABLE,RELIABLE,26.78639124866414,0.8683741854551129,0.0014328174060009363,0,0.33123115593190033,1,1,True,161.90934596867262,0.5371430295232126,0.0008862859987133008,OOD,OOD,26.78639124866414,0.8683741854551129,0.0014328174060009363,RELIABLE,RELIABLE,164.81154928685774,0.46595234260737173,0.0007688213653021633,OOD,OOD,-29.480051,9.558137
197,1,Circle,1,Circle,max_nhat,RELIABLE,RELIABLE,18.66531808225389,0.8747651046186847,0.0014433624226208297,0,0.3485933889740006,1,1,True,154.83438621534705,0.5261717156446841,0.0008681833308137288,OOD,OOD,18.66531808225389,0.8747651046186847,0.0014433624226208297,RELIABLE,RELIABLE,158.8757516169352,0.45269275194893516,0.000746943040715743,OOD,OOD,-26.559143,8.275986
198,1,Circle,1,Circle,max_nhat,RELIABLE,RELIABLE,21.97210537828014,0.8631222041311065,0.0014241516368163258,0,0.25730993084288234,1,1,True,110.63319018253263,0.6058122732882242,0.0009995902509255699,OOD,OOD,21.97210537828014,0.8631222041311065,0.0014241516368163258,RELIABLE,RELIABLE,177.70330284192724,0.3792073228008697,0.000625692082621435,OOD,OOD,-37.566566,4.6657977
199,1,Circle,1,Circle,max_nhat,RELIABLE,RELIABLE,24.89823407438811,0.8622242097223359,0.0014226699460418543,0,0.25399674032041364,1,1,True,116.83602654813001,0.6082274694019223,0.0010035753245131718,OOD,OOD,24.89823407438811,0.8622242097223359,0.0014226699460418543,RELIABLE,RELIABLE,161.2361196495541,0.45826234853590714,0.0007561328750842468,OOD,OOD,-24.062162,4.975904
200,2,Triangle,2,Triangle,max_nhat,RELIABLE,RELIABLE,25.574283307489154,0.8635509762453392,0.0014248591108048097,0,0.28965588345415916,2,2,True,135.15218839597213,0.57389509279118,0.0009469269031054469,OOD,OOD,153.11225332467086,0.45405522119964525,0.0007491911149794146,OOD,OOD,25.574283307489154,0.8635509762453392,0.0014248591108048097,RELIABLE,RELIABLE,20.277706,17.22628
201,2,Triangle,2,Triangle,max_nhat,UNRELIABLE,IDO,41.16011754391513,0.8639067832804119,0.0014254461924126797,0,0.2975647481673608,2,2,True,152.19038864749658,0.5663420351130511,0.0009344643579365343,OOD,OOD,162.2549639305748,0.446614624785636,0.0007369141308962994,OOD,OOD,41.16011754391513,0.8639067832804119,0.0014254461924126797,UNRELIABLE,IDO,26.411823,22.462406
202,2,Triangle,2,Triangle,max_nhat,RELIABLE,RELIABLE,19.54299073553005,0.8727876219116398,0.0014400995761542057,0,0.29692913662951936,2,2,True,134.46084028124102,0.5758584852821205,0.0009501665007154988,OOD,OOD,122.89950984427364,0.5317354139075503,0.000877363432947458,OOD,OOD,19.54299073553005,0.8727876219116398,0.0014400995761542057,RELIABLE,RELIABLE,20.862534,18.068981
203,2,Triangle,2,Triangle,max_nhat,RELIABLE,RELIABLE,35.51709841470569,0.8679078020971258,0.0014320478734602576,0,0.29321853142298626,2,2,True,132.67924796322447,0.5746892706741396,0.0009482372966123302,OOD,OOD,164.5483183813588,0.45481074437976327,0.0007504377282266094,OOD,OOD,35.51709841470569,0.8679078020971258,0.0014320478734602576,RELIABLE,RELIABLE,16.156397,20.686144
204,2,Triangle,2,Triangle,max_nhat,RELIABLE,RELIABLE,22.760914942537074,0.8719291108663193,0.0014386830329294268,0,0.22038259178625696,2,2,True,114.81301681485051,0.6515465190800623,0.001075051756482103,OOD,OOD,133.80785547695288,0.5139174438220148,0.0008479637823063244,OOD,OOD,22.760914942537074,0.8719291108663193,0.0014386830329294268,RELIABLE,RELIABLE,24.005661,27.386293
205,2,Triangle,2,Triangle,max_nhat,RELIABLE,RELIABLE,24.30504594524978,0.8710594494010933,0.001437248091511804,0,0.2241607852188644,2,2,True,117.12712758436876,0.6468986641822289,0.0010673827959006776,OOD,OOD,138.59815651224093,0.5185832332361593,0.0008556623348396628,OOD,OOD,24.30504594524978,0.8710594494010933,0.001437248091511804,RELIABLE,RELIABLE,14.393668,15.152606
206,2,Triangle,2,Triangle,max_nhat,RELIABLE,RELIABLE,26.432881623735366,0.864780013459581,0.0014268870222083087,0,0.22498634598756828,2,2,True,112.58516604896063,0.6397936674720127,0.001055659551328821,OOD,OOD,149.34042982329595,0.5158636785274644,0.0008511750695703163,OOD,OOD,26.432881623735366,0.864780013459581,0.0014268870222083087,RELIABLE,RELIABLE,19.867098,22.538385
207,2,Triangle,2,Triangle,max_nhat,RELIABLE,RELIABLE,30.996912688682873,0.8666493549685035,0.0014299714356980308,0,0.29702120023597756,2,2,True,136.7151387748071,0.5696281547325259,0.0009398864553086678,OOD,OOD,154.28250230663696,0.4501652703285012,0.0007427726960420269,OOD,OOD,30.996912688682873,0.8666493549685035,0.0014299714356980308,RELIABLE,RELIABLE,22.619852,17.315475
208,2,Triangle,2,Triangle,max_nhat,RELIABLE,RELIABLE,28.474857606579175,0.8732832548855899,0.0014409173705612233,0,0.22699562711817367,2,2,True,114.8512805064633,0.6462876277674162,0.0010663745858162368,OOD,OOD,151.0477296310486,0.4509145810408639,0.0007440090587174255,OOD,OOD,28.474857606579175,0.8732832548855899,0.0014409173705612233,RELIABLE,RELIABLE,27.169786,11.237837
209,2,Triangle,2,Triangle,max_nhat,RELIABLE,RELIABLE,22.890219506268437,0.8716980095983254,0.001438301715837237,0,0.22652468806446857,2,2,True,88.37216862568482,0.6451733215338569,0.0010645359805308639,OOD,OOD,178.453635417678,0.44898136465886146,0.0007408192516871214,OOD,OOD,22.890219506268437,0.8716980095983254,0.001438301715837237,RELIABLE,RELIABLE,24.410954,20.073292
210,2,Triangle,2,Triangle,max_nhat,RELIABLE,RELIABLE,27.584802805987373,0.8631546059956124,0.0014242050998927605,0,0.2196042868252912,2,2,True,121.8829682538953,0.6435503191703212,0.00106185802663103,OOD,OOD,157.8431713280537,0.4457287945016298,0.0007354525109276891,OOD,OOD,27.584802805987373,0.8631546059956124,0.0014242050998927605,RELIABLE,RELIABLE,23.408518,14.2997875
211,2,Triangle,2,Triangle,max_nhat,RELIABLE,RELIABLE,24.97976679693607,0.85945041203008,0.001418093179849632,0,0.1438628430454213,2,2,True,84.95973947467245,0.7155875689846587,0.0011807194888246869,OOD,OOD,134.49256637581746,0.5295578073038125,0.0008737703820512907,OOD,OOD,24.97976679693607,0.85945041203008,0.001418093179849632,RELIABLE,RELIABLE,23.283833,13.3643
212,2,Triangle,2,Triangle,max_nhat,RELIABLE,RELIABLE,29.328158666431836,0.865531366676591,0.0014281267550163752,0,0.2276783853502835,2,2,True,112.56065621329726,0.6378529813263075,0.0010524574191884074,OOD,OOD,151.72315099575945,0.44954147268456196,0.0007417434299295272,OOD,OOD,29.328158666431836,0.865531366676591,0.0014281267550163752,RELIABLE,RELIABLE,19.181877,25.294283
213,2,Triangle,2,Triangle,max_nhat,RELIABLE,RELIABLE,23.542699465984498,0.8672010201456524,0.0014308816832403265,0,0.22299822870886388,2,2,True,119.73362995042538,0.6442027914367885,0.001062934605870701,OOD,OOD,166.9900561494922,0.4552886886401431,0.0007512263362562361,OOD,OOD,23.542699465984498,0.8672010201456524,0.0014308816832403265,RELIABLE,RELIABLE,29.029621,17.146942
214,2,Triangle,2,Triangle,max_nhat,RELIABLE,RELIABLE,29.176300778036214,0.8599600265171514,0.0014189340437532998,0,0.2190465137867763,2,2,True,120.83045652843516,0.6409135127303751,0.001057507296005119,OOD,OOD,158.55246684455147,0.44878280770722184,0.000740491632716916,OOD,OOD,29.176300778036214,0.8599600265171514,0.0014189340437532998,RELIABLE,RELIABLE,27.18417,11.274417
215,2,Triangle,2,Triangle,max_nhat,RELIABLE,RELIABLE,23.72832345814799,0.8779923742087365,0.0014486874174444153,0,0.22983166324458848,2,2,True,115.83361524213768,0.6481607109641481,0.0010694651730908443,OOD,OOD,170.88152160465742,0.4523945986129943,0.0007464510877114406,OOD,OOD,23.72832345814799,0.8779923742087365,0.0014486874174444153,RELIABLE,RELIABLE,26.21357,24.793547
216,2,Triangle,2,Triangle,max_nhat,RELIABLE,RELIABLE,36.3297770037225,0.8625465386881545,0.0014232017888354549,0,0.29415483617967564,2,2,True,156.12922445056765,0.5683917025084788,0.00093784630913899,OOD,OOD,165.9275351924584,0.44570268008080155,0.0007354094221333226,OOD,OOD,36.3297770037225,0.8625465386881545,0.0014232017888354549,RELIABLE,RELIABLE,17.58621,12.897672
217,2,Triangle,2,Triangle,max_nhat,RELIABLE,RELIABLE,19.978676681672944,0.8707674927126846,0.0014367663629759296,0,0.2235545482060287,2,2,True,114.26371593795231,0.6472129445066559,0.0010679013584359823,OOD,OOD,140.58235234832597,0.53617861954142,0.000884694722243343,OOD,OOD,19.978676681672944,0.8707674927126846,0.0014367663629759296,RELIABLE,RELIABLE,18.377337,23.425928
218,2,Triangle,2,Triangle,max_nhat,RELIABLE,RELIABLE,23.93314042518633,0.8828288328180462,0.0014566675741497764,0,0.3030234438175249,2,2,True,114.59532591525405,0.5798053890005214,0.0009566788918508603,OOD,OOD,148.5692241092431,0.46080005790340545,0.000760320095540619,OOD,OOD,23.93314042518633,0.8828288328180462,0.0014566675741497764,RELIABLE,RELIABLE,14.08441,13.390803
219,2,Triangle,2,Triangle,max_nhat,RELIABLE,RELIABLE,25.256304185251857,0.8743288635675978,0.0014426426248865362,0,0.29490178393229094,2,2,True,133.16910036112589,0.5794270796353068,0.0009560546813982562,OOD,OOD,132.0167308779243,0.537499534722602,0.0008868742322922934,OOD,OOD,25.256304185251857,0.8743288635675978,0.0014426426248865362,RELIABLE,RELIABLE,21.338634,22.085886
220,2,Triangle,2,Triangle,max_nhat,RELIABLE,RELIABLE,32.564176612568765,0.8557499086782033,0.0014119873493190355,0,0.2908653278999813,2,2,True,139.787516154344,0.564884580778222,0.0009320595582840663,OOD,OOD,162.87405303699518,0.4452775884848903,0.000734708021000069,OOD,OOD,32.564176612568765,0.8557499086782033,0.0014119873493190355,RELIABLE,RELIABLE,20.005806,16.973013
221,2,Triangle,2,Triangle,max_nhat,RELIABLE,RELIABLE,30.21600843384667,0.869303074388157,0.001434350072740459,0,0.2949325368317164,2,2,True,125.05202481206608,0.5743705375564406,0.0009477113869681271,OOD,OOD,196.47738010908841,0.38702762980594574,0.0006385955891798105,OOD,OOD,30.21600843384667,0.869303074388157,0.001434350072740459,RELIABLE,RELIABLE,23.120752,19.253717
222,2,Triangle,2,Triangle,max_nhat,RELIABLE,RELIABLE,34.927613584058584,0.8714632833784143,0.0014379144175743835,0,0.2943345626977436,2,2,True,135.1437473369207,0.5771287206806707,0.0009522623891231066,OOD,OOD,156.64039484489732,0.45734212207807523,0.0007546145014288242,OOD,OOD,34.927613584058584,0.8714632833784143,0.0014379144175743835,RELIABLE,RELIABLE,17.448277,16.27565
223,2,Triangle,2,Triangle,max_nhat,RELIABLE,RELIABLE,30.656757663505015,0.8670293889321413,0.0014305984917380333,0,0.2958833863935415,2,2,True,141.27838054267806,0.5711460025385998,0.0009423909041886897,OOD,OOD,140.17559660096853,0.5280651269697881,0.0008713074595001505,OOD,OOD,30.656757663505015,0.8670293889321413,0.0014305984917380333,RELIABLE,RELIABLE,17.839539,19.47637
224,2,Triangle,2,Triangle,max_nhat,RELIABLE,RELIABLE,29.807573250380596,0.8651203143723166,0.0014274485187143224,0,0.15165938842568294,2,2,True,93.77505245803378,0.7134609259466337,0.0011772105278119456,OOD,OOD,138.39705691927804,0.5201740396005423,0.0008582871653408948,OOD,OOD,29.807573250380596,0.8651203143723166,0.0014274485187143224,RELIABLE,RELIABLE,25.36688,14.6026945
225,2,Triangle,2,Triangle,max_nhat,RELIABLE,RELIABLE,19.902865634275514,0.8756457462177679,0.001444815481259317,0,0.22510816176874882,2,2,True,122.4548231793318,0.6505375844490191,0.0010733870143408814,OOD,OOD,182.33986789249022,0.4618511803709409,0.0007620544476120525,OOD,OOD,19.902865634275514,0.8756457462177679,0.001444815481259317,RELIABLE,RELIABLE,20.189661,8.695729
226,2,Triangle,2,Triangle,max_nhat,RELIABLE,RELIABLE,23.054092049297434,0.8778905532783408,0.0014485194129092622,0,0.22511937569843743,2,2,True,116.60434516704704,0.6527711775799033,0.0010770724430068405,OOD,OOD,153.54646202332862,0.4582983797968893,0.0007561923266648674,OOD,OOD,23.054092049297434,0.8778905532783408,0.0014485194129092622,RELIABLE,RELIABLE,24.415344,9.04079
227,2,Triangle,2,Triangle,max_nhat,RELIABLE,RELIABLE,23.385264559277008,0.8621123262281425,0.001422485338276435,0,0.2249710412622581,2,2,True,114.9510593886799,0.6371412849658844,0.0010512831201937092,OOD,OOD,128.17590365601328,0.5257751540266272,0.000867529004143935,OOD,OOD,23.385264559277008,0.8621123262281425,0.001422485338276435,RELIABLE,RELIABLE,21.283146,10.169477
228,2,Triangle,2,Triangle,max_nhat,RELIABLE,RELIABLE,24.32596854114123,0.8684182814859887,0.0014328901644518812,0,0.23006055619662824,2,2,True,123.45026597261773,0.6383577252893604,0.0010532902467274446,OOD,OOD,193.68839936888833,0.44893669070264575,0.0007407455396593655,OOD,OOD,24.32596854114123,0.8684182814859887,0.0014328901644518812,RELIABLE,RELIABLE,20.120638,8.518569
229,2,Triangle,2,Triangle,max_nhat,RELIABLE,RELIABLE,33.94957770085684,0.8655768223325482,0.0014282017568487044,0,0.29746579015823993,2,2,True,131.44292941565135,0.5681110321743083,0.0009373832030876085,OOD,OOD,163.92374091873677,0.4495994487713284,0.0007418390904726918,OOD,OOD,33.94957770085684,0.8655768223325482,0.0014282017568487044,RELIABLE,RELIABLE,14.232646,17.10656
230,2,Triangle,2,Triangle,max_nhat,RELIABLE,RELIABLE,21.539198532970055,0.8691602923581145,0.001434114482390889,0,0.22637748490296095,2,2,True,109.06577522733315,0.6427828074551536,0.0010605916323010035,OOD,OOD,184.16187745414646,0.3732266666318993,0.0006158239999426338,OOD,OOD,21.539198532970055,0.8691602923581145,0.001434114482390889,RELIABLE,RELIABLE,27.746584,19.110231
231,2,Triangle,2,Triangle,max_nhat,UNRELIABLE,IDO,39.07200167270681,0.8699617843659032,0.0014354369442037404,0,0.2975078120269464,2,2,True,133.0502176151161,0.5724539723389568,0.0009445490543592787,OOD,OOD,160.57737398137508,0.45165006740538255,0.0007452226112188812,OOD,OOD,39.07200167270681,0.8699617843659032,0.0014354369442037404,UNRELIABLE,IDO,29.500942,19.481083
232,2,Triangle,2,Triangle,max_nhat,RELIABLE,RELIABLE,28.215960594943766,0.8658312331776074,0.001428621534743052,0,0.22167618834247627,2,2,True,114.96959659927396,0.6441550448351311,0.0010628558239779663,OOD,OOD,137.898955162858,0.5266521125124081,0.0008689759856454732,OOD,OOD,28.215960594943766,0.8658312331776074,0.001428621534743052,RELIABLE,RELIABLE,21.13801,11.951374
233,2,Triangle,2,Triangle,max_nhat,RELIABLE,RELIABLE,27.40011215141606,0.8616877976946102,0.001421784866196107,0,0.21838752705279618,2,2,True,118.50689120269017,0.643300270641814,0.0010614454465589932,OOD,OOD,163.12199344678083,0.44364628513096627,0.0007320163704660944,OOD,OOD,27.40011215141606,0.8616877976946102,0.001421784866196107,RELIABLE,RELIABLE,27.528059,15.759324
234,2,Triangle,2,Triangle,max_nhat,RELIABLE,RELIABLE,37.337811467193205,0.8598900027062538,0.0014188185044653188,0,0.2970679701041742,2,2,True,141.97272764484782,0.5628220326020796,0.0009286563537934313,OOD,OOD,189.7773868376507,0.37121890344430447,0.0006125111906831024,OOD,OOD,37.337811467193205,0.8598900027062538,0.0014188185044653188,RELIABLE,RELIABLE,16.298883,24.224092
235,2,Triangle,2,Triangle,max_nhat,RELIABLE,RELIABLE,24.98098185169046,0.8619974147391536,0.0014222957343196035,0,0.22453088377010144,2,2,True,112.44254660586735,0.6374665309690521,0.001051819776098936,OOD,OOD,159.62104252971125,0.45257274274093395,0.000746745025522541,OOD,OOD,24.98098185169046,0.8619974147391536,0.0014222957343196035,RELIABLE,RELIABLE,23.019161,9.8971615
236,2,Triangle,2,Triangle,max_nhat,RELIABLE,RELIABLE,22.272059046181873,0.8702854163660173,0.0014359709370039286,0,0.22404842622435628,2,2,True,113.00416678528549,0.646236990141661,0.0010662910337337407,OOD,OOD,152.25951193531378,0.4507179959702909,0.0007436846933509799,OOD,OOD,22.272059046181873,0.8702854163660173,0.0014359709370039286,RELIABLE,RELIABLE,24.655436,8.954691
237,2,Triangle,2,Triangle,max_nhat,RELIABLE,RELIABLE,32.66894754227655,0.8575036184188455,0.001414880970391095,0,0.2971518172747233,2,2,True,134.78046609444377,0.5603518011441222,0.0009245804718878017,OOD,OOD,161.8644672796128,0.4470763736071295,0.0007376760164517636,OOD,OOD,32.66894754227655,0.8575036184188455,0.001414880970391095,RELIABLE,RELIABLE,14.341336,16.728428
238,2,Triangle,2,Triangle,max_nhat,RELIABLE,RELIABLE,24.94122885536351,0.8588121151845383,0.0014170399900544882,0,0.22163006587242517,2,2,True,116.1573288665325,0.6371820493121131,0.0010513503813649866,OOD,OOD,149.1643003532035,0.5199796820180439,0.0008579664753297724,OOD,OOD,24.94122885536351,0.8588121151845383,0.0014170399900544882,RELIABLE,RELIABLE,23.04156,24.50522
239,2,Triangle,2,Triangle,max_nhat,RELIABLE,RELIABLE,25.85702891528308,0.8632944322155777,0.001424435813155703,0,0.23016342968498305,2,2,True,109.89208372947921,0.6331310025305946,0.001044666154175481,OOD,OOD,162.26166362820018,0.4483860297612882,0.0007398369491061255,OOD,OOD,25.85702891528308,0.8632944322155777,0.001424435813155703,RELIABLE,RELIABLE,19.132868,21.304718
240,2,Triangle,2,Triangle,max_nhat,RELIABLE,RELIABLE,22.17677588058292,0.8581244065113675,0.0014159052707437563,0,0.2923983782049866,2,2,True,136.827418836026,0.5657260283063809,0.0009334479467055283,OOD,OOD,213.2764167535496,0.3742792074929614,0.0006175606923633863,OOD,OOD,22.17677588058292,0.8581244065113675,0.0014159052707437563,RELIABLE,RELIABLE,26.490662,19.122465
241,2,Triangle,2,Triangle,max_nhat,RELIABLE,RELIABLE,29.38730564160333,0.8648100293257047,0.0014269365483874127,0,0.3009208412448905,2,2,True,133.3919096995136,0.5638891880808142,0.0009304171603333434,OOD,OOD,159.58143008791046,0.45056372962558705,0.0007434301538822186,OOD,OOD,29.38730564160333,0.8648100293257047,0.0014269365483874127,RELIABLE,RELIABLE,21.109089,23.837046
242,2,Triangle,2,Triangle,max_nhat,RELIABLE,RELIABLE,34.95147468389476,0.8644443970018963,0.001426333255053129,0,0.2236078951184447,2,2,True,123.84164143144969,0.6408365018834516,0.0010573802281076952,OOD,OOD,141.56069117694807,0.5234940119405735,0.0008637651197019463,OOD,OOD,34.95147468389476,0.8644443970018963,0.001426333255053129,RELIABLE,RELIABLE,19.274353,26.80381
243,2,Triangle,2,Triangle,max_nhat,RELIABLE,RELIABLE,27.556888293440213,0.8621671791877598,0.0014225758456598036,0,0.21898054109723097,2,2,True,115.30557357778243,0.6431866380905288,0.0010612579528493725,OOD,OOD,143.89614922731766,0.5290674757751747,0.0008729613350290383,OOD,OOD,27.556888293440213,0.8621671791877598,0.0014225758456598036,RELIABLE,RELIABLE,21.21632,11.862607
244,2,Triangle,2,Triangle,max_nhat,RELIABLE,RELIABLE,29.90709685980745,0.8617303580734037,0.0014218550908211161,0,0.2963792685390503,2,2,True,135.76779817576292,0.5653510895343534,0.0009328292977316832,OOD,OOD,160.1467211639602,0.45035028455593756,0.0007430779695172969,OOD,OOD,29.90709685980745,0.8617303580734037,0.0014218550908211161,RELIABLE,RELIABLE,20.186447,16.86106
245,2,Triangle,2,Triangle,max_nhat,RELIABLE,RELIABLE,22.827890317678296,0.8665437699156991,0.0014297972203609036,0,0.22420385480557503,2,2,True,107.31807970405849,0.6423399151101241,0.0010598608599317048,OOD,OOD,191.32326157263387,0.3718219987442445,0.0006135062979280034,OOD,OOD,22.827890317678296,0.8665437699156991,0.0014297972203609036,RELIABLE,RELIABLE,27.41149,17.420074
246,2,Triangle,2,Triangle,max_nhat,RELIABLE,RELIABLE,26.654338893840993,0.8745918817572457,0.0014430766048994553,0,0.2287710425762428,2,2,True,130.5936227646716,0.6458208391810029,0.0010656043846486547,OOD,OOD,186.08100862708685,0.37856313504197414,0.0006246291728192573,OOD,OOD,26.654338893840993,0.8745918817572457,0.0014430766048994553,RELIABLE,RELIABLE,28.421667,22.92738
247,2,Triangle,2,Triangle,max_nhat,RELIABLE,RELIABLE,23.35618291270039,0.8632331103014558,0.001424334631997402,0,0.29666544266241945,2,2,True,143.69910870429706,0.5665676676390363,0.0009348366516044098,OOD,OOD,213.19883140825664,0.36620366857190206,0.0006042360531436384,OOD,OOD,23.35618291270039,0.8632331103014558,0.001424334631997402,RELIABLE,RELIABLE,12.513924,16.769302
248,2,Triangle,2,Triangle,max_nhat,RELIABLE,RELIABLE,30.368225256817258,0.8705668821181572,0.0014364353554949594,0,0.22202949980400188,2,2,True,111.81784635963687,0.6485373823141554,0.0010700866808183564,OOD,OOD,162.49749389102908,0.4542156860728186,0.0007494558820201507,OOD,OOD,30.368225256817258,0.8705668821181572,0.0014364353554949594,RELIABLE,RELIABLE,18.742353,14.335743
249,2,Triangle,2,Triangle,max_nhat,RELIABLE,RELIABLE,21.51443781411252,0.872056824534128,0.0014388937604813113,0,0.14868214461796359,2,2,True,97.85544935217506,0.7233746799161644,0.0011935682218616713,OOD,OOD,163.50741243654025,0.4592125887619228,0.0007577007714571726,OOD,OOD,21.51443781411252,0.872056824534128,0.0014388937604813113,RELIABLE,RELIABLE,25.008558,16.716484
250,2,Triangle,2,Triangle,max_nhat,RELIABLE,RELIABLE,34.04105469258333,0.859911270281617,0.0014188535959646679,0,0.22181861588236407,2,2,True,118.34813657716806,0.6380926543992529,0.0010528528797587673,OOD,OOD,161.81880598492674,0.4533801822605081,0.0007480773007298384,OOD,OOD,34.04105469258333,0.859911270281617,0.0014188535959646679,RELIABLE,RELIABLE,23.585829,11.339815
251,2,Triangle,2,Triangle,max_nhat,RELIABLE,RELIABLE,30.618323308572666,0.8589315100741739,0.001417236991622387,0,0.28832853840781203,2,2,True,153.14573160185046,0.5706029716663619,0.0009414949032494971,OOD,OOD,172.83470447554743,0.44197612209902226,0.0007292606014633867,OOD,OOD,30.618323308572666,0.8589315100741739,0.001417236991622387,RELIABLE,RELIABLE,12.712569,14.418137
252,2,Triangle,2,Triangle,max_nhat,RELIABLE,RELIABLE,30.97810576513815,0.8694271710826448,0.001434554832286364,0,0.22352467338549908,2,2,True,113.87298572021001,0.6459024976971457,0.0010657391212002905,OOD,OOD,166.32707870661315,0.45043625298343976,0.0007432198174226756,OOD,OOD,30.97810576513815,0.8694271710826448,0.001434554832286364,RELIABLE,RELIABLE,22.281223,26.483582
253,2,Triangle,2,Triangle,max_nhat,RELIABLE,RELIABLE,30.114198651456814,0.8628320860296431,0.0014236729419489112,0,0.29359734119885716,2,2,True,155.4760426843792,0.569234744830786,0.0009392373289707968,OOD,OOD,187.53240967070175,0.3805506455577926,0.0006279085651703578,OOD,OOD,30.114198651456814,0.8628320860296431,0.0014236729419489112,RELIABLE,RELIABLE,30.037073,13.92435
254,2,Triangle,2,Triangle,max_nhat,RELIABLE,RELIABLE,21.02124344931812,0.869424502774875,0.001434550429578544,0,0.2960543030198931,2,2,True,136.05491929754115,0.5733701997549819,0.0009460608295957202,OOD,OOD,174.49587173873374,0.45505496045355515,0.000750840684748366,OOD,OOD,21.02124344931812,0.869424502774875,0.001434550429578544,RELIABLE,RELIABLE,24.26406,18.96555
255,2,Triangle,2,Triangle,max_nhat,RELIABLE,RELIABLE,37.24651194299826,0.8652999897859255,0.001427744983146777,0,0.3022973325245465,2,2,True,138.9280718928527,0.563002657261379,0.0009289543844812753,OOD,OOD,157.2694184894285,0.4536701737207704,0.0007485557866392711,OOD,OOD,37.24651194299826,0.8652999897859255,0.001427744983146777,RELIABLE,RELIABLE,30.465025,12.419511
256,2,Triangle,2,Triangle,max_nhat,RELIABLE,RELIABLE,28.398749759349325,0.8743648368707208,0.0014427019808366892,0,0.22279149782413543,2,2,True,110.08785616911432,0.6515733390465853,0.0010750960094268657,OOD,OOD,130.9271242347357,0.5354487461097522,0.0008834904310810912,OOD,OOD,28.398749759349325,0.8743648368707208,0.0014427019808366892,RELIABLE,RELIABLE,26.853994,14.707758
257,2,Triangle,2,Triangle,max_nhat,RELIABLE,RELIABLE,21.1162589594573,0.8590049140727356,0.0014173581082200138,0,0.14207499186741168,2,2,True,99.8740151428484,0.7169299222053239,0.0011829343716387845,OOD,OOD,140.47870871446864,0.5196698725246155,0.0008574552896656156,OOD,OOD,21.1162589594573,0.8590049140727356,0.0014173581082200138,RELIABLE,RELIABLE,21.10293,26.159767
258,2,Triangle,2,Triangle,max_nhat,RELIABLE,RELIABLE,26.360854525523,0.8633363957372364,0.00142450505296644,0,0.29722418887564994,2,2,True,141.55301580510545,0.5661122068615865,0.0009340851413216177,OOD,OOD,201.08150038958732,0.4480846161306471,0.0007393396166155677,OOD,OOD,26.360854525523,0.8633363957372364,0.00142450505296644,RELIABLE,RELIABLE,12.848749,15.645683
259,2,Triangle,2,Triangle,max_nhat,RELIABLE,RELIABLE,27.980076752371772,0.863702052423107,0.0014251083864981267,0,0.22383121537490336,2,2,True,120.40938710940499,0.6398708370482037,0.001055786881129536,OOD,OOD,158.53660184176823,0.4311368255838586,0.0007113757622133666,OOD,OOD,27.980076752371772,0.863702052423107,0.0014251083864981267,RELIABLE,RELIABLE,17.851374,24.898634
260,2,Triangle,2,Triangle,max_nhat,RELIABLE,RELIABLE,32.03526285911883,0.8689099166536756,0.0014337013624785646,0,0.29315894819116683,2,2,True,135.66568600060305,0.5757509684625087,0.0009499890979631395,OOD,OOD,151.55364259590885,0.45541189095287093,0.000751429620072237,OOD,OOD,32.03526285911883,0.8689099166536756,0.0014337013624785646,RELIABLE,RELIABLE,22.047495,20.911186
261,2,Triangle,2,Triangle,max_nhat,RELIABLE,RELIABLE,22.34561540366131,0.8568265668121827,0.0014137638352401014,0,0.22144889971636117,2,2,True,123.23477573412278,0.6353776670958216,0.0010483731507081055,OOD,OOD,179.53115516227294,0.44303114576686753,0.0007310013905153314,OOD,OOD,22.34561540366131,0.8568265668121827,0.0014137638352401014,RELIABLE,RELIABLE,18.163084,26.669878
262,2,Triangle,2,Triangle,max_nhat,RELIABLE,RELIABLE,34.84708646635004,0.8706415142365599,0.0014365584984903238,0,0.2954818181636285,2,2,True,137.58283418259103,0.5751596960729314,0.0009490134985203367,OOD,OOD,142.24931689589602,0.5405236612957984,0.0008918640411380675,OOD,OOD,34.84708646635004,0.8706415142365599,0.0014365584984903238,RELIABLE,RELIABLE,23.061226,22.612638
263,2,Triangle,2,Triangle,max_nhat,RELIABLE,RELIABLE,27.23693001701144,0.8681723207487346,0.001432484329235412,0,0.29453551713627657,2,2,True,151.41446133797174,0.5736368036124581,0.0009465007259605557,OOD,OOD,191.7046914392524,0.3786312696161517,0.0006247415948666502,OOD,OOD,27.23693001701144,0.8681723207487346,0.001432484329235412,RELIABLE,RELIABLE,29.234701,17.755537
264,2,Triangle,2,Triangle,max_nhat,UNRELIABLE,IDO,38.774308579792695,0.8786007812098682,0.0014496912889962825,0,0.30496159167724557,2,2,True,132.71026638678896,0.5736391895326226,0.0009465046627288273,OOD,OOD,158.12725277242217,0.45381921261132796,0.0007488017008086911,OOD,OOD,38.774308579792695,0.8786007812098682,0.0014496912889962825,UNRELIABLE,IDO,28.666813,10.120152
265,2,Triangle,2,Triangle,max_nhat,RELIABLE,RELIABLE,25.1542130183361,0.8710033739726174,0.0014371555670548188,0,0.2235532742974039,2,2,True,105.53532773082598,0.6474500996752135,0.0010682926644641022,OOD,OOD,139.21363488285866,0.5272669948294902,0.0008699905414686589,OOD,OOD,25.1542130183361,0.8710033739726174,0.0014371555670548188,RELIABLE,RELIABLE,23.435663,15.625207
266,2,Triangle,2,Triangle,max_nhat,RELIABLE,RELIABLE,34.440552818344194,0.8562491759683983,0.0014128111403478572,0,0.21931374821215222,2,2,True,120.49297814664699,0.6369354277562461,0.0010509434557978061,OOD,OOD,161.4060186334974,0.4466940735663767,0.0007370452213845216,OOD,OOD,34.440552818344194,0.8562491759683983,0.0014128111403478572,RELIABLE,RELIABLE,22.12611,10.6667385
267,2,Triangle,2,Triangle,max_nhat,RELIABLE,RELIABLE,25.196471660467132,0.8677956594387178,0.0014318628380738845,0,0.3008369807339607,2,2,True,129.654860759359,0.5669586787047571,0.0009354818198628493,OOD,OOD,161.83255149860537,0.44788829587867524,0.0007390156881998142,OOD,OOD,25.196471660467132,0.8677956594387178,0.0014318628380738845,RELIABLE,RELIABLE,14.075066,13.350425
268,2,Triangle,2,Triangle,max_nhat,RELIABLE,RELIABLE,22.720617771778553,0.8628441618327516,0.00142369286702404,0,0.22690971428182394,2,2,True,110.76111271284294,0.6359344475509277,0.0010492918384590307,OOD,OOD,171.88602119021482,0.4470023614116077,0.0007375538963291527,OOD,OOD,22.720617771778553,0.8628441618327516,0.00142369286702404,RELIABLE,RELIABLE,25.192429,26.62005
269,2,Triangle,2,Triangle,max_nhat,RELIABLE,RELIABLE,19.55369664742711,0.8660246321837398,0.0014289406431031706,0,0.22298944511425867,2,2,True,105.55119533400467,0.6430351870694812,0.001061008058664644,OOD,OOD,162.14816268306237,0.4507989073886797,0.0007438181971913216,OOD,OOD,19.55369664742711,0.8660246321837398,0.0014289406431031706,RELIABLE,RELIABLE,19.726969,15.125457
270,2,Triangle,2,Triangle,max_nhat,RELIABLE,RELIABLE,32.280813601471856,0.868193674797115,0.0014325195634152397,0,0.22477451628165224,2,2,True,119.10600469523676,0.6434191585154627,0.0010616416115505135,OOD,OOD,134.50603482476618,0.5169747998890326,0.0008530084198169038,OOD,OOD,32.280813601471856,0.868193674797115,0.0014325195634152397,RELIABLE,RELIABLE,19.15116,10.51655
271,2,Triangle,2,Triangle,max_nhat,RELIABLE,RELIABLE,24.995516106934627,0.8653544563567127,0.001427834852988576,0,0.2292499158935445,2,2,True,120.16779658289882,0.6361045404631682,0.0010495724917642276,OOD,OOD,170.88824292424187,0.45060484230568476,0.0007434979898043798,OOD,OOD,24.995516106934627,0.8653544563567127,0.001427834852988576,RELIABLE,RELIABLE,26.053083,24.915775
272,2,Triangle,2,Triangle,max_nhat,RELIABLE,RELIABLE,26.244675372921566,0.863315100594497,0.00142446991598092,0,0.2939506877771654,2,2,True,141.97379482393418,0.5693644128173316,0.0009394512811485972,OOD,OOD,139.4218551570256,0.5200571301306245,0.0008580942647155303,OOD,OOD,26.244675372921566,0.863315100594497,0.00142446991598092,RELIABLE,RELIABLE,19.838818,18.984339
273,2,Triangle,2,Triangle,max_nhat,RELIABLE,RELIABLE,22.883470773370092,0.8707703550355995,0.0014367710858087391,0,0.22650259924127913,2,2,True,107.66422972534149,0.6442677557943204,0.0010630417970606287,OOD,OOD,141.05768063313815,0.52465458405381,0.0008656800636887866,OOD,OOD,22.883470773370092,0.8707703550355995,0.0014367710858087391,RELIABLE,RELIABLE,24.062239,27.338337
274,2,Triangle,2,Triangle,max_nhat,RELIABLE,RELIABLE,29.1628126819933,0.8657467122199464,0.0014284820751629115,0,0.22108789782588978,2,2,True,120.2722968325567,0.6446588143940566,0.0010636870437501934,OOD,OOD,124.03436843309153,0.5268381633023363,0.000869282969448855,OOD,OOD,29.1628126819933,0.8657467122199464,0.0014284820751629115,RELIABLE,RELIABLE,19.213991,10.550076
275,2,Triangle,2,Triangle,max_nhat,RELIABLE,RELIABLE,27.971111233704864,0.8652238760716575,0.001427619395518235,0,0.2190844800140882,2,2,True,108.78856653135921,0.6461393960575693,0.0010661300034949894,OOD,OOD,169.16903374627623,0.45610558462007794,0.0007525742146231286,OOD,OOD,27.971111233704864,0.8652238760716575,0.001427619395518235,RELIABLE,RELIABLE,15.657686,15.601735
276,2,Triangle,2,Triangle,max_nhat,RELIABLE,RELIABLE,33.44094359401462,0.8717670622964372,0.0014384156527891213,0,0.22572090395187683,2,2,True,121.94653446195525,0.6460461583445604,0.0010659761612685245,OOD,OOD,137.36994493762072,0.5265086116203123,0.0008687392091735152,OOD,OOD,33.44094359401462,0.8717670622964372,0.0014384156527891213,RELIABLE,RELIABLE,19.311518,26.776634
277,2,Triangle,2,Triangle,max_nhat,RELIABLE,RELIABLE,34.18231741208947,0.868254866432788,0.0014326205296141003,0,0.29813693690871035,2,2,True,140.79105960636448,0.5701179295240777,0.0009406945837147282,OOD,OOD,135.77414762492947,0.5142351870856849,0.0008484880586913801,OOD,OOD,34.18231741208947,0.868254866432788,0.0014326205296141003,RELIABLE,RELIABLE,17.80299,19.39784
278,2,Triangle,2,Triangle,max_nhat,RELIABLE,RELIABLE,33.511621280219984,0.8725835737857018,0.001439762896746408,0,0.29737220030048106,2,2,True,138.84801588327673,0.5752113734852208,0.0009490987662506143,OOD,OOD,140.62678017925847,0.5301249105898544,0.0008747061024732599,OOD,OOD,33.511621280219984,0.8725835737857018,0.001439762896746408,RELIABLE,RELIABLE,16.481985,14.085967
279,2,Triangle,2,Triangle,max_nhat,RELIABLE,RELIABLE,30.06001323910189,0.8638979831345548,0.0014254316721720153,0,0.21025622666559318,2,2,True,115.43669269171795,0.6536417564689616,0.0010785088981737866,OOD,OOD,136.21251114209633,0.5356784212572369,0.0008838693950744407,OOD,OOD,30.06001323910189,0.8638979831345548,0.0014254316721720153,RELIABLE,RELIABLE,23.250175,25.78818
280,2,Triangle,2,Triangle,max_nhat,RELIABLE,RELIABLE,25.33304898108241,0.8712086156838819,0.001437494215878405,0,0.3022801451965087,2,2,True,153.21886059940485,0.5689284704873732,0.0009387319763041657,OOD,OOD,185.8828600625759,0.3747187353976552,0.0006182859134061311,OOD,OOD,25.33304898108241,0.8712086156838819,0.001437494215878405,RELIABLE,RELIABLE,27.214848,23.784426
281,2,Triangle,2,Triangle,max_nhat,UNRELIABLE,IDO,37.93407859594123,0.865354275473224,0.0014278345545308195,0,0.29306956625539526,2,2,True,127.39014463840853,0.5722847092178287,0.0009442697702094174,OOD,OOD,175.83955233439286,0.3739839861712296,0.0006170735771825288,OOD,OOD,37.93407859594123,0.865354275473224,0.0014278345545308195,UNRELIABLE,IDO,15.235202,20.786879
282,2,Triangle,2,Triangle,max_nhat,RELIABLE,RELIABLE,21.63482292998176,0.8653886467753718,0.0014278912671793634,0,0.14819161960100036,2,2,True,86.51853064503862,0.7171970271743714,0.0011833750948377127,OOD,OOD,161.63413412075116,0.44637179601090854,0.0007365134634179991,OOD,OOD,21.63482292998176,0.8653886467753718,0.0014278912671793634,RELIABLE,RELIABLE,24.340057,15.4647045
283,2,Triangle,2,Triangle,max_nhat,RELIABLE,RELIABLE,30.613609254771898,0.858996316103104,0.0014173439215701216,0,0.2925201668825357,2,2,True,136.7636970586797,0.5664761492205683,0.0009346856462139378,OOD,OOD,167.31295886688264,0.44997533969539494,0.0007424593104974017,OOD,OOD,30.613609254771898,0.858996316103104,0.0014173439215701216,RELIABLE,RELIABLE,17.577276,23.00551
284,2,Triangle,2,Triangle,max_nhat,RELIABLE,RELIABLE,26.568750201262944,0.8762013017776771,0.0014457321479331672,0,0.2324221315006787,2,2,True,122.87861598659269,0.6437791702769984,0.0010622356309570474,OOD,OOD,182.91688509125578,0.3745976535361398,0.0006180861283346306,OOD,OOD,26.568750201262944,0.8762013017776771,0.0014457321479331672,RELIABLE,RELIABLE,28.386513,22.951063
285,2,Triangle,2,Triangle,max_nhat,RELIABLE,RELIABLE,25.330069858342828,0.8552515501157743,0.0014111650576910276,0,0.14553397117350586,2,2,True,68.24035523186157,0.7097175789422684,0.0011710340052547429,OOD,OOD,149.7927982853258,0.5138897292809912,0.0008479180533136355,OOD,OOD,25.330069858342828,0.8552515501157743,0.0014111650576910276,RELIABLE,RELIABLE,24.536938,25.38069
286,2,Triangle,2,Triangle,max_nhat,RELIABLE,RELIABLE,21.907543869316715,0.8674124589459195,0.0014312305572607672,0,0.2990586732548638,2,2,True,138.7255920859187,0.5683537856910557,0.0009377837463902419,OOD,OOD,182.43256877873085,0.3792206615460722,0.0006257140915510191,OOD,OOD,21.907543869316715,0.8674124589459195,0.0014312305572607672,RELIABLE,RELIABLE,28.757784,12.018523
287,2,Triangle,2,Triangle,max_nhat,RELIABLE,RELIABLE,33.82183974010244,0.857805493214638,0.0014153790638041525,0,0.28809286142817814,2,2,True,121.45476527847858,0.5697126317864598,0.0009400258424476588,OOD,OOD,163.24737366859736,0.46101360939034747,0.0007606724554940733,OOD,OOD,33.82183974010244,0.857805493214638,0.0014153790638041525,RELIABLE,RELIABLE,22.129538,20.795658
288,2,Triangle,2,Triangle,max_nhat,RELIABLE,RELIABLE,23.071102619432487,0.860378848406372,0.0014196250998705139,0,0.214559840684322,2,2,True,110.65450494024425,0.64581900772205,0.0010656013627413825,OOD,OOD,164.1616164178748,0.45667717357109255,0.0007535173363923027,OOD,OOD,23.071102619432487,0.860378848406372,0.0014196250998705139,RELIABLE,RELIABLE,19.187393,21.495895
289,2,Triangle,2,Triangle,max_nhat,UNRELIABLE,IDO,41.446504242664815,0.8673360719522822,0.0014311045187212657,0,0.2960321440887196,2,2,True,144.60463943423366,0.5713039278635627,0.0009426514809748784,OOD,OOD,145.14112065544975,0.528566173671858,0.0008721341865585657,OOD,OOD,41.446504242664815,0.8673360719522822,0.0014311045187212657,UNRELIABLE,IDO,23.215923,22.608744
290,2,Triangle,2,Triangle,max_nhat,RELIABLE,RELIABLE,28.324311031393524,0.8750447432373418,0.001443823826341614,0,0.23161343106976373,2,2,True,106.4398829423382,0.6434313121675781,0.0010616616650765038,OOD,OOD,148.1939834696438,0.4552079914730654,0.0007510931859305579,OOD,OOD,28.324311031393524,0.8750447432373418,0.001443823826341614,RELIABLE,RELIABLE,27.62007,13.146034
291,2,Triangle,2,Triangle,max_nhat,RELIABLE,RELIABLE,34.42127077190178,0.8643651495105331,0.0014262024966923796,0,0.3001495398219285,2,2,True,131.8325365662413,0.5642156096886046,0.0009309557559861976,OOD,OOD,161.3021375918274,0.4366672905607511,0.0007205010294252393,OOD,OOD,34.42127077190178,0.8643651495105331,0.0014262024966923796,RELIABLE,RELIABLE,14.461227,17.055399
292,2,Triangle,2,Triangle,max_nhat,RELIABLE,RELIABLE,25.92155726680454,0.8598749668379567,0.0014187936952826286,0,0.22468853997632676,2,2,True,120.30240130321408,0.63518642686163,0.0010480576043216895,OOD,OOD,142.50041995281694,0.5218957446924481,0.0008611279787425394,OOD,OOD,25.92155726680454,0.8598749668379567,0.0014187936952826286,RELIABLE,RELIABLE,21.923014,8.333102
293,2,Triangle,2,Triangle,max_nhat,RELIABLE,RELIABLE,21.3818269871711,0.8677123029767444,0.0014317252999116283,0,0.22084428979006987,2,2,True,119.95073086523595,0.6468680131866745,0.001067332221758013,OOD,OOD,189.06296662816638,0.37794074743291833,0.0006236022332643152,OOD,OOD,21.3818269871711,0.8677123029767444,0.0014317252999116283,RELIABLE,RELIABLE,27.784107,19.123981
294,2,Triangle,2,Triangle,max_nhat,RELIABLE,RELIABLE,23.23190256175762,0.8589988965562191,0.0014173481793177615,0,0.21926382151883061,2,2,True,116.10839575046435,0.6397350750373885,0.0010555628738116909,OOD,OOD,155.0056907166251,0.44982004081644056,0.0007422030673471269,OOD,OOD,23.23190256175762,0.8589988965562191,0.0014173481793177615,RELIABLE,RELIABLE,24.201405,9.091959
295,2,Triangle,2,Triangle,max_nhat,RELIABLE,RELIABLE,31.40173905032864,0.872143286115374,0.001439036422090367,0,0.29627505194156534,2,2,True,140.9238668337674,0.5758682341738086,0.0009501825863867842,OOD,OOD,136.7467569737712,0.53045307242651,0.0008752475695037414,OOD,OOD,31.40173905032864,0.872143286115374,0.001439036422090367,RELIABLE,RELIABLE,16.574713,14.041655
296,2,Triangle,2,Triangle,max_nhat,RELIABLE,RELIABLE,36.38545963843966,0.8573337073593849,0.001414600617142985,0,0.21864100455430135,2,2,True,119.3381846065448,0.6386927028050835,0.0010538429596283878,OOD,OOD,163.24642138779183,0.4524525745432046,0.0007465467479962876,OOD,OOD,36.38545963843966,0.8573337073593849,0.001414600617142985,RELIABLE,RELIABLE,26.469713,13.436367
297,2,Triangle,2,Triangle,max_nhat,UNRELIABLE,IDO,42.47026787638334,0.8599927723504944,0.0014189880743783157,0,0.29918726966117815,2,2,True,147.6454456583762,0.5608055026893163,0.0009253290794373718,OOD,OOD,161.27450393800638,0.44611766002897874,0.0007360941390478149,OOD,OOD,42.47026787638334,0.8599927723504944,0.0014189880743783157,UNRELIABLE,IDO,30.454338,12.371287
298,2,Triangle,2,Triangle,max_nhat,RELIABLE,RELIABLE,27.20891254307468,0.8758331908350234,0.0014451247648777886,0,0.21873742811777708,2,2,True,90.23882296821388,0.6570957627172463,0.0010842080084834565,OOD,OOD,144.2515921676702,0.5316364424116656,0.0008772001299792484,OOD,OOD,27.20891254307468,0.8758331908350234,0.0014451247648777886,RELIABLE,RELIABLE,17.60014,21.046642
299,2,Triangle,2,Triangle,max_nhat,RELIABLE,RELIABLE,23.258451935647624,0.8641781698890514,0.0014258939803169347,0,0.22065774737902355,2,2,True,121.77360385211239,0.6435204225100278,0.001061808697141546,OOD,OOD,136.40324767774652,0.5284896549571302,0.0008720079306792647,OOD,OOD,23.258451935647624,0.8641781698890514,0.0014258939803169347,RELIABLE,RELIABLE,22.28081,8.957254
