sample_index,true_label,true_class_name,pred_label,pred_class_name,winner_rule,status,status_legacy,best_d2,best_N_hat,best_I_ML,second_label,winner_margin,winner_by_nhat,winner_by_d2,winner_agreement,class_0_d2,class_0_N_hat,class_0_I_ML,class_0_zone,class_0_status_legacy,class_1_d2,class_1_N_hat,class_1_I_ML,class_1_zone,class_1_status_legacy,class_2_d2,class_2_N_hat,class_2_I_ML,class_2_zone,class_2_status_legacy,class_3_d2,class_3_N_hat,class_3_I_ML,class_3_zone,class_3_status_legacy,class_4_d2,class_4_N_hat,class_4_I_ML,class_4_zone,class_4_status_legacy,tsne_1,tsne_2,original_sample_index
0,0,Digit 0,0,Digit 0,max_nhat,RELIABLE,RELIABLE,17.403057919099297,0.8692999586711333,0.0008519139594977106,4,0.11711145089087538,0,0,True,17.403057919099297,0.8692999586711333,0.0008519139594977106,RELIABLE,RELIABLE,814.115665880241,0.696437670139587,0.0006825089167367953,OOD,OOD,55.13969721229341,0.714488029493819,0.0007001982689039426,RELIABLE,RELIABLE,64.71238800281846,0.7256312599004466,0.0007111186347024377,UNRELIABLE,IDO,343.7963666150432,0.7521885077802579,0.0007371447376246528,OOD,OOD,38.332603,-9.721418,0
1,0,Digit 0,0,Digit 0,max_nhat,RELIABLE,RELIABLE,20.19989457198643,0.8600471388079781,0.0008428461960318186,2,0.0790125919892144,0,0,True,20.19989457198643,0.8600471388079781,0.0008428461960318186,RELIABLE,RELIABLE,585.9482618433341,0.6325310966243176,0.0006198804746918313,OOD,OOD,45.284500339315876,0.7810345468187637,0.0007654138558823885,RELIABLE,RELIABLE,49.36835356377323,0.7505760421803315,0.0007355645213367248,RELIABLE,RELIABLE,111.63369568373766,0.7584769199123212,0.0007433073815140748,OOD,OOD,33.42366,-2.4586048,1
2,0,Digit 0,0,Digit 0,max_nhat,RELIABLE,RELIABLE,34.210558020284076,0.8186021059003517,0.0008022300637823446,3,0.09407204483280407,0,0,True,34.210558020284076,0.8186021059003517,0.0008022300637823446,RELIABLE,RELIABLE,1575.4893065765214,0.6063051173275323,0.0005941790149809816,OOD,OOD,134.49363168466937,0.7093917985861302,0.0006952039626144076,OOD,OOD,135.23918541393186,0.7245300610675476,0.0007100394598461966,OOD,OOD,137.5525265135486,0.654193543524682,0.0006411096726541883,OOD,OOD,49.740097,6.063834,2
3,0,Digit 0,0,Digit 0,max_nhat,RELIABLE,RELIABLE,17.946550917849166,0.8726474677473027,0.0008551945183923567,2,0.033529966780896925,0,0,True,17.946550917849166,0.8726474677473027,0.0008551945183923567,RELIABLE,RELIABLE,322.33667355241795,0.6478181940422042,0.0006348618301613601,OOD,OOD,28.445918275118178,0.8391175009664058,0.0008223351509470776,RELIABLE,RELIABLE,43.08382938803969,0.8061232951421273,0.0007900008292392848,RELIABLE,RELIABLE,51.175816257915876,0.7876804357731004,0.0007719268270576384,RELIABLE,RELIABLE,31.602947,6.700733,3
4,0,Digit 0,0,Digit 0,max_nhat,RELIABLE,RELIABLE,24.6779023505197,0.838964448557261,0.0008221851595861158,2,0.010305620402155546,0,0,True,24.6779023505197,0.838964448557261,0.0008221851595861158,RELIABLE,RELIABLE,236.41138067523983,0.7489053482159821,0.0007339272412516624,OOD,OOD,27.579293010274448,0.8286588281551055,0.0008120856515920034,RELIABLE,RELIABLE,30.186093462510165,0.8274364423806582,0.000810887713533045,RELIABLE,RELIABLE,47.45625318396411,0.8215859756207194,0.000805154256108305,RELIABLE,RELIABLE,34.590843,9.23968,4
5,0,Digit 0,0,Digit 0,max_nhat,RELIABLE,RELIABLE,14.169029172939371,0.8843840264573347,0.000866696345928188,2,0.08903021591188387,0,0,True,14.169029172939371,0.8843840264573347,0.000866696345928188,RELIABLE,RELIABLE,619.7594866124713,0.6600583615689336,0.0006468571943375549,OOD,OOD,40.18337231660149,0.7953538105454508,0.0007794467343345418,RELIABLE,RELIABLE,46.59931937470828,0.7831540920811382,0.0007674910102395154,RELIABLE,RELIABLE,212.901145836141,0.7510420618688127,0.0007360212206314364,OOD,OOD,33.788998,-3.3181944,5
6,0,Digit 0,0,Digit 0,max_nhat,OOD,OOD,89.27502059757128,0.7611951911855767,0.0007459712873618651,4,0.05801668827832496,0,0,True,89.27502059757128,0.7611951911855767,0.0007459712873618651,OOD,OOD,1310.0937954715919,0.6609624663493644,0.0006477432170223771,OOD,OOD,93.99866080476956,0.668910742734861,0.0006555325278801637,OOD,OOD,171.0175291801695,0.6609428729924064,0.0006477240155325582,OOD,OOD,440.9845201657043,0.7031785029072517,0.0006891149328491067,OOD,OOD,39.5251,-13.187532,6
7,0,Digit 0,0,Digit 0,max_nhat,RELIABLE,RELIABLE,31.566775728479627,0.856589503887177,0.0008394577138094335,2,0.13569672065595584,0,0,True,31.566775728479627,0.856589503887177,0.0008394577138094335,RELIABLE,RELIABLE,861.9191367420807,0.6683695963074067,0.0006550022043812585,OOD,OOD,62.35831787866854,0.7208927832312212,0.0007064749275665968,UNRELIABLE,IDO,82.39597169356006,0.714748812951932,0.0007004538366928934,UNRELIABLE,IDO,222.9063489771502,0.695201590149026,0.0006812975583460455,OOD,OOD,36.47435,-10.381106,7
8,0,Digit 0,0,Digit 0,max_nhat,RELIABLE,RELIABLE,37.989512264756044,0.8056788276780988,0.0007895652511245368,2,0.007940782755775921,0,0,True,37.989512264756044,0.8056788276780988,0.0007895652511245368,RELIABLE,RELIABLE,408.8317575939501,0.6771834053820239,0.0006636397372743834,OOD,OOD,73.58216609214735,0.7977380449223229,0.0007817832840238764,UNRELIABLE,IDO,45.91043119342094,0.7742958933284657,0.0007588099754618964,RELIABLE,RELIABLE,54.28436443782612,0.761160354539435,0.0007459371474486463,RELIABLE,RELIABLE,41.895756,8.409107,8
9,0,Digit 0,4,Digit 4,max_nhat,RELIABLE,RELIABLE,25.14600296878485,0.8462850271185568,0.0008293593265761857,2,0.02325656116220054,4,4,True,37.66012064468795,0.7906345299621589,0.0007748218393629157,RELIABLE,RELIABLE,127.08126347156448,0.8105536641695963,0.0007943425908862043,OOD,OOD,29.17759752503842,0.8230284659563563,0.0008065678966372291,RELIABLE,RELIABLE,32.83682587612631,0.812933220446018,0.0007966745560370976,RELIABLE,RELIABLE,25.14600296878485,0.8462850271185568,0.0008293593265761857,RELIABLE,RELIABLE,-13.916396,21.809822,9
10,0,Digit 0,0,Digit 0,max_nhat,RELIABLE,RELIABLE,17.602894066809753,0.8636373476009034,0.0008463646006488853,2,0.08056579260556695,0,0,True,17.602894066809753,0.8636373476009034,0.0008463646006488853,RELIABLE,RELIABLE,802.1610186474577,0.6753455861769369,0.0006618386744533981,OOD,OOD,46.5256662216039,0.7830715549953364,0.0007674101238954297,RELIABLE,RELIABLE,64.0946502813147,0.7667192494269335,0.0007513848644383948,UNRELIABLE,IDO,91.0451972270495,0.75768203403745,0.0007425283933567011,OOD,OOD,37.238472,8.345818,10
11,0,Digit 0,3,Digit 3,max_nhat,RELIABLE,RELIABLE,18.69667420594304,0.86238513706708,0.0008451374343257384,4,0.012925929393929558,3,3,True,37.97321248849552,0.7952643454681405,0.0007793590585587777,RELIABLE,RELIABLE,85.42091695507428,0.8045225538102853,0.0007884321027340795,OOD,OOD,36.413624083042606,0.8169923552578022,0.0008006525081526462,RELIABLE,RELIABLE,18.69667420594304,0.86238513706708,0.0008451374343257384,RELIABLE,RELIABLE,24.91371479468893,0.8494592076731504,0.0008324700235196874,RELIABLE,RELIABLE,-12.265936,20.339075,11
12,0,Digit 0,0,Digit 0,max_nhat,RELIABLE,RELIABLE,29.787599824459512,0.8055409008545772,0.0007894300828374856,2,0.046350577108045354,0,0,True,29.787599824459512,0.8055409008545772,0.0007894300828374856,RELIABLE,RELIABLE,806.259695850578,0.6457847680265064,0.0006328690726659763,OOD,OOD,66.38237128341511,0.7591903237465318,0.0007440065172716012,UNRELIABLE,IDO,87.7566834690646,0.7299912502133676,0.0007153914252091003,OOD,OOD,148.01250024922115,0.7231555584227894,0.0007086924472543336,OOD,OOD,34.923,-6.8666835,12
13,0,Digit 0,0,Digit 0,max_nhat,RELIABLE,RELIABLE,18.52986627505363,0.8615596452485658,0.0008443284523435944,2,0.045419032534095294,0,0,True,18.52986627505363,0.8615596452485658,0.0008443284523435944,RELIABLE,RELIABLE,277.6303714970316,0.7200969088943506,0.0007056949707164636,OOD,OOD,34.00324254472591,0.8161406127144705,0.0007998178004601811,RELIABLE,RELIABLE,35.0531487138919,0.814193293788381,0.0007979094279126134,RELIABLE,RELIABLE,97.96951658228343,0.766617119002026,0.0007512847766219854,OOD,OOD,44.912262,-2.9979208,13
14,0,Digit 0,0,Digit 0,max_nhat,UNRELIABLE,IDO,68.47863286006341,0.7504196469915904,0.0007354112540517585,4,0.0052566870063112114,0,0,True,68.47863286006341,0.7504196469915904,0.0007354112540517585,UNRELIABLE,IDO,2368.332055482217,0.6731508552291398,0.0006596878381245569,OOD,OOD,135.66946838362136,0.7165948500607232,0.0007022629530595087,OOD,OOD,210.5129514707355,0.710746057444053,0.0006965311362951719,OOD,OOD,211.7181169548705,0.7451629599852791,0.0007302597007855736,OOD,OOD,41.644783,-18.170649,14
15,0,Digit 0,0,Digit 0,max_nhat,RELIABLE,RELIABLE,40.63501905217565,0.786106631183061,0.0007703844985593998,2,0.05356491120234341,0,0,True,40.63501905217565,0.786106631183061,0.0007703844985593998,RELIABLE,RELIABLE,1872.729031264421,0.5944392349450384,0.0005825504502461376,OOD,OOD,106.24938049421591,0.7325417199807176,0.0007178908855811032,OOD,OOD,180.58902159579029,0.6905324327082776,0.000676721784054112,OOD,OOD,152.69591402157567,0.6400262264406943,0.0006272257019118804,OOD,OOD,51.15234,6.0510135,15
16,0,Digit 0,0,Digit 0,max_nhat,RELIABLE,RELIABLE,18.97991032860556,0.8694017857612683,0.0008520137500460428,2,0.08359469122783392,0,0,True,18.97991032860556,0.8694017857612683,0.0008520137500460428,RELIABLE,RELIABLE,657.6214932037179,0.642436145772226,0.0006295874228567814,OOD,OOD,49.61926414897569,0.7858070945334343,0.0007700909526427656,RELIABLE,RELIABLE,53.825639795192686,0.7525433886462067,0.0007374925208732826,RELIABLE,RELIABLE,141.17556618093892,0.7326800331593906,0.0007180264324962028,OOD,OOD,34.380703,-3.4445179,16
17,0,Digit 0,0,Digit 0,max_nhat,RELIABLE,RELIABLE,26.359706250354776,0.8448688783326316,0.000827971500765979,4,0.12170214185264017,0,0,True,26.359706250354776,0.8448688783326316,0.000827971500765979,RELIABLE,RELIABLE,1076.8357861373845,0.697147893303574,0.0006832049354375025,OOD,OOD,77.59305446520337,0.6877421079976486,0.0006739872658376955,UNRELIABLE,IDO,103.6356626237652,0.7050691857666984,0.0006909678020513645,OOD,OOD,493.7384093948669,0.7231667364799914,0.0007087034017503916,OOD,OOD,38.729553,-11.127443,17
18,0,Digit 0,0,Digit 0,max_nhat,RELIABLE,RELIABLE,18.792455705095847,0.8771017317506102,0.000859559697115598,3,0.1226674862683208,0,0,True,18.792455705095847,0.8771017317506102,0.000859559697115598,RELIABLE,RELIABLE,822.7141269958022,0.6521584153796102,0.0006391152470720179,OOD,OOD,50.41388235892323,0.748522490403771,0.0007335520405956955,RELIABLE,RELIABLE,64.60655339589981,0.7544342454822894,0.0007393455605726436,UNRELIABLE,IDO,108.84139279403556,0.6774167740397794,0.0006638684385589838,OOD,OOD,45.940453,6.373362,18
19,0,Digit 0,0,Digit 0,max_nhat,RELIABLE,RELIABLE,44.457796632595475,0.7629927871445491,0.0007477329314016581,2,0.041035590603739736,0,0,True,44.457796632595475,0.7629927871445491,0.0007477329314016581,RELIABLE,RELIABLE,1276.6060650789764,0.6403807598770963,0.0006275731446795543,OOD,OOD,114.53049652980714,0.7219571965408094,0.0007075180526099932,OOD,OOD,182.48924583390237,0.6976067724948911,0.0006836546370449933,OOD,OOD,126.99816896845718,0.6365050287462191,0.0006237749281712946,OOD,OOD,47.230583,8.957928,19
20,0,Digit 0,0,Digit 0,max_nhat,RELIABLE,RELIABLE,24.05427567210991,0.8342576296066442,0.0008175724770145112,3,0.021084456775637306,0,0,True,24.05427567210991,0.8342576296066442,0.0008175724770145112,RELIABLE,RELIABLE,370.43277548361084,0.695322386932173,0.0006814159391935295,OOD,OOD,37.81023665785476,0.807721321850228,0.0007915668954132234,RELIABLE,RELIABLE,41.68641484328202,0.8131731728310069,0.0007969097093743868,RELIABLE,RELIABLE,60.040847465936245,0.7922372172826242,0.0007763924729369717,RELIABLE,RELIABLE,34.40842,7.9969573,20
21,0,Digit 0,0,Digit 0,max_nhat,RELIABLE,RELIABLE,16.578941556509502,0.8723124145847613,0.000854866166293066,2,0.0965631539544296,0,0,True,16.578941556509502,0.8723124145847613,0.000854866166293066,RELIABLE,RELIABLE,845.6325154535161,0.657730179277963,0.0006445755756924037,OOD,OOD,56.05673128278991,0.7757492606303317,0.000760234275417725,RELIABLE,RELIABLE,79.63796056633004,0.7471111252912991,0.0007321689027854731,UNRELIABLE,IDO,100.50190452757815,0.7091379078581521,0.000694955149700989,OOD,OOD,38.99785,2.4925327,21
22,0,Digit 0,0,Digit 0,max_nhat,UNRELIABLE,IDO,67.02610606170157,0.8242319941812871,0.0008077473542976613,2,0.09660771442910077,0,0,True,67.02610606170157,0.8242319941812871,0.0008077473542976613,UNRELIABLE,IDO,981.4017067643576,0.6721868286700664,0.0006587430920966651,OOD,OOD,214.47149977227022,0.7276242797521864,0.0007130717941571426,OOD,OOD,261.73728675599364,0.6932422212238506,0.0006793773767993736,OOD,OOD,204.8676205173582,0.6985926073517796,0.000684620755204744,OOD,OOD,51.230457,0.8352066,22
23,0,Digit 0,0,Digit 0,max_nhat,RELIABLE,RELIABLE,27.114436653259695,0.8379076858990284,0.0008211495321810478,4,0.10293121417102347,0,0,True,27.114436653259695,0.8379076858990284,0.0008211495321810478,RELIABLE,RELIABLE,640.5639392920465,0.7197131298676561,0.000705318867270303,OOD,OOD,58.833827716563455,0.7254081560255795,0.0007108999929050679,RELIABLE,RELIABLE,73.69026205003303,0.7285473939736653,0.0007139764460941919,UNRELIABLE,IDO,272.12198030981256,0.734976471728005,0.0007202769422934448,OOD,OOD,35.93096,-12.071761,23
24,0,Digit 0,0,Digit 0,max_nhat,RELIABLE,RELIABLE,40.29390748497589,0.8189905558964408,0.0008026107447785119,4,0.07244211625988262,0,0,True,40.29390748497589,0.8189905558964408,0.0008026107447785119,RELIABLE,RELIABLE,966.063693596478,0.6813297231934534,0.0006677031287295844,OOD,OOD,119.14187025278024,0.7344992886416297,0.0007198093028687971,OOD,OOD,174.48561329845393,0.6808083213385642,0.0006671921549117929,OOD,OOD,107.37258339425011,0.7465484396365581,0.000731617470843827,OOD,OOD,51.844776,0.31265867,24
25,0,Digit 0,0,Digit 0,max_nhat,RELIABLE,RELIABLE,23.93550301713659,0.8448539249405702,0.0008279568464417588,3,0.025441316633785238,0,0,True,23.93550301713659,0.8448539249405702,0.0008279568464417588,RELIABLE,RELIABLE,320.7946528938561,0.7251677544014499,0.0007106643993134208,OOD,OOD,36.15322957899359,0.8100369812640894,0.0007938362416388076,RELIABLE,RELIABLE,40.646940268850514,0.819412608306785,0.0008030243561406493,RELIABLE,RELIABLE,76.14800077200059,0.776336289891991,0.0007608095640941512,UNRELIABLE,IDO,34.27138,5.7294173,25
26,0,Digit 0,0,Digit 0,max_nhat,RELIABLE,RELIABLE,27.245106298303867,0.8454377384869229,0.0008285289837171845,3,0.10070888469649797,0,0,True,27.245106298303867,0.8454377384869229,0.0008285289837171845,RELIABLE,RELIABLE,1441.410460760946,0.6682610134328439,0.0006548957931641871,OOD,OOD,105.84917089505541,0.7368571309162514,0.0007221199882979264,OOD,OOD,165.62841193316208,0.744728853790425,0.0007298342767146164,OOD,OOD,134.47364915045594,0.7011751914468544,0.0006871516876179172,OOD,OOD,51.012012,3.2534196,26
27,0,Digit 0,0,Digit 0,max_nhat,RELIABLE,RELIABLE,28.289516586760847,0.8158603961333347,0.000799543188210668,3,0.11551963826009004,0,0,True,28.289516586760847,0.8158603961333347,0.000799543188210668,RELIABLE,RELIABLE,1535.3551798702047,0.7002877298808328,0.0006862819752832161,OOD,OOD,83.55722958586985,0.6882910361260415,0.0006745252154035206,UNRELIABLE,IDO,114.81736382711279,0.7003407578732447,0.0006863339427157798,OOD,OOD,450.000547892285,0.6897185129537938,0.000675924142694718,OOD,OOD,39.749104,-9.39391,27
28,0,Digit 0,0,Digit 0,max_nhat,RELIABLE,RELIABLE,49.423668281303705,0.7782907952598155,0.0007627249793546191,4,0.012407859047773306,0,0,True,49.423668281303705,0.7782907952598155,0.0007627249793546191,RELIABLE,RELIABLE,1150.2527104745718,0.6810262982224358,0.000667405772257987,OOD,OOD,93.2661133525901,0.7226430815375381,0.0007081902199067873,OOD,OOD,140.59384800070512,0.6591109198283028,0.0006459287014317367,OOD,OOD,94.03762791457174,0.7658829362120422,0.0007505652774878013,OOD,OOD,39.957558,-16.712212,28
29,0,Digit 0,0,Digit 0,max_nhat,RELIABLE,RELIABLE,16.939435177889827,0.890004613785734,0.0008722045215100193,2,0.1297854650344351,0,0,True,16.939435177889827,0.890004613785734,0.0008722045215100193,RELIABLE,RELIABLE,596.738172993684,0.6798093211922155,0.0006662131347683712,OOD,OOD,57.13953083555679,0.7602191487512989,0.0007450147657762729,RELIABLE,RELIABLE,79.37536676578802,0.7513730711243914,0.0007363456097019036,UNRELIABLE,IDO,68.02552031530377,0.7349074342446661,0.0007202092855597727,UNRELIABLE,IDO,45.86919,-1.5946664,29
30,0,Digit 0,0,Digit 0,max_nhat,RELIABLE,RELIABLE,10.236805491717748,0.9100799799692504,0.0008918783803698653,3,0.17063503432334393,0,0,True,10.236805491717748,0.9100799799692504,0.0008918783803698653,RELIABLE,RELIABLE,1178.669402871796,0.6631121246446855,0.0006498498821517918,OOD,OOD,64.38504541554359,0.715665701182241,0.0007013523871585962,UNRELIABLE,IDO,84.86952945683007,0.7394449456459065,0.0007246560467329883,UNRELIABLE,IDO,202.11610044812502,0.7148726909715528,0.0007005752371521218,OOD,OOD,44.872723,2.2576745,30
31,0,Digit 0,0,Digit 0,max_nhat,RELIABLE,RELIABLE,24.395236722761844,0.8426577066429163,0.000825804552510058,3,0.11737279688354918,0,0,True,24.395236722761844,0.8426577066429163,0.000825804552510058,RELIABLE,RELIABLE,2333.9508513598275,0.6070022000502484,0.0005948621560492434,OOD,OOD,113.4836137703493,0.7223879783426661,0.0007079402187758128,OOD,OOD,182.33865043406144,0.7252849097593671,0.0007107792115641797,OOD,OOD,263.9510987987128,0.6776173407051499,0.0006640649938910468,OOD,OOD,46.357742,-11.603939,31
32,0,Digit 0,0,Digit 0,max_nhat,RELIABLE,RELIABLE,17.30779795925434,0.8679606933567998,0.0008506014794896638,2,0.03202608637446325,0,0,True,17.30779795925434,0.8679606933567998,0.0008506014794896638,RELIABLE,RELIABLE,243.0931479509442,0.7422693215558958,0.0007274239351247778,OOD,OOD,29.199802284915684,0.8359346069823366,0.0008192159148426898,RELIABLE,RELIABLE,29.394708688100827,0.8351667633201648,0.0008184634280537614,RELIABLE,RELIABLE,50.06340662243442,0.8019149511204744,0.0007858766520980649,RELIABLE,RELIABLE,30.953373,-2.3454776,32
33,0,Digit 0,0,Digit 0,max_nhat,RELIABLE,RELIABLE,40.80791924765205,0.7748083357299859,0.0007593121690153862,2,0.06989482244102097,0,0,True,40.80791924765205,0.7748083357299859,0.0007593121690153862,RELIABLE,RELIABLE,2018.751193106395,0.5982282711062499,0.0005862637056841249,OOD,OOD,117.20801037520262,0.7049135132889649,0.0006908152430231856,OOD,OOD,187.03495743624939,0.6777891917364106,0.0006642334079016823,OOD,OOD,187.32494171432788,0.6340768315290402,0.0006213952948984593,OOD,OOD,50.04753,6.3397994,33
34,0,Digit 0,0,Digit 0,max_nhat,RELIABLE,RELIABLE,25.58833353913662,0.8734910225619014,0.0008560212021106633,3,0.13584572595792344,0,0,True,25.58833353913662,0.8734910225619014,0.0008560212021106633,RELIABLE,RELIABLE,816.5217321678438,0.6317784240795147,0.0006191428555979244,OOD,OOD,110.22974889253715,0.7051777057120951,0.0006910741515978533,OOD,OOD,74.56414312307601,0.7376452966039779,0.0007228923906718983,UNRELIABLE,IDO,113.88469402024533,0.6957685924149907,0.0006818532205666908,OOD,OOD,46.464466,2.654497,34
35,0,Digit 0,0,Digit 0,max_nhat,RELIABLE,RELIABLE,56.38420395182254,0.7341171160282611,0.0007194347737076959,2,0.029788919553986548,0,0,True,56.38420395182254,0.7341171160282611,0.0007194347737076959,RELIABLE,RELIABLE,2505.4062881831464,0.5890945772758338,0.0005773126857303171,OOD,OOD,153.41120063827665,0.7043281964742746,0.0006902416325447891,OOD,OOD,270.99550697725834,0.6677531109578405,0.0006543980487386837,OOD,OOD,190.8678039684719,0.6313502770692935,0.0006187232715279076,OOD,OOD,48.793144,-10.333694,35
36,0,Digit 0,0,Digit 0,max_nhat,RELIABLE,RELIABLE,10.45796306971593,0.9105120386510628,0.0008923017978780415,3,0.11519039577557222,0,0,True,10.45796306971593,0.9105120386510628,0.0008923017978780415,RELIABLE,RELIABLE,975.3258906690963,0.6728366049937463,0.0006593798728938714,OOD,OOD,58.03731770090097,0.7673213094578357,0.000751974883268679,RELIABLE,RELIABLE,86.28746696977595,0.7953216428754906,0.0007794152100179808,OOD,OOD,187.60944625203956,0.7119316578669869,0.0006976930247096471,OOD,OOD,43.173805,-0.36497605,36
37,0,Digit 0,0,Digit 0,max_nhat,RELIABLE,RELIABLE,49.893765623779075,0.7877740727434625,0.0007720185912885931,2,0.017395739906629792,0,0,True,49.893765623779075,0.7877740727434625,0.0007720185912885931,RELIABLE,RELIABLE,1173.8142826577503,0.654768242524251,0.0006416728776737659,OOD,OOD,71.23548711746854,0.7703783328368327,0.000754970766180096,UNRELIABLE,IDO,135.70103721406542,0.7230456598659126,0.0007085847466685943,OOD,OOD,123.77049395063928,0.7113951641424175,0.0006971672608595691,OOD,OOD,37.73821,2.207883,37
38,0,Digit 0,0,Digit 0,max_nhat,RELIABLE,RELIABLE,24.3884888802065,0.8474657597075484,0.0008305164445133974,3,0.09004370349693702,0,0,True,24.3884888802065,0.8474657597075484,0.0008305164445133974,RELIABLE,RELIABLE,1013.1848334016519,0.6866266971336475,0.0006728941631909746,OOD,OOD,66.73215971838431,0.714965466208698,0.0007006661568845241,UNRELIABLE,IDO,74.1117661442509,0.7574220562106114,0.0007422736150863991,UNRELIABLE,IDO,431.02405319859434,0.7305004003009848,0.0007158903922949651,OOD,OOD,38.818253,-12.171165,38
39,0,Digit 0,0,Digit 0,max_nhat,RELIABLE,RELIABLE,34.4552059262191,0.8084878981954118,0.0007923181402315036,2,0.06707352677232903,0,0,True,34.4552059262191,0.8084878981954118,0.0007923181402315036,RELIABLE,RELIABLE,2389.5256048166157,0.6237843599708143,0.0006113086727713979,OOD,OOD,134.05748915688267,0.7414143714230828,0.000726586083994621,OOD,OOD,243.40924235969356,0.6975632688322108,0.0006836120034555666,OOD,OOD,186.835327708996,0.6884762344035986,0.0006747067097155267,OOD,OOD,47.303864,-10.234224,39
40,0,Digit 0,0,Digit 0,max_nhat,RELIABLE,RELIABLE,17.369475852849867,0.872689639285034,0.0008552358464993333,2,0.1394882211551952,0,0,True,17.369475852849867,0.872689639285034,0.0008552358464993333,RELIABLE,RELIABLE,1288.1727536762232,0.6358598900878629,0.0006231426922861056,OOD,OOD,66.56685130561003,0.7332014181298387,0.0007185373897672419,UNRELIABLE,IDO,92.53415842199132,0.7210711983274705,0.000706649774360921,OOD,OOD,148.81540268278485,0.6968132557492104,0.0006828769906342261,OOD,OOD,48.0788,5.76224,40
41,0,Digit 0,0,Digit 0,max_nhat,RELIABLE,RELIABLE,18.62985588696418,0.8599028542757485,0.0008427047971902335,3,0.02687567430862281,0,0,True,18.62985588696418,0.8599028542757485,0.0008427047971902335,RELIABLE,RELIABLE,341.66505192139743,0.711380128548803,0.0006971525259778269,OOD,OOD,49.682631723547665,0.7965944830100979,0.0007806625933498959,RELIABLE,RELIABLE,32.6234210595961,0.8330271799671257,0.0008163666363677831,RELIABLE,RELIABLE,53.14183184630477,0.7942627929632198,0.0007783775371039554,RELIABLE,RELIABLE,40.12792,6.5461383,41
42,0,Digit 0,0,Digit 0,max_nhat,RELIABLE,RELIABLE,33.56869567420876,0.804384371691831,0.0007882966842579943,2,0.13169468247278604,0,0,True,33.56869567420876,0.804384371691831,0.0007882966842579943,RELIABLE,RELIABLE,2661.5177306634228,0.6217478422065486,0.0006093128853624176,OOD,OOD,148.5981108186168,0.6726896892190449,0.000659235895434664,OOD,OOD,248.30821887625353,0.6652448098255238,0.0006519399136290133,OOD,OOD,377.9088358018904,0.6698743573396908,0.0006564768701928969,OOD,OOD,44.557858,-10.419713,42
43,0,Digit 0,0,Digit 0,max_nhat,UNRELIABLE,IDO,84.0377884242547,0.6705914864924105,0.0006571796567625623,3,0.08927669342740752,0,0,True,84.0377884242547,0.6705914864924105,0.0006571796567625623,UNRELIABLE,IDO,2583.0181916240062,0.4942719421513017,0.00048438650330827565,OOD,OOD,260.6004014398272,0.5537815046689923,0.0005427058745756124,OOD,OOD,303.37191261809755,0.581314793065003,0.000569688497203703,OOD,OOD,404.9111340907639,0.5303845079179622,0.000519776817759603,OOD,OOD,54.34212,5.9038067,43
44,0,Digit 0,0,Digit 0,max_nhat,RELIABLE,RELIABLE,34.284906327524524,0.8269148729978812,0.0008103765755379235,2,0.08642244545663968,0,0,True,34.284906327524524,0.8269148729978812,0.0008103765755379235,RELIABLE,RELIABLE,2177.367822372902,0.6778682404466937,0.0006643108756377598,OOD,OOD,144.19755042324218,0.7404924275412416,0.0007256825789904167,OOD,OOD,236.2429008716064,0.7036405268517917,0.0006895677163147559,OOD,OOD,167.3045592848907,0.6799257338153334,0.0006663272191390267,OOD,OOD,46.162037,-13.783087,44
45,0,Digit 0,0,Digit 0,max_nhat,RELIABLE,RELIABLE,21.47242717171789,0.8496250370362811,0.0008326325362955554,3,0.09556304014673833,0,0,True,21.47242717171789,0.8496250370362811,0.0008326325362955554,RELIABLE,RELIABLE,1262.1952278941576,0.6297942285202206,0.0006171983439498161,OOD,OOD,90.03955150556884,0.7137022240207982,0.0006994281795403822,OOD,OOD,100.06302210944784,0.7540619968895428,0.0007389807569517519,OOD,OOD,123.46655816193186,0.6792126944343346,0.000665628440545648,OOD,OOD,48.947914,5.798388,45
46,0,Digit 0,0,Digit 0,max_nhat,RELIABLE,RELIABLE,13.508224769063732,0.9053892064549028,0.0008872814223258047,2,0.15078111536698535,0,0,True,13.508224769063732,0.9053892064549028,0.0008872814223258047,RELIABLE,RELIABLE,727.6731667559307,0.6436975010730513,0.0006308235510515903,OOD,OOD,52.62067033583155,0.7546080910879175,0.0007395159292661591,RELIABLE,RELIABLE,69.33639966520057,0.7393003558872575,0.0007245143487695123,UNRELIABLE,IDO,76.5302758706519,0.720702125423539,0.0007062880829150682,UNRELIABLE,IDO,44.058407,4.35988,46
47,0,Digit 0,3,Digit 3,max_nhat,RELIABLE,RELIABLE,37.077231741192904,0.8321037472739982,0.0008154616723285181,2,0.010812856283572092,3,0,False,29.268392855461144,0.8163226561227699,0.0007999962030003145,RELIABLE,RELIABLE,319.26711956136194,0.7160488065678454,0.0007017278304364885,OOD,OOD,33.358280059723086,0.8212908909904261,0.0008048650731706176,RELIABLE,RELIABLE,37.077231741192904,0.8321037472739982,0.0008154616723285181,RELIABLE,RELIABLE,45.96534933648701,0.7980572420176429,0.00078209609717729,RELIABLE,RELIABLE,33.98129,8.425494,47
48,0,Digit 0,0,Digit 0,max_nhat,RELIABLE,RELIABLE,39.7301492440063,0.8125477258009145,0.0007962967712848961,2,0.11882966770339354,0,0,True,39.7301492440063,0.8125477258009145,0.0007962967712848961,RELIABLE,RELIABLE,1969.7022332787374,0.6029595799829679,0.0005909003883833085,OOD,OOD,122.36805437539918,0.693718058097521,0.0006798436969355705,OOD,OOD,158.74850678799038,0.6653437011497073,0.0006520368271267132,OOD,OOD,169.02301217252608,0.6430861633000405,0.0006302244400340397,OOD,OOD,47.27052,-12.933935,48
49,0,Digit 0,2,Digit 2,max_nhat,RELIABLE,RELIABLE,46.50303274585531,0.7860556227310269,0.0007703345102764063,0,0.00883435854479997,2,2,True,60.3168197273415,0.777221264186227,0.0007616768389025023,RELIABLE,RELIABLE,523.4277990087115,0.6726866093013599,0.0006592328771153327,OOD,OOD,46.50303274585531,0.7860556227310269,0.0007703345102764063,RELIABLE,RELIABLE,93.56369274971654,0.7692450583985887,0.000753860157230617,OOD,OOD,115.06401146324033,0.7620382524335523,0.0007467974873848813,OOD,OOD,32.73029,2.17026,49
50,0,Digit 0,1,Digit 1,max_nhat,RELIABLE,RELIABLE,59.163168008758035,0.8640841963770963,0.0008468025124495544,3,0.011839007450151318,1,3,False,34.05196537057661,0.793830142635507,0.0007779535397827969,RELIABLE,RELIABLE,59.163168008758035,0.8640841963770963,0.0008468025124495544,RELIABLE,RELIABLE,34.041443429067684,0.8363662067935239,0.0008196388826576534,RELIABLE,RELIABLE,21.094897913655437,0.852245188926945,0.0008352002851484061,RELIABLE,RELIABLE,26.80840712884754,0.8362935053673938,0.0008195676352600458,RELIABLE,RELIABLE,-12.92219,21.76841,50
51,0,Digit 0,0,Digit 0,max_nhat,RELIABLE,RELIABLE,30.567022495796,0.8277140407593411,0.0008111597599441543,2,0.027002173758101544,0,0,True,30.567022495796,0.8277140407593411,0.0008111597599441543,RELIABLE,RELIABLE,835.8893137706832,0.6637439152951222,0.0006504690369892197,OOD,OOD,54.26860024103172,0.8007118670012395,0.0007846976296612147,RELIABLE,RELIABLE,89.19990141915271,0.7585032920146176,0.0007433332261743252,OOD,OOD,80.52651537650382,0.7331060871391518,0.0007184439653963688,UNRELIABLE,IDO,43.859894,9.339877,51
52,0,Digit 0,0,Digit 0,max_nhat,RELIABLE,RELIABLE,30.69233822037277,0.8017397521972499,0.0007857049571533049,4,0.012624946306115659,0,0,True,30.69233822037277,0.8017397521972499,0.0007857049571533049,RELIABLE,RELIABLE,695.0452196069168,0.6969305050213852,0.0006829918949209575,OOD,OOD,51.67591067972676,0.7601358911733319,0.0007449331733498652,RELIABLE,RELIABLE,69.20451592396455,0.7130426025826258,0.0006987817505309732,UNRELIABLE,IDO,342.39472707301223,0.7891148058911343,0.0007733325097733115,OOD,OOD,34.823402,-13.649258,52
53,0,Digit 0,0,Digit 0,max_nhat,RELIABLE,RELIABLE,32.3095548475498,0.8025332876853556,0.0007864826219316485,3,0.11127885541861904,0,0,True,32.3095548475498,0.8025332876853556,0.0007864826219316485,RELIABLE,RELIABLE,2709.2967580004315,0.5955320771383579,0.0005836214355955907,OOD,OOD,130.83653487738013,0.6894800550241853,0.0006756904539237015,OOD,OOD,200.52379205558987,0.6912544322667366,0.0006774293436214018,OOD,OOD,366.27154679982215,0.665501060634308,0.0006521910394216219,OOD,OOD,46.08171,-11.011823,53
54,0,Digit 0,0,Digit 0,max_nhat,RELIABLE,RELIABLE,20.763078718615994,0.8510912269066377,0.0008340694023685049,2,0.03512198284609658,0,0,True,20.763078718615994,0.8510912269066377,0.0008340694023685049,RELIABLE,RELIABLE,469.1023589374675,0.7054998843435238,0.0006913898866566533,OOD,OOD,37.10034560365847,0.8159692440605412,0.0007996498591793304,RELIABLE,RELIABLE,46.49411355368834,0.8111594942657222,0.0007949363043804077,RELIABLE,RELIABLE,71.79397675469967,0.7772950077631645,0.0007617491076079011,UNRELIABLE,IDO,35.48707,8.143759,54
55,0,Digit 0,0,Digit 0,max_nhat,RELIABLE,RELIABLE,27.05981929268693,0.833156962578571,0.0008164938233269995,3,0.13730334428737356,0,0,True,27.05981929268693,0.833156962578571,0.0008164938233269995,RELIABLE,RELIABLE,1415.6451667079812,0.6703170989521252,0.0006569107569730827,OOD,OOD,94.3539254709283,0.6642232072294078,0.0006509387430848196,OOD,OOD,131.22684313837684,0.6958536182911974,0.0006819365459253734,OOD,OOD,478.893651539022,0.6932483098671588,0.0006793833436698156,OOD,OOD,41.347683,-9.388502,55
56,0,Digit 0,0,Digit 0,max_nhat,RELIABLE,RELIABLE,22.127209531696607,0.8551968414644061,0.0008380929046351179,2,0.05348642356702471,0,0,True,22.127209531696607,0.8551968414644061,0.0008380929046351179,RELIABLE,RELIABLE,676.4873573664902,0.682404192234325,0.0006687561083896385,OOD,OOD,41.854330603645984,0.8017104178973814,0.0007856762095394338,RELIABLE,RELIABLE,73.10201907731923,0.7598462244348455,0.0007446492999461485,UNRELIABLE,IDO,80.12001087726796,0.7531984717977049,0.0007381345023617508,UNRELIABLE,IDO,39.333675,3.5214183,56
57,0,Digit 0,0,Digit 0,max_nhat,RELIABLE,RELIABLE,38.25287865560588,0.8029059752987366,0.0007868478557927619,2,0.06798885808104083,0,0,True,38.25287865560588,0.8029059752987366,0.0007868478557927619,RELIABLE,RELIABLE,1659.3094058688469,0.7252345863086407,0.0007107298945824679,OOD,OOD,120.87216294702102,0.7349171172176958,0.0007202187748733418,OOD,OOD,195.60019410673323,0.6670407938039631,0.0006536999779278838,OOD,OOD,129.50695833111828,0.7019964182339433,0.0006879564898692644,OOD,OOD,45.78905,-14.711326,57
58,0,Digit 0,0,Digit 0,max_nhat,RELIABLE,RELIABLE,32.38510099024653,0.8398371145254825,0.0008230403722349728,4,0.047240113954056584,0,0,True,32.38510099024653,0.8398371145254825,0.0008230403722349728,RELIABLE,RELIABLE,1078.3255772656748,0.7412782376390782,0.0007264526728862966,OOD,OOD,56.36310569724827,0.7640368446961734,0.0007487561078022499,RELIABLE,RELIABLE,115.36018278921199,0.7260393029612942,0.0007115185169020682,OOD,OOD,157.86012409802035,0.7925970005714259,0.0007767450605599974,OOD,OOD,38.91612,-16.517935,58
59,0,Digit 0,0,Digit 0,max_nhat,RELIABLE,RELIABLE,43.11243333083893,0.8125814810295724,0.0007963298514089809,2,0.14298627051325763,0,0,True,43.11243333083893,0.8125814810295724,0.0007963298514089809,RELIABLE,RELIABLE,1192.1670166596673,0.5942438681726806,0.0005823589908092269,OOD,OOD,136.61329661996217,0.6695952105163148,0.0006562033063059884,OOD,OOD,160.28782699814212,0.6607749549947378,0.0006475594558948431,OOD,OOD,288.31434852852453,0.6552072512973397,0.0006421031062713929,OOD,OOD,36.841286,-9.5981,59
60,0,Digit 0,0,Digit 0,max_nhat,RELIABLE,RELIABLE,20.690537340258004,0.8644581620815452,0.0008471689988399143,1,0.11717910339463078,0,0,True,20.690537340258004,0.8644581620815452,0.0008471689988399143,RELIABLE,RELIABLE,2223.572091410908,0.7472790586869145,0.0007323334775131762,OOD,OOD,106.56588771290033,0.7423548422857046,0.0007275077454399905,OOD,OOD,182.30149130066212,0.7427965796512563,0.0007279406480582312,OOD,OOD,103.88380871221156,0.7414452593173861,0.0007266163541310384,OOD,OOD,45.317574,-14.136238,60
61,0,Digit 0,0,Digit 0,max_nhat,UNRELIABLE,IDO,71.07378287795358,0.7263090994102398,0.0007117829174220349,3,0.04567000708765956,0,0,True,71.07378287795358,0.7263090994102398,0.0007117829174220349,UNRELIABLE,IDO,2407.633054351401,0.5908612079589661,0.0005790439837997868,OOD,OOD,183.39871829110544,0.676435915666502,0.0006629071973531719,OOD,OOD,257.60737827979057,0.6806390923225802,0.0006670263104761286,OOD,OOD,192.94512524656284,0.5795357112666287,0.0005679449970412961,OOD,OOD,51.758495,7.4080315,61
62,0,Digit 0,0,Digit 0,max_nhat,UNRELIABLE,IDO,68.16307785075895,0.7431981939549194,0.000728334230075821,3,0.0938550174299645,0,0,True,68.16307785075895,0.7431981939549194,0.000728334230075821,UNRELIABLE,IDO,2178.2013341936204,0.5513316723170442,0.0005403050388707032,OOD,OOD,171.39162359945325,0.6261438408954494,0.0006136209640775404,OOD,OOD,254.83938574196256,0.6493431765249549,0.0006363563129944558,OOD,OOD,224.9846637665544,0.5856882902527202,0.0005739745244476657,OOD,OOD,53.460148,6.1560383,62
63,0,Digit 0,0,Digit 0,max_nhat,RELIABLE,RELIABLE,9.97165079197718,0.9133592568419443,0.0008950920717051054,3,0.15727398474930177,0,0,True,9.97165079197718,0.9133592568419443,0.0008950920717051054,RELIABLE,RELIABLE,813.2811393374761,0.6989212270018331,0.0006849428024617965,OOD,OOD,48.523607166648276,0.7538990546025738,0.0007388210735105223,RELIABLE,RELIABLE,59.38310297512429,0.7560852720926425,0.0007409635666507896,RELIABLE,RELIABLE,145.96001197400426,0.7335814267124254,0.0007189097981781769,OOD,OOD,36.633926,-7.822316,63
64,0,Digit 0,0,Digit 0,max_nhat,RELIABLE,RELIABLE,44.26809988531774,0.8351832621012781,0.0008184795968592526,4,0.1435215286556063,0,0,True,44.26809988531774,0.8351832621012781,0.0008184795968592526,RELIABLE,RELIABLE,1226.0211686928071,0.6365665124463157,0.0006238351821973893,OOD,OOD,108.688812649827,0.6905425356354447,0.0006767316849227358,OOD,OOD,120.2807051292211,0.6789187948973697,0.0006653404189994223,OOD,OOD,445.1582138677645,0.6916617334456718,0.0006778284987767584,OOD,OOD,37.056988,-10.009993,64
65,0,Digit 0,0,Digit 0,max_nhat,RELIABLE,RELIABLE,38.17681104069137,0.8253233574846949,0.000808816890335001,4,0.14714554129086987,0,0,True,38.17681104069137,0.8253233574846949,0.000808816890335001,RELIABLE,RELIABLE,1167.161773742907,0.6338443446562197,0.0006211674577630954,OOD,OOD,123.53755358792847,0.6637215153379182,0.0006504470850311598,OOD,OOD,107.13887174807475,0.6647215857620339,0.0006514271540467932,OOD,OOD,406.85105438444924,0.678177816193825,0.0006646142598699485,OOD,OOD,37.172863,-8.853793,65
66,0,Digit 0,0,Digit 0,max_nhat,RELIABLE,RELIABLE,50.77256840197708,0.7407343954936582,0.000725919707583785,4,0.010138381315889067,0,0,True,50.77256840197708,0.7407343954936582,0.000725919707583785,RELIABLE,RELIABLE,1849.0610058760387,0.6955635921046596,0.0006816523202625664,OOD,OOD,138.41487891840072,0.6887452851401669,0.0006749703794373635,OOD,OOD,263.68383417577445,0.6217284835661876,0.0006092939138948639,OOD,OOD,115.83240056937265,0.7305960141777691,0.0007159840938942137,OOD,OOD,46.6194,-15.220022,66
67,0,Digit 0,0,Digit 0,max_nhat,RELIABLE,RELIABLE,17.501077998409688,0.877971319081869,0.0008604118927002316,3,0.12586715640977575,0,0,True,17.501077998409688,0.877971319081869,0.0008604118927002316,RELIABLE,RELIABLE,900.3316734652565,0.6680529379896426,0.0006546918792298497,OOD,OOD,57.26146596508639,0.7355720076803325,0.0007208605675267258,RELIABLE,RELIABLE,78.92514684158735,0.7521041626720932,0.0007370620794186514,UNRELIABLE,IDO,178.862660337161,0.7403596325609824,0.0007255524399097627,OOD,OOD,40.840054,-1.165983,67
68,0,Digit 0,0,Digit 0,max_nhat,RELIABLE,RELIABLE,19.60584561472458,0.8685148666639834,0.0008511445693307036,2,0.14882232761075098,0,0,True,19.60584561472458,0.8685148666639834,0.0008511445693307036,RELIABLE,RELIABLE,982.3344334509001,0.5864668994790679,0.0005747375614894866,OOD,OOD,77.22580577611772,0.7196925390532324,0.0007052986882721677,UNRELIABLE,IDO,116.60975612400313,0.7194133300923442,0.0007050250634904973,OOD,OOD,214.81227357677358,0.6535651598871579,0.0006404938566894147,OOD,OOD,46.486073,0.041032337,68
69,0,Digit 0,0,Digit 0,max_nhat,RELIABLE,RELIABLE,34.281708213774465,0.7905676361108064,0.0007747562833885902,2,0.048419074804799345,0,0,True,34.281708213774465,0.7905676361108064,0.0007747562833885902,RELIABLE,RELIABLE,1489.5688064769588,0.7018018628973859,0.0006877658256394381,OOD,OOD,107.39100580060061,0.742148561306007,0.0007273055900798869,OOD,OOD,208.31810140744403,0.7019207310386495,0.0006878823164178765,OOD,OOD,79.43954680253546,0.7387261248068027,0.0007239516023106666,UNRELIABLE,IDO,48.688145,-2.6021595,69
70,0,Digit 0,0,Digit 0,max_nhat,RELIABLE,RELIABLE,29.032334804329,0.8263381258742796,0.000809811363356794,2,0.09527869267042033,0,0,True,29.032334804329,0.8263381258742796,0.000809811363356794,RELIABLE,RELIABLE,1310.5289408878973,0.6747739761401162,0.000661278496617314,OOD,OOD,106.16363192467001,0.7310594332038592,0.000716438244539782,OOD,OOD,170.80563831116913,0.7240377457567253,0.0007095569908415908,OOD,OOD,108.64034263833886,0.6834076879441483,0.0006697395341852653,OOD,OOD,47.69618,8.475645,70
71,0,Digit 0,0,Digit 0,max_nhat,RELIABLE,RELIABLE,18.27189385232138,0.8974152371631744,0.0008794669324199109,4,0.1480583854620824,0,0,True,18.27189385232138,0.8974152371631744,0.0008794669324199109,RELIABLE,RELIABLE,817.0829728332624,0.6854969488939683,0.0006717870099160889,OOD,OOD,65.32357985016566,0.7379570211801558,0.0007231978807565527,UNRELIABLE,IDO,80.94656169103824,0.7478107259442952,0.0007328545114254093,UNRELIABLE,IDO,187.19965857791271,0.749356851701092,0.0007343697146670701,OOD,OOD,36.891964,-11.194961,71
72,0,Digit 0,0,Digit 0,max_nhat,RELIABLE,RELIABLE,18.79155211709187,0.8673717932074614,0.0008500243573433122,2,0.10102988823324943,0,0,True,18.79155211709187,0.8673717932074614,0.0008500243573433122,RELIABLE,RELIABLE,560.322895986209,0.721963573285039,0.0007075243018193383,OOD,OOD,49.702970954644584,0.766341904974212,0.0007510150668747277,RELIABLE,RELIABLE,62.64585775883211,0.7531723614776819,0.0007381089142481282,UNRELIABLE,IDO,184.52298952807388,0.7351222440587423,0.0007204197991775674,OOD,OOD,34.546368,-10.63533,72
73,0,Digit 0,0,Digit 0,max_nhat,RELIABLE,RELIABLE,15.595797410752574,0.8920015740148698,0.0008741615425345723,2,0.10845063348970252,0,0,True,15.595797410752574,0.8920015740148698,0.0008741615425345723,RELIABLE,RELIABLE,851.642978236576,0.6553857967962979,0.0006422780808603719,OOD,OOD,69.43520549465056,0.7835509405251673,0.0007678799217146639,UNRELIABLE,IDO,74.41881466803815,0.7826016823719586,0.0007669496487245194,UNRELIABLE,IDO,117.49436923523223,0.723156473234867,0.0007086933437701696,OOD,OOD,37.896107,4.473394,73
74,0,Digit 0,0,Digit 0,max_nhat,RELIABLE,RELIABLE,28.892002894529757,0.8215695258879361,0.0008051381353701774,4,0.0594738553788593,0,0,True,28.892002894529757,0.8215695258879361,0.0008051381353701774,RELIABLE,RELIABLE,1200.3405961309904,0.7207242364933777,0.0007063097517635101,OOD,OOD,68.85812117085386,0.7126835503777084,0.0006984298793701541,UNRELIABLE,IDO,105.49119484188739,0.6903023630061964,0.0006764963157460725,OOD,OOD,516.525782272874,0.7620956705090768,0.0007468537570988952,OOD,OOD,39.238182,-10.439116,74
75,0,Digit 0,0,Digit 0,max_nhat,RELIABLE,RELIABLE,28.33927428383223,0.8298065212828364,0.0008132103908571796,1,0.05447983744591023,0,0,True,28.33927428383223,0.8298065212828364,0.0008132103908571796,RELIABLE,RELIABLE,373.9927928983877,0.7753266838369262,0.0007598201501601876,OOD,OOD,45.41850616475898,0.7694746787201759,0.0007540851851457725,RELIABLE,RELIABLE,57.04498617414654,0.7590803465966017,0.0007438987396646697,RELIABLE,RELIABLE,219.93753679763114,0.7750791726493367,0.0007595775891963499,OOD,OOD,35.07788,-12.02609,75
76,0,Digit 0,0,Digit 0,max_nhat,RELIABLE,RELIABLE,9.127053936857365,0.91891064245015,0.000900532429601147,3,0.16322351009163016,0,0,True,9.127053936857365,0.91891064245015,0.000900532429601147,RELIABLE,RELIABLE,1030.3998225317291,0.686723889744321,0.0006729894119494346,OOD,OOD,60.66577664982633,0.7406982306478729,0.0007258842660349154,RELIABLE,RELIABLE,83.73953908496817,0.7556871323585198,0.0007405733897113494,UNRELIABLE,IDO,103.17523126284533,0.7277750393952735,0.0007132195386073681,OOD,OOD,44.385197,2.4614933,76
77,0,Digit 0,0,Digit 0,max_nhat,UNRELIABLE,IDO,62.70725175305263,0.7666105557455806,0.0007512783446306689,2,0.03717043957670452,0,0,True,62.70725175305263,0.7666105557455806,0.0007512783446306689,UNRELIABLE,IDO,2162.294258117915,0.5998797971821257,0.0005878822012384832,OOD,OOD,145.08620673964472,0.729440116168876,0.0007148513138454985,OOD,OOD,281.0184316620475,0.7038166703785711,0.0006897403369709996,OOD,OOD,167.63612222119386,0.6462828250445211,0.0006333571685436306,OOD,OOD,51.5158,4.9144726,77
78,0,Digit 0,0,Digit 0,max_nhat,RELIABLE,RELIABLE,13.776747750802912,0.8887439807723959,0.0008709691011569479,2,0.11941829412272864,0,0,True,13.776747750802912,0.8887439807723959,0.0008709691011569479,RELIABLE,RELIABLE,830.1243995319087,0.6550968795551919,0.000641994941964088,OOD,OOD,54.84959509165806,0.7693256866496673,0.000753939172916674,RELIABLE,RELIABLE,70.57492723299931,0.7568062347322856,0.0007416701100376399,UNRELIABLE,IDO,104.621182699331,0.7265030664942551,0.00071197300516437,OOD,OOD,36.79995,4.3865237,78
79,0,Digit 0,0,Digit 0,max_nhat,RELIABLE,RELIABLE,26.7957120581368,0.8380951189247157,0.0008213332165462213,4,0.06893340499317957,0,0,True,26.7957120581368,0.8380951189247157,0.0008213332165462213,RELIABLE,RELIABLE,1268.782479557071,0.7479833194596426,0.0007330236530704497,OOD,OOD,54.67633539272394,0.7639672513921809,0.0007486879063643373,RELIABLE,RELIABLE,96.30873175504763,0.7271561752940061,0.0007126130517881259,OOD,OOD,89.7774658377179,0.7691617139315361,0.0007537784796529054,OOD,OOD,39.57102,-16.132835,79
80,0,Digit 0,0,Digit 0,max_nhat,RELIABLE,RELIABLE,26.28257124851987,0.8351768693949411,0.0008184733320070422,3,0.052015726175885124,0,0,True,26.28257124851987,0.8351768693949411,0.0008184733320070422,RELIABLE,RELIABLE,276.61588789095055,0.7359172240887959,0.00072119887960702,OOD,OOD,52.339893165313846,0.7698026227354737,0.0007544065702807642,RELIABLE,RELIABLE,55.199223258007514,0.7831611432190559,0.0007674979203546748,RELIABLE,RELIABLE,56.61326725997775,0.7594246310644236,0.0007442361384431351,RELIABLE,RELIABLE,33.60019,-10.283855,80
81,0,Digit 0,0,Digit 0,max_nhat,RELIABLE,RELIABLE,35.97391209085666,0.7840858220323158,0.0007684041055916695,2,0.02925602698506713,0,0,True,35.97391209085666,0.7840858220323158,0.0007684041055916695,RELIABLE,RELIABLE,855.1282695608388,0.6780838690903156,0.0006645221917085093,OOD,OOD,53.763186795527076,0.7548297950472487,0.0007397331991463036,RELIABLE,RELIABLE,103.6284731780205,0.682881991535271,0.0006692243517045655,OOD,OOD,250.59488197742053,0.7278076995872719,0.0007132515455955264,OOD,OOD,47.027126,-3.4325328,81
82,0,Digit 0,0,Digit 0,max_nhat,RELIABLE,RELIABLE,15.465326476724822,0.8790021446978257,0.0008614221018038691,2,0.04350641447700221,0,0,True,15.465326476724822,0.8790021446978257,0.0008614221018038691,RELIABLE,RELIABLE,276.7984750124655,0.7281922825973046,0.0007136284369453585,OOD,OOD,32.989599378047174,0.8354957302208235,0.0008187858156164069,RELIABLE,RELIABLE,28.942857886422743,0.825978830456812,0.0008094592538476757,RELIABLE,RELIABLE,70.90677948161971,0.7871787826983495,0.0007714352070443825,UNRELIABLE,IDO,30.648815,-2.4729717,82
83,0,Digit 0,0,Digit 0,max_nhat,UNRELIABLE,IDO,71.72002637874067,0.7657669338510597,0.0007504515951740385,2,0.0005183254172496099,0,0,True,71.72002637874067,0.7657669338510597,0.0007504515951740385,UNRELIABLE,IDO,1385.6475574599742,0.6456282925530701,0.0006327157267020086,OOD,OOD,100.43263134302943,0.76524860843381,0.0007499436362651338,OOD,OOD,185.93607869670967,0.7152429427753237,0.0007009380839198173,OOD,OOD,103.53253164066308,0.7048792313964877,0.0006907816467685579,OOD,OOD,53.132206,2.4349563,83
84,0,Digit 0,0,Digit 0,max_nhat,RELIABLE,RELIABLE,27.99581376080473,0.8318884658543623,0.000815250696537275,4,0.0575767997982779,0,0,True,27.99581376080473,0.8318884658543623,0.000815250696537275,RELIABLE,RELIABLE,972.2171621036473,0.7212812169730949,0.000706855592633633,OOD,OOD,66.03977429296349,0.7307584796697553,0.0007161433100763601,UNRELIABLE,IDO,99.418438126488,0.7422170376729754,0.0007273726969195159,OOD,OOD,282.28537468642605,0.7743116660560844,0.0007588254327349626,OOD,OOD,38.643837,-13.843925,84
85,0,Digit 0,0,Digit 0,max_nhat,RELIABLE,RELIABLE,23.301286410550144,0.8471621998704734,0.0008302189558730638,3,0.054781790968793875,0,0,True,23.301286410550144,0.8471621998704734,0.0008302189558730638,RELIABLE,RELIABLE,717.7572418384716,0.6744563389354223,0.0006609672121567139,OOD,OOD,53.839458839979805,0.7616715278210691,0.0007464380972646477,RELIABLE,RELIABLE,70.39500603858168,0.7923804089016795,0.0007765328007236458,UNRELIABLE,IDO,92.5449140283985,0.7177892368140842,0.0007034334520778025,OOD,OOD,36.83111,11.015275,85
86,0,Digit 0,0,Digit 0,max_nhat,RELIABLE,RELIABLE,31.884041402083568,0.8183527537449323,0.0008019856986700337,3,0.08904267331747573,0,0,True,31.884041402083568,0.8183527537449323,0.0008019856986700337,RELIABLE,RELIABLE,2308.939766274782,0.6280614029098557,0.0006155001748516586,OOD,OOD,139.10184535103141,0.6830483886243961,0.0006693874208519081,OOD,OOD,217.58950913030424,0.7293100804274566,0.0007147238788189074,OOD,OOD,576.5933709442731,0.6717051267300976,0.0006582710241954956,OOD,OOD,45.27651,-9.557929,86
87,0,Digit 0,0,Digit 0,max_nhat,RELIABLE,RELIABLE,35.598931715093,0.8331385394693556,0.0008164757686799684,3,0.05996699607152589,0,0,True,35.598931715093,0.8331385394693556,0.0008164757686799684,RELIABLE,RELIABLE,1380.9693909294265,0.6457502260560075,0.0006328352215348873,OOD,OOD,90.13903536574104,0.7609294816852927,0.0007457108920515868,OOD,OOD,136.22266505367753,0.7731715433978297,0.0007577081125298731,OOD,OOD,158.69615817294448,0.6476082201193859,0.0006346560557169981,OOD,OOD,48.206184,0.06092743,87
88,0,Digit 0,0,Digit 0,max_nhat,RELIABLE,RELIABLE,24.555368675250005,0.8544866545434928,0.000837396921452623,3,0.133305081054933,0,0,True,24.555368675250005,0.8544866545434928,0.000837396921452623,RELIABLE,RELIABLE,2252.203091819676,0.6328083548772857,0.00062015218777974,OOD,OOD,101.97870285338594,0.7185997448128472,0.0007042277499165902,OOD,OOD,161.15850525909636,0.7211815734885598,0.0007067579420187886,OOD,OOD,255.68603489037272,0.6944108689853584,0.0006805226516056512,OOD,OOD,46.292553,-11.729619,88
89,0,Digit 0,0,Digit 0,max_nhat,RELIABLE,RELIABLE,40.380064515024245,0.8011720018705092,0.000785148561833099,4,0.01777435874304023,0,0,True,40.380064515024245,0.8011720018705092,0.000785148561833099,RELIABLE,RELIABLE,1542.7486846998586,0.7486702906420638,0.0007336968848292225,OOD,OOD,60.158380847324445,0.7479413877665512,0.0007329825600112201,RELIABLE,RELIABLE,116.2807417310885,0.6838881991243998,0.0006702104351419117,OOD,OOD,90.40260652043673,0.783397643127469,0.0007677296902649195,OOD,OOD,40.13764,-17.19722,89
90,0,Digit 0,4,Digit 4,max_nhat,UNRELIABLE,IDO,63.08044239327501,0.779303805622472,0.0007637177295100226,3,0.006694111630427435,4,0,False,44.43427166886605,0.7483781430018092,0.0007334105801417729,RELIABLE,RELIABLE,585.2496957276261,0.6954211401849439,0.000681512717381245,OOD,OOD,62.22290081778626,0.7630169555316159,0.0007477566164209835,UNRELIABLE,IDO,69.64676405630425,0.7726096939920446,0.0007571575001122037,UNRELIABLE,IDO,63.08044239327501,0.779303805622472,0.0007637177295100226,UNRELIABLE,IDO,32.386623,2.4548042,90
91,0,Digit 0,0,Digit 0,max_nhat,RELIABLE,RELIABLE,44.72130252084135,0.7841214382738255,0.000768439009508349,3,0.03202133782013217,0,0,True,44.72130252084135,0.7841214382738255,0.000768439009508349,RELIABLE,RELIABLE,725.4982962941758,0.7102090197421284,0.0006960048393472858,OOD,OOD,96.86888398810085,0.7495219202181517,0.0007345314818137886,OOD,OOD,126.48608768195587,0.7521001004536934,0.0007370580984446195,OOD,OOD,138.21476909411547,0.7344957443141077,0.0007198058294278255,OOD,OOD,51.40758,-1.740299,91
92,0,Digit 0,0,Digit 0,max_nhat,RELIABLE,RELIABLE,15.278622972924246,0.8954003741842874,0.0008774923667006016,3,0.10821318782579226,0,0,True,15.278622972924246,0.8954003741842874,0.0008774923667006016,RELIABLE,RELIABLE,826.9962747767827,0.6902097710594548,0.0006764055756382657,OOD,OOD,79.09423583211938,0.7274747222754137,0.0007129252278299053,UNRELIABLE,IDO,81.29844749964998,0.7871871863584952,0.0007714434426313253,UNRELIABLE,IDO,101.5676930955944,0.688633431199776,0.0006748607625757805,OOD,OOD,46.97338,3.198775,92
93,0,Digit 0,3,Digit 3,max_nhat,RELIABLE,RELIABLE,27.396064662563113,0.8716387513437703,0.0008542059763168949,2,0.002577001403367696,3,0,False,22.679934671849445,0.8523010043769425,0.0008352549842894036,RELIABLE,RELIABLE,158.96479221579543,0.8006580402100835,0.0007846448794058818,OOD,OOD,22.690470083057203,0.8690617499404026,0.0008516805149415945,RELIABLE,RELIABLE,27.396064662563113,0.8716387513437703,0.0008542059763168949,RELIABLE,RELIABLE,34.539732693135164,0.8392838474363182,0.0008224981704875919,RELIABLE,RELIABLE,29.509905,8.814834,93
94,0,Digit 0,0,Digit 0,max_nhat,RELIABLE,RELIABLE,27.671525151481262,0.8426166232326989,0.0008257642907680449,2,0.11135009347330871,0,0,True,27.671525151481262,0.8426166232326989,0.0008257642907680449,RELIABLE,RELIABLE,804.0628922623482,0.619554615722895,0.0006071635234084371,OOD,OOD,80.2503999936721,0.7312665297593902,0.0007166411991642023,UNRELIABLE,IDO,110.46055519961405,0.717952037377524,0.0007035929966299735,OOD,OOD,175.43379891691615,0.6633755158783333,0.0006501080055607666,OOD,OOD,46.492767,-0.20788105,94
95,0,Digit 0,0,Digit 0,max_nhat,RELIABLE,RELIABLE,55.48746819497592,0.7366217586929785,0.0007218893235191189,3,0.06933671291959143,0,0,True,55.48746819497592,0.7366217586929785,0.0007218893235191189,RELIABLE,RELIABLE,1850.891355861229,0.5720299623602313,0.0005605893631130266,OOD,OOD,145.01817956482768,0.6594168427027213,0.0006462285058486669,OOD,OOD,181.10201502426148,0.6672850457733871,0.0006539393448579193,OOD,OOD,188.32392014902794,0.5713813504716494,0.0005599537234622164,OOD,OOD,49.025402,8.961294,95
96,0,Digit 0,0,Digit 0,max_nhat,RELIABLE,RELIABLE,13.250229489086784,0.8905886012239767,0.0008727768291994971,3,0.0763881989927806,0,0,True,13.250229489086784,0.8905886012239767,0.0008727768291994971,RELIABLE,RELIABLE,418.22805040964255,0.7284464553726849,0.0007138775262652312,OOD,OOD,38.83334254931981,0.8093491218063502,0.0007931621393702232,RELIABLE,RELIABLE,48.128403627051334,0.814200402231196,0.0007979163941865721,RELIABLE,RELIABLE,59.28168374530124,0.779260664822758,0.0007636754515263028,RELIABLE,RELIABLE,38.888268,5.4843655,96
97,0,Digit 0,0,Digit 0,max_nhat,RELIABLE,RELIABLE,19.760903193661385,0.8637623372276307,0.0008464870904830781,2,0.10815304291682426,0,0,True,19.760903193661385,0.8637623372276307,0.0008464870904830781,RELIABLE,RELIABLE,991.5883424568912,0.6638119787775374,0.0006505357392019867,OOD,OOD,61.11094247159133,0.7556092943108065,0.0007404971084245903,RELIABLE,RELIABLE,93.81354251358256,0.7277875491418578,0.0007132317981590207,OOD,OOD,81.51617693953618,0.7065960491211551,0.000692464128138732,UNRELIABLE,IDO,45.351345,7.7992463,97
98,0,Digit 0,0,Digit 0,max_nhat,RELIABLE,RELIABLE,17.69221769087915,0.8658988097545857,0.0008485808335594939,2,0.0920778628466129,0,0,True,17.69221769087915,0.8658988097545857,0.0008485808335594939,RELIABLE,RELIABLE,595.1226570023816,0.7112050467114955,0.0006969809457772656,OOD,OOD,45.299413128489704,0.7738209469079728,0.0007583445279698133,RELIABLE,RELIABLE,56.282597790255636,0.7490601036900703,0.0007340789016162688,RELIABLE,RELIABLE,198.6679858174548,0.7559968120924773,0.0007408768758506277,OOD,OOD,35.07425,-7.937908,98
99,0,Digit 0,0,Digit 0,max_nhat,RELIABLE,RELIABLE,52.079630506088975,0.7773310067189146,0.0007617843865845364,2,0.014635379216803801,0,0,True,52.079630506088975,0.7773310067189146,0.0007617843865845364,RELIABLE,RELIABLE,1266.5777013755069,0.6831444871064253,0.0006694815973642968,OOD,OOD,76.80891104878141,0.7626956275021108,0.0007474417149520686,UNRELIABLE,IDO,99.24504366373914,0.7543063650923426,0.0007392202377904957,OOD,OOD,129.5663307221828,0.646411415969984,0.0006334831876505843,OOD,OOD,48.372902,10.962291,99
100,0,Digit 0,0,Digit 0,max_nhat,RELIABLE,RELIABLE,16.23897273389417,0.8769166465831056,0.0008593783136514435,2,0.049373563991577996,0,0,True,16.23897273389417,0.8769166465831056,0.0008593783136514435,RELIABLE,RELIABLE,380.5497681963078,0.6939410773302197,0.0006800622557836153,OOD,OOD,31.660441792580208,0.8275430825915276,0.0008109922209396971,RELIABLE,RELIABLE,39.513364554818544,0.8254134299545968,0.0008089051613555048,RELIABLE,RELIABLE,44.948565672424,0.8185084685085758,0.0008021382991384042,RELIABLE,RELIABLE,32.071064,6.9365196,100
101,0,Digit 0,0,Digit 0,max_nhat,RELIABLE,RELIABLE,16.921832778226353,0.8670055237518884,0.0008496654132768507,2,0.049095630174459504,0,0,True,16.921832778226353,0.8670055237518884,0.0008496654132768507,RELIABLE,RELIABLE,455.0036147744556,0.6800557752560374,0.0006664546597509167,OOD,OOD,38.23780905431546,0.8179098935774289,0.0008015516957058803,RELIABLE,RELIABLE,41.96228408847489,0.8126489392420356,0.0007963959604571949,RELIABLE,RELIABLE,73.5675604147354,0.7778197448121998,0.0007622633499159558,UNRELIABLE,IDO,33.742416,4.828371,101
102,0,Digit 0,0,Digit 0,max_nhat,RELIABLE,RELIABLE,43.29889147809908,0.7979520778583814,0.0007819930363012138,2,0.016751470822280567,0,2,False,43.29889147809908,0.7979520778583814,0.0007819930363012138,RELIABLE,RELIABLE,788.5876670757767,0.7092060601974869,0.0006950219389935371,OOD,OOD,42.19745990456732,0.7812006070361008,0.0007655765948953787,RELIABLE,RELIABLE,61.224077356166575,0.7599987160814489,0.0007447987417598199,RELIABLE,RELIABLE,98.15078945385694,0.7546525551798335,0.0007395595040762368,OOD,OOD,42.03677,10.298158,102
103,0,Digit 0,0,Digit 0,max_nhat,RELIABLE,RELIABLE,18.7684390142048,0.8601968668799598,0.0008429929295423606,2,0.04288398372052982,0,0,True,18.7684390142048,0.8601968668799598,0.0008429929295423606,RELIABLE,RELIABLE,320.19233656692916,0.7093094087253895,0.0006951232205508817,OOD,OOD,33.05395726244764,0.81731288315943,0.0008009666254962414,RELIABLE,RELIABLE,43.748325745187685,0.7985440265290192,0.0007825731459984389,RELIABLE,RELIABLE,57.914003199380815,0.8053584121179298,0.0007892512438755711,RELIABLE,RELIABLE,30.858328,6.1708546,103
104,0,Digit 0,0,Digit 0,max_nhat,RELIABLE,RELIABLE,51.94513593995734,0.7755002524979009,0.0007599902474479429,2,0.034889748309106516,0,0,True,51.94513593995734,0.7755002524979009,0.0007599902474479429,RELIABLE,RELIABLE,1387.685883123973,0.6664298821523557,0.0006531012845093085,OOD,OOD,85.39133070328974,0.7406105041887944,0.0007257982941050185,OOD,OOD,137.05538662715662,0.7039583565061145,0.0006898791893759922,OOD,OOD,128.8260544557765,0.6311474683688625,0.0006185245190014852,OOD,OOD,48.078747,9.755876,104
105,0,Digit 0,0,Digit 0,max_nhat,OOD,OOD,139.81479885158345,0.7041377927524699,0.0006900550368974205,2,0.004760051705055779,0,0,True,139.81479885158345,0.7041377927524699,0.0006900550368974205,OOD,OOD,1028.7695808223675,0.5641419093552874,0.0005528590711681816,OOD,OOD,266.64440236722265,0.6993777410474141,0.0006853901862264658,OOD,OOD,314.1039450749179,0.6945950434661529,0.0006807031425968298,OOD,OOD,312.03214273132073,0.6281579783297351,0.0006155948187631403,OOD,OOD,46.558628,10.72728,105
106,0,Digit 0,0,Digit 0,max_nhat,OOD,OOD,94.05247806064196,0.6623018105810409,0.00064905577436942,2,0.007649426738697063,0,0,True,94.05247806064196,0.6623018105810409,0.00064905577436942,OOD,OOD,2824.016355964307,0.584792236846807,0.0005730963921098709,OOD,OOD,216.16025641336873,0.6546523838423438,0.0006415593361654969,OOD,OOD,349.60284516195003,0.6075569506674325,0.0005954058116540839,OOD,OOD,218.63845821192396,0.6127315688216364,0.0006004769374452037,OOD,OOD,48.0969,-14.292494,106
107,0,Digit 0,0,Digit 0,max_nhat,RELIABLE,RELIABLE,51.404949037624014,0.8153521812216354,0.0007990451375972027,2,0.10578992599855996,0,0,True,51.404949037624014,0.8153521812216354,0.0007990451375972027,RELIABLE,RELIABLE,929.9157573917116,0.619269800491134,0.0006068844044813113,OOD,OOD,121.82758380291499,0.7095622552230755,0.0006953710101186139,OOD,OOD,150.567029938603,0.7066277344249091,0.0006924951797364109,OOD,OOD,165.274477474273,0.6701953924271122,0.00065679148457857,OOD,OOD,48.272923,3.9467971,107
108,0,Digit 0,0,Digit 0,max_nhat,RELIABLE,RELIABLE,26.214126828380497,0.8243970306163428,0.000807909090004016,3,0.01065536683707946,0,0,True,26.214126828380497,0.8243970306163428,0.000807909090004016,RELIABLE,RELIABLE,453.45331076681,0.7027123784756095,0.0006886581309060974,OOD,OOD,40.78133257902104,0.8099409771577655,0.0007937421576146101,RELIABLE,RELIABLE,51.62584228577732,0.8137416637792634,0.0007974668305036781,RELIABLE,RELIABLE,60.553280396640986,0.746053929101182,0.0007311328505191583,RELIABLE,RELIABLE,32.043564,4.7975793,108
109,0,Digit 0,0,Digit 0,max_nhat,RELIABLE,RELIABLE,20.05365677797679,0.8592860533862512,0.0008421003323185261,3,0.0647103481196285,0,0,True,20.05365677797679,0.8592860533862512,0.0008421003323185261,RELIABLE,RELIABLE,364.6060239334687,0.6682279030523515,0.0006548633449913044,OOD,OOD,52.72087464115477,0.7931787197966436,0.0007773151454007107,RELIABLE,RELIABLE,51.579147339261326,0.7945757052666227,0.0007786841911612902,RELIABLE,RELIABLE,39.96542812031011,0.7931043129199796,0.0007772422266615801,RELIABLE,RELIABLE,40.11755,8.330948,109
110,0,Digit 0,0,Digit 0,max_nhat,RELIABLE,RELIABLE,11.904672610855897,0.9110726155745636,0.0008928511632630724,2,0.11943359156743316,0,0,True,11.904672610855897,0.9110726155745636,0.0008928511632630724,RELIABLE,RELIABLE,680.7855779441504,0.6834569886296139,0.0006697878488570216,OOD,OOD,44.03765303334336,0.7916390240071305,0.0007758062435269878,RELIABLE,RELIABLE,58.1615270898257,0.7875503210497771,0.0007717993146287815,RELIABLE,RELIABLE,81.96112930506152,0.7382482309282533,0.0007234832663096882,UNRELIABLE,IDO,42.965096,3.31207,110
111,0,Digit 0,2,Digit 2,max_nhat,RELIABLE,RELIABLE,20.83927099188807,0.8401623105437033,0.0008233590643328292,4,0.02876397258732022,2,2,True,38.00624191212359,0.8057834751887559,0.0007896678056849808,RELIABLE,RELIABLE,287.7122229662485,0.688199756709686,0.0006744357615754923,OOD,OOD,20.83927099188807,0.8401623105437033,0.0008233590643328292,RELIABLE,RELIABLE,56.84036314609471,0.7727472721859917,0.0007572923267422718,RELIABLE,RELIABLE,64.52990207373793,0.811398337956383,0.0007951703711972553,UNRELIABLE,IDO,27.827734,5.6016045,111
112,0,Digit 0,0,Digit 0,max_nhat,RELIABLE,RELIABLE,16.321000791168302,0.8762288888863093,0.0008587043111085831,2,0.09301478909581473,0,0,True,16.321000791168302,0.8762288888863093,0.0008587043111085831,RELIABLE,RELIABLE,801.6672221239778,0.6740623504660971,0.0006605811034567751,OOD,OOD,52.70324596866372,0.7832140997904946,0.0007675498177946847,RELIABLE,RELIABLE,62.872035700840584,0.7788841344870987,0.0007633064517973567,UNRELIABLE,IDO,89.29359357628238,0.7409736738461393,0.0007261542003692166,OOD,OOD,35.939274,4.6806884,112
113,0,Digit 0,0,Digit 0,max_nhat,RELIABLE,RELIABLE,29.778127935663868,0.8028962354614111,0.0007868383107521829,2,0.0009443689266696031,0,0,True,29.778127935663868,0.8028962354614111,0.0007868383107521829,RELIABLE,RELIABLE,369.02841722501955,0.6628832227368825,0.0006496255582821448,OOD,OOD,38.43234457755768,0.8019518665347415,0.0007859128292040466,RELIABLE,RELIABLE,55.06092445593351,0.8009444498974418,0.000784925560899493,RELIABLE,RELIABLE,72.0707583903112,0.7906504420861543,0.0007748374332444312,UNRELIABLE,IDO,32.77626,7.6100855,113
114,0,Digit 0,0,Digit 0,max_nhat,RELIABLE,RELIABLE,47.71125520922836,0.7716584966069739,0.0007562253266748344,2,0.043575797503310865,0,0,True,47.71125520922836,0.7716584966069739,0.0007562253266748344,RELIABLE,RELIABLE,838.0256171894428,0.6442396955210564,0.0006313549016106353,OOD,OOD,82.10190634284093,0.7280826991036631,0.0007135210451215898,UNRELIABLE,IDO,136.86703465306445,0.6875181437926803,0.0006737677809168267,OOD,OOD,96.24917100580092,0.6670352558629159,0.0006536945507456575,OOD,OOD,46.912598,9.597029,114
115,0,Digit 0,0,Digit 0,max_nhat,RELIABLE,RELIABLE,24.54486315191489,0.8310427189945728,0.0008144218646146814,4,0.10879474056092198,0,0,True,24.54486315191489,0.8310427189945728,0.0008144218646146814,RELIABLE,RELIABLE,1248.300408677179,0.6875314814634538,0.0006737808518341847,OOD,OOD,78.62041752117248,0.6992201367443658,0.0006852357340094785,UNRELIABLE,IDO,132.10462305610537,0.6880044598883125,0.0006742443706905462,OOD,OOD,230.8981173122241,0.7222479784336509,0.0007078030188649778,OOD,OOD,41.837605,-8.169602,115
116,0,Digit 0,0,Digit 0,max_nhat,RELIABLE,RELIABLE,16.918887415180777,0.874590057134542,0.0008570982559918511,2,0.06930796243280668,0,0,True,16.918887415180777,0.874590057134542,0.0008570982559918511,RELIABLE,RELIABLE,392.2898127302902,0.6402610679518337,0.000627455846592797,OOD,OOD,39.66981989171401,0.8052820947017353,0.0007891764528077006,RELIABLE,RELIABLE,42.90501548416235,0.8023050349188021,0.000786258934220426,RELIABLE,RELIABLE,86.37423462345252,0.7599998612051574,0.0007447998639810542,OOD,OOD,40.856144,0.65845907,116
117,0,Digit 0,0,Digit 0,max_nhat,RELIABLE,RELIABLE,48.77824697355143,0.766410934894652,0.0007510827161967589,2,0.07932825354976736,0,0,True,48.77824697355143,0.766410934894652,0.0007510827161967589,RELIABLE,RELIABLE,2112.4056215440423,0.6744612660433553,0.0006609720407224882,OOD,OOD,176.63784177482705,0.6870826813448846,0.0006733410277179869,OOD,OOD,299.3383148605267,0.6479712334745743,0.0006350118088050828,OOD,OOD,135.97261409621788,0.6792729633815991,0.0006656875041139671,OOD,OOD,47.44174,-14.322774,117
118,0,Digit 0,0,Digit 0,max_nhat,RELIABLE,RELIABLE,21.79990661893202,0.8771099344969203,0.0008595677358069819,3,0.09592518321580179,0,0,True,21.79990661893202,0.8771099344969203,0.0008595677358069819,RELIABLE,RELIABLE,335.00421542812455,0.7460834537575387,0.0007311617846823879,OOD,OOD,59.42621327644683,0.7641907744153735,0.000748906958927066,RELIABLE,RELIABLE,42.75841887823336,0.7811847512811185,0.0007655610562554961,RELIABLE,RELIABLE,51.99887112554943,0.7631865928370438,0.0007479228609803029,RELIABLE,RELIABLE,33.52263,-9.763075,118
119,0,Digit 0,0,Digit 0,max_nhat,RELIABLE,RELIABLE,37.69775253995824,0.7832017716570386,0.0007675377362238978,2,0.07688648471403203,0,0,True,37.69775253995824,0.7832017716570386,0.0007675377362238978,RELIABLE,RELIABLE,2255.445009376468,0.5846419025015891,0.0005729490644515573,OOD,OOD,114.43024830094824,0.7063152869430066,0.0006921889812041464,OOD,OOD,194.08782166809164,0.6694723630285957,0.0006560829157680238,OOD,OOD,209.75279429975967,0.6620932527047493,0.0006488513876506543,OOD,OOD,48.467293,-10.243894,119
120,0,Digit 0,0,Digit 0,max_nhat,RELIABLE,RELIABLE,14.101729077470843,0.9009016676663247,0.0008828836343129982,2,0.1638766156470478,0,0,True,14.101729077470843,0.9009016676663247,0.0008828836343129982,RELIABLE,RELIABLE,1065.4919070274361,0.6447362379855253,0.0006318415132258148,OOD,OOD,64.55488247933444,0.7370250520192769,0.0007222845509788913,UNRELIABLE,IDO,91.86725129714604,0.7217798149218493,0.0007073442186234123,OOD,OOD,131.58489843456474,0.7121632422039967,0.0006979199773599168,OOD,OOD,39.13577,0.7655494,120
121,0,Digit 0,3,Digit 3,max_nhat,RELIABLE,RELIABLE,25.35140268910873,0.8745755451068885,0.0008570840342047507,2,0.0489115062034019,3,3,True,28.170445667499038,0.8078645847504978,0.0007917072930554879,RELIABLE,RELIABLE,150.1940831051138,0.733519069643983,0.0007188486882511033,OOD,OOD,34.442599544431616,0.8256640389034866,0.0008091507581254168,RELIABLE,RELIABLE,25.35140268910873,0.8745755451068885,0.0008570840342047507,RELIABLE,RELIABLE,48.83029761755558,0.7993534932675445,0.0007833664234021936,RELIABLE,RELIABLE,29.581312,-1.1341169,121
122,0,Digit 0,0,Digit 0,max_nhat,RELIABLE,RELIABLE,32.92889763559503,0.8390883647144182,0.0008223065974201298,3,0.07848833756947704,0,0,True,32.92889763559503,0.8390883647144182,0.0008223065974201298,RELIABLE,RELIABLE,449.3700116779692,0.697895286491374,0.0006839373807615464,OOD,OOD,79.95246321392528,0.7546378352015704,0.000739545078497539,UNRELIABLE,IDO,54.74040420891019,0.7606000271449411,0.0007453880266020423,RELIABLE,RELIABLE,123.86289771521538,0.7416299351442885,0.0007267973364414028,OOD,OOD,34.06583,-8.693505,122
123,0,Digit 0,0,Digit 0,max_nhat,RELIABLE,RELIABLE,19.61273914273133,0.8576766048341903,0.0008405230727375065,2,0.08800365245809749,0,0,True,19.61273914273133,0.8576766048341903,0.0008405230727375065,RELIABLE,RELIABLE,855.4951559081533,0.6571462342567003,0.0006440033095715663,OOD,OOD,49.22810245834359,0.7696729523760928,0.0007542794933285709,RELIABLE,RELIABLE,60.86905272447654,0.7581017001345416,0.0007429396661318507,RELIABLE,RELIABLE,102.31566295828824,0.7591551860774961,0.0007439720823559461,OOD,OOD,37.17488,8.955581,123
124,0,Digit 0,0,Digit 0,max_nhat,RELIABLE,RELIABLE,25.070240783163086,0.8445400013888474,0.0008276492013610705,2,0.07743085756055579,0,0,True,25.070240783163086,0.8445400013888474,0.0008276492013610705,RELIABLE,RELIABLE,837.9113732819342,0.6839119721560735,0.000670233732712952,OOD,OOD,62.56795170174028,0.7671091438282917,0.0007517669609517258,UNRELIABLE,IDO,93.02540683208501,0.7634207255080155,0.0007481523109978552,OOD,OOD,90.0296309017601,0.6754526590601742,0.0006619436058789706,OOD,OOD,46.676914,8.86374,124
125,0,Digit 0,0,Digit 0,max_nhat,OOD,OOD,123.9447973308195,0.7348737661068636,0.0007201762907847263,4,0.01797908808353932,0,2,False,123.9447973308195,0.7348737661068636,0.0007201762907847263,OOD,OOD,1260.9663118486822,0.6543597482293225,0.000641272553264736,OOD,OOD,63.331529976897684,0.7097317096128102,0.000695537075420554,UNRELIABLE,IDO,102.23169773723845,0.6866089399073013,0.0006728767611091553,OOD,OOD,125.41973360384239,0.7168946780233243,0.0007025567844628578,OOD,OOD,41.794403,11.06795,125
126,0,Digit 0,0,Digit 0,max_nhat,RELIABLE,RELIABLE,13.731527992268965,0.8966293753179184,0.00087869678781156,3,0.12180321880047529,0,0,True,13.731527992268965,0.8966293753179184,0.00087869678781156,RELIABLE,RELIABLE,935.8016446645813,0.6635814845233983,0.0006503098548329303,OOD,OOD,66.05762953932314,0.7663046159355035,0.0007509785236167934,UNRELIABLE,IDO,106.46727230615795,0.7748261565174431,0.0007593296333870943,OOD,OOD,123.35247055500884,0.711708693906789,0.0006974745200286532,OOD,OOD,46.08138,0.5358072,126
127,0,Digit 0,0,Digit 0,max_nhat,RELIABLE,RELIABLE,25.569284611661075,0.845906082173244,0.0008289879605297791,3,0.08861666935265933,0,0,True,25.569284611661075,0.845906082173244,0.0008289879605297791,RELIABLE,RELIABLE,1556.3776308550778,0.6976088830505004,0.0006836567053894904,OOD,OOD,100.23217609498774,0.7431738304073994,0.0007283103537992513,OOD,OOD,167.98892540273508,0.7572894128205847,0.000742143624564173,OOD,OOD,118.96223062037198,0.7099526786539074,0.0006957536250808292,OOD,OOD,49.113895,-0.9779638,127
128,0,Digit 0,2,Digit 2,max_nhat,RELIABLE,RELIABLE,38.399855985636464,0.8064527659643713,0.0007903237106450839,0,0.0147094494397505,2,0,False,36.7517233790212,0.7917433165246208,0.0007759084501941284,RELIABLE,RELIABLE,648.5628138172555,0.6508293896487258,0.0006378128018557513,OOD,OOD,38.399855985636464,0.8064527659643713,0.0007903237106450839,RELIABLE,RELIABLE,70.91356054352347,0.7044470778340902,0.0006903581362774084,UNRELIABLE,IDO,138.17064706012417,0.7243177398476938,0.0007098313850507398,OOD,OOD,33.115337,-1.3197705,128
129,0,Digit 0,3,Digit 3,max_nhat,RELIABLE,RELIABLE,28.661475692469022,0.8597120125113193,0.000842517772261093,2,0.010757285244567538,3,0,False,23.777019172670073,0.8439487770917861,0.0008270698015499503,RELIABLE,RELIABLE,162.08433677937813,0.8188524464994622,0.000802475397569473,OOD,OOD,26.52016105477592,0.8489547272667518,0.0008319756327214167,RELIABLE,RELIABLE,28.661475692469022,0.8597120125113193,0.000842517772261093,RELIABLE,RELIABLE,26.515885242681897,0.8404212832845618,0.0008236128576188705,RELIABLE,RELIABLE,28.884068,8.191626,129
130,0,Digit 0,4,Digit 4,max_nhat,OOD,OOD,85.96960631019047,0.8284263750632592,0.000811857847561994,2,0.009228584887877922,4,2,False,38.89281803776804,0.7974077789833818,0.0007814596234037141,RELIABLE,RELIABLE,612.1377478538686,0.7376157188536333,0.0007228634044765607,OOD,OOD,35.14699844609585,0.8191977901753813,0.0008028138343718737,RELIABLE,RELIABLE,71.4032009486603,0.7519520010409245,0.000736912961020106,UNRELIABLE,IDO,85.96960631019047,0.8284263750632592,0.000811857847561994,OOD,OOD,8.373722,-28.239458,130
131,0,Digit 0,0,Digit 0,max_nhat,RELIABLE,RELIABLE,10.773680081439228,0.9209062683688738,0.0009024881430014963,2,0.10601467964208477,0,0,True,10.773680081439228,0.9209062683688738,0.0009024881430014963,RELIABLE,RELIABLE,459.89797599222504,0.656056829575813,0.0006429356929842968,OOD,OOD,33.70205219975061,0.814891588726789,0.0007985937569522532,RELIABLE,RELIABLE,47.398577895511345,0.7965358330343062,0.00078060511637362,RELIABLE,RELIABLE,67.04051240849687,0.7904343222380713,0.0007746256357933098,UNRELIABLE,IDO,41.550503,3.6747537,131
132,0,Digit 0,0,Digit 0,max_nhat,UNRELIABLE,IDO,73.95521474141586,0.7054190917365423,0.0006913107099018114,3,0.06267945717684686,0,0,True,73.95521474141586,0.7054190917365423,0.0006913107099018114,UNRELIABLE,IDO,2933.7859457633276,0.5278775071783288,0.0005173199570347622,OOD,OOD,226.58841632518735,0.6264411252390382,0.0006139123027342574,OOD,OOD,335.13668338237756,0.6427396345596954,0.0006298848418685015,OOD,OOD,494.6627706507514,0.5904380325577584,0.0005786292719066032,OOD,OOD,49.772987,-7.2242107,132
133,0,Digit 0,3,Digit 3,max_nhat,RELIABLE,RELIABLE,24.045253642574323,0.8608841025451802,0.0008436664204942766,2,0.0019752722975947545,3,2,False,27.12842927232638,0.8289338787535222,0.0008123552011784518,RELIABLE,RELIABLE,98.26564396882884,0.8259139168251365,0.0008093956384886337,OOD,OOD,22.72462501707539,0.8589088302475855,0.0008417306536426337,RELIABLE,RELIABLE,24.045253642574323,0.8608841025451802,0.0008436664204942766,RELIABLE,RELIABLE,33.12432354137857,0.844355613640444,0.0008274685013676351,RELIABLE,RELIABLE,29.24615,9.9015,133
134,0,Digit 0,0,Digit 0,max_nhat,RELIABLE,RELIABLE,31.294524700754526,0.8148399014278582,0.000798543103399301,4,0.033269816488216586,0,0,True,31.294524700754526,0.8148399014278582,0.000798543103399301,RELIABLE,RELIABLE,1046.3857430492183,0.7264742091504763,0.0007119447249674668,OOD,OOD,60.95277204331568,0.7243234757975019,0.0007098370062815518,RELIABLE,RELIABLE,102.73868514182234,0.694750502879506,0.0006808554928219158,OOD,OOD,124.48129736808572,0.7815700849396416,0.0007659386832408487,OOD,OOD,38.940044,-15.44757,134
135,0,Digit 0,0,Digit 0,max_nhat,RELIABLE,RELIABLE,34.195913026193466,0.8013567567537848,0.0007853296216187091,4,0.01731965966873783,0,0,True,34.195913026193466,0.8013567567537848,0.0007853296216187091,RELIABLE,RELIABLE,579.8884309857682,0.7249368888262884,0.0007104381510497626,OOD,OOD,50.0186084083675,0.7784206129235737,0.0007628522006651022,RELIABLE,RELIABLE,71.8686302257759,0.7129836630085631,0.0006987239897483918,UNRELIABLE,IDO,353.2900559892506,0.784037097085047,0.000768356355143346,OOD,OOD,34.92954,-13.375784,135
136,0,Digit 0,0,Digit 0,max_nhat,RELIABLE,RELIABLE,18.582316497656937,0.859465759399446,0.0008422764442114571,2,0.0899231886204489,0,0,True,18.582316497656937,0.859465759399446,0.0008422764442114571,RELIABLE,RELIABLE,851.4550293691505,0.6518373463252621,0.0006388005993987569,OOD,OOD,53.57397642586247,0.7695425707789971,0.0007541517193634171,RELIABLE,RELIABLE,59.35166793525137,0.743617848472,0.0007287454915025599,RELIABLE,RELIABLE,106.83459807616303,0.7523704251957817,0.000737323016691866,OOD,OOD,36.211143,4.142497,136
137,0,Digit 0,0,Digit 0,max_nhat,RELIABLE,RELIABLE,35.245838829483716,0.827119044021371,0.0008105766631409436,3,0.07654295340397965,0,0,True,35.245838829483716,0.827119044021371,0.0008105766631409436,RELIABLE,RELIABLE,950.5226566172402,0.6154777354336319,0.0006031681807249593,OOD,OOD,103.80952549442192,0.7281703643773899,0.000713606957089842,OOD,OOD,77.53476445178708,0.7505760906173914,0.0007355645688050435,UNRELIABLE,IDO,140.02986503353407,0.676943011844282,0.0006634041516073963,OOD,OOD,36.0669,-2.3224277,137
138,0,Digit 0,0,Digit 0,max_nhat,RELIABLE,RELIABLE,54.357718185678,0.821552770090749,0.000805121714688934,2,0.10773989542025841,0,0,True,54.357718185678,0.821552770090749,0.000805121714688934,RELIABLE,RELIABLE,1438.9505624148678,0.629814354518748,0.000617218067428373,OOD,OOD,132.6561154519266,0.7138128746704906,0.0006995366171770808,OOD,OOD,159.79183370841318,0.7013750824685392,0.0006873475808191684,OOD,OOD,221.1710729256519,0.6969592311518837,0.000683020046528846,OOD,OOD,42.420048,-16.9146,138
139,0,Digit 0,0,Digit 0,max_nhat,RELIABLE,RELIABLE,31.69286380120527,0.8082446283296666,0.0007920797357630732,2,0.05220668339524892,0,0,True,31.69286380120527,0.8082446283296666,0.0007920797357630732,RELIABLE,RELIABLE,1228.5703359244453,0.6726370146838729,0.0006591842743901954,OOD,OOD,76.00685334319239,0.7560379449344177,0.0007409171860357293,UNRELIABLE,IDO,109.6141893515167,0.7438866729689549,0.0007290089395095758,OOD,OOD,120.73296283406711,0.709431938898728,0.0006952433001207535,OOD,OOD,37.228848,7.059354,139
140,0,Digit 0,0,Digit 0,max_nhat,RELIABLE,RELIABLE,23.08581466407105,0.8425342997401002,0.0008256836137452982,3,0.13654656067221316,0,0,True,23.08581466407105,0.8425342997401002,0.0008256836137452982,RELIABLE,RELIABLE,1662.9381520283564,0.6797342247677689,0.0006661395402724134,OOD,OOD,90.91766115762579,0.6712324686597638,0.0006578078192865685,OOD,OOD,133.24282046921385,0.705987739067887,0.0006918679842865292,OOD,OOD,468.694493417669,0.7019957859508295,0.0006879558702318128,OOD,OOD,40.686512,-9.751126,140
141,0,Digit 0,0,Digit 0,max_nhat,RELIABLE,RELIABLE,38.81371877082584,0.7831200053115583,0.0007674576052053272,4,0.03734383133637864,0,0,True,38.81371877082584,0.7831200053115583,0.0007674576052053272,RELIABLE,RELIABLE,982.8265447146819,0.7171057830243737,0.0007027636673638862,OOD,OOD,74.78931124808518,0.7266617424674857,0.000712128507618136,UNRELIABLE,IDO,98.28201541560097,0.6954678960394663,0.000681558538118677,OOD,OOD,360.40737345345934,0.7457761739751797,0.000730860650495676,OOD,OOD,36.85491,-13.249946,141
142,0,Digit 0,0,Digit 0,max_nhat,RELIABLE,RELIABLE,31.051324949076104,0.8043803629297058,0.0007882927556711117,4,0.0947433974909796,0,0,True,31.051324949076104,0.8043803629297058,0.0007882927556711117,RELIABLE,RELIABLE,1790.7651099213756,0.6203417590585036,0.0006079349238773335,OOD,OOD,116.56436854909681,0.6960466232401323,0.0006821256907753296,OOD,OOD,165.1958976658626,0.7062414296236896,0.0006921166010312158,OOD,OOD,236.52195045968892,0.7096369654387262,0.0006954442261299517,OOD,OOD,43.911472,-8.425911,142
143,0,Digit 0,0,Digit 0,max_nhat,RELIABLE,RELIABLE,21.479159571811426,0.8799429077581804,0.0008623440496030168,2,0.12727083546853268,0,0,True,21.479159571811426,0.8799429077581804,0.0008623440496030168,RELIABLE,RELIABLE,1050.1361177137553,0.6648431286598231,0.0006515462660866266,OOD,OOD,61.80558397772029,0.7526720722896477,0.0007376186308438547,RELIABLE,RELIABLE,93.04196828148078,0.7516931281617049,0.0007366592655984707,OOD,OOD,109.32106366351096,0.6933235001154242,0.0006794570301131157,OOD,OOD,46.56268,7.1678843,143
144,0,Digit 0,0,Digit 0,max_nhat,RELIABLE,RELIABLE,25.738898587852333,0.8404064389012023,0.0008235983101231782,2,0.10590250399221379,0,0,True,25.738898587852333,0.8404064389012023,0.0008235983101231782,RELIABLE,RELIABLE,870.8399223812223,0.68364512842735,0.000669972225858803,OOD,OOD,60.7357272514654,0.7345039349089885,0.0007198138562108087,RELIABLE,RELIABLE,100.60809416593357,0.729396828276971,0.0007148088917114316,OOD,OOD,104.19515596815162,0.718722493808671,0.0007043480439324975,OOD,OOD,46.96115,-2.9932,144
145,0,Digit 0,0,Digit 0,max_nhat,RELIABLE,RELIABLE,33.73051872153598,0.8244640738350735,0.000807974792358372,4,0.057316433178133175,0,0,True,33.73051872153598,0.8244640738350735,0.000807974792358372,RELIABLE,RELIABLE,551.3087929211415,0.6993374386189309,0.0006853506898465523,OOD,OOD,68.60587616415678,0.7308546060177739,0.0007162375138974183,UNRELIABLE,IDO,61.47463121728184,0.745186378075498,0.000730282650513988,RELIABLE,RELIABLE,103.20621843745883,0.7671476406569403,0.0007518046878438015,OOD,OOD,35.479836,-17.396435,145
146,0,Digit 0,0,Digit 0,max_nhat,UNRELIABLE,IDO,76.59608992753769,0.7691232041186381,0.0007537407400362654,2,0.0803008756498711,0,0,True,76.59608992753769,0.7691232041186381,0.0007537407400362654,UNRELIABLE,IDO,1598.510526223249,0.5725666493906817,0.000561115316402868,OOD,OOD,182.1892666741761,0.688822328468767,0.0006750458818993916,OOD,OOD,275.083411818643,0.6710084733661028,0.0006575883038987808,OOD,OOD,199.1073648839594,0.5876507203653392,0.0005758977059580324,OOD,OOD,49.83491,9.464916,146
147,0,Digit 0,0,Digit 0,max_nhat,RELIABLE,RELIABLE,22.590120908300186,0.8439673772947717,0.0008270880297488762,3,0.04267400920208053,0,0,True,22.590120908300186,0.8439673772947717,0.0008270880297488762,RELIABLE,RELIABLE,471.096468090851,0.7057635304077874,0.0006916482597996316,OOD,OOD,43.76125856391243,0.7908025224038555,0.0007749864719557784,RELIABLE,RELIABLE,58.913331943344666,0.8012933680926911,0.0007852675007308373,RELIABLE,RELIABLE,78.79879309866689,0.7497694911016634,0.0007347741012796301,UNRELIABLE,IDO,34.692688,5.0464473,147
148,0,Digit 0,0,Digit 0,max_nhat,RELIABLE,RELIABLE,20.01755485591084,0.8612010372472938,0.0008439770165023479,4,0.14225410288420182,0,0,True,20.01755485591084,0.8612010372472938,0.0008439770165023479,RELIABLE,RELIABLE,1272.8095884803333,0.6874655267381684,0.000673716216203405,OOD,OOD,65.48855414999281,0.7112067649816795,0.0006969826296820458,UNRELIABLE,IDO,84.59568517212287,0.717462673714791,0.0007031134202404952,UNRELIABLE,IDO,466.4994831578667,0.718946934363092,0.0007045679956758301,OOD,OOD,40.00919,-8.7429285,148
149,0,Digit 0,3,Digit 3,max_nhat,RELIABLE,RELIABLE,39.32396577135936,0.8336484109906588,0.0008169754427708455,0,0.006050292273889868,3,0,False,26.170380152395754,0.8275981187167689,0.0008110461563424335,RELIABLE,RELIABLE,309.93737951408855,0.731606681706194,0.0007169745480720701,OOD,OOD,35.865351280167594,0.8175735713591429,0.00080122209993196,RELIABLE,RELIABLE,39.32396577135936,0.8336484109906588,0.0008169754427708455,RELIABLE,RELIABLE,50.4861539727479,0.8035255698397458,0.0007874550584429508,RELIABLE,RELIABLE,32.665207,5.5234375,149
150,0,Digit 0,0,Digit 0,max_nhat,RELIABLE,RELIABLE,31.566122760672034,0.8178665548235072,0.0008015092237270371,2,0.08709336351810715,0,0,True,31.566122760672034,0.8178665548235072,0.0008015092237270371,RELIABLE,RELIABLE,1197.3018636996514,0.6351270008208862,0.0006224244608044685,OOD,OOD,73.76518133372284,0.7307731913054001,0.000716157727479292,UNRELIABLE,IDO,104.47694203546078,0.7044025640310659,0.0006903145127504446,OOD,OOD,153.8515022799923,0.6859120701627128,0.0006721938287594586,OOD,OOD,38.86667,2.2893016,150
151,0,Digit 0,0,Digit 0,max_nhat,OOD,OOD,113.28353855038473,0.7993899829614659,0.0007834021833022366,3,0.11862476572022329,0,0,True,113.28353855038473,0.7993899829614659,0.0007834021833022366,OOD,OOD,1413.5238910766393,0.5464827937651353,0.0005355531378898326,OOD,OOD,296.2213389325649,0.6627791170563746,0.0006495235347152471,OOD,OOD,211.99439801189732,0.6807652172412426,0.0006671499128964178,OOD,OOD,233.21093047717335,0.626163892871057,0.0006136406150136359,OOD,OOD,37.240532,-1.42396,151
152,0,Digit 0,4,Digit 4,max_nhat,RELIABLE,RELIABLE,34.92597500637384,0.8265544464569826,0.0008100233575278429,2,0.0013718876864169394,4,2,False,29.5321871246355,0.8186630066050926,0.0008022897464729907,RELIABLE,RELIABLE,307.68526113118605,0.7741965619162814,0.0007587126306779558,OOD,OOD,24.685275851912994,0.8251825587705657,0.0008086789075951544,RELIABLE,RELIABLE,54.316135927536344,0.7729491952118076,0.0007574902113075715,RELIABLE,RELIABLE,34.92597500637384,0.8265544464569826,0.0008100233575278429,RELIABLE,RELIABLE,29.230755,5.7001233,152
153,0,Digit 0,0,Digit 0,max_nhat,RELIABLE,RELIABLE,22.041017140819775,0.8696156040168305,0.0008522232919364938,2,0.08698287040349684,0,0,True,22.041017140819775,0.8696156040168305,0.0008522232919364938,RELIABLE,RELIABLE,760.1435013081503,0.7070986725281059,0.0006929566990775438,OOD,OOD,44.044693303031735,0.7826327336133336,0.0007669800789410669,RELIABLE,RELIABLE,59.63334260581597,0.7447220229161485,0.0007298275824578255,RELIABLE,RELIABLE,88.24267452790946,0.7055765269107152,0.0006914649963725008,OOD,OOD,41.0763,5.770426,153
154,0,Digit 0,4,Digit 4,max_nhat,RELIABLE,RELIABLE,33.26231413243781,0.8376681190862693,0.0008209147567045438,2,0.017958975142426725,4,2,False,35.073961512648566,0.814884466226895,0.0007985867769023571,RELIABLE,RELIABLE,221.04925099880302,0.7232373555602069,0.0007087726084490026,OOD,OOD,32.901917582862424,0.8197091439438425,0.0008033149610649656,RELIABLE,RELIABLE,44.17974668776134,0.8070289700000904,0.0007908883906000886,RELIABLE,RELIABLE,33.26231413243781,0.8376681190862693,0.0008209147567045438,RELIABLE,RELIABLE,29.657959,7.8625236,154
155,0,Digit 0,0,Digit 0,max_nhat,RELIABLE,RELIABLE,28.3784522050054,0.8534092434327591,0.000836341058564104,2,0.06494194169920464,0,0,True,28.3784522050054,0.8534092434327591,0.000836341058564104,RELIABLE,RELIABLE,561.1779952537624,0.6509136247141188,0.0006378953522198365,OOD,OOD,41.88354141257591,0.7884673017335545,0.0007726979556988833,RELIABLE,RELIABLE,67.15898773958935,0.730858734687889,0.0007162415599941312,UNRELIABLE,IDO,68.20235010704411,0.7511817442020222,0.0007361581093179817,UNRELIABLE,IDO,33.15821,-3.914221,155
156,0,Digit 0,3,Digit 3,max_nhat,RELIABLE,RELIABLE,23.038387758647495,0.8621696393457033,0.0008449262465587893,2,0.0008702996472155222,3,2,False,26.09358409998287,0.8313546805723305,0.0008147275869608839,RELIABLE,RELIABLE,120.58399010248645,0.8200597835814489,0.00080365858790982,OOD,OOD,22.477485552747158,0.8612993396984878,0.0008440733529045181,RELIABLE,RELIABLE,23.038387758647495,0.8621696393457033,0.0008449262465587893,RELIABLE,RELIABLE,32.69400139242325,0.8593396666858875,0.0008421528733521696,RELIABLE,RELIABLE,29.339828,9.499976,156
157,0,Digit 0,0,Digit 0,max_nhat,RELIABLE,RELIABLE,24.201012809765288,0.837819485530283,0.0008210630958196773,4,0.13550916216135955,0,0,True,24.201012809765288,0.837819485530283,0.0008210630958196773,RELIABLE,RELIABLE,1928.1031716792418,0.6847755111761902,0.0006710800009526663,OOD,OOD,104.20751964172835,0.6840119221253957,0.0006703316836828878,OOD,OOD,163.14040113299802,0.6843331811802768,0.0006706465175566712,OOD,OOD,383.33794094605133,0.7023103233689234,0.0006882641169015449,OOD,OOD,41.466423,-10.341293,157
158,0,Digit 0,0,Digit 0,max_nhat,RELIABLE,RELIABLE,33.734671296507855,0.8029400521093285,0.0007868812510671419,2,0.020185488934214568,0,0,True,33.734671296507855,0.8029400521093285,0.0007868812510671419,RELIABLE,RELIABLE,664.1474745760074,0.7014960599757442,0.0006874661387762293,OOD,OOD,50.38771786399571,0.7827545631751139,0.0007670994719116116,RELIABLE,RELIABLE,70.85847277816376,0.7653820347203865,0.0007500743940259787,UNRELIABLE,IDO,80.42064989509959,0.71070722799843,0.0006964930834384614,UNRELIABLE,IDO,46.24368,9.475594,158
159,0,Digit 0,0,Digit 0,max_nhat,RELIABLE,RELIABLE,21.059207669279395,0.8437766311943431,0.0008269010985704562,4,0.12461511528565061,0,0,True,21.059207669279395,0.8437766311943431,0.0008269010985704562,RELIABLE,RELIABLE,1197.1343554137152,0.6463868591121764,0.0006334591219299329,OOD,OOD,122.67078545577654,0.6827351435761366,0.0006690804407046139,OOD,OOD,187.57700982820796,0.7151927171726792,0.0007008888628292256,OOD,OOD,83.50982467216508,0.7191615159086925,0.0007047782855905187,UNRELIABLE,IDO,36.894875,-6.3923492,159
160,0,Digit 0,0,Digit 0,max_nhat,RELIABLE,RELIABLE,37.128774946520835,0.8019754702712251,0.0007859359608658005,2,0.025355570614055578,0,0,True,37.128774946520835,0.8019754702712251,0.0007859359608658005,RELIABLE,RELIABLE,1159.4140038528735,0.6908932304753433,0.0006770753658658365,OOD,OOD,76.33051602809678,0.7766198996571695,0.0007610875016640261,UNRELIABLE,IDO,117.96468542543134,0.7705692999767811,0.0007551579139772455,OOD,OOD,107.69999581726623,0.6636715414491628,0.0006503981106201795,OOD,OOD,48.239857,10.712468,160
161,0,Digit 0,0,Digit 0,max_nhat,RELIABLE,RELIABLE,25.849268319876334,0.8690324576141638,0.0008516518084618805,3,0.0638399776928148,0,0,True,25.849268319876334,0.8690324576141638,0.0008516518084618805,RELIABLE,RELIABLE,420.7042569630014,0.6328919512136001,0.000620234112189328,OOD,OOD,35.366712428337756,0.8046894272720382,0.0007885956387265974,RELIABLE,RELIABLE,38.4997426638644,0.805192479921349,0.000789088630322922,RELIABLE,RELIABLE,116.03414631312258,0.7549800121381843,0.0007398804118954206,OOD,OOD,33.819706,4.0647845,161
162,0,Digit 0,0,Digit 0,max_nhat,RELIABLE,RELIABLE,31.420834752540827,0.8359929531775571,0.0008192730941140059,3,0.11220120262819477,0,0,True,31.420834752540827,0.8359929531775571,0.0008192730941140059,RELIABLE,RELIABLE,1499.7243465948095,0.6920976770650447,0.0006782557235237437,OOD,OOD,92.8165887697538,0.6849698329175441,0.0006712704362591932,OOD,OOD,123.90262546812448,0.7237917505493623,0.000709315915538375,OOD,OOD,595.2668905661028,0.710678794577929,0.0006964652186863704,OOD,OOD,40.905144,-11.35568,162
163,0,Digit 0,0,Digit 0,max_nhat,RELIABLE,RELIABLE,21.485762028124288,0.8564397454114737,0.0008393109505032443,4,0.14023031244774087,0,0,True,21.485762028124288,0.8564397454114737,0.0008393109505032443,RELIABLE,RELIABLE,1188.713864755157,0.6253584516540762,0.0006128512826209947,OOD,OOD,78.36867935882172,0.6978882387526589,0.0006839304739776058,UNRELIABLE,IDO,106.28489503483964,0.6872126667335542,0.000673468413398883,OOD,OOD,270.3503995893445,0.7162094329637329,0.0007018852443044581,OOD,OOD,35.64593,-4.7630506,163
164,0,Digit 0,0,Digit 0,max_nhat,RELIABLE,RELIABLE,36.213842472155385,0.7746200486357625,0.0007591276476630473,4,0.0659922297768204,0,0,True,36.213842472155385,0.7746200486357625,0.0007591276476630473,RELIABLE,RELIABLE,1164.2603066515094,0.6943243926088357,0.000680437904756659,OOD,OOD,76.69258837958522,0.7024539612808217,0.0006884048820552052,UNRELIABLE,IDO,100.52994150262465,0.6901256028486723,0.0006763230907916989,OOD,OOD,390.55935898425764,0.7086278188589421,0.0006944552624817633,OOD,OOD,37.444977,-12.987697,164
165,0,Digit 0,0,Digit 0,max_nhat,RELIABLE,RELIABLE,21.50240152969205,0.8407806187666009,0.0008239650063912689,2,0.1044166476518753,0,0,True,21.50240152969205,0.8407806187666009,0.0008239650063912689,RELIABLE,RELIABLE,924.8316072916588,0.6966806585871791,0.0006827470454154355,OOD,OOD,59.52153972918349,0.7363639711147256,0.0007216366916924311,RELIABLE,RELIABLE,78.44339685582864,0.7148155272063981,0.0007005192166622701,UNRELIABLE,IDO,252.894940632201,0.732971720223997,0.0007183122858195171,OOD,OOD,35.64026,-8.246198,165
166,0,Digit 0,0,Digit 0,max_nhat,RELIABLE,RELIABLE,26.844563885065362,0.8310307306106549,0.0008144101159984418,2,0.029591784427444923,0,0,True,26.844563885065362,0.8310307306106549,0.0008144101159984418,RELIABLE,RELIABLE,429.7782053969522,0.7236609307147982,0.0007091877121005022,OOD,OOD,64.12664219588329,0.80143894618321,0.0007854101672595458,UNRELIABLE,IDO,45.34897786291294,0.7941791241051585,0.0007782955416230552,RELIABLE,RELIABLE,44.40943476757347,0.7862390365664675,0.0007705142558351382,RELIABLE,RELIABLE,39.870426,8.143257,166
167,0,Digit 0,0,Digit 0,max_nhat,RELIABLE,RELIABLE,46.251483208590486,0.780457167096893,0.0007648480237549551,2,0.0719984557868234,0,0,True,46.251483208590486,0.780457167096893,0.0007648480237549551,RELIABLE,RELIABLE,2211.2914770450525,0.6179010481806914,0.0006055430272170775,OOD,OOD,113.30276811120622,0.7084587113100695,0.0006942895370838681,OOD,OOD,200.5363814805698,0.6638922015648833,0.0006506143575335856,OOD,OOD,271.6570878148501,0.6713033595975177,0.0006578772924055674,OOD,OOD,48.025776,-10.2273245,167
168,0,Digit 0,0,Digit 0,max_nhat,RELIABLE,RELIABLE,15.29137300004934,0.8808479222376407,0.0008632309637928879,2,0.14511514328662367,0,0,True,15.29137300004934,0.8808479222376407,0.0008632309637928879,RELIABLE,RELIABLE,1040.4213739624734,0.6332910347692314,0.0006206252140738467,OOD,OOD,61.97658097372877,0.7357327789510171,0.0007210181233719967,RELIABLE,RELIABLE,75.92078612550945,0.7302322081114446,0.0007156275639492157,UNRELIABLE,IDO,142.74620228095264,0.7236347546332689,0.0007091620595406035,OOD,OOD,35.102505,-4.5001183,168
169,0,Digit 0,0,Digit 0,max_nhat,RELIABLE,RELIABLE,54.320393381492735,0.7454383725768693,0.0007305296051253318,2,0.04852966405578962,0,0,True,54.320393381492735,0.7454383725768693,0.0007305296051253318,RELIABLE,RELIABLE,3013.2031945950102,0.5748944510383119,0.0005633965620175456,OOD,OOD,183.75307842154402,0.6969087085210797,0.0006829705343506581,OOD,OOD,323.5159847653503,0.6910899241731423,0.0006772681256896794,OOD,OOD,373.3266500352073,0.6487685698568538,0.0006357931984597167,OOD,OOD,49.595924,-7.608315,169
170,0,Digit 0,0,Digit 0,max_nhat,RELIABLE,RELIABLE,10.137432285865842,0.9138278453320426,0.0008955512884254018,3,0.1357246012975476,0,0,True,10.137432285865842,0.9138278453320426,0.0008955512884254018,RELIABLE,RELIABLE,611.7930481082299,0.7156936933234885,0.0007013798194570188,OOD,OOD,43.11508780163921,0.7686370288024336,0.0007532642882263848,RELIABLE,RELIABLE,50.915384646071296,0.778103244034495,0.0007625411791538051,RELIABLE,RELIABLE,84.6249792138999,0.7401996981431894,0.0007253957041803256,UNRELIABLE,IDO,41.676727,5.5433955,170
171,0,Digit 0,0,Digit 0,max_nhat,RELIABLE,RELIABLE,23.152945150148447,0.8412917919109302,0.0008244659560727116,3,0.12935604585810234,0,0,True,23.152945150148447,0.8412917919109302,0.0008244659560727116,RELIABLE,RELIABLE,1578.297988000291,0.6643304744437558,0.0006510438649548806,OOD,OOD,93.25062741858862,0.6728349795019462,0.0006593782799119072,OOD,OOD,128.5575960802967,0.7119357460528278,0.0006976970311317713,OOD,OOD,309.53719743379645,0.67783666112286,0.0006642799279004028,OOD,OOD,41.731487,-9.706222,171
172,0,Digit 0,0,Digit 0,max_nhat,RELIABLE,RELIABLE,28.218583622027047,0.8311237599437102,0.000814501284744836,4,0.054133058451117266,0,0,True,28.218583622027047,0.8311237599437102,0.000814501284744836,RELIABLE,RELIABLE,799.2057594606174,0.7337256336827103,0.000719051121009056,OOD,OOD,61.447970146147995,0.7628781286219063,0.0007476205660494681,RELIABLE,RELIABLE,100.00396484554466,0.7564712597066117,0.0007413418345124794,OOD,OOD,168.6514987490232,0.776990701492593,0.0007614508874627411,OOD,OOD,49.895992,-1.7948632,172
173,0,Digit 0,0,Digit 0,max_nhat,RELIABLE,RELIABLE,43.074736375677055,0.8433374325149978,0.0008264706838646979,2,0.11120488970826847,0,0,True,43.074736375677055,0.8433374325149978,0.0008264706838646979,RELIABLE,RELIABLE,777.5198468685555,0.6663445245027746,0.000653017634012719,OOD,OOD,134.3014242007288,0.7321325428067293,0.0007174898919505947,OOD,OOD,160.24248010403056,0.7099880051442433,0.0006957882450413584,OOD,OOD,150.73672683796582,0.6806012773619519,0.0006669892518147128,OOD,OOD,47.6137,3.5550315,173
174,0,Digit 0,0,Digit 0,max_nhat,RELIABLE,RELIABLE,10.046153791731651,0.9202577944404342,0.0009018526385516255,3,0.12668614053226424,0,0,True,10.046153791731651,0.9202577944404342,0.0009018526385516255,RELIABLE,RELIABLE,834.7902239674595,0.6863319719093876,0.0006726053324711998,OOD,OOD,50.447879390461374,0.7752680156742165,0.0007597626553607322,RELIABLE,RELIABLE,60.94898456411451,0.79357165390817,0.0007777002208300065,RELIABLE,RELIABLE,107.96812719055015,0.7386769784238719,0.0007239034388553944,OOD,OOD,42.160324,0.11022775,174
175,0,Digit 0,0,Digit 0,max_nhat,RELIABLE,RELIABLE,25.806209543117923,0.8243199154875291,0.0008078335171777786,4,0.06929651754766175,0,0,True,25.806209543117923,0.8243199154875291,0.0008078335171777786,RELIABLE,RELIABLE,1335.1083619967835,0.7189892034912119,0.0007046094194213876,OOD,OOD,80.48871088262504,0.708950237749638,0.0006947712329946451,UNRELIABLE,IDO,116.23236711608833,0.7283816050422138,0.0007138139729413695,OOD,OOD,289.9178554127456,0.7550233979398674,0.00073992292998107,OOD,OOD,38.2443,-13.370162,175
176,0,Digit 0,0,Digit 0,max_nhat,UNRELIABLE,IDO,83.1060588036515,0.7371078276278322,0.0007223656710752755,3,0.06491845187106582,0,0,True,83.1060588036515,0.7371078276278322,0.0007223656710752755,UNRELIABLE,IDO,2336.325955528596,0.5914980413530286,0.000579668080525968,OOD,OOD,144.53085293806654,0.6720792154681104,0.0006586376311587482,OOD,OOD,235.3622867019272,0.6721893757567664,0.000658745588241631,OOD,OOD,204.37418567556648,0.6043771070212661,0.0005922895648808407,OOD,OOD,52.667397,6.345802,176
177,0,Digit 0,0,Digit 0,max_nhat,RELIABLE,RELIABLE,43.30120002439819,0.7751078813887834,0.0007596057237610077,2,0.05116667401958985,0,0,True,43.30120002439819,0.7751078813887834,0.0007596057237610077,RELIABLE,RELIABLE,1293.6582395801943,0.6504037851308695,0.0006373957094282521,OOD,OOD,102.58372422111039,0.7239412073691935,0.0007094623832218097,OOD,OOD,186.70556724220367,0.667018008820086,0.0006536776486436843,OOD,OOD,87.85052343329,0.7005893064297792,0.0006865775203011836,OOD,OOD,52.843605,2.089081,177
178,0,Digit 0,0,Digit 0,max_nhat,RELIABLE,RELIABLE,22.401037790352802,0.8429004690156345,0.0008260424596353218,2,0.0667068646808533,0,0,True,22.401037790352802,0.8429004690156345,0.0008260424596353218,RELIABLE,RELIABLE,645.3944301749474,0.6571499157527525,0.0006440069174376975,OOD,OOD,49.94902594098677,0.7761936043347812,0.0007606697322480856,RELIABLE,RELIABLE,60.868330844245214,0.7569160135666225,0.0007417776932952901,RELIABLE,RELIABLE,86.19825990078563,0.7590990889059868,0.000743917107127867,OOD,OOD,33.71317,3.2638373,178
179,0,Digit 0,0,Digit 0,max_nhat,RELIABLE,RELIABLE,25.9409392939784,0.850864684873152,0.0008338473911756889,3,0.05722840268109597,0,0,True,25.9409392939784,0.850864684873152,0.0008338473911756889,RELIABLE,RELIABLE,418.04036591591665,0.707187440386774,0.0006930436915790385,OOD,OOD,62.02048023913581,0.7768865171908581,0.0007613487868470409,RELIABLE,RELIABLE,43.13956324639887,0.7936362821920561,0.000777763556548215,RELIABLE,RELIABLE,63.43475343555006,0.7609292547768884,0.0007457106696813506,UNRELIABLE,IDO,45.120914,-2.822802,179
180,0,Digit 0,0,Digit 0,max_nhat,RELIABLE,RELIABLE,31.689336716849578,0.8343316216171404,0.0008176449891847975,2,0.05875404502765469,0,0,True,31.689336716849578,0.8343316216171404,0.0008176449891847975,RELIABLE,RELIABLE,691.3126899024643,0.6740141860640027,0.0006605339023427226,OOD,OOD,42.09297227061677,0.7755775765894857,0.0007600660250576959,RELIABLE,RELIABLE,64.15265905097922,0.7459908193717981,0.0007310710029843621,UNRELIABLE,IDO,79.5326018952096,0.7181654053197397,0.0007038020972133449,UNRELIABLE,IDO,43.053787,9.629271,180
181,0,Digit 0,0,Digit 0,max_nhat,RELIABLE,RELIABLE,20.501800880610396,0.8666768764636472,0.0008493433389343743,2,0.05432435233543531,0,0,True,20.501800880610396,0.8666768764636472,0.0008493433389343743,RELIABLE,RELIABLE,514.579751199418,0.6878180507729852,0.0006740616897575255,OOD,OOD,44.49395797799873,0.8123525241282119,0.0007961054736456476,RELIABLE,RELIABLE,57.542690194577,0.8064880075674908,0.000790358247416141,RELIABLE,RELIABLE,168.15409005659052,0.7684435926830679,0.0007530747208294065,OOD,OOD,42.841373,1.8874953,181
182,0,Digit 0,0,Digit 0,max_nhat,RELIABLE,RELIABLE,38.04457757005123,0.7928938632039794,0.0007770359859398997,4,0.058319446666054264,0,0,True,38.04457757005123,0.7928938632039794,0.0007770359859398997,RELIABLE,RELIABLE,1237.016207656865,0.6532828172162929,0.000640217160871967,OOD,OOD,89.88696769338908,0.7235259052227233,0.0007090553871182689,OOD,OOD,116.48985784516525,0.692087742452661,0.0006782459876036078,OOD,OOD,241.71899914055746,0.7345744165379251,0.0007198829282071665,OOD,OOD,42.217415,-17.03132,182
183,0,Digit 0,0,Digit 0,max_nhat,RELIABLE,RELIABLE,26.826823308954676,0.8244710878213698,0.0008079816660649424,3,0.12509588539982397,0,0,True,26.826823308954676,0.8244710878213698,0.0008079816660649424,RELIABLE,RELIABLE,1902.2890399388389,0.6158482669370151,0.0006035313015982748,OOD,OOD,128.86601641877505,0.6635337643250673,0.0006502630890385659,OOD,OOD,200.6646034751274,0.6993752024215458,0.0006853876983731148,OOD,OOD,266.10318611436026,0.6500919366681673,0.0006370900979348039,OOD,OOD,43.97818,-10.012025,183
184,0,Digit 0,0,Digit 0,max_nhat,RELIABLE,RELIABLE,17.292418701614313,0.873614969118162,0.0008561426697357988,2,0.039364111930305756,0,0,True,17.292418701614313,0.873614969118162,0.0008561426697357988,RELIABLE,RELIABLE,203.4896151410086,0.7137092648415179,0.0006994350795446874,OOD,OOD,28.88309733399411,0.8342508571878563,0.0008175658400440992,RELIABLE,RELIABLE,28.17798712358337,0.8312095452199673,0.0008145853543155679,RELIABLE,RELIABLE,95.21166002820732,0.779997028584135,0.0007643970880124522,OOD,OOD,30.22927,-2.456869,184
185,0,Digit 0,0,Digit 0,max_nhat,RELIABLE,RELIABLE,47.18883741492735,0.812151017723357,0.0007959079973688898,3,0.09422099407097428,0,0,True,47.18883741492735,0.812151017723357,0.0007959079973688898,RELIABLE,RELIABLE,1591.1179745988075,0.6031091349594014,0.0005910469522602134,OOD,OOD,92.20141777180184,0.7127658366131329,0.0006985105198808702,OOD,OOD,156.62427944103803,0.7179300236523827,0.000703571423179335,OOD,OOD,192.04909688973683,0.6122724614111597,0.0006000270121829365,OOD,OOD,48.24685,6.6034517,185
186,0,Digit 0,0,Digit 0,max_nhat,RELIABLE,RELIABLE,28.150953023447236,0.8363602954563756,0.000819633089547248,3,0.09677482461943199,0,0,True,28.150953023447236,0.8363602954563756,0.000819633089547248,RELIABLE,RELIABLE,782.0322250677248,0.6299002182203699,0.0006173022138559625,OOD,OOD,81.80696832443799,0.7206380582466255,0.000706225297081693,UNRELIABLE,IDO,70.08295597134328,0.7395854708369436,0.0007247937614202047,UNRELIABLE,IDO,86.01739433114592,0.7150303417588496,0.0007007297349236726,OOD,OOD,35.897804,-2.3487346,186
187,0,Digit 0,0,Digit 0,max_nhat,RELIABLE,RELIABLE,11.295363284752982,0.9043761833367328,0.000886288659669998,2,0.10044664805867931,0,0,True,11.295363284752982,0.9043761833367328,0.000886288659669998,RELIABLE,RELIABLE,477.91773194723385,0.7120183798683054,0.0006977780122709393,OOD,OOD,37.41708245983568,0.8039295352780534,0.0007878509445724924,RELIABLE,RELIABLE,45.08276596580537,0.8028534595363549,0.0007867963903456278,RELIABLE,RELIABLE,82.39189385958886,0.7323163563972757,0.0007176700292693301,UNRELIABLE,IDO,40.096252,5.6509495,187
188,0,Digit 0,0,Digit 0,max_nhat,RELIABLE,RELIABLE,14.125441665169424,0.9016840293461789,0.0008836503487592552,2,0.12991496736829844,0,0,True,14.125441665169424,0.9016840293461789,0.0008836503487592552,RELIABLE,RELIABLE,762.3031624999828,0.6216989094064296,0.0006092649312183009,OOD,OOD,47.45741695655833,0.7717690619778804,0.0007563336807383228,RELIABLE,RELIABLE,63.307429391165044,0.7574084838636373,0.0007422603141863645,UNRELIABLE,IDO,113.90960640204176,0.7037094441556501,0.000689635255272537,OOD,OOD,44.050644,4.4284644,188
189,0,Digit 0,0,Digit 0,max_nhat,RELIABLE,RELIABLE,28.64926814730383,0.893787034371161,0.0008759112936837378,2,0.12398975010933744,0,0,True,28.64926814730383,0.893787034371161,0.0008759112936837378,RELIABLE,RELIABLE,969.049983833993,0.6449707927757626,0.0006320713769202474,OOD,OOD,59.765917491406896,0.7697972842618236,0.000754401338576587,RELIABLE,RELIABLE,107.41331378306224,0.747487533374233,0.0007325377827067484,OOD,OOD,99.14183990958173,0.701949576565365,0.0006879105850340577,OOD,OOD,42.253323,0.91723657,189
190,0,Digit 0,0,Digit 0,max_nhat,RELIABLE,RELIABLE,38.38313035183772,0.813161107575723,0.0007968978854242085,4,0.046347512821960035,0,0,True,38.38313035183772,0.813161107575723,0.0007968978854242085,RELIABLE,RELIABLE,1208.8339774388573,0.7124253315385449,0.000698176824907774,OOD,OOD,121.84424640761732,0.7443162292558454,0.0007294299046707285,OOD,OOD,219.06169764869324,0.68546230700787,0.0006717530608677126,OOD,OOD,86.56652956552084,0.766813594753763,0.0007514773228586877,OOD,OOD,52.31349,0.7333067,190
191,0,Digit 0,0,Digit 0,max_nhat,RELIABLE,RELIABLE,58.03483879283196,0.7555402718623273,0.0007404294664250808,2,0.018217302530537993,0,0,True,58.03483879283196,0.7555402718623273,0.0007404294664250808,RELIABLE,RELIABLE,2189.046088536509,0.5970461714853742,0.0005851052480556667,OOD,OOD,125.48687100154841,0.7373229693317893,0.0007225765099451535,OOD,OOD,197.35835919149338,0.7068394366269787,0.0006927026478944391,OOD,OOD,180.34001377676162,0.6632381793351902,0.0006499734157484864,OOD,OOD,52.003723,6.1291366,191
192,0,Digit 0,0,Digit 0,max_nhat,RELIABLE,RELIABLE,25.091536036477684,0.8286677521620862,0.0008120943971188445,2,0.019086838897509395,0,0,True,25.091536036477684,0.8286677521620862,0.0008120943971188445,RELIABLE,RELIABLE,565.4190080650227,0.6313514526722109,0.0006187244236187667,OOD,OOD,46.513167575890115,0.8095809132645768,0.0007933892949992852,RELIABLE,RELIABLE,47.95767285414817,0.7674498108089834,0.0007521008145928037,RELIABLE,RELIABLE,92.75610838521672,0.7605486886148797,0.000745337714842582,OOD,OOD,33.383167,-2.8211327,192
193,0,Digit 0,0,Digit 0,max_nhat,RELIABLE,RELIABLE,16.95274968974652,0.8743740804717458,0.0008568865988623108,2,0.04495450297794401,0,0,True,16.95274968974652,0.8743740804717458,0.0008568865988623108,RELIABLE,RELIABLE,470.17338002359816,0.6828290307476907,0.000669172450132737,OOD,OOD,37.109799552179794,0.8294195774938018,0.0008128311859439257,RELIABLE,RELIABLE,47.22145024533316,0.8195494872622854,0.0008031584975170396,RELIABLE,RELIABLE,67.97332084239514,0.7771083189714793,0.0007615661525920497,UNRELIABLE,IDO,33.339375,6.681586,193
194,0,Digit 0,0,Digit 0,max_nhat,RELIABLE,RELIABLE,28.639323142636833,0.8375384566939553,0.0008207876875600762,3,0.12109443317599466,0,0,True,28.639323142636833,0.8375384566939553,0.0008207876875600762,RELIABLE,RELIABLE,1558.719049383645,0.5993655976907808,0.0005873782857369652,OOD,OOD,115.33981829458155,0.6544507820984427,0.0006413617664564738,OOD,OOD,147.64608298962085,0.7164440235179607,0.0007021151430476014,OOD,OOD,428.1923922672979,0.6551022512208826,0.000642000206196465,OOD,OOD,44.35005,-0.078981124,194
195,0,Digit 0,0,Digit 0,max_nhat,RELIABLE,RELIABLE,43.05516353636794,0.8557263646415287,0.0008386118373486981,3,0.11209139624671316,0,0,True,43.05516353636794,0.8557263646415287,0.0008386118373486981,RELIABLE,RELIABLE,1454.8154962158465,0.661929774757714,0.0006486911792625597,OOD,OOD,95.28101594175966,0.7074483264427754,0.0006932993599139199,OOD,OOD,161.4886889075854,0.7436349683948156,0.0007287622690269192,OOD,OOD,252.09262544232888,0.662801142152982,0.0006495451193099224,OOD,OOD,45.762203,1.3429813,195
196,0,Digit 0,0,Digit 0,max_nhat,RELIABLE,RELIABLE,21.583619482481794,0.8562394442794908,0.000839114655393901,3,0.051950807789419184,0,0,True,21.583619482481794,0.8562394442794908,0.000839114655393901,RELIABLE,RELIABLE,359.1856463892176,0.7416793670908906,0.0007268457797490728,OOD,OOD,34.04379268756459,0.7968405953617608,0.0007809037834545255,RELIABLE,RELIABLE,49.67774964779708,0.8042886364900717,0.0007882028637602702,RELIABLE,RELIABLE,77.51590722390593,0.775797638050791,0.0007602816852897753,UNRELIABLE,IDO,36.003365,8.373051,196
197,0,Digit 0,0,Digit 0,max_nhat,RELIABLE,RELIABLE,15.433378652550601,0.8775371705812032,0.0008599864271695791,2,0.11685247235070806,0,0,True,15.433378652550601,0.8775371705812032,0.0008599864271695791,RELIABLE,RELIABLE,831.6761734099254,0.6872480672010012,0.0006735031058569812,OOD,OOD,56.41003278984883,0.7606846982304951,0.0007454710042658852,RELIABLE,RELIABLE,74.43164368248249,0.7414727944002116,0.0007266433385122074,UNRELIABLE,IDO,75.65631572880628,0.7368959164236619,0.0007221579980951887,UNRELIABLE,IDO,35.95197,-6.764929,197
198,0,Digit 0,0,Digit 0,max_nhat,RELIABLE,RELIABLE,23.488962625616264,0.837649237059417,0.0008208962523182286,4,0.1295273253560092,0,0,True,23.488962625616264,0.837649237059417,0.0008208962523182286,RELIABLE,RELIABLE,1415.3319880910663,0.6475821265950737,0.0006346304840631722,OOD,OOD,88.38962991960658,0.6820714891741334,0.0006684300593906507,OOD,OOD,126.14653534192149,0.7020016638896797,0.000687961630611886,OOD,OOD,278.31392166914225,0.7081219117034078,0.0006939594734693395,OOD,OOD,42.78921,-8.47671,198
199,0,Digit 0,0,Digit 0,max_nhat,RELIABLE,RELIABLE,20.992762467044564,0.8540611062948045,0.0008369798841689084,2,0.06900049661164553,0,0,True,20.992762467044564,0.8540611062948045,0.0008369798841689084,RELIABLE,RELIABLE,666.5934612067915,0.659414636630111,0.0006462263438975087,OOD,OOD,59.979535859942345,0.7850606096831589,0.0007693593974894957,RELIABLE,RELIABLE,54.9240911189035,0.7727776021429678,0.0007573220501001084,RELIABLE,RELIABLE,65.06009066910357,0.7703685864609134,0.0007549612147316952,UNRELIABLE,IDO,39.149242,8.12375,199
200,1,Digit 1,1,Digit 1,max_nhat,RELIABLE,RELIABLE,8.498474602415921,0.9318662183792451,0.0009132288940116601,2,0.1067897567725653,1,1,True,58.118567282026035,0.737680008475553,0.000722926408306042,RELIABLE,RELIABLE,8.498474602415921,0.9318662183792451,0.0009132288940116601,RELIABLE,RELIABLE,27.565767828753668,0.8250764616066798,0.0008085749323745462,RELIABLE,RELIABLE,37.11977160419615,0.8054818758735621,0.0007893722383560908,RELIABLE,RELIABLE,46.32814052532339,0.819195854997041,0.0008028119378971001,RELIABLE,RELIABLE,-38.561104,10.904708,200
201,1,Digit 1,1,Digit 1,max_nhat,RELIABLE,RELIABLE,28.688589421986187,0.8657956152512294,0.0008484797029462048,2,0.0595088091763305,1,1,True,66.72621020825245,0.7092804480488512,0.0006950948390878741,UNRELIABLE,IDO,28.688589421986187,0.8657956152512294,0.0008484797029462048,RELIABLE,RELIABLE,31.216925778148447,0.8062868060748989,0.0007901610699534009,RELIABLE,RELIABLE,51.21667286117615,0.7677622604131643,0.000752407015204901,RELIABLE,RELIABLE,47.89473684947731,0.79517323152224,0.0007792697668917952,RELIABLE,RELIABLE,-43.68226,17.433418,201
202,1,Digit 1,1,Digit 1,max_nhat,RELIABLE,RELIABLE,13.982304776877825,0.9149371540926913,0.0008966384110108374,3,0.10914382553873803,1,1,True,86.39326764153654,0.7275798297417508,0.0007130282331469158,OOD,OOD,13.982304776877825,0.9149371540926913,0.0008966384110108374,RELIABLE,RELIABLE,36.52140160258012,0.7895897343412315,0.0007737979396544068,RELIABLE,RELIABLE,44.0760558566583,0.8057933285539532,0.0007896774619828742,RELIABLE,RELIABLE,58.73552503428078,0.7577972608003027,0.0007426413155842967,RELIABLE,RELIABLE,-42.191994,-8.123047,202
203,1,Digit 1,1,Digit 1,max_nhat,RELIABLE,RELIABLE,7.947819420516762,0.93754378033612,0.0009187929047293975,3,0.13850049927104346,1,1,True,75.19574699662704,0.7161282734580555,0.0007018057079888944,UNRELIABLE,IDO,7.947819420516762,0.93754378033612,0.0009187929047293975,RELIABLE,RELIABLE,36.570572896931125,0.7885624209650811,0.0007727911725457794,RELIABLE,RELIABLE,38.962743288552645,0.7990432810650765,0.0007830624154437749,RELIABLE,RELIABLE,53.141011668589954,0.7866616650316959,0.000770928431731062,RELIABLE,RELIABLE,-34.132545,-13.020336,203
204,1,Digit 1,1,Digit 1,max_nhat,RELIABLE,RELIABLE,41.1806193826602,0.8355097425739663,0.0008187995477224869,3,0.03125758696200065,1,1,True,92.28041793718542,0.7190262047396352,0.0007046456806448424,OOD,OOD,41.1806193826602,0.8355097425739663,0.0008187995477224869,RELIABLE,RELIABLE,42.32651884874216,0.793176913818247,0.000777313375541882,RELIABLE,RELIABLE,44.036439792121215,0.8042521556119656,0.0007881671124997263,RELIABLE,RELIABLE,74.44157132834269,0.7915312324543198,0.0007757006078052334,UNRELIABLE,IDO,-41.303497,-14.514539,204
205,1,Digit 1,1,Digit 1,max_nhat,RELIABLE,RELIABLE,11.821796066117866,0.9138483577850786,0.000895571390629377,3,0.08104100890223032,1,1,True,67.82248626259518,0.7278974626208538,0.0007133395133684366,UNRELIABLE,IDO,11.821796066117866,0.9138483577850786,0.000895571390629377,RELIABLE,RELIABLE,33.27398050973224,0.7965587167091729,0.0007806275423749894,RELIABLE,RELIABLE,40.636696370245105,0.8328073488828482,0.0008161512019051912,RELIABLE,RELIABLE,40.2745829682989,0.7977452056226286,0.0007817903015101761,RELIABLE,RELIABLE,-43.40777,3.2446423,205
206,1,Digit 1,1,Digit 1,max_nhat,RELIABLE,RELIABLE,9.677367161777553,0.9242592755111765,0.0009057740900009529,3,0.13652787640316055,1,1,True,80.22631045785519,0.699034365493073,0.0006850536781832114,UNRELIABLE,IDO,9.677367161777553,0.9242592755111765,0.0009057740900009529,RELIABLE,RELIABLE,43.36226612090911,0.7628220286027652,0.0007475655880307098,RELIABLE,RELIABLE,43.49229026144381,0.7877313991080159,0.0007719767711258556,RELIABLE,RELIABLE,51.30560399082748,0.7850579415476118,0.0007693567827166595,RELIABLE,RELIABLE,-32.300022,-9.9897995,206
207,1,Digit 1,1,Digit 1,max_nhat,RELIABLE,RELIABLE,14.961391567345167,0.9079433399898491,0.000889784473190052,4,0.1013221065864055,1,1,True,62.78591207641712,0.7068501937648692,0.0006927131898895718,UNRELIABLE,IDO,14.961391567345167,0.9079433399898491,0.000889784473190052,RELIABLE,RELIABLE,44.41935953207071,0.7622369588939599,0.0007469922197160806,RELIABLE,RELIABLE,36.08099715387272,0.7861130470046652,0.0007703907860645719,RELIABLE,RELIABLE,41.48482592510952,0.8066212334034436,0.0007904888087353747,RELIABLE,RELIABLE,-26.36414,-10.048603,207
208,1,Digit 1,1,Digit 1,max_nhat,RELIABLE,RELIABLE,36.1884924453109,0.8649740862896494,0.0008476746045638564,3,0.06441107870652674,1,1,True,83.92042266706952,0.7192186903631315,0.0007048343165558689,UNRELIABLE,IDO,36.1884924453109,0.8649740862896494,0.0008476746045638564,RELIABLE,RELIABLE,41.467724108840066,0.790969589826921,0.0007751501980303825,RELIABLE,RELIABLE,37.27690183469078,0.8005630075831227,0.0007845517474314602,RELIABLE,RELIABLE,67.1518532289881,0.7889501368314538,0.0007731711340948247,UNRELIABLE,IDO,-37.897705,-17.594978,208
209,1,Digit 1,1,Digit 1,max_nhat,RELIABLE,RELIABLE,3.5414143741532422,0.9695171094229946,0.0009501267672345347,4,0.1538092098390158,1,1,True,64.99791083657914,0.7249735086265069,0.0007104740384539768,UNRELIABLE,IDO,3.5414143741532422,0.9695171094229946,0.0009501267672345347,RELIABLE,RELIABLE,30.768898512920163,0.7979599732617868,0.0007820007737965511,RELIABLE,RELIABLE,33.63020029470131,0.8150779649722718,0.0007987764056728263,RELIABLE,RELIABLE,38.606693178104294,0.8157078995839788,0.0007993937415922992,RELIABLE,RELIABLE,-36.70394,5.2206545,209
210,1,Digit 1,1,Digit 1,max_nhat,RELIABLE,RELIABLE,4.916549420051872,0.9605772357152182,0.0009413656910009138,3,0.1426113819744267,1,1,True,67.10831400964194,0.7221783639229375,0.0007077347966444788,UNRELIABLE,IDO,4.916549420051872,0.9605772357152182,0.0009413656910009138,RELIABLE,RELIABLE,31.701805552000774,0.8027267465198782,0.0007866722115894806,RELIABLE,RELIABLE,35.74592662851393,0.8179658537407916,0.0008016065366659757,RELIABLE,RELIABLE,41.412460225845095,0.7933216493437486,0.0007774552163568736,RELIABLE,RELIABLE,-37.225136,5.4302917,210
211,1,Digit 1,1,Digit 1,max_nhat,RELIABLE,RELIABLE,12.337170031462456,0.9143480147558081,0.0008960610544606919,4,0.10216646783663208,1,1,True,62.92655166202554,0.7065493168968177,0.0006924183305588812,UNRELIABLE,IDO,12.337170031462456,0.9143480147558081,0.0008960610544606919,RELIABLE,RELIABLE,38.11192350725856,0.7862396863140925,0.0007705148925878106,RELIABLE,RELIABLE,38.167578085260416,0.7813075894474968,0.0007656814376585468,RELIABLE,RELIABLE,42.95919692475383,0.812181546919176,0.0007959379159807924,RELIABLE,RELIABLE,-25.364616,-9.141573,211
212,1,Digit 1,1,Digit 1,max_nhat,RELIABLE,RELIABLE,18.502134088766155,0.8879956045576831,0.0008702356924665294,3,0.08321041384203043,1,1,True,75.71343195472394,0.7169606596739272,0.0007026214464804486,UNRELIABLE,IDO,18.502134088766155,0.8879956045576831,0.0008702356924665294,RELIABLE,RELIABLE,37.89451176086852,0.7969347429814416,0.0007809960481218128,RELIABLE,RELIABLE,35.93214062181405,0.8047851907156527,0.0007886894869013396,RELIABLE,RELIABLE,54.591085669450806,0.7955065833473902,0.0007795964516804424,RELIABLE,RELIABLE,-36.08806,-17.944427,212
213,1,Digit 1,1,Digit 1,max_nhat,RELIABLE,RELIABLE,25.227557551283297,0.8730685299716269,0.0008556071593721944,3,0.032623878119895866,1,2,False,52.007457914294505,0.7734454762529754,0.000757976566727916,RELIABLE,RELIABLE,25.227557551283297,0.8730685299716269,0.0008556071593721944,RELIABLE,RELIABLE,25.128232875516233,0.8252522907495736,0.0008087472449345821,RELIABLE,RELIABLE,26.83038522495145,0.840444651851731,0.0008236357588146964,RELIABLE,RELIABLE,47.75653976007299,0.7903505784672761,0.0007745435668979305,RELIABLE,RELIABLE,-27.786167,4.8906407,213
214,1,Digit 1,1,Digit 1,max_nhat,RELIABLE,RELIABLE,3.530676995778286,0.9665161423386825,0.0009471858194919088,2,0.13682854930200827,1,1,True,68.21722607248789,0.7363199439801964,0.0007215935451005925,UNRELIABLE,IDO,3.530676995778286,0.9665161423386825,0.0009471858194919088,RELIABLE,RELIABLE,25.907451339528308,0.8296875930366743,0.0008130938411759407,RELIABLE,RELIABLE,35.93489640962278,0.8226447967175634,0.0008061919007832121,RELIABLE,RELIABLE,37.62513028811331,0.8117978845329892,0.0007955619268423294,RELIABLE,RELIABLE,-39.52467,4.200884,214
215,1,Digit 1,1,Digit 1,max_nhat,RELIABLE,RELIABLE,8.112265258813853,0.9356186008833636,0.0009169062288656962,2,0.13907800241676338,1,1,True,70.47322720040529,0.7029020458511891,0.0006888440049341653,UNRELIABLE,IDO,8.112265258813853,0.9356186008833636,0.0009169062288656962,RELIABLE,RELIABLE,34.60236740961669,0.7965405984666002,0.0007806097864972682,RELIABLE,RELIABLE,37.157935352203154,0.785764460951537,0.0007700491717325062,RELIABLE,RELIABLE,44.65657457523804,0.7895121177842239,0.0007737218754285394,RELIABLE,RELIABLE,-29.918304,-11.163468,215
216,1,Digit 1,1,Digit 1,max_nhat,RELIABLE,RELIABLE,11.042809945275234,0.9156689286282153,0.000897355550055651,4,0.11353886522138767,1,1,True,66.79223541712591,0.7073680843268485,0.0006932207226403116,UNRELIABLE,IDO,11.042809945275234,0.9156689286282153,0.000897355550055651,RELIABLE,RELIABLE,42.877307863785106,0.7617972611196081,0.0007465613158972159,RELIABLE,RELIABLE,37.66612470066171,0.7919098329052533,0.0007760716362471482,RELIABLE,RELIABLE,45.162695277567344,0.8021300634068276,0.000786087462138691,RELIABLE,RELIABLE,-27.684187,-9.538987,216
217,1,Digit 1,1,Digit 1,max_nhat,RELIABLE,RELIABLE,44.40715643780129,0.8160804532158108,0.0007997588441514946,3,0.023421948585980124,1,2,False,71.39530145865461,0.7196426554013211,0.0007052498022932946,UNRELIABLE,IDO,44.40715643780129,0.8160804532158108,0.0007997588441514946,RELIABLE,RELIABLE,41.59533857624069,0.7753139796809839,0.0007598077000873642,RELIABLE,RELIABLE,56.21616672890123,0.7926585046298307,0.0007768053345372341,RELIABLE,RELIABLE,53.61632638847689,0.7506182737812086,0.0007356059083055844,RELIABLE,RELIABLE,-43.20544,20.03327,217
218,1,Digit 1,1,Digit 1,max_nhat,RELIABLE,RELIABLE,28.030306645778474,0.8615796056639323,0.0008443480135506536,2,0.06819878184195571,1,1,True,92.92805003597378,0.7027637596011589,0.0006887084844091356,OOD,OOD,28.030306645778474,0.8615796056639323,0.0008443480135506536,RELIABLE,RELIABLE,37.899141845562745,0.7933808238219766,0.0007775132073455371,RELIABLE,RELIABLE,51.15322346599734,0.786768895396422,0.0007710335174884935,RELIABLE,RELIABLE,61.829566792406794,0.7700284301314547,0.0007546278615288256,RELIABLE,RELIABLE,-35.445267,-16.88752,218
219,1,Digit 1,1,Digit 1,max_nhat,RELIABLE,RELIABLE,24.550174778595427,0.9114583528926881,0.0008932291858348342,3,0.11156387717018323,1,1,True,72.22929446748282,0.7230593938188088,0.0007085982059424325,UNRELIABLE,IDO,24.550174778595427,0.9114583528926881,0.0008932291858348342,RELIABLE,RELIABLE,55.280316717504306,0.7912520173160338,0.0007754269769697131,RELIABLE,RELIABLE,39.76050958142298,0.7998944757225048,0.0007838965862080547,RELIABLE,RELIABLE,56.738052172964444,0.790956418270916,0.0007751372899054977,RELIABLE,RELIABLE,-39.581875,11.59048,219
220,1,Digit 1,1,Digit 1,max_nhat,RELIABLE,RELIABLE,12.19022180334363,0.912344266559962,0.0008940973812287628,4,0.10142264065723106,1,1,True,63.57009275681497,0.7077194474952281,0.0006935650585453235,UNRELIABLE,IDO,12.19022180334363,0.912344266559962,0.0008940973812287628,RELIABLE,RELIABLE,40.79521179649777,0.7683643033845562,0.000752997017316865,RELIABLE,RELIABLE,37.670393288689255,0.7851577289839292,0.0007694545744042507,RELIABLE,RELIABLE,43.33872721216997,0.810921625902731,0.0007947031933846763,RELIABLE,RELIABLE,-25.761086,-9.956621,220
221,1,Digit 1,1,Digit 1,max_nhat,RELIABLE,RELIABLE,9.345552270535062,0.9263993241390436,0.0009078713376562626,4,0.07860174629422834,1,1,True,62.06493799364334,0.7028367843205676,0.0006887800486341562,UNRELIABLE,IDO,9.345552270535062,0.9263993241390436,0.0009078713376562626,RELIABLE,RELIABLE,37.49445920035089,0.7830533757856191,0.0007673923082699067,RELIABLE,RELIABLE,37.59332246831525,0.7921715415968349,0.0007763281107648982,RELIABLE,RELIABLE,36.02952446421848,0.8477975778448152,0.0008308416262879189,RELIABLE,RELIABLE,-25.140684,-6.981455,221
222,1,Digit 1,1,Digit 1,max_nhat,RELIABLE,RELIABLE,9.251885794757047,0.9256929291480079,0.0009071790705650478,4,0.11621155802982541,1,1,True,62.38815458746716,0.7161193035173322,0.0007017969174469855,UNRELIABLE,IDO,9.251885794757047,0.9256929291480079,0.0009071790705650478,RELIABLE,RELIABLE,36.04795185113297,0.7914062807336679,0.0007755781551189945,RELIABLE,RELIABLE,35.429656422002424,0.7956463582504049,0.0007797334310853968,RELIABLE,RELIABLE,44.002106036595336,0.8094813711181825,0.0007932917436958188,RELIABLE,RELIABLE,-26.657742,-8.898636,222
223,1,Digit 1,1,Digit 1,max_nhat,RELIABLE,RELIABLE,8.569892883057289,0.9333730131493521,0.000914705552886365,4,0.11769770638512178,1,1,True,65.77462540399176,0.714862089587557,0.0007005648477958059,UNRELIABLE,IDO,8.569892883057289,0.9333730131493521,0.000914705552886365,RELIABLE,RELIABLE,33.350459245622595,0.8006894286194337,0.000784675640047045,RELIABLE,RELIABLE,40.300228811949424,0.8105998573506914,0.0007943878602036775,RELIABLE,RELIABLE,40.97705785304343,0.8156753067642303,0.0007993618006289457,RELIABLE,RELIABLE,-37.75971,12.369058,223
224,1,Digit 1,1,Digit 1,max_nhat,RELIABLE,RELIABLE,27.959457105462498,0.8618460255195464,0.0008446091050091554,2,0.05151213445588643,1,1,True,65.80996653960013,0.7341671848513427,0.0007194838411543158,UNRELIABLE,IDO,27.959457105462498,0.8618460255195464,0.0008446091050091554,RELIABLE,RELIABLE,31.684847151477044,0.8103338910636599,0.0007941272132423867,RELIABLE,RELIABLE,49.61834382562027,0.7883327399640143,0.000772566085164734,RELIABLE,RELIABLE,74.02348956772789,0.7755557619786649,0.0007600446467390916,UNRELIABLE,IDO,-42.365627,19.81613,224
225,1,Digit 1,1,Digit 1,max_nhat,RELIABLE,RELIABLE,9.760152329652538,0.9296832732276459,0.0009110896077630929,4,0.09874984891469152,1,1,True,60.55165882943042,0.7035356488147991,0.0006894649358385031,RELIABLE,RELIABLE,9.760152329652538,0.9296832732276459,0.0009110896077630929,RELIABLE,RELIABLE,29.8494156059036,0.8220403518118274,0.0008055995447755909,RELIABLE,RELIABLE,40.24323592797909,0.7917709323543886,0.0007759355137073007,RELIABLE,RELIABLE,34.949708940182276,0.8309334243129544,0.0008143147558266953,RELIABLE,RELIABLE,-36.8227,14.337333,225
226,1,Digit 1,1,Digit 1,max_nhat,RELIABLE,RELIABLE,18.657751250820162,0.8963997499506208,0.0008784717549516083,4,0.06889141682711819,1,1,True,60.95490232206244,0.747983811665207,0.0007330241354319029,RELIABLE,RELIABLE,18.657751250820162,0.8963997499506208,0.0008784717549516083,RELIABLE,RELIABLE,31.372408945007383,0.8068369625394829,0.0007907002232886932,RELIABLE,RELIABLE,36.93735666185389,0.807886872625359,0.0007917291351728518,RELIABLE,RELIABLE,34.504566351744806,0.8275083331235026,0.0008109581664610325,RELIABLE,RELIABLE,-41.111717,20.293556,226
227,1,Digit 1,1,Digit 1,max_nhat,RELIABLE,RELIABLE,8.821819143352888,0.9324956364663827,0.000913845723737055,2,0.11121972920530165,1,1,True,63.49274418046266,0.7328114032216594,0.0007181551751572261,UNRELIABLE,IDO,8.821819143352888,0.9324956364663827,0.000913845723737055,RELIABLE,RELIABLE,28.448033537420343,0.821275907261081,0.0008048503891158594,RELIABLE,RELIABLE,41.38096787388817,0.8040566844830009,0.0007879755507933408,RELIABLE,RELIABLE,46.801185478507506,0.8154883957247929,0.000799178627810297,RELIABLE,RELIABLE,-38.587963,11.644691,227
228,1,Digit 1,1,Digit 1,max_nhat,RELIABLE,RELIABLE,8.66637114045809,0.9302286584156803,0.0009116240852473667,4,0.127696978418664,1,1,True,69.61071820103034,0.7147696343217103,0.000700474241635276,UNRELIABLE,IDO,8.66637114045809,0.9302286584156803,0.0009116240852473667,RELIABLE,RELIABLE,36.918305448799494,0.7938854989196517,0.0007780077889412586,RELIABLE,RELIABLE,36.239592433524685,0.7988072577865097,0.0007828311126307795,RELIABLE,RELIABLE,47.34025965631203,0.8025316799970162,0.0007864810463970759,RELIABLE,RELIABLE,-29.270676,-12.827638,228
229,1,Digit 1,1,Digit 1,max_nhat,RELIABLE,RELIABLE,48.35030391140351,0.8294231438740384,0.0008128346809965576,2,0.024920536166632812,1,2,False,90.96749814763308,0.7102537804888417,0.0006960487048790648,OOD,OOD,48.35030391140351,0.8294231438740384,0.0008128346809965576,RELIABLE,RELIABLE,35.30245199217308,0.8045026077074056,0.0007884125555532574,RELIABLE,RELIABLE,62.857030971722715,0.7636940456219876,0.0007484201647095478,UNRELIABLE,IDO,115.21575471884655,0.7487561821168327,0.000733781058474496,OOD,OOD,-49.32251,11.421015,229
230,1,Digit 1,1,Digit 1,max_nhat,RELIABLE,RELIABLE,6.836273056312637,0.9408554489542336,0.0009220383399751489,4,0.107030211039435,1,1,True,59.2918543211371,0.7215776473364969,0.0007071460943897669,RELIABLE,RELIABLE,6.836273056312637,0.9408554489542336,0.0009220383399751489,RELIABLE,RELIABLE,32.128343629523656,0.8141537646501493,0.0007978706893571463,RELIABLE,RELIABLE,36.741959369175575,0.8101771021834189,0.0007939735601397505,RELIABLE,RELIABLE,38.063088934086984,0.8338252379147986,0.0008171487331565026,RELIABLE,RELIABLE,-38.618156,0.16348134,230
231,1,Digit 1,1,Digit 1,max_nhat,RELIABLE,RELIABLE,13.484679352260681,0.9062538516213927,0.0008881287745889649,3,0.11592136914136453,1,1,True,80.03595038567668,0.7085678144322627,0.0006943964581436175,UNRELIABLE,IDO,13.484679352260681,0.9062538516213927,0.0008881287745889649,RELIABLE,RELIABLE,40.79793039646321,0.7798223729419564,0.0007642259254831173,RELIABLE,RELIABLE,42.00405204255192,0.7903324824800282,0.0007745258328304276,RELIABLE,RELIABLE,65.90866775318705,0.7801171292798058,0.0007645147866942097,UNRELIABLE,IDO,-36.242836,-15.148357,231
232,1,Digit 1,1,Digit 1,max_nhat,RELIABLE,RELIABLE,4.815769112669916,0.9568896829674018,0.0009377518893080538,4,0.14616918151291158,1,1,True,68.66177537084332,0.7158796433275222,0.0007015620504609717,UNRELIABLE,IDO,4.815769112669916,0.9568896829674018,0.0009377518893080538,RELIABLE,RELIABLE,34.864944675658286,0.7912288056962927,0.0007754042295823668,RELIABLE,RELIABLE,39.663789355769055,0.7979049564163967,0.0007819468572880687,RELIABLE,RELIABLE,40.91164798691874,0.8107205014544903,0.0007945060914254004,RELIABLE,RELIABLE,-35.600388,-4.9795003,232
233,1,Digit 1,1,Digit 1,max_nhat,RELIABLE,RELIABLE,5.319322985973086,0.9512920674729501,0.0009322662261234911,4,0.12315352511374889,1,1,True,63.07562574402586,0.7263414266470529,0.0007118145981141118,UNRELIABLE,IDO,5.319322985973086,0.9512920674729501,0.0009322662261234911,RELIABLE,RELIABLE,32.37009152693496,0.8108104006974554,0.0007945941926835062,RELIABLE,RELIABLE,37.74211293351638,0.8094468950346493,0.0007932579571339563,RELIABLE,RELIABLE,37.83861030500971,0.8281385423592013,0.0008115757715120172,RELIABLE,RELIABLE,-39.01273,-0.3348812,233
234,1,Digit 1,1,Digit 1,max_nhat,RELIABLE,RELIABLE,12.727077946510796,0.910276523430949,0.00089207099296233,2,0.08797975697902294,1,1,True,68.29474651309191,0.7301243248972196,0.0007155218383992751,UNRELIABLE,IDO,12.727077946510796,0.910276523430949,0.00089207099296233,RELIABLE,RELIABLE,27.095029702641213,0.8222967664519261,0.0008058508311228875,RELIABLE,RELIABLE,40.97268492194645,0.7909865239003652,0.0007751667934223579,RELIABLE,RELIABLE,47.290964416507784,0.8042112981161128,0.0007881270721537905,RELIABLE,RELIABLE,-44.797955,12.156426,234
235,1,Digit 1,1,Digit 1,max_nhat,RELIABLE,RELIABLE,14.351714596229233,0.9405061099097783,0.0009216959877115827,3,0.1200403401978627,1,1,True,75.15281382627353,0.7279693292316441,0.0007134099426470113,UNRELIABLE,IDO,14.351714596229233,0.9405061099097783,0.0009216959877115827,RELIABLE,RELIABLE,44.37551626116482,0.7774530619482709,0.0007619040007093054,RELIABLE,RELIABLE,39.9459787615435,0.8204657697119156,0.0008040564543176773,RELIABLE,RELIABLE,38.81241414719645,0.7972074810282204,0.0007812633314076559,RELIABLE,RELIABLE,-41.68934,-2.5685492,235
236,1,Digit 1,1,Digit 1,max_nhat,RELIABLE,RELIABLE,28.874129560827008,0.8593888261786368,0.000842201049655064,4,0.04941695081765729,1,1,True,64.7932995343877,0.7142770412592871,0.0006999915004341013,UNRELIABLE,IDO,28.874129560827008,0.8593888261786368,0.000842201049655064,RELIABLE,RELIABLE,33.56891853068715,0.7961058687047383,0.0007801837513306435,RELIABLE,RELIABLE,50.64618060637295,0.7613428065795873,0.0007461159504479956,RELIABLE,RELIABLE,49.45582473645672,0.8099718753609795,0.0007937724378537599,RELIABLE,RELIABLE,-43.04697,18.742607,236
237,1,Digit 1,1,Digit 1,max_nhat,RELIABLE,RELIABLE,12.320827771380051,0.9052715003455183,0.0008871660703386079,3,0.12390656725879623,1,1,True,87.01107712105907,0.7040157756919585,0.0006899354601781193,OOD,OOD,12.320827771380051,0.9052715003455183,0.0008871660703386079,RELIABLE,RELIABLE,43.89145150069045,0.7589008331885666,0.0007437228165247952,RELIABLE,RELIABLE,49.78284726601526,0.7813649330867221,0.0007657376344249875,RELIABLE,RELIABLE,60.27672562585052,0.7559788618236488,0.0007408592845871758,RELIABLE,RELIABLE,-36.653095,-11.505077,237
238,1,Digit 1,1,Digit 1,max_nhat,RELIABLE,RELIABLE,55.581196264861134,0.8278626612156635,0.0008113054079913502,2,0.045434797675818595,1,2,False,94.23466977074955,0.7001068402027649,0.0006861047033987096,OOD,OOD,55.581196264861134,0.8278626612156635,0.0008113054079913502,RELIABLE,RELIABLE,45.22662737773804,0.782427863539845,0.000766779306269048,RELIABLE,RELIABLE,45.31544186630129,0.7801676987953032,0.0007645643448193971,RELIABLE,RELIABLE,64.72793005677437,0.7779805008880082,0.000762420890870248,UNRELIABLE,IDO,-37.529457,-19.508549,238
239,1,Digit 1,2,Digit 2,max_nhat,RELIABLE,RELIABLE,49.03820326551357,0.799820289843721,0.0007838238840468466,4,0.03964322899114836,2,2,True,97.7292182117165,0.6899892106293743,0.0006761894264167869,OOD,OOD,153.47187332029998,0.7587287008926288,0.0007435541268747762,OOD,OOD,49.03820326551357,0.799820289843721,0.0007838238840468466,RELIABLE,RELIABLE,97.81561048110986,0.7550827801652337,0.0007399811245619289,OOD,OOD,407.3049496409729,0.7601770608525726,0.0007449735196355211,OOD,OOD,-47.954964,18.448732,239
240,1,Digit 1,1,Digit 1,max_nhat,RELIABLE,RELIABLE,19.859345543735245,0.8818642556918749,0.0008642269705780374,3,0.10859749432434973,1,1,True,90.24985584744975,0.6945130491209252,0.0006806227881385066,OOD,OOD,19.859345543735245,0.8818642556918749,0.0008642269705780374,RELIABLE,RELIABLE,47.947145372826114,0.7664115360530108,0.0007510833053319506,RELIABLE,RELIABLE,48.998051895087855,0.7732667613675251,0.0007578014261401746,RELIABLE,RELIABLE,76.41895636650872,0.7641407752618915,0.0007488579597566536,UNRELIABLE,IDO,-39.16405,-12.421096,240
241,1,Digit 1,1,Digit 1,max_nhat,RELIABLE,RELIABLE,7.371629906853104,0.9403020929657084,0.0009214960511063942,2,0.10775349570640613,1,1,True,68.12865048871076,0.7263533154647279,0.0007118262491554333,UNRELIABLE,IDO,7.371629906853104,0.9403020929657084,0.0009214960511063942,RELIABLE,RELIABLE,27.823620362367937,0.8325485972593023,0.0008158976253141162,RELIABLE,RELIABLE,41.42217451266683,0.8120917784224471,0.0007958499428539981,RELIABLE,RELIABLE,41.662824297210975,0.8157017186507167,0.0007993876842777024,RELIABLE,RELIABLE,-41.367996,13.4454,241
242,1,Digit 1,1,Digit 1,max_nhat,RELIABLE,RELIABLE,11.400188426811226,0.915054565038894,0.0008967534737381161,2,0.08693445839116065,1,1,True,61.16994570637427,0.7263001979451659,0.0007117741939862626,RELIABLE,RELIABLE,11.400188426811226,0.915054565038894,0.0008967534737381161,RELIABLE,RELIABLE,28.18343380647921,0.8281201066477334,0.0008115577045147787,RELIABLE,RELIABLE,40.96751245052797,0.804291858469918,0.0007882060213005197,RELIABLE,RELIABLE,44.33871348828135,0.8131067859768031,0.000796844650257267,RELIABLE,RELIABLE,-39.608902,13.860513,242
243,1,Digit 1,1,Digit 1,max_nhat,RELIABLE,RELIABLE,10.289955378507413,0.9202099778396109,0.0009018057782828186,3,0.13177881608950548,1,1,True,75.35947191330405,0.70641804748964,0.0006922896865398471,UNRELIABLE,IDO,10.289955378507413,0.9202099778396109,0.0009018057782828186,RELIABLE,RELIABLE,41.41498237261925,0.7718175230446701,0.0007563811725837767,RELIABLE,RELIABLE,41.14942567285181,0.7884311617501054,0.0007726625385151033,RELIABLE,RELIABLE,59.542880708244816,0.774906018997544,0.000759407898617593,RELIABLE,RELIABLE,-34.140854,-11.875608,243
244,1,Digit 1,1,Digit 1,max_nhat,RELIABLE,RELIABLE,15.967370574773513,0.9115200084100612,0.00089328960824186,2,0.10165539110899136,1,1,True,65.9268123496197,0.6936019504191461,0.0006797299114107632,UNRELIABLE,IDO,15.967370574773513,0.9115200084100612,0.00089328960824186,RELIABLE,RELIABLE,40.536112697039655,0.8098646173010698,0.0007936673249550484,RELIABLE,RELIABLE,40.401564417074525,0.8051962663020897,0.0007890923409760479,RELIABLE,RELIABLE,41.882531286277484,0.8022975777646495,0.0007862516262093565,RELIABLE,RELIABLE,-40.185528,14.472774,244
245,1,Digit 1,1,Digit 1,max_nhat,RELIABLE,RELIABLE,8.808493038639291,0.9277583181246306,0.0009092031517621379,3,0.1333630167255958,1,1,True,81.31235905673569,0.7185741167461167,0.0007042026344111944,UNRELIABLE,IDO,8.808493038639291,0.9277583181246306,0.0009092031517621379,RELIABLE,RELIABLE,38.70293975677626,0.7770004931468022,0.0007614604832838661,RELIABLE,RELIABLE,42.23798838752498,0.7943953013990348,0.000778507395371054,RELIABLE,RELIABLE,55.15390482244525,0.7744987577116214,0.0007590087825573889,RELIABLE,RELIABLE,-37.58057,-11.28584,245
246,1,Digit 1,1,Digit 1,max_nhat,RELIABLE,RELIABLE,3.603477762632542,0.9664456111674684,0.000947116698944119,3,0.14173975313260145,1,1,True,69.1019835239301,0.7346835926370379,0.0007199899207842971,UNRELIABLE,IDO,3.603477762632542,0.9664456111674684,0.000947116698944119,RELIABLE,RELIABLE,29.344099845564287,0.8140571839634712,0.0007977760402842017,RELIABLE,RELIABLE,36.324527369517426,0.824705858034867,0.0008082117408741696,RELIABLE,RELIABLE,46.00311183935702,0.7868839625117535,0.0007711462832615184,RELIABLE,RELIABLE,-37.211975,3.4929137,246
247,1,Digit 1,1,Digit 1,max_nhat,RELIABLE,RELIABLE,12.372675698991667,0.9106052713900006,0.0008923931659622006,2,0.08332525622266063,1,1,True,65.22452317396449,0.722568489596936,0.0007081171198049973,UNRELIABLE,IDO,12.372675698991667,0.9106052713900006,0.0008923931659622006,RELIABLE,RELIABLE,27.165932280581597,0.82728001516734,0.0008107344148639931,RELIABLE,RELIABLE,45.48417852489683,0.7989963946460408,0.00078301646675312,RELIABLE,RELIABLE,40.196694941766644,0.8184002047443538,0.0008020322006494667,RELIABLE,RELIABLE,-41.879272,14.73683,247
248,1,Digit 1,1,Digit 1,max_nhat,RELIABLE,RELIABLE,8.070644155670323,0.9345097103376508,0.0009158195161308978,4,0.11944147601151578,1,1,True,61.72938871333558,0.7143242053784052,0.0007000377212708371,RELIABLE,RELIABLE,8.070644155670323,0.9345097103376508,0.0009158195161308978,RELIABLE,RELIABLE,34.941102826682744,0.7923266674407751,0.0007764801340919595,RELIABLE,RELIABLE,35.15528149781282,0.7925758166020787,0.000776724300270037,RELIABLE,RELIABLE,41.02732860226473,0.8150682343261351,0.0007987668696396123,RELIABLE,RELIABLE,-26.526766,-8.450713,248
249,1,Digit 1,1,Digit 1,max_nhat,RELIABLE,RELIABLE,13.4028993839205,0.9128989800276679,0.0008946410004271145,3,0.10208830638914879,1,1,True,66.68057289319992,0.7086900211854525,0.0006945162207617435,UNRELIABLE,IDO,13.4028993839205,0.9128989800276679,0.0008946410004271145,RELIABLE,RELIABLE,35.4479931471139,0.8082412014994665,0.0007920763774694772,RELIABLE,RELIABLE,39.75336441297835,0.8108106736385191,0.0007945944601657487,RELIABLE,RELIABLE,42.07988864503764,0.8041160055791197,0.0007880336854675373,RELIABLE,RELIABLE,-40.734047,14.253707,249
250,1,Digit 1,1,Digit 1,max_nhat,RELIABLE,RELIABLE,7.128036829715414,0.9386229439721192,0.0009198504850926768,3,0.14339451549093518,1,1,True,78.06000454909264,0.7174498492776943,0.0007031008522921404,UNRELIABLE,IDO,7.128036829715414,0.9386229439721192,0.0009198504850926768,RELIABLE,RELIABLE,38.58922492701678,0.7771371867769382,0.0007615944430413995,RELIABLE,RELIABLE,40.94763237981569,0.795228428481184,0.0007793238599115603,RELIABLE,RELIABLE,50.869753546528266,0.7759396461171695,0.000760420853194826,RELIABLE,RELIABLE,-36.998676,-7.7202635,250
251,1,Digit 1,1,Digit 1,max_nhat,RELIABLE,RELIABLE,9.057465109204216,0.9279601094886603,0.000909400907298887,4,0.12516850780978628,1,1,True,66.07266146832401,0.7083520992208125,0.0006941850572363962,UNRELIABLE,IDO,9.057465109204216,0.9279601094886603,0.000909400907298887,RELIABLE,RELIABLE,37.567885103114754,0.7895070663450064,0.0007737169250181063,RELIABLE,RELIABLE,37.634485957105525,0.7886868425277931,0.0007729131056772372,RELIABLE,RELIABLE,46.62670367211438,0.802791601678874,0.0007867357696452965,RELIABLE,RELIABLE,-27.901758,-10.906472,251
252,1,Digit 1,1,Digit 1,max_nhat,RELIABLE,RELIABLE,6.939005875636187,0.9476944412969309,0.0009287405524709923,4,0.12404776563201525,1,1,True,64.63784912481405,0.700911875535295,0.000686893638024589,UNRELIABLE,IDO,6.939005875636187,0.9476944412969309,0.0009287405524709923,RELIABLE,RELIABLE,39.363622359521074,0.7718484196475083,0.000756411451254558,RELIABLE,RELIABLE,38.07797821580418,0.7964693678876019,0.0007805399805298498,RELIABLE,RELIABLE,41.08582401946553,0.8236466756649157,0.0008071737421516173,RELIABLE,RELIABLE,-28.766119,-6.042889,252
253,1,Digit 1,1,Digit 1,max_nhat,RELIABLE,RELIABLE,10.953210963065949,0.9176753086969788,0.0008993218025230391,3,0.11141969394188733,1,1,True,73.30052133332794,0.7229760405129113,0.0007085165197026531,UNRELIABLE,IDO,10.953210963065949,0.9176753086969788,0.0008993218025230391,RELIABLE,RELIABLE,38.109602791201226,0.7882511853186887,0.0007724861616123149,RELIABLE,RELIABLE,38.63475604310999,0.8062556147550914,0.0007901305024599896,RELIABLE,RELIABLE,53.69797651168012,0.7853639986349179,0.0007696567186622195,RELIABLE,RELIABLE,-34.512627,-14.292721,253
254,1,Digit 1,1,Digit 1,max_nhat,RELIABLE,RELIABLE,17.17509207583653,0.9104157227882038,0.0008922074083324397,3,0.08763605166957877,1,1,True,78.23629359760815,0.7244505754802197,0.0007099615639706153,UNRELIABLE,IDO,17.17509207583653,0.9104157227882038,0.0008922074083324397,RELIABLE,RELIABLE,40.68887284975804,0.7839014823065241,0.0007682234526603936,RELIABLE,RELIABLE,38.865159670065886,0.822779671118625,0.0008063240776962525,RELIABLE,RELIABLE,39.9504478115589,0.7849975479008118,0.0007692975969427955,RELIABLE,RELIABLE,-42.282135,-4.4097443,254
255,1,Digit 1,1,Digit 1,max_nhat,RELIABLE,RELIABLE,6.000550873708207,0.9510059748658183,0.0009319858553685019,4,0.14439044066647255,1,1,True,66.62415238785123,0.7119383010833156,0.0006976995350616493,UNRELIABLE,IDO,6.000550873708207,0.9510059748658183,0.0009319858553685019,RELIABLE,RELIABLE,35.43642779321391,0.7854947826188047,0.0007697848869664286,RELIABLE,RELIABLE,35.49686167165695,0.8045286621289172,0.0007884380888863387,RELIABLE,RELIABLE,43.379287234706126,0.8066155341993457,0.0007904832235153588,RELIABLE,RELIABLE,-36.34166,5.800008,255
256,1,Digit 1,1,Digit 1,max_nhat,RELIABLE,RELIABLE,28.00479257610042,0.8612809805912185,0.0008440553609793941,3,0.058144837866285104,1,1,True,59.23985124904729,0.7090246433874151,0.0006948441505196667,RELIABLE,RELIABLE,28.00479257610042,0.8612809805912185,0.0008440553609793941,RELIABLE,RELIABLE,42.72660337753692,0.7944388724535646,0.0007785500950044932,RELIABLE,RELIABLE,38.56178400775326,0.8031361427249334,0.0007870734198704346,RELIABLE,RELIABLE,41.87719943599366,0.785939579788213,0.0007702207881924488,RELIABLE,RELIABLE,-38.601418,16.072824,256
257,1,Digit 1,1,Digit 1,max_nhat,RELIABLE,RELIABLE,8.914372344400165,0.9321197269488296,0.000913477332409853,4,0.09211876227998061,1,1,True,59.44712941578792,0.6987435131298205,0.0006847686428672241,RELIABLE,RELIABLE,8.914372344400165,0.9321197269488296,0.000913477332409853,RELIABLE,RELIABLE,33.54507139257624,0.7988866722364827,0.000782908938791753,RELIABLE,RELIABLE,36.74363573173822,0.781120169778844,0.0007654977663832671,RELIABLE,RELIABLE,37.61370860590966,0.840000964668849,0.000823200945375472,RELIABLE,RELIABLE,-24.867632,-7.4510913,257
258,1,Digit 1,1,Digit 1,max_nhat,RELIABLE,RELIABLE,16.227201875313202,0.8968684419950707,0.0008789310731551692,2,0.07538064642233555,1,1,True,66.00550355482456,0.7239496025552127,0.0007094706105041084,UNRELIABLE,IDO,16.227201875313202,0.8968684419950707,0.0008789310731551692,RELIABLE,RELIABLE,26.818098832062798,0.8214877955727351,0.0008050580396612803,RELIABLE,RELIABLE,44.21886604596108,0.7903895983612932,0.0007745818063940673,RELIABLE,RELIABLE,49.390083404760276,0.8050358989652406,0.0007889351809859358,RELIABLE,RELIABLE,-44.61222,12.707521,258
259,1,Digit 1,1,Digit 1,max_nhat,RELIABLE,RELIABLE,13.792974612640842,0.9142053688127588,0.0008959212614365036,2,0.10308873178436473,1,1,True,62.29542189578076,0.7210672534480886,0.0007066459083791268,UNRELIABLE,IDO,13.792974612640842,0.9142053688127588,0.0008959212614365036,RELIABLE,RELIABLE,37.104014821813045,0.8111166370283941,0.0007948943042878261,RELIABLE,RELIABLE,38.4643868315843,0.804905008594565,0.0007888069084226738,RELIABLE,RELIABLE,43.13011895200657,0.8077879007134972,0.0007916321426992272,RELIABLE,RELIABLE,-39.04191,12.423042,259
260,1,Digit 1,1,Digit 1,max_nhat,RELIABLE,RELIABLE,13.914816737390101,0.9096834204599592,0.00089148975205076,2,0.09400925625087053,1,1,True,73.01116647987038,0.7476475709647434,0.0007326946195454486,UNRELIABLE,IDO,13.914816737390101,0.9096834204599592,0.00089148975205076,RELIABLE,RELIABLE,28.00957991901031,0.8156741642090887,0.0007993606809249069,RELIABLE,RELIABLE,45.08223763889665,0.7780250528244286,0.00076246455176794,RELIABLE,RELIABLE,54.61776880059237,0.7981951263474213,0.0007822312238204729,RELIABLE,RELIABLE,-45.350548,9.352027,260
261,1,Digit 1,1,Digit 1,max_nhat,RELIABLE,RELIABLE,6.39069501029841,0.9450246334783696,0.0009261241408088022,2,0.13313052431037042,1,1,True,60.5841202980219,0.7343030838358148,0.0007196170221590984,RELIABLE,RELIABLE,6.39069501029841,0.9450246334783696,0.0009261241408088022,RELIABLE,RELIABLE,28.686726257995705,0.8118941091679992,0.0007956562269846391,RELIABLE,RELIABLE,36.42055445072361,0.806743991107409,0.0007906091112852608,RELIABLE,RELIABLE,44.62639685860849,0.8089461035733136,0.0007927671815018474,RELIABLE,RELIABLE,-37.52823,9.717885,261
262,1,Digit 1,1,Digit 1,max_nhat,RELIABLE,RELIABLE,5.798544266196451,0.9497205130507599,0.0009307261027897447,3,0.14939721224661018,1,1,True,73.06935384951197,0.7220484180632999,0.0007076074497020338,UNRELIABLE,IDO,5.798544266196451,0.9497205130507599,0.0009307261027897447,RELIABLE,RELIABLE,35.74994621436412,0.7844114803239485,0.0007687232507174695,RELIABLE,RELIABLE,39.92841572403306,0.8003233008041497,0.0007843168347880667,RELIABLE,RELIABLE,45.43984228147205,0.7885047848514916,0.0007727346891544617,RELIABLE,RELIABLE,-36.560837,-6.415794,262
263,1,Digit 1,1,Digit 1,max_nhat,RELIABLE,RELIABLE,6.884102563614149,0.940380732505172,0.0009215731178550684,3,0.13680414569663835,1,1,True,74.87190595077509,0.7278198743111294,0.0007132634768249068,UNRELIABLE,IDO,6.884102563614149,0.940380732505172,0.0009215731178550684,RELIABLE,RELIABLE,35.499465179626874,0.7871964362710852,0.0007714525075456634,RELIABLE,RELIABLE,41.166817117839436,0.8035765868085336,0.0007875050550723629,RELIABLE,RELIABLE,52.79673221051101,0.7605292411786069,0.0007453186563550347,RELIABLE,RELIABLE,-39.57514,-6.983071,263
264,1,Digit 1,1,Digit 1,max_nhat,RELIABLE,RELIABLE,9.269724266649462,0.9278973634652176,0.0009093394161959131,3,0.12939182439952412,1,1,True,70.56483403401779,0.7138037753273522,0.0006995276998208051,UNRELIABLE,IDO,9.269724266649462,0.9278973634652176,0.0009093394161959131,RELIABLE,RELIABLE,38.26343999395285,0.7851762092668869,0.0007694726850815491,RELIABLE,RELIABLE,37.57227039648577,0.7985055390656934,0.0007825354282843795,RELIABLE,RELIABLE,56.004574779515686,0.7900911859030119,0.0007742893621849516,RELIABLE,RELIABLE,-32.764153,-12.60048,264
265,1,Digit 1,1,Digit 1,max_nhat,RELIABLE,RELIABLE,8.298697019986905,0.929842083345319,0.0009112452416784126,3,0.09314911212799604,1,1,True,66.79282058352602,0.7309880378630278,0.0007163682771057673,UNRELIABLE,IDO,8.298697019986905,0.929842083345319,0.0009112452416784126,RELIABLE,RELIABLE,32.323035782561334,0.7961763846386548,0.0007802528569458817,RELIABLE,RELIABLE,39.013728726418854,0.836692971217323,0.0008199591117929766,RELIABLE,RELIABLE,34.3270743465306,0.8140627039659315,0.0007977814498866129,RELIABLE,RELIABLE,-42.108265,0.9221858,265
266,1,Digit 1,2,Digit 2,max_nhat,RELIABLE,RELIABLE,37.56987367564378,0.8064895283148097,0.0007903597377485135,4,0.04063261867362178,2,2,True,96.07461538824595,0.6960415011983535,0.0006821206711743864,OOD,OOD,99.50332208934648,0.7598813446297877,0.0007446837177371919,OOD,OOD,37.56987367564378,0.8064895283148097,0.0007903597377485135,RELIABLE,RELIABLE,82.86652285904479,0.7583453826463963,0.0007431784749934683,UNRELIABLE,IDO,66.8848521504294,0.7658569096411879,0.0007505397714483641,UNRELIABLE,IDO,-48.114872,17.289139,266
267,1,Digit 1,1,Digit 1,max_nhat,RELIABLE,RELIABLE,10.307306431556704,0.9449952995809681,0.0009260953935893487,4,0.13010672468857964,1,1,True,74.36602780899548,0.717180357795972,0.0007028367506400526,UNRELIABLE,IDO,10.307306431556704,0.9449952995809681,0.0009260953935893487,RELIABLE,RELIABLE,43.5093245590334,0.7739974448201875,0.0007585174959237837,RELIABLE,RELIABLE,40.54183378334615,0.8101972952660946,0.0007939933493607727,RELIABLE,RELIABLE,38.09614555889951,0.8148885748923884,0.0007985908033945406,RELIABLE,RELIABLE,-39.671627,-1.7183383,267
268,1,Digit 1,1,Digit 1,max_nhat,RELIABLE,RELIABLE,17.120665550644922,0.8868743000944619,0.0008691368140925726,4,0.07431686631544454,1,1,True,64.01432981642776,0.7187607268540543,0.0007043855123169732,UNRELIABLE,IDO,17.120665550644922,0.8868743000944619,0.0008691368140925726,RELIABLE,RELIABLE,36.158703693697085,0.7892137703846674,0.0007734294949769741,RELIABLE,RELIABLE,36.13371329483911,0.7903284596976471,0.0007745218905036941,RELIABLE,RELIABLE,41.792716217537304,0.8125574337790173,0.0007963062851034369,RELIABLE,RELIABLE,-26.075104,-13.04959,268
269,1,Digit 1,1,Digit 1,max_nhat,RELIABLE,RELIABLE,16.72166938443236,0.8953182784382228,0.0008774119128694582,2,0.07573869579686143,1,1,True,62.39462121076885,0.7443477170429761,0.0007294607627021166,UNRELIABLE,IDO,16.72166938443236,0.8953182784382228,0.0008774119128694582,RELIABLE,RELIABLE,28.132435787237995,0.8195795826413613,0.0008031879909885341,RELIABLE,RELIABLE,42.293560446078246,0.8021484409268298,0.0007861054721082932,RELIABLE,RELIABLE,43.6473491000893,0.8031537113491035,0.0007870906371221214,RELIABLE,RELIABLE,-40.2717,16.925392,269
270,1,Digit 1,1,Digit 1,max_nhat,RELIABLE,RELIABLE,12.627962589563115,0.9066253156629883,0.0008884928093497286,3,0.1012971651166994,1,1,True,81.55455220969964,0.7304338297278496,0.0007158251531332926,UNRELIABLE,IDO,12.627962589563115,0.9066253156629883,0.0008884928093497286,RELIABLE,RELIABLE,36.11269311382069,0.7917247968185844,0.0007758903008822127,RELIABLE,RELIABLE,38.399570106391906,0.8053281505462889,0.0007892215875353631,RELIABLE,RELIABLE,54.2834618358402,0.7856033696823937,0.0007698913022887459,RELIABLE,RELIABLE,-40.499966,-10.563144,270
271,1,Digit 1,1,Digit 1,max_nhat,RELIABLE,RELIABLE,13.71972118444511,0.908696203414491,0.0008905222793462012,4,0.08959608049467949,1,1,True,63.94795706617586,0.7010304655759686,0.0006870098562644492,UNRELIABLE,IDO,13.71972118444511,0.908696203414491,0.0008905222793462012,RELIABLE,RELIABLE,40.03227139131021,0.7734341582338877,0.00075796547506921,RELIABLE,RELIABLE,39.94752888429505,0.7742188453140497,0.0007587344684077687,RELIABLE,RELIABLE,41.95439925194896,0.8191001229198115,0.0008027181204614153,RELIABLE,RELIABLE,-24.74246,-9.45429,271
272,1,Digit 1,1,Digit 1,max_nhat,RELIABLE,RELIABLE,8.63541244465251,0.9303287116885577,0.0009117221374547865,4,0.13153131779681693,1,1,True,68.3391739306987,0.7120616549137886,0.0006978204218155128,UNRELIABLE,IDO,8.63541244465251,0.9303287116885577,0.0009117221374547865,RELIABLE,RELIABLE,37.25986827556329,0.792897566251659,0.0007770396149266258,RELIABLE,RELIABLE,37.243586957933886,0.7962996352699503,0.0007803736425645513,RELIABLE,RELIABLE,50.726445853830874,0.7987973938917408,0.0007828214460139059,RELIABLE,RELIABLE,-29.997513,-12.187429,272
273,1,Digit 1,1,Digit 1,max_nhat,RELIABLE,RELIABLE,15.352624768801372,0.9064641211853807,0.000888334838761673,3,0.09187072515868666,1,1,True,65.88446720351753,0.7217498786948408,0.0007073148811209439,UNRELIABLE,IDO,15.352624768801372,0.9064641211853807,0.000888334838761673,RELIABLE,RELIABLE,39.46204372013654,0.8001077270143692,0.0007841055724740817,RELIABLE,RELIABLE,39.126281549715245,0.814593396026694,0.0007983015281061601,RELIABLE,RELIABLE,46.08072327712796,0.7995963340386313,0.0007836044073578586,RELIABLE,RELIABLE,-39.2969,12.928358,273
274,1,Digit 1,1,Digit 1,max_nhat,RELIABLE,RELIABLE,7.032887406231944,0.9429890141664631,0.0009241292338831338,3,0.13300638632926387,1,1,True,76.01840530081117,0.7371395615509686,0.0007223967703199493,UNRELIABLE,IDO,7.032887406231944,0.9429890141664631,0.0009241292338831338,RELIABLE,RELIABLE,33.383623178212204,0.7950066206841914,0.0007791064882705075,RELIABLE,RELIABLE,41.311322707782416,0.8099826278371992,0.0007937829752804552,RELIABLE,RELIABLE,40.473503435282396,0.7947955723743759,0.0007788996609268884,RELIABLE,RELIABLE,-41.73815,-1.7914829,274
275,1,Digit 1,1,Digit 1,max_nhat,RELIABLE,RELIABLE,15.26877076673034,0.8999258797150352,0.0008819273621207345,2,0.07152339419976805,1,1,True,80.7921325025714,0.7370818472490821,0.0007223402103041004,UNRELIABLE,IDO,15.26877076673034,0.8999258797150352,0.0008819273621207345,RELIABLE,RELIABLE,26.612478439661558,0.8284024855152672,0.0008118344358049618,RELIABLE,RELIABLE,43.76382822322911,0.804950024178271,0.0007888510236947055,RELIABLE,RELIABLE,41.85766060420103,0.7817471112337828,0.0007661121690091072,RELIABLE,RELIABLE,-41.715393,5.8628955,275
276,1,Digit 1,2,Digit 2,max_nhat,RELIABLE,RELIABLE,28.953555272132988,0.8193353563364599,0.0008029486492097307,1,0.011525510387897175,2,2,True,69.49435024867017,0.6999794053345478,0.0006859798172278569,UNRELIABLE,IDO,62.616566512982736,0.8078098459485628,0.0007916536490295915,UNRELIABLE,IDO,28.953555272132988,0.8193353563364599,0.0008029486492097307,RELIABLE,RELIABLE,58.348060969942004,0.7611143558149583,0.0007458920686986591,RELIABLE,RELIABLE,169.8768979619617,0.7837653916215228,0.0007680900837890923,OOD,OOD,-46.22104,17.946302,276
277,1,Digit 1,1,Digit 1,max_nhat,RELIABLE,RELIABLE,8.049525806276726,0.9349953873735083,0.0009162954796260381,3,0.10295796814503122,1,1,True,73.73661414614787,0.7695125027836224,0.0007541222527279499,UNRELIABLE,IDO,8.049525806276726,0.9349953873735083,0.0009162954796260381,RELIABLE,RELIABLE,25.818546705775688,0.8280537012783368,0.00081149262725277,RELIABLE,RELIABLE,36.81862918745015,0.8320374192284771,0.0008153966708439075,RELIABLE,RELIABLE,48.36048695732593,0.7713709365471564,0.0007559435178162132,RELIABLE,RELIABLE,-40.673023,5.388658,277
278,1,Digit 1,1,Digit 1,max_nhat,RELIABLE,RELIABLE,16.569940612734882,0.8909762448262334,0.0008731567199297087,4,0.09919694678781565,1,1,True,83.55665379931122,0.6936308272954993,0.0006797582107495893,UNRELIABLE,IDO,16.569940612734882,0.8909762448262334,0.0008731567199297087,RELIABLE,RELIABLE,46.599108654284976,0.7635930324303317,0.0007483211717817251,RELIABLE,RELIABLE,41.47320590909174,0.7850268833750607,0.0007693263457075594,RELIABLE,RELIABLE,59.101017049212814,0.7917792980384177,0.0007759437120776493,RELIABLE,RELIABLE,-36.55038,-16.224035,278
279,1,Digit 1,1,Digit 1,max_nhat,RELIABLE,RELIABLE,15.623679821542503,0.9090625144623451,0.0008908812641730982,4,0.08993334003575548,1,1,True,58.97008762155602,0.7070858367290915,0.0006929441199945097,RELIABLE,RELIABLE,15.623679821542503,0.9090625144623451,0.0008908812641730982,RELIABLE,RELIABLE,33.616649281149684,0.8010948522840065,0.0007850729552383263,RELIABLE,RELIABLE,41.765395425270796,0.7899339819519947,0.0007741353023129547,RELIABLE,RELIABLE,39.04204155643748,0.8191291744265896,0.0008027465909380578,RELIABLE,RELIABLE,-36.12852,14.302194,279
280,1,Digit 1,1,Digit 1,max_nhat,RELIABLE,RELIABLE,6.373976719167392,0.9461167418998413,0.0009271944070618444,3,0.14939154366313334,1,1,True,77.22847530012032,0.7225080131592504,0.0007080578528960654,UNRELIABLE,IDO,6.373976719167392,0.9461167418998413,0.0009271944070618444,RELIABLE,RELIABLE,36.657008939598235,0.7783143091879221,0.0007627480230041636,RELIABLE,RELIABLE,43.10958343127971,0.796725198236708,0.0007807906942719737,RELIABLE,RELIABLE,45.441534319415794,0.7781954770126913,0.0007626315674724375,RELIABLE,RELIABLE,-37.433216,-6.5545616,280
281,1,Digit 1,1,Digit 1,max_nhat,RELIABLE,RELIABLE,9.616253896009919,0.9256117334555899,0.000907099498786478,4,0.11973994686273037,1,1,True,69.55042664621206,0.7040135646556278,0.0006899332933625153,UNRELIABLE,IDO,9.616253896009919,0.9256117334555899,0.000907099498786478,RELIABLE,RELIABLE,42.20741767398783,0.767547992236095,0.0007521970323913731,RELIABLE,RELIABLE,38.637882368559175,0.7903483767202006,0.0007745414091857966,RELIABLE,RELIABLE,45.28250239748478,0.8058717865928595,0.0007897543508610023,RELIABLE,RELIABLE,-29.223873,-10.393041,281
282,1,Digit 1,1,Digit 1,max_nhat,RELIABLE,RELIABLE,11.212605703922794,0.9135092050119251,0.0008952390209116866,3,0.1281722449706828,1,1,True,81.44807890350455,0.7064858014383685,0.000692356085409601,UNRELIABLE,IDO,11.212605703922794,0.9135092050119251,0.0008952390209116866,RELIABLE,RELIABLE,42.386881620445706,0.7686521030795255,0.000753279061017935,RELIABLE,RELIABLE,44.41523554921151,0.7853369600412423,0.0007696302208404174,RELIABLE,RELIABLE,61.950865110315405,0.7679293536223593,0.000752570766549912,RELIABLE,RELIABLE,-36.31252,-12.161075,282
283,1,Digit 1,1,Digit 1,max_nhat,RELIABLE,RELIABLE,11.968273740745126,0.9141215285583634,0.0008958390979871961,2,0.1050172668376591,1,1,True,66.21853520624538,0.7468755582066423,0.0007319380470425094,UNRELIABLE,IDO,11.968273740745126,0.9141215285583634,0.0008958390979871961,RELIABLE,RELIABLE,29.250638711290854,0.8091042617207043,0.0007929221764862901,RELIABLE,RELIABLE,42.3802260113324,0.7884514860244906,0.0007726824563040007,RELIABLE,RELIABLE,52.98842941394564,0.8051857283870671,0.0007890820138193258,RELIABLE,RELIABLE,-39.706326,10.544759,283
284,1,Digit 1,1,Digit 1,max_nhat,RELIABLE,RELIABLE,14.241352813534423,0.9030603920332221,0.0008849991841925576,3,0.11631481138884281,1,1,True,78.5804840739126,0.7074288834850327,0.000693280305815332,UNRELIABLE,IDO,14.241352813534423,0.9030603920332221,0.0008849991841925576,RELIABLE,RELIABLE,42.57346217937085,0.7742861489007521,0.000758800425922737,RELIABLE,RELIABLE,40.82782730301692,0.7867455806443793,0.0007710106690314917,RELIABLE,RELIABLE,68.50709971014615,0.7781988200127016,0.0007626348436124475,UNRELIABLE,IDO,-36.499596,-14.890881,284
285,1,Digit 1,1,Digit 1,max_nhat,RELIABLE,RELIABLE,15.42603857413957,0.8946956849000719,0.0008768017712020704,2,0.06813834614837155,1,1,True,66.52684801318048,0.7186130267967106,0.0007042407662607764,UNRELIABLE,IDO,15.42603857413957,0.8946956849000719,0.0008768017712020704,RELIABLE,RELIABLE,26.813519464679008,0.8265573387517003,0.0008100261919766663,RELIABLE,RELIABLE,44.576323070885195,0.8028317908159557,0.0007867751549996366,RELIABLE,RELIABLE,46.12802449231735,0.8002865200277977,0.0007842807896272417,RELIABLE,RELIABLE,-43.928986,12.626134,285
286,1,Digit 1,1,Digit 1,max_nhat,RELIABLE,RELIABLE,24.354673529187217,0.8787261170050362,0.0008611515946649355,4,0.09629868602887148,1,1,True,85.4250825484597,0.6940087271302063,0.0006801285525876022,OOD,OOD,24.354673529187217,0.8787261170050362,0.0008611515946649355,RELIABLE,RELIABLE,43.94335591229255,0.7776907464515918,0.0007621369315225599,RELIABLE,RELIABLE,42.68764094854347,0.7777848304625529,0.0007622291338533018,RELIABLE,RELIABLE,72.78626716112545,0.7824274309761647,0.0007667788823566414,UNRELIABLE,IDO,-36.98298,-17.396631,286
287,1,Digit 1,1,Digit 1,max_nhat,OOD,OOD,137.32009851429189,0.793934965262707,0.0007780562659574528,2,0.01987714620937464,1,2,False,88.29807631794449,0.6637327312291059,0.0006504580766045237,OOD,OOD,137.32009851429189,0.793934965262707,0.0007780562659574528,OOD,OOD,42.61736572568144,0.7740578190533324,0.0007585766626722656,RELIABLE,RELIABLE,75.51015724037563,0.7287642028182012,0.0007141889187618372,UNRELIABLE,IDO,346.0628656821907,0.7499354454561725,0.0007349367365470491,OOD,OOD,-47.204502,19.580069,287
288,1,Digit 1,1,Digit 1,max_nhat,RELIABLE,RELIABLE,8.72893250124677,0.9316213882934716,0.0009129889605276022,4,0.10329177251652644,1,1,True,62.93345879860759,0.7098523006463153,0.000695655254633389,UNRELIABLE,IDO,8.72893250124677,0.9316213882934716,0.0009129889605276022,RELIABLE,RELIABLE,30.823351625677162,0.8058978420188049,0.0007897798851784287,RELIABLE,RELIABLE,38.83506661437773,0.8087231155908732,0.0007925486532790556,RELIABLE,RELIABLE,35.94637527369325,0.8283296157769452,0.0008117630234614063,RELIABLE,RELIABLE,-37.48499,13.661772,288
289,1,Digit 1,1,Digit 1,max_nhat,RELIABLE,RELIABLE,11.168576976965614,0.9411453342048788,0.0009223224275207812,4,0.11030137628295911,1,1,True,63.61496714308935,0.7156190975559691,0.0007013067156048496,UNRELIABLE,IDO,11.168576976965614,0.9411453342048788,0.0009223224275207812,RELIABLE,RELIABLE,37.610404765441615,0.8027691657818975,0.0007867137824662595,RELIABLE,RELIABLE,33.046455118141914,0.8234291841714858,0.0008069606004880561,RELIABLE,RELIABLE,33.89600159820395,0.8308439579219197,0.0008142270787634812,RELIABLE,RELIABLE,-40.46001,0.8450275,289
290,1,Digit 1,1,Digit 1,max_nhat,UNRELIABLE,IDO,66.12286514618339,0.8208531004370736,0.0008044360384283321,3,0.009413999676964102,1,3,False,92.15875218602935,0.725452360123756,0.0007109433129212809,OOD,OOD,66.12286514618339,0.8208531004370736,0.0008044360384283321,UNRELIABLE,IDO,41.35326403062298,0.7983073546203581,0.0007823412075279509,RELIABLE,RELIABLE,39.46055739766426,0.8114391007601095,0.0007952103187449073,RELIABLE,RELIABLE,64.09810351860474,0.7752402087276529,0.0007597354045530998,UNRELIABLE,IDO,-38.41376,-18.625546,290
291,1,Digit 1,1,Digit 1,max_nhat,RELIABLE,RELIABLE,12.41237841183125,0.9161273316217705,0.000897804784989335,3,0.12458002666888257,1,1,True,83.47441821338501,0.7462576304220537,0.0007313324778136126,UNRELIABLE,IDO,12.41237841183125,0.9161273316217705,0.000897804784989335,RELIABLE,RELIABLE,33.11603700986163,0.7904782894017975,0.0007746687236137615,RELIABLE,RELIABLE,46.99142992321837,0.7915473049528879,0.0007757163588538302,RELIABLE,RELIABLE,48.304702209170635,0.7883613922280992,0.0007725941643835372,RELIABLE,RELIABLE,-44.14173,0.06316878,291
292,1,Digit 1,1,Digit 1,max_nhat,RELIABLE,RELIABLE,6.936090354083982,0.9408035240214871,0.0009219874535410573,3,0.13890279975529563,1,1,True,68.5603083500972,0.720498839991992,0.0007060888631921522,UNRELIABLE,IDO,6.936090354083982,0.9408035240214871,0.0009219874535410573,RELIABLE,RELIABLE,34.70802128544531,0.7910857306895269,0.0007752640160757363,RELIABLE,RELIABLE,37.77230577170246,0.8019007242661915,0.0007858627097808677,RELIABLE,RELIABLE,46.37053147110031,0.7941348476242777,0.0007782521506717921,RELIABLE,RELIABLE,-34.873108,-7.334731,292
293,1,Digit 1,1,Digit 1,max_nhat,RELIABLE,RELIABLE,27.973938428690595,0.8372111320873488,0.0008204669094456018,4,0.03611410116781755,1,1,True,72.91141302145716,0.7196277754123,0.0007052352199040541,UNRELIABLE,IDO,27.973938428690595,0.8372111320873488,0.0008204669094456018,RELIABLE,RELIABLE,42.69537635589295,0.7612065717034368,0.000745982440269368,RELIABLE,RELIABLE,45.18107689783604,0.7806327909338641,0.0007650201351151868,RELIABLE,RELIABLE,45.6968698715326,0.8010970309195312,0.0007850750903011406,RELIABLE,RELIABLE,-42.4118,19.223045,293
294,1,Digit 1,1,Digit 1,max_nhat,RELIABLE,RELIABLE,43.22216651308152,0.826668478638552,0.000810135109065781,3,0.05316455611560433,1,1,True,111.6975464557614,0.7033546543058352,0.0006892875612197185,OOD,OOD,43.22216651308152,0.826668478638552,0.000810135109065781,RELIABLE,RELIABLE,53.37840435314908,0.7639489770951605,0.0007486699975532573,RELIABLE,RELIABLE,61.03239511549413,0.7735039225229476,0.0007580338440724886,RELIABLE,RELIABLE,98.11870461937863,0.7724549605890206,0.0007570058613772402,OOD,OOD,-40.96873,-14.237711,294
295,1,Digit 1,2,Digit 2,max_nhat,RELIABLE,RELIABLE,39.23744384013439,0.7821132282582115,0.0007664709636930472,4,0.020993482212101955,2,2,True,96.42097579223659,0.7108058164204706,0.0006965897000920611,OOD,OOD,120.38393288814623,0.7532225370226807,0.0007381580862822271,OOD,OOD,39.23744384013439,0.7821132282582115,0.0007664709636930472,RELIABLE,RELIABLE,83.55078629760922,0.7483999811777482,0.0007334319815541932,UNRELIABLE,IDO,163.13477512617212,0.7611197460461095,0.0007458973511251873,OOD,OOD,-49.710735,12.053038,295
296,1,Digit 1,1,Digit 1,max_nhat,RELIABLE,RELIABLE,3.417803841490774,0.9691914833217238,0.0009498076536552893,4,0.1544505653789,1,1,True,64.0741753514561,0.7116135048014575,0.0006973812347054283,UNRELIABLE,IDO,3.417803841490774,0.9691914833217238,0.0009498076536552893,RELIABLE,RELIABLE,33.51255950633397,0.7861220787136544,0.0007703996371393812,RELIABLE,RELIABLE,34.11475617886584,0.8118508392277197,0.0007956138224431652,RELIABLE,RELIABLE,39.712308179956494,0.8147409179428238,0.0007984460995839672,RELIABLE,RELIABLE,-35.94134,3.5096667,296
297,1,Digit 1,1,Digit 1,max_nhat,RELIABLE,RELIABLE,16.805928351829458,0.9083605559974042,0.0008901933448774561,3,0.10991867231348762,1,1,True,68.66708547145122,0.7044822311477046,0.0006903925865247505,UNRELIABLE,IDO,16.805928351829458,0.9083605559974042,0.0008901933448774561,RELIABLE,RELIABLE,48.52573117557744,0.7670461111625999,0.0007517051889393479,RELIABLE,RELIABLE,36.3729349933963,0.7984418836839166,0.0007824730460102382,RELIABLE,RELIABLE,52.56806741806321,0.7909973505801717,0.0007751774035685683,RELIABLE,RELIABLE,-31.695902,-11.792452,297
298,1,Digit 1,1,Digit 1,max_nhat,RELIABLE,RELIABLE,9.536566696784844,0.9232627555338645,0.0009047975004231872,4,0.12132685977494706,1,1,True,64.94464963804877,0.71343946929588,0.0006991706799099624,UNRELIABLE,IDO,9.536566696784844,0.9232627555338645,0.0009047975004231872,RELIABLE,RELIABLE,37.41559035795688,0.791757780783807,0.0007759226251681309,RELIABLE,RELIABLE,36.123179854198085,0.7948249244179153,0.0007789284259295569,RELIABLE,RELIABLE,49.382865272325446,0.8019358957589174,0.0007858971778437391,RELIABLE,RELIABLE,-28.748108,-11.857169,298
299,1,Digit 1,1,Digit 1,max_nhat,RELIABLE,RELIABLE,7.452611123178053,0.937653679150887,0.0009189006055678692,4,0.11202076517719506,1,1,True,65.85506275132613,0.7039753596162861,0.0006898958524239604,UNRELIABLE,IDO,7.452611123178053,0.937653679150887,0.0009189006055678692,RELIABLE,RELIABLE,39.238694911527816,0.7707168218757726,0.0007553024854382571,RELIABLE,RELIABLE,37.698638325737605,0.7924990205157054,0.0007766490401053913,RELIABLE,RELIABLE,40.33585119787004,0.825632913973692,0.0008091202556942182,RELIABLE,RELIABLE,-27.923716,-7.121402,299
300,1,Digit 1,1,Digit 1,max_nhat,RELIABLE,RELIABLE,33.70385009660539,0.8255469574735982,0.0008090360183241262,2,0.052733659104233443,1,1,True,71.4155809489659,0.6951050347582515,0.0006812029340630864,UNRELIABLE,IDO,33.70385009660539,0.8255469574735982,0.0008090360183241262,RELIABLE,RELIABLE,37.19678915034913,0.7728132983693647,0.0007573570324019774,RELIABLE,RELIABLE,49.911754888617295,0.7646007708447453,0.0007493087554278503,RELIABLE,RELIABLE,53.33867455694053,0.7727899162701048,0.0007573341179447027,RELIABLE,RELIABLE,-43.478424,17.743952,300
301,1,Digit 1,1,Digit 1,max_nhat,RELIABLE,RELIABLE,60.10449566707475,0.8160614025238523,0.0007997401744733753,2,0.02087224214759542,1,2,False,89.29357414282657,0.7230874471415885,0.0007086256981987567,OOD,OOD,60.10449566707475,0.8160614025238523,0.0007997401744733753,RELIABLE,RELIABLE,42.17282283786417,0.7951891603762569,0.0007792853771687317,RELIABLE,RELIABLE,57.92891085291489,0.7856985441932353,0.0007699845733093705,RELIABLE,RELIABLE,59.23425209036954,0.7859370961332609,0.0007702183542105957,RELIABLE,RELIABLE,-49.2078,10.06699,301
302,1,Digit 1,1,Digit 1,max_nhat,RELIABLE,RELIABLE,2.591297226746325,0.9749205034234121,0.0009554220933549438,2,0.15224741071692782,1,1,True,66.54815859536575,0.7390681279609033,0.0007242867654016852,UNRELIABLE,IDO,2.591297226746325,0.9749205034234121,0.0009554220933549438,RELIABLE,RELIABLE,27.135759600422954,0.8226730927064843,0.0008062196308523546,RELIABLE,RELIABLE,34.881059429993996,0.8222859443690802,0.0008058402254816986,RELIABLE,RELIABLE,41.403100086572124,0.7999481901949367,0.0007839492263910379,RELIABLE,RELIABLE,-38.30631,4.3269525,302
303,1,Digit 1,1,Digit 1,max_nhat,RELIABLE,RELIABLE,16.199608107024336,0.9229637131992464,0.0009045044389352615,3,0.09784693671513744,1,1,True,75.76922925126814,0.7334119205936048,0.0007187436821817327,UNRELIABLE,IDO,16.199608107024336,0.9229637131992464,0.0009045044389352615,RELIABLE,RELIABLE,43.54376376707863,0.7784075459272471,0.0007628393950087021,RELIABLE,RELIABLE,42.46739289613027,0.825116776484109,0.0008086144409544268,RELIABLE,RELIABLE,41.4980486329065,0.7823743272544165,0.0007667268407093281,RELIABLE,RELIABLE,-42.870506,-1.2473688,303
304,1,Digit 1,1,Digit 1,max_nhat,RELIABLE,RELIABLE,13.096283882758259,0.9091279533192808,0.0008909453942528951,4,0.08940973492025106,1,1,True,62.140678583228166,0.7035315052715997,0.0006894608751661676,UNRELIABLE,IDO,13.096283882758259,0.9091279533192808,0.0008909453942528951,RELIABLE,RELIABLE,35.30620450313533,0.8043685623445808,0.0007882811910976892,RELIABLE,RELIABLE,39.91655937359738,0.807717266260828,0.0007915629209356114,RELIABLE,RELIABLE,38.12279792067915,0.8197182183990297,0.0008033238540310491,RELIABLE,RELIABLE,-37.666107,14.626283,304
305,1,Digit 1,1,Digit 1,max_nhat,RELIABLE,RELIABLE,17.523197430577344,0.8930023866415719,0.0008751423389087405,3,0.087454902503316,1,1,True,64.75117143175581,0.7229414492318412,0.0007084826202472044,UNRELIABLE,IDO,17.523197430577344,0.8930023866415719,0.0008751423389087405,RELIABLE,RELIABLE,38.62063430212814,0.8009474595468827,0.0007849285103559451,RELIABLE,RELIABLE,40.50870028550277,0.8055474841382559,0.0007894365344554908,RELIABLE,RELIABLE,45.715848563986825,0.8042342746520922,0.0007881495891590504,RELIABLE,RELIABLE,-40.112354,15.948359,305
306,1,Digit 1,1,Digit 1,max_nhat,RELIABLE,RELIABLE,19.13840326219376,0.8910263305278501,0.000873205803917293,2,0.07672652364898758,1,1,True,77.06943566483662,0.7395082976291815,0.0007247181316765979,UNRELIABLE,IDO,19.13840326219376,0.8910263305278501,0.000873205803917293,RELIABLE,RELIABLE,29.335116127197725,0.8142998068788625,0.0007980138107412852,RELIABLE,RELIABLE,50.326098587541765,0.7718018597475527,0.0007563658225526016,RELIABLE,RELIABLE,58.82757163333157,0.7867643078420431,0.0007710290216852023,RELIABLE,RELIABLE,-45.8661,9.78881,306
307,1,Digit 1,1,Digit 1,max_nhat,RELIABLE,RELIABLE,10.7546322030913,0.9212988364146747,0.0009028728596863812,4,0.10287081917659524,1,1,True,64.062648486998,0.7054564087409751,0.0006913472805661556,UNRELIABLE,IDO,10.7546322030913,0.9212988364146747,0.0009028728596863812,RELIABLE,RELIABLE,41.48484815725297,0.7663733875027905,0.0007510459197527347,RELIABLE,RELIABLE,37.11659808771638,0.7898323235136463,0.0007740356770433734,RELIABLE,RELIABLE,40.29115048452856,0.8184280172380795,0.0008020594568933178,RELIABLE,RELIABLE,-27.327406,-8.328333,307
308,1,Digit 1,1,Digit 1,max_nhat,RELIABLE,RELIABLE,5.479374878030454,0.9532682490298064,0.0009342028840492103,4,0.11799312589421096,1,1,True,66.9029133480228,0.7255679422950034,0.0007110565834491033,UNRELIABLE,IDO,5.479374878030454,0.9532682490298064,0.0009342028840492103,RELIABLE,RELIABLE,34.2952246477544,0.7956957700030701,0.0007797818546030087,RELIABLE,RELIABLE,37.51823776399283,0.8171563047810481,0.0008008131786854271,RELIABLE,RELIABLE,33.673051943196604,0.8352751231355955,0.0008185696206728835,RELIABLE,RELIABLE,-39.58587,-1.0129158,308
309,1,Digit 1,1,Digit 1,max_nhat,RELIABLE,RELIABLE,19.87217459181734,0.8854590645503239,0.0008677498832593174,2,0.0630088202056669,1,1,True,66.47729179471008,0.7187740591651928,0.0007043985779818889,UNRELIABLE,IDO,19.87217459181734,0.8854590645503239,0.0008677498832593174,RELIABLE,RELIABLE,27.44480732898238,0.822450244344657,0.0008060012394577638,RELIABLE,RELIABLE,47.837705032763736,0.7995996861155857,0.000783607692393274,RELIABLE,RELIABLE,51.5953465418294,0.8022330740634,0.000786188412582132,RELIABLE,RELIABLE,-45.635193,6.5907016,309
310,1,Digit 1,1,Digit 1,max_nhat,RELIABLE,RELIABLE,21.34535504085097,0.8705003540827335,0.0008530903470010788,4,0.05280497057855782,1,1,True,60.79131509123525,0.7330896006846029,0.0007184278086709108,RELIABLE,RELIABLE,21.34535504085097,0.8705003540827335,0.0008530903470010788,RELIABLE,RELIABLE,29.32717489972231,0.8055206563121706,0.0007894102431859272,RELIABLE,RELIABLE,43.605787150526936,0.7837675983161927,0.0007680922463498688,RELIABLE,RELIABLE,40.26876892485896,0.8176953835041757,0.0008013414758340922,RELIABLE,RELIABLE,-42.05762,17.664001,310
311,1,Digit 1,1,Digit 1,max_nhat,RELIABLE,RELIABLE,5.573983131164117,0.9554226471021277,0.0009363141941600851,3,0.14541761665877195,1,1,True,71.46674123012713,0.7321865313394991,0.0007175428007127091,UNRELIABLE,IDO,5.573983131164117,0.9554226471021277,0.0009363141941600851,RELIABLE,RELIABLE,33.11314529927499,0.7976745545333653,0.000781721063442698,RELIABLE,RELIABLE,37.26004651494597,0.8100050304433557,0.0007938049298344885,RELIABLE,RELIABLE,42.757460936575455,0.7894119236306251,0.0007736236851580125,RELIABLE,RELIABLE,-37.645874,-5.2986197,311
312,1,Digit 1,1,Digit 1,max_nhat,RELIABLE,RELIABLE,10.905619492255141,0.9159162726870603,0.0008975979472333191,3,0.10755405282250396,1,1,True,66.6584961180489,0.7220601566199708,0.0007076189534875714,UNRELIABLE,IDO,10.905619492255141,0.9159162726870603,0.0008975979472333191,RELIABLE,RELIABLE,34.97361343969527,0.8007308283144031,0.000784716211748115,RELIABLE,RELIABLE,33.465501045944976,0.8083622198645564,0.0007921949754672652,RELIABLE,RELIABLE,48.3934948379841,0.8064776290720599,0.0007903480764906187,RELIABLE,RELIABLE,-29.263493,-13.63219,312
313,1,Digit 1,1,Digit 1,max_nhat,RELIABLE,RELIABLE,39.95709591054207,0.8467974218418179,0.0008298614734049815,3,0.061902417045736846,1,3,False,88.69823426468878,0.6901701181882584,0.0006763667158244932,OOD,OOD,39.95709591054207,0.8467974218418179,0.0008298614734049815,RELIABLE,RELIABLE,44.85334299792069,0.7745109677098866,0.0007590207483556888,RELIABLE,RELIABLE,38.592515812400364,0.7848950047960811,0.0007691971047001595,RELIABLE,RELIABLE,52.07680003454921,0.7796670919412975,0.0007640737501024714,RELIABLE,RELIABLE,-35.91275,-19.076553,313
314,1,Digit 1,1,Digit 1,max_nhat,RELIABLE,RELIABLE,9.014847330555565,0.9331112616614358,0.000914449036428207,4,0.11962435594110887,1,1,True,69.4385942384958,0.704274144774713,0.0006901886618792186,UNRELIABLE,IDO,9.014847330555565,0.9331112616614358,0.000914449036428207,RELIABLE,RELIABLE,42.2498394101293,0.7625684445780051,0.000747317075686445,RELIABLE,RELIABLE,37.59072849043695,0.7947833832293039,0.0007788877155647177,RELIABLE,RELIABLE,41.50779757056433,0.8134869057203269,0.0007972171676059204,RELIABLE,RELIABLE,-28.519047,-8.048373,314
315,1,Digit 1,1,Digit 1,max_nhat,RELIABLE,RELIABLE,16.846215109253023,0.8953102344895637,0.0008774040297997724,2,0.10007786739508695,1,1,True,86.78280635950301,0.7473991413038231,0.0007324511584777466,OOD,OOD,16.846215109253023,0.8953102344895637,0.0008774040297997724,RELIABLE,RELIABLE,34.9052656898655,0.7952323670944768,0.0007793277197525872,RELIABLE,RELIABLE,48.30947814185059,0.7863193275235357,0.0007705929409730649,RELIABLE,RELIABLE,52.410807440863955,0.7664952710659222,0.0007511653656446037,RELIABLE,RELIABLE,-41.708595,-6.8738995,315
316,1,Digit 1,1,Digit 1,max_nhat,RELIABLE,RELIABLE,7.849388688861779,0.9352971358463088,0.0009165911931293826,3,0.1349532877872267,1,1,True,73.00191484742109,0.7177814441499989,0.0007034258152669989,UNRELIABLE,IDO,7.849388688861779,0.9352971358463088,0.0009165911931293826,RELIABLE,RELIABLE,36.674185732707805,0.7877722756282913,0.0007720168301157254,RELIABLE,RELIABLE,38.70379000278066,0.8003438480590821,0.0007843369710979004,RELIABLE,RELIABLE,53.60474508400239,0.7876217854842277,0.0007718693497745431,RELIABLE,RELIABLE,-35.04249,-12.782432,316
317,1,Digit 1,1,Digit 1,max_nhat,RELIABLE,RELIABLE,24.431212553372546,0.8711093508651444,0.0008536871638478414,2,0.06854601249663717,1,1,True,79.5575526298357,0.7282970338751102,0.000713731093197608,UNRELIABLE,IDO,24.431212553372546,0.8711093508651444,0.0008536871638478414,RELIABLE,RELIABLE,31.02027385616208,0.8025633383685072,0.0007865120716011371,RELIABLE,RELIABLE,50.63727517824161,0.772273313506654,0.0007568278472365208,RELIABLE,RELIABLE,61.33559233326939,0.790652909530751,0.0007748398513401359,RELIABLE,RELIABLE,-48.02375,10.048996,317
318,1,Digit 1,1,Digit 1,max_nhat,RELIABLE,RELIABLE,14.495019657190028,0.9034961696934977,0.0008854262462996276,2,0.07928784187833804,1,1,True,65.95279812741236,0.7276232284746527,0.0007130707639051596,UNRELIABLE,IDO,14.495019657190028,0.9034961696934977,0.0008854262462996276,RELIABLE,RELIABLE,26.424405371879697,0.8242083278151596,0.0008077241612588564,RELIABLE,RELIABLE,44.78641084547401,0.7911651931371404,0.0007753418892743975,RELIABLE,RELIABLE,42.392920237612415,0.8174904243693449,0.000801140615881958,RELIABLE,RELIABLE,-42.84978,14.9479885,318
319,1,Digit 1,1,Digit 1,max_nhat,RELIABLE,RELIABLE,18.3472243451099,0.8795599488856131,0.0008619687499079008,2,0.0659991853810089,1,1,True,74.20032967209673,0.7334549341963694,0.000718785835512442,UNRELIABLE,IDO,18.3472243451099,0.8795599488856131,0.0008619687499079008,RELIABLE,RELIABLE,28.47909338339198,0.8135607635046042,0.000797289548234512,RELIABLE,RELIABLE,46.94384299336942,0.7699009293487572,0.0007545029107617821,RELIABLE,RELIABLE,50.07543051559128,0.7970147355899064,0.0007810744408781083,RELIABLE,RELIABLE,-45.811146,12.656149,319
320,1,Digit 1,1,Digit 1,max_nhat,RELIABLE,RELIABLE,9.897697703802445,0.9274815504664471,0.0009089319194571182,3,0.1079838957773337,1,1,True,74.63553385592314,0.7323859850544756,0.0007177382653533861,UNRELIABLE,IDO,9.897697703802445,0.9274815504664471,0.0009089319194571182,RELIABLE,RELIABLE,29.522841794085966,0.8088921838163113,0.0007927143401399851,RELIABLE,RELIABLE,44.567083678815024,0.8194976546891134,0.0008031077015953312,RELIABLE,RELIABLE,41.479811890300574,0.7985586189625249,0.0007825874465832743,RELIABLE,RELIABLE,-43.396873,1.5677794,320
321,1,Digit 1,1,Digit 1,max_nhat,RELIABLE,RELIABLE,26.954785351296938,0.8726338958608604,0.0008551812179436432,2,0.059364732413825005,1,1,True,71.15095845061398,0.7087040427376546,0.0006945299618829015,UNRELIABLE,IDO,26.954785351296938,0.8726338958608604,0.0008551812179436432,RELIABLE,RELIABLE,29.628565347789536,0.8132691634470354,0.0007970037801780947,RELIABLE,RELIABLE,49.62324942777869,0.7657029305984571,0.000750388871986488,RELIABLE,RELIABLE,52.21770811292316,0.8046383390504186,0.0007885455722694102,RELIABLE,RELIABLE,-44.85877,15.618724,321
322,1,Digit 1,1,Digit 1,max_nhat,OOD,OOD,131.81462702407208,0.8156010468533915,0.0007992890259163237,2,0.01996239572006331,1,2,False,86.45462490628589,0.6680969405397702,0.0006547350017289747,OOD,OOD,131.81462702407208,0.8156010468533915,0.0007992890259163237,OOD,OOD,46.347535652402435,0.7956386511333282,0.0007797258781106617,RELIABLE,RELIABLE,82.06960765863612,0.7409165949104687,0.0007260982630122593,UNRELIABLE,IDO,374.4299785686315,0.7725493112122357,0.0007570983249879909,OOD,OOD,-47.185852,19.238804,322
323,1,Digit 1,1,Digit 1,max_nhat,RELIABLE,RELIABLE,46.78773032313056,0.8454269578373323,0.0008285184186805856,3,0.03216810394848879,1,3,False,95.0412663990191,0.7262213811521975,0.0007116969535291535,OOD,OOD,46.78773032313056,0.8454269578373323,0.0008285184186805856,RELIABLE,RELIABLE,43.1701608375746,0.8031180715304123,0.000787055710099804,RELIABLE,RELIABLE,39.56196325419285,0.8132588538888436,0.0007969936768110667,RELIABLE,RELIABLE,69.5978616161483,0.7973578105351004,0.0007814106543243983,UNRELIABLE,IDO,-40.88026,-15.48619,323
324,1,Digit 1,1,Digit 1,max_nhat,RELIABLE,RELIABLE,8.552494488675904,0.9307370038633209,0.0009121222637860544,3,0.138991988365481,1,1,True,74.87586999859849,0.7131827779024605,0.0006989191223444113,UNRELIABLE,IDO,8.552494488675904,0.9307370038633209,0.0009121222637860544,RELIABLE,RELIABLE,40.58464729313382,0.7746196207922416,0.0007591272283763967,RELIABLE,RELIABLE,39.16128233113449,0.7917450154978399,0.0007759101151878831,RELIABLE,RELIABLE,52.771976636011644,0.781078989937412,0.0007654574101386637,RELIABLE,RELIABLE,-33.512714,-11.466758,324
325,1,Digit 1,1,Digit 1,max_nhat,RELIABLE,RELIABLE,53.456796458319886,0.8154732487449984,0.0007991637837700984,3,0.029599326832214223,1,3,False,100.47258074967507,0.6995484135768401,0.0006855574453053032,OOD,OOD,53.456796458319886,0.8154732487449984,0.0007991637837700984,RELIABLE,RELIABLE,55.297898591813485,0.7753842676529407,0.0007598765822998819,RELIABLE,RELIABLE,49.3482231221762,0.7858739219127842,0.0007701564434745284,RELIABLE,RELIABLE,59.02520666710184,0.7805349705267899,0.0007649242711162541,RELIABLE,RELIABLE,-37.258472,-18.887842,325
326,1,Digit 1,1,Digit 1,max_nhat,RELIABLE,RELIABLE,8.60431500003461,0.932896315729778,0.0009142383894151824,2,0.1051213817517146,1,1,True,66.27391988268235,0.7220549703398175,0.0007076138709330211,UNRELIABLE,IDO,8.60431500003461,0.932896315729778,0.0009142383894151824,RELIABLE,RELIABLE,27.838117795690547,0.8277749339780635,0.0008112194352985022,RELIABLE,RELIABLE,42.28909306163272,0.8179726181168145,0.0008016131657544782,RELIABLE,RELIABLE,40.283910418245696,0.8059931348148164,0.0007898732721185201,RELIABLE,RELIABLE,-42.97944,2.712061,326
327,1,Digit 1,1,Digit 1,max_nhat,RELIABLE,RELIABLE,53.66304227666879,0.7976772381269258,0.0007817236933643873,2,0.02915934636437212,1,2,False,81.00502733706955,0.6900618772608715,0.0006762606397156541,UNRELIABLE,IDO,53.66304227666879,0.7976772381269258,0.0007817236933643873,RELIABLE,RELIABLE,53.407231778783704,0.7685178917625537,0.0007531475339273026,RELIABLE,RELIABLE,58.42661830164967,0.7514160594275525,0.0007363877382390014,RELIABLE,RELIABLE,73.04450993143705,0.7416767446031545,0.0007268432097110914,UNRELIABLE,IDO,-44.172325,19.144444,327
328,1,Digit 1,1,Digit 1,max_nhat,RELIABLE,RELIABLE,8.106701807480142,0.9352201768705817,0.00091651577333317,4,0.10648683563204309,1,1,True,60.55138601182516,0.7055956372362423,0.0006914837244915175,RELIABLE,RELIABLE,8.106701807480142,0.9352201768705817,0.00091651577333317,RELIABLE,RELIABLE,28.605371908308467,0.8283795156600584,0.0008118119253468573,RELIABLE,RELIABLE,38.84443208592846,0.8043690077830893,0.0007882816276274275,RELIABLE,RELIABLE,36.597704670821315,0.8287333412385386,0.0008121586744137678,RELIABLE,RELIABLE,-37.951656,14.263712,328
329,1,Digit 1,1,Digit 1,max_nhat,RELIABLE,RELIABLE,18.462890732498234,0.8764416779403117,0.0008589128443815054,3,0.09033479096064367,1,1,True,92.88728216532138,0.7150480675206098,0.0007007471061701976,OOD,OOD,18.462890732498234,0.8764416779403117,0.0008589128443815054,RELIABLE,RELIABLE,46.86687286493764,0.7711658338822663,0.000755742517204621,RELIABLE,RELIABLE,46.97496727958313,0.786106886979668,0.0007703847492400746,RELIABLE,RELIABLE,63.28750904812348,0.763713526773308,0.0007484392562378418,UNRELIABLE,IDO,-38.171288,-15.707468,329
330,1,Digit 1,1,Digit 1,max_nhat,UNRELIABLE,IDO,73.85558023310651,0.816600071078264,0.0008002680696566987,2,0.013314095673649273,1,2,False,81.598376692566,0.6954349304622593,0.0006815262318530141,UNRELIABLE,IDO,73.85558023310651,0.816600071078264,0.0008002680696566987,UNRELIABLE,IDO,43.015914276331074,0.8032859754046148,0.0007872202558965224,RELIABLE,RELIABLE,71.9654414414956,0.7551000736802754,0.0007399980722066699,UNRELIABLE,IDO,144.4138538479823,0.7731443609317747,0.0007576814737131392,OOD,OOD,-46.330242,18.87532,330
331,1,Digit 1,1,Digit 1,max_nhat,RELIABLE,RELIABLE,6.299481472977126,0.9454098728208367,0.0009265016753644199,3,0.15248005153392863,1,1,True,79.2158511890859,0.720591215295804,0.000706179390989888,UNRELIABLE,IDO,6.299481472977126,0.9454098728208367,0.0009265016753644199,RELIABLE,RELIABLE,38.02622795435042,0.7823602136668495,0.0007667130093935125,RELIABLE,RELIABLE,39.4659479229735,0.792929821286908,0.0007770712248611699,RELIABLE,RELIABLE,46.4120430367176,0.790846727788614,0.0007750297932328417,RELIABLE,RELIABLE,-36.499897,-8.01354,331
332,1,Digit 1,1,Digit 1,max_nhat,RELIABLE,RELIABLE,14.27154411048121,0.8993013616817552,0.00088131533444812,4,0.07954080689547538,1,1,True,64.3245762142142,0.7058629830232755,0.00069174572336281,UNRELIABLE,IDO,14.27154411048121,0.8993013616817552,0.00088131533444812,RELIABLE,RELIABLE,37.98100020721368,0.7827667889012434,0.0007671114531232185,RELIABLE,RELIABLE,33.2336176334145,0.8030021930427115,0.0007869421491818572,RELIABLE,RELIABLE,53.167763841218566,0.8197605547862798,0.0008033653436905542,RELIABLE,RELIABLE,-28.017569,-13.122019,332
333,1,Digit 1,1,Digit 1,max_nhat,RELIABLE,RELIABLE,6.117857245942917,0.9478238048307287,0.0009288673287341141,3,0.15230573845119655,1,1,True,72.05923934861733,0.715971953202471,0.0007016525141384215,UNRELIABLE,IDO,6.117857245942917,0.9478238048307287,0.0009288673287341141,RELIABLE,RELIABLE,37.055615639572245,0.7799668660578232,0.0007643675287366667,RELIABLE,RELIABLE,38.71320925630052,0.7955180663795322,0.0007796077050519415,RELIABLE,RELIABLE,45.88726886758711,0.7909256068569167,0.0007751070947197784,RELIABLE,RELIABLE,-35.63744,-7.0841994,333
334,1,Digit 1,1,Digit 1,max_nhat,RELIABLE,RELIABLE,8.05098394680191,0.937371018879397,0.000918623598501809,2,0.11675942044221121,1,1,True,56.961577748791655,0.7322571038810115,0.0007176119618033912,RELIABLE,RELIABLE,8.05098394680191,0.937371018879397,0.000918623598501809,RELIABLE,RELIABLE,29.24328645193961,0.8206115984371858,0.0008041993664684421,RELIABLE,RELIABLE,36.810534062743166,0.8164299102550377,0.000800101312049937,RELIABLE,RELIABLE,43.49731543106232,0.809934604318665,0.0007937359122322917,RELIABLE,RELIABLE,-41.533607,2.0819747,334
335,1,Digit 1,1,Digit 1,max_nhat,RELIABLE,RELIABLE,13.315575731521449,0.918310851318117,0.0008999446342917546,3,0.13546886425669236,1,1,True,80.16837495253,0.6958915119156003,0.0006819736816772883,UNRELIABLE,IDO,13.315575731521449,0.918310851318117,0.0008999446342917546,RELIABLE,RELIABLE,50.136007931496835,0.7490121856573206,0.0007340319419441743,RELIABLE,RELIABLE,42.54240832799112,0.7828419870614246,0.0007671851473201961,RELIABLE,RELIABLE,49.72686335685306,0.7792547675634268,0.0007636696722121582,RELIABLE,RELIABLE,-32.994972,-9.749271,335
336,1,Digit 1,1,Digit 1,max_nhat,RELIABLE,RELIABLE,31.839421475815662,0.9020224024563015,0.0008839819544071754,3,0.10646377453783351,1,1,True,93.78011458831851,0.7079225808539142,0.0006937641292368359,OOD,OOD,31.839421475815662,0.9020224024563015,0.0008839819544071754,RELIABLE,RELIABLE,63.1759246094959,0.7580528626084495,0.0007428918053562804,UNRELIABLE,IDO,49.71140064800122,0.795558627918468,0.0007796474553600987,RELIABLE,RELIABLE,51.44445695477805,0.7649674336353494,0.0007496680849626424,RELIABLE,RELIABLE,-41.885803,-9.02675,336
337,1,Digit 1,1,Digit 1,max_nhat,RELIABLE,RELIABLE,21.43658846724511,0.880760765505809,0.0008631455501956928,2,0.06706482317889828,1,1,True,75.43659759984934,0.7255116452042002,0.0007110014123001162,UNRELIABLE,IDO,21.43658846724511,0.880760765505809,0.0008631455501956928,RELIABLE,RELIABLE,28.895566243011682,0.8136959423269107,0.0007974220234803725,RELIABLE,RELIABLE,47.22195986957828,0.7724643367216444,0.0007570150499872115,RELIABLE,RELIABLE,56.63066792044104,0.7898362565953764,0.0007740395314634688,RELIABLE,RELIABLE,-47.36568,10.417723,337
338,1,Digit 1,3,Digit 3,max_nhat,RELIABLE,RELIABLE,27.93118061598021,0.8553048355107591,0.0008381987388005439,2,0.017173072583773985,3,3,True,70.95233687701203,0.7438636322485074,0.0007289863596035372,UNRELIABLE,IDO,422.51702056600845,0.7197716463259101,0.0007053762133993919,OOD,OOD,34.241445771864576,0.8381317629269851,0.0008213691276684453,RELIABLE,RELIABLE,27.93118061598021,0.8553048355107591,0.0008381987388005439,RELIABLE,RELIABLE,106.48907593965892,0.7160133301723234,0.0007016930635688769,OOD,OOD,-5.094386,15.775387,338
339,1,Digit 1,1,Digit 1,max_nhat,RELIABLE,RELIABLE,20.090308011578173,0.8850857388312268,0.0008673840240546022,2,0.07743749519185195,1,1,True,88.35676158183094,0.7529813336635931,0.0007379217069903212,OOD,OOD,20.090308011578173,0.8850857388312268,0.0008673840240546022,RELIABLE,RELIABLE,36.637673535727,0.8076482436393748,0.0007914952787665873,RELIABLE,RELIABLE,47.906116479203774,0.8065363182608831,0.0007904055918956654,RELIABLE,RELIABLE,71.22593335256073,0.7482412686385307,0.0007332764432657601,UNRELIABLE,IDO,-42.927547,-7.078286,339
340,1,Digit 1,1,Digit 1,max_nhat,RELIABLE,RELIABLE,11.327135708428973,0.9295255136591184,0.000910935003385936,3,0.11380644678069429,1,1,True,75.33393614482605,0.7312386100916284,0.0007166138378897958,UNRELIABLE,IDO,11.327135708428973,0.9295255136591184,0.000910935003385936,RELIABLE,RELIABLE,39.868069188588656,0.773735506170718,0.0007582607960473036,RELIABLE,RELIABLE,41.726849048453495,0.8157190668784241,0.0007994046855408556,RELIABLE,RELIABLE,41.19334758710215,0.7891021573154251,0.0007733201141691166,RELIABLE,RELIABLE,-42.358303,-2.1560838,340
341,1,Digit 1,1,Digit 1,max_nhat,RELIABLE,RELIABLE,5.328825166709514,0.9525535866442957,0.0009335025149114097,3,0.15542630149545866,1,1,True,75.04202664684217,0.721031283645206,0.0007066106579723018,UNRELIABLE,IDO,5.328825166709514,0.9525535866442957,0.0009335025149114097,RELIABLE,RELIABLE,36.046719563842345,0.7809190226429196,0.0007653006421900611,RELIABLE,RELIABLE,38.95374040509644,0.797127285148837,0.0007811847394458602,RELIABLE,RELIABLE,44.04779036972759,0.7883700094862823,0.0007726026092965566,RELIABLE,RELIABLE,-36.003315,-6.709179,341
342,1,Digit 1,1,Digit 1,max_nhat,RELIABLE,RELIABLE,53.20280753404066,0.8199491727616397,0.0008035501893064069,3,0.019052866342855523,1,3,False,105.56123814227766,0.6977900064391872,0.0006838342063104035,OOD,OOD,53.20280753404066,0.8199491727616397,0.0008035501893064069,RELIABLE,RELIABLE,69.94969723275953,0.7744648937266458,0.0007589755958521129,UNRELIABLE,IDO,48.75875994336514,0.8008963064187842,0.0007848783802904085,RELIABLE,RELIABLE,64.03807578510681,0.7791317961698871,0.0007635491602464893,UNRELIABLE,IDO,-41.79093,-13.529969,342
343,1,Digit 1,1,Digit 1,max_nhat,RELIABLE,RELIABLE,33.46804195737442,0.8168646401246823,0.0008005273473221886,3,0.013577393197576226,1,1,True,96.19788357341746,0.7307608541417325,0.0007161456370588979,OOD,OOD,33.46804195737442,0.8168646401246823,0.0008005273473221886,RELIABLE,RELIABLE,49.276686641108995,0.7633070393000215,0.000748040898514021,RELIABLE,RELIABLE,48.53155943356087,0.8032872469271061,0.000787221501988564,RELIABLE,RELIABLE,57.88640943947891,0.7795829196010281,0.0007639912612090075,RELIABLE,RELIABLE,-39.38525,-16.556147,343
344,1,Digit 1,1,Digit 1,max_nhat,RELIABLE,RELIABLE,3.4701576839036337,0.9676632815088888,0.000948310015878711,4,0.1644643453638448,1,1,True,72.67487253101889,0.7196393215523443,0.0007052465351212974,UNRELIABLE,IDO,3.4701576839036337,0.9676632815088888,0.000948310015878711,RELIABLE,RELIABLE,32.25775617275393,0.7932830582016522,0.0007774173970376191,RELIABLE,RELIABLE,38.652348556080646,0.8016795437988422,0.0007856459529228654,RELIABLE,RELIABLE,41.882938453105005,0.803198936145044,0.0007871349574221431,RELIABLE,RELIABLE,-35.984406,2.3563197,344
345,1,Digit 1,1,Digit 1,max_nhat,RELIABLE,RELIABLE,34.25791907560607,0.8436373877474956,0.0008267646399925457,2,0.028961114680486677,1,2,False,67.5193400835952,0.729968760885177,0.0007153693856674734,UNRELIABLE,IDO,34.25791907560607,0.8436373877474956,0.0008267646399925457,RELIABLE,RELIABLE,29.694382526896135,0.814676273067009,0.0007983827476056687,RELIABLE,RELIABLE,52.879861423290116,0.7971923490067218,0.0007812485020265873,RELIABLE,RELIABLE,70.83995553132485,0.7646816595660358,0.000749388026374715,UNRELIABLE,IDO,-42.69627,20.436413,345
346,1,Digit 1,1,Digit 1,max_nhat,OOD,OOD,108.26650060593144,0.7909991769375769,0.0007751791933988254,4,0.0035859366848769447,1,2,False,76.22601514684568,0.6931442334051866,0.0006792813487370828,UNRELIABLE,IDO,108.26650060593144,0.7909991769375769,0.0007751791933988254,OOD,OOD,42.33744407965682,0.7813686027268341,0.0007657412306722974,RELIABLE,RELIABLE,68.39558152672325,0.7516527409578527,0.0007366196861386957,UNRELIABLE,IDO,260.12669861584925,0.7874132402527,0.000771664975447646,OOD,OOD,-46.450287,20.577421,346
347,1,Digit 1,1,Digit 1,max_nhat,RELIABLE,RELIABLE,15.787175809438597,0.9097857947975144,0.0008915900789015641,3,0.11061104506406372,1,1,True,69.8449756480752,0.7116405968355911,0.0006974077848988792,UNRELIABLE,IDO,15.787175809438597,0.9097857947975144,0.0008915900789015641,RELIABLE,RELIABLE,46.83145177557921,0.7661555694647534,0.0007508324580754583,RELIABLE,RELIABLE,34.31234189158215,0.7991747497334507,0.0007831912547387816,RELIABLE,RELIABLE,45.94584546791063,0.7848183479000722,0.0007691219809420707,RELIABLE,RELIABLE,-34.738308,-10.78529,347
348,1,Digit 1,1,Digit 1,max_nhat,RELIABLE,RELIABLE,11.672907053628206,0.9165791722706993,0.0008982475888252853,3,0.0834706190986586,1,1,True,70.9633824444789,0.7225409991596219,0.0007080901791764294,UNRELIABLE,IDO,11.672907053628206,0.9165791722706993,0.0008982475888252853,RELIABLE,RELIABLE,39.801200569332885,0.7794070159063551,0.000763818875588228,RELIABLE,RELIABLE,41.3369410121946,0.8331085531720407,0.0008164463821085998,RELIABLE,RELIABLE,41.09329869841831,0.7902574976413188,0.0007744523476884924,RELIABLE,RELIABLE,-42.62347,1.7429519,348
349,1,Digit 1,1,Digit 1,max_nhat,RELIABLE,RELIABLE,23.63019878432634,0.8677288342470835,0.0008503742575621417,4,0.06585305361523563,1,1,True,70.29609811937573,0.7026416434051186,0.0006885888105370162,UNRELIABLE,IDO,23.63019878432634,0.8677288342470835,0.0008503742575621417,RELIABLE,RELIABLE,38.36821108288012,0.8000901180700034,0.0007840883157086033,RELIABLE,RELIABLE,45.11098285916372,0.7939939184562619,0.0007781140400871366,RELIABLE,RELIABLE,44.27310594509426,0.8018757806318478,0.0007858382650192109,RELIABLE,RELIABLE,-43.46038,15.065552,349
350,1,Digit 1,1,Digit 1,max_nhat,RELIABLE,RELIABLE,4.295615919973596,0.9613517538973272,0.0009421247188193807,3,0.153034388241844,1,1,True,69.79774605432354,0.7289661131510569,0.0007143867908880357,UNRELIABLE,IDO,4.295615919973596,0.9613517538973272,0.0009421247188193807,RELIABLE,RELIABLE,33.105713029101906,0.7941017013473504,0.0007782196673204033,RELIABLE,RELIABLE,32.98435262226106,0.8083173656554832,0.0007921510183423735,RELIABLE,RELIABLE,39.256675266122315,0.8066370847389167,0.0007905043430441384,RELIABLE,RELIABLE,-34.731388,-5.9682946,350
351,1,Digit 1,1,Digit 1,max_nhat,RELIABLE,RELIABLE,15.29262625671885,0.9069318750280584,0.0008887932375274972,3,0.12554691233009263,1,1,True,96.10518628699813,0.7127407383989152,0.0006984859236309368,OOD,OOD,15.29262625671885,0.9069318750280584,0.0008887932375274972,RELIABLE,RELIABLE,44.56987374977413,0.7726127419203149,0.0007571604870819087,RELIABLE,RELIABLE,47.315738369119046,0.7813849626979658,0.0007657572634440065,RELIABLE,RELIABLE,61.18365462308266,0.7638705286099102,0.000748593118037712,RELIABLE,RELIABLE,-40.57162,-8.874482,351
352,1,Digit 1,1,Digit 1,max_nhat,RELIABLE,RELIABLE,9.775914576878982,0.9241793343116343,0.0009056957476254017,2,0.10885639606574582,1,1,True,66.36726137893814,0.705301096621655,0.0006911950746892218,UNRELIABLE,IDO,9.775914576878982,0.9241793343116343,0.0009056957476254017,RELIABLE,RELIABLE,31.019828684625686,0.8153229382458885,0.0007990164794809707,RELIABLE,RELIABLE,39.63040337332889,0.8142640846619952,0.0007979788029687553,RELIABLE,RELIABLE,36.29981825073985,0.8097415304485006,0.0007935466998395306,RELIABLE,RELIABLE,-40.569572,13.549949,352
353,1,Digit 1,1,Digit 1,max_nhat,RELIABLE,RELIABLE,4.991469766310356,0.9632067155529271,0.0009439425812418686,2,0.1329481431994255,1,1,True,61.6005796230279,0.7522755499596387,0.0007372300389604459,RELIABLE,RELIABLE,4.991469766310356,0.9632067155529271,0.0009439425812418686,RELIABLE,RELIABLE,24.15770886660024,0.8302585723535016,0.0008136534009064315,RELIABLE,RELIABLE,34.49193057797066,0.8195871544665303,0.0008031954113771997,RELIABLE,RELIABLE,48.41231504992051,0.8016619292938199,0.0007856286907079434,RELIABLE,RELIABLE,-37.972992,5.8851757,353
354,1,Digit 1,1,Digit 1,max_nhat,RELIABLE,RELIABLE,8.50920624477729,0.9410069084200289,0.0009221867702516283,3,0.12749930166087586,1,1,True,73.37509154586817,0.7268796682361702,0.0007123420748714467,UNRELIABLE,IDO,8.50920624477729,0.9410069084200289,0.0009221867702516283,RELIABLE,RELIABLE,38.468734548920146,0.774920555550395,0.000759422144439387,RELIABLE,RELIABLE,35.963067094176374,0.813507606759153,0.0007972374546239699,RELIABLE,RELIABLE,38.44447775583559,0.7957518380410066,0.0007798368012801864,RELIABLE,RELIABLE,-36.729645,-5.5344768,354
355,1,Digit 1,1,Digit 1,max_nhat,RELIABLE,RELIABLE,17.860949676333746,0.9082289259639764,0.0008900643474446969,3,0.12669816098801678,1,1,True,91.56699015025208,0.7083600342310676,0.0006941928335464462,OOD,OOD,17.860949676333746,0.9082289259639764,0.0008900643474446969,RELIABLE,RELIABLE,50.60495622140046,0.7483098765171038,0.0007333436789867617,RELIABLE,RELIABLE,48.809806712725106,0.7815307649759596,0.0007659001496764404,RELIABLE,RELIABLE,50.743444366388566,0.7804227255763475,0.0007648142710648205,RELIABLE,RELIABLE,-40.876328,-7.428226,355
356,1,Digit 1,1,Digit 1,max_nhat,RELIABLE,RELIABLE,13.092259779229344,0.9166728644458844,0.0008983394071569666,2,0.10410960684521098,1,1,True,79.42512286803355,0.7571720082737191,0.0007420285681082447,UNRELIABLE,IDO,13.092259779229344,0.9166728644458844,0.0008983394071569666,RELIABLE,RELIABLE,30.093433441558055,0.8125632576006734,0.0007963119924486599,RELIABLE,RELIABLE,43.21205051794082,0.7887754928541415,0.0007729999829970587,RELIABLE,RELIABLE,54.608511616541065,0.789516221134188,0.0007737258967115042,RELIABLE,RELIABLE,-42.919785,6.4675913,356
357,1,Digit 1,1,Digit 1,max_nhat,RELIABLE,RELIABLE,8.03286193205161,0.9344102986596209,0.0009157220926864284,3,0.12687230873939626,1,1,True,70.35380632280473,0.7228179317771998,0.0007083615731416558,UNRELIABLE,IDO,8.03286193205161,0.9344102986596209,0.0009157220926864284,RELIABLE,RELIABLE,34.36783198999746,0.797260624836872,0.0007813154123401346,RELIABLE,RELIABLE,36.31002267024843,0.8075379899202246,0.0007913872301218201,RELIABLE,RELIABLE,50.974692434241945,0.7972738892811637,0.0007813284114955404,RELIABLE,RELIABLE,-33.8204,-13.47504,357
358,1,Digit 1,1,Digit 1,max_nhat,RELIABLE,RELIABLE,24.346547864131736,0.8780509035436492,0.0008604898854727762,4,0.07434684097878141,1,1,True,69.21598824601769,0.7098890055419781,0.0006956912254311385,UNRELIABLE,IDO,24.346547864131736,0.8780509035436492,0.0008604898854727762,RELIABLE,RELIABLE,44.78409623964261,0.7933798235375186,0.0007775122270667682,RELIABLE,RELIABLE,42.448223851611516,0.7888874913998366,0.0007731097415718399,RELIABLE,RELIABLE,45.67357072268913,0.8037040625648678,0.0007876299813135704,RELIABLE,RELIABLE,-41.350018,16.67493,358
359,1,Digit 1,1,Digit 1,max_nhat,RELIABLE,RELIABLE,57.80313453985098,0.8377080565963835,0.0008209538954644558,2,0.016218534118001116,1,2,False,63.434709740744296,0.7616624715259691,0.0007464292220954497,UNRELIABLE,IDO,57.80313453985098,0.8377080565963835,0.0008209538954644558,RELIABLE,RELIABLE,27.932259263549433,0.8214895224783824,0.0008050597320288147,RELIABLE,RELIABLE,46.4083161659326,0.782444454153469,0.0007667955650703996,RELIABLE,RELIABLE,55.657389486680515,0.7891272942453126,0.0007733447483604063,RELIABLE,RELIABLE,-43.872196,9.135119,359
360,1,Digit 1,1,Digit 1,max_nhat,RELIABLE,RELIABLE,11.306748706227868,0.9207845164637771,0.0009023688261345016,2,0.10389816521129458,1,1,True,59.113226801633864,0.7484563463295096,0.0007334872194029194,RELIABLE,RELIABLE,11.306748706227868,0.9207845164637771,0.0009023688261345016,RELIABLE,RELIABLE,28.506727590003944,0.8168863512524825,0.0008005486242274329,RELIABLE,RELIABLE,37.67442309237298,0.7961536926426047,0.0007802306187897526,RELIABLE,RELIABLE,53.45882735235139,0.8148829504932947,0.0007985852914834288,RELIABLE,RELIABLE,-39.178017,10.106755,360
361,1,Digit 1,1,Digit 1,max_nhat,RELIABLE,RELIABLE,10.279280920361124,0.9207810869278726,0.0009023654651893152,3,0.1292356266267537,1,1,True,73.48036044998052,0.7011899888157354,0.0006871661890394206,UNRELIABLE,IDO,10.279280920361124,0.9207810869278726,0.0009023654651893152,RELIABLE,RELIABLE,43.37257502286231,0.764893857356932,0.0007495959802097934,RELIABLE,RELIABLE,40.28269463334662,0.7915454603011189,0.0007757145510950966,RELIABLE,RELIABLE,51.39281247794471,0.7908976322033267,0.0007750796795592601,RELIABLE,RELIABLE,-31.690641,-10.555236,361
362,1,Digit 1,1,Digit 1,max_nhat,RELIABLE,RELIABLE,13.296574584837053,0.9140745015473477,0.0008957930115164008,4,0.09793677888956387,1,1,True,62.45419901473912,0.7079614241953052,0.000693802195711399,UNRELIABLE,IDO,13.296574584837053,0.9140745015473477,0.0008957930115164008,RELIABLE,RELIABLE,38.21499164934978,0.7829327471974513,0.0007672740922535022,RELIABLE,RELIABLE,37.708549706641676,0.7786506509647768,0.0007630776379454813,RELIABLE,RELIABLE,41.55384769869708,0.8161377226577838,0.0007998149682046282,RELIABLE,RELIABLE,-24.686619,-10.221875,362
363,1,Digit 1,1,Digit 1,max_nhat,RELIABLE,RELIABLE,19.864468336363704,0.8854718433611495,0.0008677624064939264,3,0.04530170908162201,1,1,True,82.7203625203025,0.7264943497515318,0.0007119644627565011,UNRELIABLE,IDO,19.864468336363704,0.8854718433611495,0.0008677624064939264,RELIABLE,RELIABLE,36.20966531023829,0.7793242858565794,0.0007637378001394478,RELIABLE,RELIABLE,39.372202977073236,0.8401701342795275,0.0008233667315939369,RELIABLE,RELIABLE,50.60305253958967,0.782176103671129,0.0007665325815977064,RELIABLE,RELIABLE,-43.378567,-8.371951,363
364,1,Digit 1,1,Digit 1,max_nhat,RELIABLE,RELIABLE,24.645825691239068,0.8702547853957934,0.0008528496896878775,2,0.059558019095019565,1,1,True,75.18810201640224,0.7344319118937019,0.0007197432736558278,UNRELIABLE,IDO,24.645825691239068,0.8702547853957934,0.0008528496896878775,RELIABLE,RELIABLE,30.496113968483353,0.8106967663007738,0.0007944828309747583,RELIABLE,RELIABLE,50.24633797020546,0.7697357644182545,0.0007543410491298895,RELIABLE,RELIABLE,81.78973987988672,0.7692813796290485,0.0007538957520364676,UNRELIABLE,IDO,-46.1598,10.50977,364
365,1,Digit 1,1,Digit 1,max_nhat,RELIABLE,RELIABLE,3.036341249797542,0.9710687213956593,0.000951647346967746,2,0.1405601113006396,1,1,True,61.42054220068799,0.7304422505811903,0.0007158334055695665,RELIABLE,RELIABLE,3.036341249797542,0.9710687213956593,0.000951647346967746,RELIABLE,RELIABLE,26.987584425895907,0.8305086100950196,0.0008138984378931192,RELIABLE,RELIABLE,35.048806458738994,0.8219632766872947,0.0008055240111535488,RELIABLE,RELIABLE,39.2077739705777,0.8173101833377389,0.000800963979670984,RELIABLE,RELIABLE,-39.22197,4.183238,365
366,1,Digit 1,1,Digit 1,max_nhat,RELIABLE,RELIABLE,6.874841710673683,0.9398891061771313,0.0009210913240535886,2,0.11441802951470847,1,1,True,62.87838899517132,0.7377647685656854,0.0007230094731943716,UNRELIABLE,IDO,6.874841710673683,0.9398891061771313,0.0009210913240535886,RELIABLE,RELIABLE,27.953526597393843,0.8254710766624228,0.0008089616551291743,RELIABLE,RELIABLE,39.58716862022156,0.8228974643027634,0.0008064395150167081,RELIABLE,RELIABLE,35.67870178658016,0.8128953789600677,0.0007966374713808663,RELIABLE,RELIABLE,-41.559616,0.33232167,366
367,1,Digit 1,1,Digit 1,max_nhat,RELIABLE,RELIABLE,20.142769003478747,0.889082378437917,0.0008713007308691587,4,0.08621572970237734,1,1,True,82.2106694200832,0.697209051655421,0.0006832648706223126,UNRELIABLE,IDO,20.142769003478747,0.889082378437917,0.0008713007308691587,RELIABLE,RELIABLE,45.37619127511971,0.7595028464488836,0.0007443127895199058,RELIABLE,RELIABLE,42.01778440506369,0.7897815695818751,0.0007739859381902376,RELIABLE,RELIABLE,46.49086487950887,0.8028666487355397,0.0007868093157608289,RELIABLE,RELIABLE,-32.055496,-15.899027,367
368,1,Digit 1,1,Digit 1,max_nhat,RELIABLE,RELIABLE,19.35494807473883,0.8816609379530019,0.0008640277191939419,2,0.06908421551310706,1,1,True,70.83101329044393,0.7289157381195538,0.0007143374233571627,UNRELIABLE,IDO,19.35494807473883,0.8816609379530019,0.0008640277191939419,RELIABLE,RELIABLE,28.443199337169577,0.8125767224398949,0.0007963251879910969,RELIABLE,RELIABLE,45.83407896330307,0.7736228135463925,0.0007581503572754646,RELIABLE,RELIABLE,55.32143200259213,0.7950534828236433,0.0007791524131671704,RELIABLE,RELIABLE,-45.901592,11.282066,368
369,1,Digit 1,1,Digit 1,max_nhat,RELIABLE,RELIABLE,9.965398894062934,0.926016050067645,0.0009074957290662921,3,0.1360681916960389,1,1,True,80.33370410207118,0.7031912446611114,0.0006891274197678892,UNRELIABLE,IDO,9.965398894062934,0.926016050067645,0.0009074957290662921,RELIABLE,RELIABLE,44.68175894679354,0.7561902665203791,0.0007410664611899715,RELIABLE,RELIABLE,42.56453638191521,0.7899478583716061,0.0007741489012041739,RELIABLE,RELIABLE,46.83578491404714,0.7858633992480218,0.0007701461312630614,RELIABLE,RELIABLE,-33.23571,-9.264144,369
370,1,Digit 1,1,Digit 1,max_nhat,RELIABLE,RELIABLE,12.860120352390624,0.9148525129281652,0.0008965554626696018,3,0.1234442090158403,1,1,True,81.85871763852236,0.7073941184669619,0.0006932462360976226,UNRELIABLE,IDO,12.860120352390624,0.9148525129281652,0.0008965554626696018,RELIABLE,RELIABLE,45.91043051148947,0.7536261118955122,0.0007385535896576019,RELIABLE,RELIABLE,44.27578554855481,0.7914083039123249,0.0007755801378340783,RELIABLE,RELIABLE,53.21185506003367,0.7683496669994966,0.0007529826736595067,RELIABLE,RELIABLE,-40.112194,-7.5467334,370
371,1,Digit 1,1,Digit 1,max_nhat,RELIABLE,RELIABLE,8.107643281386999,0.9339698913035777,0.0009152904934775061,4,0.11875818839363739,1,1,True,69.05883583385793,0.712259590190815,0.0006980143983869987,UNRELIABLE,IDO,8.107643281386999,0.9339698913035777,0.0009152904934775061,RELIABLE,RELIABLE,38.6255570109282,0.7792452128881282,0.0007636603086303656,RELIABLE,RELIABLE,36.76868613780053,0.7956837641205222,0.0007797700888381117,RELIABLE,RELIABLE,42.962214725758024,0.8152117029099403,0.0007989074688517415,RELIABLE,RELIABLE,-28.856106,-9.985354,371
372,1,Digit 1,1,Digit 1,max_nhat,RELIABLE,RELIABLE,7.331297888957741,0.93977682775565,0.000920981291200537,3,0.134708857193106,1,1,True,69.18805263299919,0.7202152134541325,0.0007058109091850498,UNRELIABLE,IDO,7.331297888957741,0.93977682775565,0.000920981291200537,RELIABLE,RELIABLE,35.49233204602906,0.7912398202919992,0.0007754150238861592,RELIABLE,RELIABLE,35.0930514161775,0.805067970562544,0.0007889666111512931,RELIABLE,RELIABLE,48.09754907695756,0.796456444823691,0.0007805273159272172,RELIABLE,RELIABLE,-31.904348,-12.786984,372
373,1,Digit 1,1,Digit 1,max_nhat,RELIABLE,RELIABLE,26.225601053690696,0.9014888359797303,0.0008834590592601356,3,0.1106112617358036,1,1,True,87.87671550574342,0.6990384464377476,0.0006850576775089926,OOD,OOD,26.225601053690696,0.9014888359797303,0.0008834590592601356,RELIABLE,RELIABLE,58.99449575533956,0.7599436804560217,0.0007447448068469012,RELIABLE,RELIABLE,45.96369473580861,0.7908775742439267,0.0007750600227590482,RELIABLE,RELIABLE,54.35117550113516,0.7667683291478126,0.0007514329625648563,RELIABLE,RELIABLE,-41.594822,-9.403096,373
374,1,Digit 1,1,Digit 1,max_nhat,RELIABLE,RELIABLE,4.987728894358048,0.9542958526250778,0.0009352099355725762,4,0.1397411146597134,1,1,True,65.75480134230904,0.7265598026441531,0.00071202860659127,UNRELIABLE,IDO,4.987728894358048,0.9542958526250778,0.0009352099355725762,RELIABLE,RELIABLE,35.09817522177551,0.7930933591313171,0.0007772314919486907,RELIABLE,RELIABLE,37.6027796349785,0.8066734634884815,0.0007905399942187118,RELIABLE,RELIABLE,39.99346094675268,0.8145547379653644,0.0007982636432060571,RELIABLE,RELIABLE,-38.592667,-0.9567137,374
375,1,Digit 1,1,Digit 1,max_nhat,RELIABLE,RELIABLE,11.694396966136477,0.9101847566214875,0.0008919810614890577,4,0.09431607590920921,1,1,True,64.91473550574739,0.7040794290708301,0.0006899978404894134,UNRELIABLE,IDO,11.694396966136477,0.9101847566214875,0.0008919810614890577,RELIABLE,RELIABLE,39.29581395615246,0.7758453933810212,0.0007603284855134008,RELIABLE,RELIABLE,36.534462577992606,0.7881984358687755,0.0007724344671513999,RELIABLE,RELIABLE,44.31312785708765,0.8158686807122782,0.0007995513070980327,RELIABLE,RELIABLE,-26.877903,-11.288539,375
376,1,Digit 1,1,Digit 1,max_nhat,RELIABLE,RELIABLE,49.95020379411144,0.7952973080689323,0.0007793913619075537,3,0.0006013940966209663,1,1,True,99.67285384471029,0.7149312423166314,0.0007006326174702987,OOD,OOD,49.95020379411144,0.7952973080689323,0.0007793913619075537,RELIABLE,RELIABLE,53.23875105236861,0.7442497328655567,0.0007293647382082455,RELIABLE,RELIABLE,50.8448738945182,0.7946959139723113,0.000778801995692865,RELIABLE,RELIABLE,58.318839906747925,0.7708182789115159,0.0007554019133332856,RELIABLE,RELIABLE,-39.33858,-17.05373,376
377,1,Digit 1,1,Digit 1,max_nhat,RELIABLE,RELIABLE,51.30379431725737,0.8292690206158857,0.0008126836402035679,2,0.05042162933344452,1,1,True,96.44925862647774,0.6990510720445781,0.0006850700506036865,OOD,OOD,51.30379431725737,0.8292690206158857,0.0008126836402035679,RELIABLE,RELIABLE,66.03873204433692,0.7788473912824412,0.0007632704434567924,UNRELIABLE,IDO,58.09101626393689,0.7565163602786226,0.0007413860330730501,RELIABLE,RELIABLE,93.51023138201481,0.7352739972881153,0.000720568517342353,OOD,OOD,-48.48667,10.819454,377
378,1,Digit 1,1,Digit 1,max_nhat,RELIABLE,RELIABLE,8.022934247621992,0.935356662955069,0.0009166495296959676,3,0.11121802613520004,1,1,True,74.65325680722049,0.7398897416775518,0.0007250919468440007,UNRELIABLE,IDO,8.022934247621992,0.935356662955069,0.0009166495296959676,RELIABLE,RELIABLE,29.38002737686884,0.8075305313556018,0.0007913799207284898,RELIABLE,RELIABLE,42.732001528626114,0.824138636819869,0.0008076558640834716,RELIABLE,RELIABLE,35.98029268536082,0.8092969603301811,0.0007931110211235774,RELIABLE,RELIABLE,-42.526836,-0.25225797,378
379,1,Digit 1,1,Digit 1,max_nhat,RELIABLE,RELIABLE,3.7583876892537824,0.9650033317388313,0.0009457032651040547,2,0.14988276222981944,1,1,True,69.20972616926221,0.7395510291424409,0.000724760008559592,UNRELIABLE,IDO,3.7583876892537824,0.9650033317388313,0.0009457032651040547,RELIABLE,RELIABLE,28.881007251954596,0.8151205695090119,0.0007988181581188317,RELIABLE,RELIABLE,35.82768706645264,0.8149117741807338,0.0007986135386971191,RELIABLE,RELIABLE,46.524889702816765,0.783372396927067,0.0007677049489885256,RELIABLE,RELIABLE,-37.52295,4.05889,379
380,1,Digit 1,1,Digit 1,max_nhat,RELIABLE,RELIABLE,9.623328624382502,0.9263199786630584,0.0009077935790897972,2,0.08403622549568535,1,1,True,68.3852332978982,0.7242234750085286,0.000709739005508358,UNRELIABLE,IDO,9.623328624382502,0.9263199786630584,0.0009077935790897972,RELIABLE,RELIABLE,24.16928129584613,0.842283753167373,0.0008254380781040256,RELIABLE,RELIABLE,40.8419979928361,0.8094433385422404,0.0007932544717713956,RELIABLE,RELIABLE,33.59020832977663,0.8196825496790431,0.0008032888986854622,RELIABLE,RELIABLE,-41.140457,12.569332,380
381,1,Digit 1,1,Digit 1,max_nhat,OOD,OOD,103.18543821751148,0.8153279635331224,0.0007990214042624599,2,0.013498121886393877,1,2,False,76.97395756033232,0.6801426367147945,0.0006665397839804985,UNRELIABLE,IDO,103.18543821751148,0.8153279635331224,0.0007990214042624599,OOD,OOD,40.14528195300416,0.8018298416467285,0.0007857932448137939,RELIABLE,RELIABLE,70.0030224049641,0.7528699571815801,0.0007378125580379484,UNRELIABLE,IDO,276.09430514111426,0.7778048913254291,0.0007622487934989204,OOD,OOD,-46.684643,19.745567,381
382,1,Digit 1,1,Digit 1,max_nhat,RELIABLE,RELIABLE,28.376978207153986,0.8502484143745825,0.0008332434460870909,2,0.0618853594448201,1,1,True,82.03335448369843,0.7113593785894007,0.0006971321910176127,UNRELIABLE,IDO,28.376978207153986,0.8502484143745825,0.0008332434460870909,RELIABLE,RELIABLE,42.39236989663254,0.7883630549297624,0.0007725957938311672,RELIABLE,RELIABLE,48.34040709273884,0.7713108960788032,0.0007558846781572272,RELIABLE,RELIABLE,56.47857134311504,0.7717720862269808,0.0007563366445024411,RELIABLE,RELIABLE,-46.41891,12.28743,382
383,1,Digit 1,1,Digit 1,max_nhat,RELIABLE,RELIABLE,18.458479488402578,0.8953423662667387,0.0008774355189414039,3,0.08435563153681602,1,1,True,74.83815427327454,0.7243661700842511,0.000709878846682566,UNRELIABLE,IDO,18.458479488402578,0.8953423662667387,0.0008774355189414039,RELIABLE,RELIABLE,30.73797957156527,0.8046192458524823,0.0007885268609354327,RELIABLE,RELIABLE,37.43401219534138,0.8109867347299227,0.0007947670000353242,RELIABLE,RELIABLE,48.212182941918485,0.8001729189150769,0.0007841694605367753,RELIABLE,RELIABLE,-34.514797,-17.915277,383
384,1,Digit 1,1,Digit 1,max_nhat,RELIABLE,RELIABLE,19.046323868355252,0.8960869450438954,0.0008781652061430175,3,0.09850805102842142,1,1,True,71.7014616165272,0.7075950484541628,0.0006934431474850795,UNRELIABLE,IDO,19.046323868355252,0.8960869450438954,0.0008781652061430175,RELIABLE,RELIABLE,37.621770195622595,0.7859396651022291,0.0007702208718001845,RELIABLE,RELIABLE,37.591638524059604,0.797578894015474,0.0007816273161351645,RELIABLE,RELIABLE,55.02694321016503,0.7928006466898097,0.0007769446337560134,RELIABLE,RELIABLE,-27.506084,-14.398032,384
385,1,Digit 1,1,Digit 1,max_nhat,RELIABLE,RELIABLE,8.335514398238567,0.932597895369962,0.0009139459374625626,4,0.12369489809625667,1,1,True,71.42121780073354,0.6973008169344015,0.0006833548005957135,UNRELIABLE,IDO,8.335514398238567,0.932597895369962,0.0009139459374625626,RELIABLE,RELIABLE,41.01346341225535,0.7668999049183179,0.0007515619068199516,RELIABLE,RELIABLE,39.72297226162745,0.7838748864178816,0.0007681973886895239,RELIABLE,RELIABLE,43.849385054025504,0.8089029972737053,0.0007927249373282312,RELIABLE,RELIABLE,-28.721584,-9.290166,385
386,1,Digit 1,1,Digit 1,max_nhat,RELIABLE,RELIABLE,8.55163798447737,0.9291901479634849,0.0009106063450042152,2,0.10345032350947436,1,1,True,59.134291218858365,0.7168942225747176,0.0007025563381232232,RELIABLE,RELIABLE,8.55163798447737,0.9291901479634849,0.0009106063450042152,RELIABLE,RELIABLE,29.661071106650457,0.8257398244540105,0.0008092250279649303,RELIABLE,RELIABLE,40.522004589671845,0.8024790292967007,0.0007864294487107666,RELIABLE,RELIABLE,43.445159838193554,0.815706369981041,0.0007993922425814201,RELIABLE,RELIABLE,-37.015976,12.212477,386
387,1,Digit 1,1,Digit 1,max_nhat,RELIABLE,RELIABLE,35.769035820284714,0.8205226209977025,0.0008041121685777484,2,0.02518833624164618,1,1,True,70.00823885748078,0.6965981654202766,0.000682666202111871,UNRELIABLE,IDO,35.769035820284714,0.8205226209977025,0.0008041121685777484,RELIABLE,RELIABLE,37.04816735813495,0.7953342847560563,0.0007794275990609352,RELIABLE,RELIABLE,48.147627369352804,0.7783626228032456,0.0007627953703471807,RELIABLE,RELIABLE,56.444927186830284,0.7751306632848534,0.0007596280500191563,RELIABLE,RELIABLE,-45.46997,13.792797,387
388,1,Digit 1,1,Digit 1,max_nhat,RELIABLE,RELIABLE,30.473464355071336,0.8655764274578255,0.0008482648989086689,2,0.06718855369029941,1,1,True,84.78310825090114,0.7096702437049897,0.0006954768388308898,UNRELIABLE,IDO,30.473464355071336,0.8655764274578255,0.0008482648989086689,RELIABLE,RELIABLE,48.34897435350099,0.7983878737675261,0.0007824201162921755,RELIABLE,RELIABLE,49.87061731774108,0.7774572618217352,0.0007619081165853005,RELIABLE,RELIABLE,52.777497188024505,0.7604644410695597,0.0007452551522481685,RELIABLE,RELIABLE,-47.059128,11.433573,388
389,1,Digit 1,1,Digit 1,max_nhat,RELIABLE,RELIABLE,23.916559623619875,0.8675132346024146,0.0008501629699103662,3,0.06129009730962531,1,1,True,79.65957598935739,0.7172277438674528,0.0007028831889901037,UNRELIABLE,IDO,23.916559623619875,0.8675132346024146,0.0008501629699103662,RELIABLE,RELIABLE,37.95596167952965,0.7996381032499608,0.0007836453411849615,RELIABLE,RELIABLE,37.84930253924348,0.8062231372927893,0.0007900986745469334,RELIABLE,RELIABLE,52.04300464695983,0.7904580828893665,0.0007746489212315792,RELIABLE,RELIABLE,-36.03319,-18.55544,389
390,1,Digit 1,1,Digit 1,max_nhat,RELIABLE,RELIABLE,20.00637040469532,0.8947529708653911,0.0008768579114480832,2,0.08709485311935283,1,1,True,75.1359620486314,0.736847198311687,0.0007221102543454532,UNRELIABLE,IDO,20.00637040469532,0.8947529708653911,0.0008768579114480832,RELIABLE,RELIABLE,29.936817651334742,0.8076581177460382,0.0007915049553911174,RELIABLE,RELIABLE,47.7510353434276,0.7654802457257249,0.0007501706408112104,RELIABLE,RELIABLE,64.25728914916513,0.7896655780979136,0.0007738722665359553,UNRELIABLE,IDO,-46.06782,9.444231,390
391,1,Digit 1,1,Digit 1,max_nhat,RELIABLE,RELIABLE,13.166764193907595,0.9196228241153129,0.0009012303676330067,2,0.11073616023355748,1,1,True,72.6002650962131,0.7346530214623814,0.0007199599610331338,UNRELIABLE,IDO,13.166764193907595,0.9196228241153129,0.0009012303676330067,RELIABLE,RELIABLE,30.312127318184697,0.8088866638817555,0.0007927089306041203,RELIABLE,RELIABLE,44.67093899988923,0.8017376679383912,0.0007857029145796233,RELIABLE,RELIABLE,53.16055646450809,0.7894344272723767,0.0007736457387269291,RELIABLE,RELIABLE,-44.53877,5.096814,391
392,1,Digit 1,1,Digit 1,max_nhat,RELIABLE,RELIABLE,17.937804563306496,0.8839968282047114,0.0008663168916406171,3,0.09605392012282665,1,1,True,85.33863169025093,0.7131820946526067,0.0006989184527595545,UNRELIABLE,IDO,17.937804563306496,0.8839968282047114,0.0008663168916406171,RELIABLE,RELIABLE,41.30427734542921,0.7779378118767275,0.0007623790556391929,RELIABLE,RELIABLE,42.20775162566493,0.7879429080818847,0.000772184049920247,RELIABLE,RELIABLE,69.6898376603525,0.7793099366862276,0.000763723737952503,UNRELIABLE,IDO,-37.25769,-15.859899,392
393,1,Digit 1,1,Digit 1,max_nhat,RELIABLE,RELIABLE,3.9356579325376613,0.9632642195523744,0.0009439989351613269,2,0.14342702039379984,1,1,True,58.83189934466586,0.7271133693930727,0.0007125711020052112,RELIABLE,RELIABLE,3.9356579325376613,0.9632642195523744,0.0009439989351613269,RELIABLE,RELIABLE,27.853501678129824,0.8198371991585746,0.000803440455175403,RELIABLE,RELIABLE,32.431903345062594,0.8156367007262315,0.0007993239667117069,RELIABLE,RELIABLE,40.838420003846295,0.8173994971418505,0.0008010515071990134,RELIABLE,RELIABLE,-37.239063,8.086254,393
394,1,Digit 1,1,Digit 1,max_nhat,RELIABLE,RELIABLE,17.030677545017678,0.9049147578892471,0.0008868164627314622,3,0.10939009644763265,1,1,True,70.72442673943435,0.7020285080279312,0.0006879879378673726,UNRELIABLE,IDO,17.030677545017678,0.9049147578892471,0.0008868164627314622,RELIABLE,RELIABLE,50.22496116877449,0.7610578945335755,0.000745836736642904,RELIABLE,RELIABLE,38.90387737361543,0.7955246614416145,0.0007796141682127822,RELIABLE,RELIABLE,52.597555374815386,0.7843555506212808,0.0007686684396088552,RELIABLE,RELIABLE,-31.957247,-11.709806,394
395,1,Digit 1,1,Digit 1,max_nhat,RELIABLE,RELIABLE,8.946920979072262,0.9275413164587425,0.0009089904901295676,4,0.11714098093370195,1,1,True,68.46575039538564,0.7008258055232743,0.0006868092894128089,UNRELIABLE,IDO,8.946920979072262,0.9275413164587425,0.0009089904901295676,RELIABLE,RELIABLE,39.87500958539704,0.772308793136379,0.0007568626172736514,RELIABLE,RELIABLE,38.663858179037234,0.7857671730682106,0.0007700518296068464,RELIABLE,RELIABLE,44.41524273755512,0.8104003355250405,0.0007941923288145397,RELIABLE,RELIABLE,-28.426945,-10.418969,395
396,1,Digit 1,1,Digit 1,max_nhat,RELIABLE,RELIABLE,4.840894349110833,0.9565891633709895,0.0009374573801035698,3,0.13463851359099832,1,1,True,64.10361411381339,0.7428380325069134,0.0007279812718567751,UNRELIABLE,IDO,4.840894349110833,0.9565891633709895,0.0009374573801035698,RELIABLE,RELIABLE,29.10473184098134,0.8122355670662044,0.0007959908557248803,RELIABLE,RELIABLE,36.62211939356468,0.8219506497799912,0.0008055116367843914,RELIABLE,RELIABLE,37.496664381695325,0.8033302524777344,0.0007872636474281797,RELIABLE,RELIABLE,-41.34942,-1.2740818,396
397,1,Digit 1,1,Digit 1,max_nhat,RELIABLE,RELIABLE,9.645290459120822,0.9222807227598161,0.0009038351083046198,3,0.13591628404627076,1,1,True,85.0691067557673,0.7137981921512587,0.0006995222283082335,UNRELIABLE,IDO,9.645290459120822,0.9222807227598161,0.0009038351083046198,RELIABLE,RELIABLE,41.045492949741124,0.7684847550727746,0.0007531150599713191,RELIABLE,RELIABLE,45.13195675742796,0.7863644387135453,0.0007706371499392744,RELIABLE,RELIABLE,54.40420442946175,0.7620979892298333,0.0007468560294452366,RELIABLE,RELIABLE,-38.273674,-8.415991,397
398,1,Digit 1,1,Digit 1,max_nhat,RELIABLE,RELIABLE,9.049137669340572,0.933578976146379,0.0009149073966234514,2,0.11336795322310678,1,1,True,69.87458594828735,0.7444815296231606,0.0007295918990306974,UNRELIABLE,IDO,9.049137669340572,0.933578976146379,0.0009149073966234514,RELIABLE,RELIABLE,27.611177521023297,0.8202110229232722,0.0008038068024648067,RELIABLE,RELIABLE,44.204813824763555,0.8141864097212842,0.0007979026815268585,RELIABLE,RELIABLE,47.52593765180634,0.8003141804225697,0.0007843078968141183,RELIABLE,RELIABLE,-43.773563,4.739933,398
399,1,Digit 1,1,Digit 1,max_nhat,RELIABLE,RELIABLE,29.243216542605,0.8653465539539247,0.0008480396228748462,3,0.048477933304325815,1,1,True,90.71938952830777,0.7363086181584007,0.0007215824457952327,OOD,OOD,29.243216542605,0.8653465539539247,0.0008480396228748462,RELIABLE,RELIABLE,38.46545863619534,0.8093061156391302,0.0007931199933263476,RELIABLE,RELIABLE,43.97910912816114,0.8168686206495989,0.0008005312482366069,RELIABLE,RELIABLE,54.834533079830294,0.7738956144339721,0.0007584177021452927,RELIABLE,RELIABLE,-43.244286,-9.921996,399
400,2,Digit 2,2,Digit 2,max_nhat,RELIABLE,RELIABLE,15.727094823766528,0.8837219003724526,0.0008660474623650035,3,0.03449732094666169,2,2,True,59.69773378209163,0.7802833746998895,0.0007646777072058917,RELIABLE,RELIABLE,119.0249239114777,0.8064600294819861,0.0007903308288923464,OOD,OOD,15.727094823766528,0.8837219003724526,0.0008660474623650035,RELIABLE,RELIABLE,39.440487022265934,0.8492245794257909,0.000832240087837275,RELIABLE,RELIABLE,85.67621061990366,0.754355823119192,0.0007392687066568081,OOD,OOD,-9.712199,9.643819,400
401,2,Digit 2,2,Digit 2,max_nhat,RELIABLE,RELIABLE,27.746331111115587,0.8362041166385281,0.0008194800343057575,3,0.06859117126064085,2,2,True,62.30419694006253,0.762401599947272,0.0007471535679483265,UNRELIABLE,IDO,679.9223941675733,0.6174290403658361,0.0006050804595585194,OOD,OOD,27.746331111115587,0.8362041166385281,0.0008194800343057575,RELIABLE,RELIABLE,57.14837373427724,0.7676129453778873,0.0007522606864703295,RELIABLE,RELIABLE,124.88672276719647,0.7110111145473991,0.0006967908922564511,OOD,OOD,13.472907,-12.023163,401
402,2,Digit 2,1,Digit 1,max_nhat,RELIABLE,RELIABLE,16.948804680896043,0.9062692672459425,0.0008881438819010235,2,0.05340131208244059,1,1,True,40.59500256170661,0.7740794403391583,0.0007585978515323752,RELIABLE,RELIABLE,16.948804680896043,0.9062692672459425,0.0008881438819010235,RELIABLE,RELIABLE,20.802047052306303,0.8528679551635019,0.0008358105960602319,RELIABLE,RELIABLE,22.153446597385923,0.8420704638271076,0.0008252290545505654,RELIABLE,RELIABLE,39.837672388368944,0.8246560846962299,0.0008081629630023053,RELIABLE,RELIABLE,-11.826551,12.193019,402
403,2,Digit 2,2,Digit 2,max_nhat,RELIABLE,RELIABLE,29.82076953227795,0.8374637805328489,0.0008207145049221919,3,0.02704963356252399,2,2,True,88.05554564674244,0.7388913067828349,0.0007241134806471782,OOD,OOD,147.03813619152956,0.7644458251488773,0.0007491569086458997,OOD,OOD,29.82076953227795,0.8374637805328489,0.0008207145049221919,RELIABLE,RELIABLE,71.59427080035756,0.8104141469703249,0.0007942058640309184,UNRELIABLE,IDO,99.29616393659207,0.7088806613185881,0.0006947030480922163,OOD,OOD,-9.023638,7.845781,403
404,2,Digit 2,2,Digit 2,max_nhat,RELIABLE,RELIABLE,28.430900873847445,0.8683837683343562,0.0008510160929676691,3,0.06470821453159548,2,2,True,81.04730407104782,0.7744440321870174,0.000758955151543277,UNRELIABLE,IDO,226.74870637019956,0.6829680008999662,0.0006693086408819669,OOD,OOD,28.430900873847445,0.8683837683343562,0.0008510160929676691,RELIABLE,RELIABLE,84.24937346995726,0.8036755538027607,0.0007876020427267054,UNRELIABLE,IDO,105.27763172786453,0.7371877099462538,0.0007224439557473287,OOD,OOD,6.5812726,3.908602,404
405,2,Digit 2,2,Digit 2,max_nhat,RELIABLE,RELIABLE,17.772956303344806,0.8645026411903372,0.0008472125883665304,3,0.0752758348792738,2,2,True,64.37672275992861,0.7421106058929043,0.0007272683937750462,UNRELIABLE,IDO,202.93808436095998,0.6864184435702174,0.0006726900746988131,OOD,OOD,17.772956303344806,0.8645026411903372,0.0008472125883665304,RELIABLE,RELIABLE,78.52107509086488,0.7892268063110633,0.000773442270184842,UNRELIABLE,IDO,99.76667041754973,0.7478682128669819,0.0007329108486096422,OOD,OOD,7.0518775,-0.9472446,405
406,2,Digit 2,2,Digit 2,max_nhat,RELIABLE,RELIABLE,17.428673556253877,0.873100025917759,0.0008556380253994039,3,0.08785761500375433,2,2,True,102.52678171399768,0.7137252300640033,0.0006994507254627232,OOD,OOD,240.7324921716568,0.6758025594532983,0.0006622865082642322,OOD,OOD,17.428673556253877,0.873100025917759,0.0008556380253994039,RELIABLE,RELIABLE,99.01445115485876,0.7852424109140047,0.0007695375626957246,OOD,OOD,119.12213292571971,0.7100172140165469,0.000695816869736216,OOD,OOD,2.3958542,-3.3694735,406
407,2,Digit 2,2,Digit 2,max_nhat,RELIABLE,RELIABLE,19.308776996814526,0.861744948702232,0.0008445100497281873,3,0.07839688204125017,2,2,True,73.74850770539585,0.710538079350169,0.0006963273177631656,UNRELIABLE,IDO,90.82195104050929,0.7767641039965055,0.0007612288219165754,OOD,OOD,19.308776996814526,0.861744948702232,0.0008445100497281873,RELIABLE,RELIABLE,60.99664609979452,0.7833480666609818,0.0007676811053277621,RELIABLE,RELIABLE,164.47699301437183,0.7455819583270314,0.0007306703191604908,OOD,OOD,-5.8903604,0.7033631,407
408,2,Digit 2,2,Digit 2,max_nhat,RELIABLE,RELIABLE,31.016655977330057,0.8763194204436741,0.0008587930320348005,3,0.09521200812008224,2,2,True,100.1307948649047,0.6971935556138428,0.0006832496845015659,OOD,OOD,165.06088053656936,0.7698219065653855,0.0007544254684340777,OOD,OOD,31.016655977330057,0.8763194204436741,0.0008587930320348005,RELIABLE,RELIABLE,83.99441305882353,0.7811074123235918,0.00076548526407712,UNRELIABLE,IDO,86.91365057511045,0.7698386946171621,0.0007544419207248189,OOD,OOD,4.1246815,3.8304641,408
409,2,Digit 2,2,Digit 2,max_nhat,RELIABLE,RELIABLE,40.92564977955087,0.7992320153764043,0.0007832473750688762,3,0.0396350925397122,2,2,True,96.85504496184413,0.6934367588979581,0.0006795680237199989,OOD,OOD,490.86250201442755,0.6706128852922268,0.0006572006275863823,OOD,OOD,40.92564977955087,0.7992320153764043,0.0007832473750688762,RELIABLE,RELIABLE,103.71886055820491,0.7595969228366921,0.0007444049843799582,OOD,OOD,134.9415036692667,0.7159910381041354,0.0007016712173420527,OOD,OOD,11.895157,4.4533067,409
410,2,Digit 2,2,Digit 2,max_nhat,RELIABLE,RELIABLE,15.92856725961254,0.883480306006121,0.0008658106998859986,3,0.03717143343048557,2,2,True,51.48611880023577,0.7367885871996696,0.0007220528154556761,RELIABLE,RELIABLE,147.43308649182816,0.8300910252585313,0.0008134892047533607,OOD,OOD,15.92856725961254,0.883480306006121,0.0008658106998859986,RELIABLE,RELIABLE,23.95717925557416,0.8463088725756355,0.0008293826951241227,RELIABLE,RELIABLE,58.76409397195495,0.7874428575608868,0.0007716940004096691,RELIABLE,RELIABLE,-10.126096,11.52518,410
411,2,Digit 2,2,Digit 2,max_nhat,RELIABLE,RELIABLE,22.793614995210362,0.8657714132444126,0.0008484559849795244,3,0.028353323158871957,2,2,True,42.789905259056226,0.7733267750556889,0.0007578602395545751,RELIABLE,RELIABLE,180.1320584026275,0.7659617613664998,0.0007506425261391698,OOD,OOD,22.793614995210362,0.8657714132444126,0.0008484559849795244,RELIABLE,RELIABLE,33.28376124387971,0.8374180900855407,0.0008206697282838298,RELIABLE,RELIABLE,489.4743942966628,0.7899136442501671,0.0007741153713651637,OOD,OOD,16.53575,-5.774542,411
412,2,Digit 2,2,Digit 2,max_nhat,RELIABLE,RELIABLE,26.16760522429929,0.8256742559091579,0.0008091607707909747,1,0.015837163330023385,2,2,True,64.62640126548862,0.7288267904013667,0.0007142502545933393,UNRELIABLE,IDO,122.19333892505851,0.8098370925791345,0.0007936403507275518,OOD,OOD,26.16760522429929,0.8256742559091579,0.0008091607707909747,RELIABLE,RELIABLE,35.61445182401084,0.8092504419168799,0.0007930654330785422,RELIABLE,RELIABLE,103.3896625941069,0.7431332173760935,0.0007282705530285717,OOD,OOD,-5.319571,10.72301,412
413,2,Digit 2,2,Digit 2,max_nhat,RELIABLE,RELIABLE,17.28575362585215,0.8737026353017364,0.0008562285825957016,3,0.06867975489347933,2,2,True,70.8354679081944,0.7525865188142884,0.0007375347884380026,UNRELIABLE,IDO,129.8683058244726,0.6806167046635444,0.0006670043705702735,OOD,OOD,17.28575362585215,0.8737026353017364,0.0008562285825957016,RELIABLE,RELIABLE,74.92219502881703,0.8050228804082571,0.0007889224228000919,UNRELIABLE,IDO,82.78660817179403,0.7383485374930686,0.0007235815667432072,UNRELIABLE,IDO,2.707775,-2.4886124,413
414,2,Digit 2,2,Digit 2,max_nhat,RELIABLE,RELIABLE,22.730357682933246,0.8570561809101358,0.000839915057291933,3,0.012534324635951055,2,2,True,39.35855316785889,0.7970602423576544,0.0007811190375105013,RELIABLE,RELIABLE,93.87444931019799,0.7753540630603027,0.0007598469817990967,OOD,OOD,22.730357682933246,0.8570561809101358,0.000839915057291933,RELIABLE,RELIABLE,41.237006420334,0.8445218562741847,0.000827631419148701,RELIABLE,RELIABLE,228.29509272492746,0.7625190799703296,0.000747268698370923,OOD,OOD,-9.078688,5.8719373,414
415,2,Digit 2,4,Digit 4,max_nhat,OOD,OOD,106.67950872717486,0.7516869726682027,0.0007366532332148387,2,0.0036145674584774357,4,2,False,83.58080937018221,0.7144275786382545,0.0007001390270654893,UNRELIABLE,IDO,1359.1603968087413,0.7035241622787903,0.0006894536790332145,OOD,OOD,57.319671821017046,0.7480724052097253,0.0007331109571055307,RELIABLE,RELIABLE,136.16652385626455,0.7123337683718466,0.0006980870930044096,OOD,OOD,106.67950872717486,0.7516869726682027,0.0007366532332148387,OOD,OOD,-0.48950702,-13.084306,415
416,2,Digit 2,2,Digit 2,max_nhat,RELIABLE,RELIABLE,60.699839800034546,0.7751749240106791,0.0007596714255304655,4,0.01969810935716798,2,2,True,221.30896865313792,0.6399002644771855,0.0006271022591876418,OOD,OOD,760.9616780657236,0.709435817900084,0.0006952471015420823,OOD,OOD,60.699839800034546,0.7751749240106791,0.0007596714255304655,RELIABLE,RELIABLE,128.91509277701897,0.7359091316222051,0.0007211909489897609,OOD,OOD,139.78407512974087,0.7554768146535111,0.0007403672783604408,OOD,OOD,0.16293238,4.5771117,416
417,2,Digit 2,1,Digit 1,max_nhat,OOD,OOD,118.33839724330568,0.7946570693078495,0.0007787639279216925,2,0.03632294949250392,1,2,False,78.21383331519439,0.6983892466244919,0.000684421461692002,UNRELIABLE,IDO,118.33839724330568,0.7946570693078495,0.0007787639279216925,OOD,OOD,63.835574225718354,0.7583341198153456,0.0007431674374190387,UNRELIABLE,IDO,86.51361889904258,0.723457627569108,0.0007089884750177258,OOD,OOD,67.08512771911128,0.7513782966741446,0.0007363507307406616,UNRELIABLE,IDO,-15.071365,-12.628861,417
418,2,Digit 2,2,Digit 2,max_nhat,RELIABLE,RELIABLE,33.62171000092736,0.8162033020325874,0.0007998792359919356,3,0.030025452804925856,2,2,True,104.38504297428497,0.6984770183005831,0.0006845074779345714,OOD,OOD,900.1102925040677,0.6887808258690694,0.000675005209351688,OOD,OOD,33.62171000092736,0.8162033020325874,0.0007998792359919356,RELIABLE,RELIABLE,110.79335067403872,0.7861778492276615,0.0007704542922431082,OOD,OOD,207.13303227481111,0.7199790266804891,0.0007055794461468792,OOD,OOD,5.454498,-6.734122,418
419,2,Digit 2,1,Digit 1,max_nhat,OOD,OOD,378.77429385784666,0.8302517576255866,0.0008136467224730748,2,0.018213269970905666,1,2,False,107.64216833775842,0.6937053868307174,0.000679831279094103,OOD,OOD,378.77429385784666,0.8302517576255866,0.0008136467224730748,OOD,OOD,30.89523022302031,0.8120384876546809,0.0007957977179015872,RELIABLE,RELIABLE,41.484907614559695,0.8013436813420171,0.0007853168077151767,RELIABLE,RELIABLE,98.89859186191698,0.7235944145129679,0.0007091225262227085,OOD,OOD,-6.963826,13.063241,419
420,2,Digit 2,2,Digit 2,max_nhat,UNRELIABLE,IDO,78.44150814423877,0.8308704756938033,0.0008142530661799272,3,0.002974560432425055,2,3,False,94.97491384030621,0.680917981316793,0.0006672996216904571,OOD,OOD,116.28922381882239,0.8223143463164588,0.0008058680593901296,OOD,OOD,78.44150814423877,0.8308704756938033,0.0008142530661799272,UNRELIABLE,IDO,46.51133294562632,0.8278959152613783,0.0008113379969561507,RELIABLE,RELIABLE,51.054540745074405,0.790958712659815,0.0007751395384066187,RELIABLE,RELIABLE,-11.169842,10.97771,420
421,2,Digit 2,2,Digit 2,max_nhat,RELIABLE,RELIABLE,31.634272567878714,0.8031085633459252,0.0007870463920790066,0,0.055362845518951764,2,2,True,66.26861419436179,0.7477457178269734,0.0007327908034704339,UNRELIABLE,IDO,877.4107047198381,0.6796791083529626,0.0006660855261859034,OOD,OOD,31.634272567878714,0.8031085633459252,0.0007870463920790066,RELIABLE,RELIABLE,79.77764202077938,0.7202362877869715,0.000705831562031232,UNRELIABLE,IDO,343.50389896882325,0.7037805793543433,0.0006897049677672565,OOD,OOD,11.986715,-9.216096,421
422,2,Digit 2,2,Digit 2,max_nhat,RELIABLE,RELIABLE,42.793821757931724,0.8011808667354762,0.0007851572494007666,3,0.04669797380816221,2,2,True,130.59098320425971,0.6617231505881862,0.0006484886875764225,OOD,OOD,425.11949414810704,0.7324756536882334,0.0007178261406144687,OOD,OOD,42.793821757931724,0.8011808667354762,0.0007851572494007666,RELIABLE,RELIABLE,91.41911510006501,0.754482892927314,0.0007393932350687677,OOD,OOD,137.4775543043743,0.7183588819177276,0.0007039917042793729,OOD,OOD,-6.626285,13.733785,422
423,2,Digit 2,2,Digit 2,max_nhat,RELIABLE,RELIABLE,47.7663689595816,0.8173561271709452,0.0008010090046275262,3,0.02198842256900524,2,2,True,196.99921828884962,0.6808676426221459,0.000667250289769703,OOD,OOD,308.7525351085826,0.7798613424798906,0.0007642641156302927,OOD,OOD,47.7663689595816,0.8173561271709452,0.0008010090046275262,RELIABLE,RELIABLE,72.20314110368221,0.79536770460194,0.0007794603505099011,UNRELIABLE,IDO,131.53500422880356,0.7119466812648195,0.0006977077476395231,OOD,OOD,-8.470594,16.54684,423
424,2,Digit 2,2,Digit 2,max_nhat,RELIABLE,RELIABLE,17.001769940418402,0.8637790944637408,0.0008465035125744659,3,0.08000410436985927,2,2,True,68.85218981700713,0.7470765540242472,0.0007321350229437622,UNRELIABLE,IDO,125.34454601934817,0.7126734692050164,0.0006984199998209161,OOD,OOD,17.001769940418402,0.8637790944637408,0.0008465035125744659,RELIABLE,RELIABLE,69.20743642034589,0.7837749900938815,0.0007680994902920039,UNRELIABLE,IDO,140.40279601493248,0.7332975800442597,0.0007186316284433744,OOD,OOD,9.642324,-0.8609106,424
425,2,Digit 2,2,Digit 2,max_nhat,RELIABLE,RELIABLE,45.100344639461724,0.7604149878579153,0.0007452066881007569,3,0.015785993129686315,2,2,True,114.29903514802956,0.6959006837042399,0.0006819826700301551,OOD,OOD,631.3698224455468,0.67396157542228,0.0006604823439138344,OOD,OOD,45.100344639461724,0.7604149878579153,0.0007452066881007569,RELIABLE,RELIABLE,68.52826491407941,0.744628994728229,0.0007297364148336644,UNRELIABLE,IDO,165.8046031669033,0.6852486294665954,0.0006715436568772634,OOD,OOD,-1.0104954,12.719196,425
426,2,Digit 2,2,Digit 2,max_nhat,UNRELIABLE,IDO,63.53328771711145,0.7618659222112876,0.0007466286037670618,0,0.0028713546375135346,2,4,False,99.68586536451784,0.758994567573774,0.0007438146762222985,OOD,OOD,1057.3434828769698,0.7061828369535104,0.0006920591802144401,OOD,OOD,63.53328771711145,0.7618659222112876,0.0007466286037670618,UNRELIABLE,IDO,134.6927732856929,0.6918675818667545,0.0006780302302294193,OOD,OOD,57.814141197275866,0.7518830377929191,0.0007368453770370607,RELIABLE,RELIABLE,4.187903,-12.528024,426
427,2,Digit 2,2,Digit 2,max_nhat,RELIABLE,RELIABLE,31.55629079726078,0.8580372468642549,0.0008408765019269698,3,0.0915958339850188,2,2,True,152.06672249822094,0.6831840277569814,0.0006695203472018418,OOD,OOD,279.38943824899326,0.6965494416042748,0.0006826184527721893,OOD,OOD,31.55629079726078,0.8580372468642549,0.0008408765019269698,RELIABLE,RELIABLE,137.63505162172902,0.7664414128792361,0.0007511125846216513,OOD,OOD,197.9139382385932,0.6670737640370379,0.0006537322887562972,OOD,OOD,-5.907576,0.8508057,427
428,2,Digit 2,2,Digit 2,max_nhat,RELIABLE,RELIABLE,23.39842367668881,0.8418443904556352,0.0008250075026465225,3,0.06537121901297704,2,2,True,79.79848943734571,0.7130472112257609,0.0006987862670012456,UNRELIABLE,IDO,617.0644506080328,0.699254926362889,0.0006852698278356312,OOD,OOD,23.39842367668881,0.8418443904556352,0.0008250075026465225,RELIABLE,RELIABLE,83.92281324476765,0.7764731714426581,0.000760943708013805,UNRELIABLE,IDO,222.04318743439785,0.7083836417076105,0.0006942159688734582,OOD,OOD,5.148311,-6.3159194,428
429,2,Digit 2,2,Digit 2,max_nhat,OOD,OOD,112.56453442438844,0.74730304351972,0.0007323569826493256,0,0.019180028780385605,2,0,False,112.14500051125285,0.7281230147393344,0.0007135605544445477,OOD,OOD,1975.803025787777,0.6605648575453181,0.0006473535603944118,OOD,OOD,112.56453442438844,0.74730304351972,0.0007323569826493256,OOD,OOD,251.05679264963942,0.6743903241906296,0.000660902517706817,OOD,OOD,144.20802939984833,0.7244987135949964,0.0007100087393230965,OOD,OOD,8.748672,-13.237274,429
430,2,Digit 2,2,Digit 2,max_nhat,RELIABLE,RELIABLE,43.61434949019731,0.8327984050261388,0.000816142436925616,0,0.018483414844293056,2,2,True,52.79122062372382,0.8143149901818457,0.0007980286903782088,RELIABLE,RELIABLE,322.2481372803595,0.6916162240785974,0.0006777838995970254,OOD,OOD,43.61434949019731,0.8327984050261388,0.000816142436925616,RELIABLE,RELIABLE,54.70972047885033,0.7753984892333352,0.0007598905194486685,RELIABLE,RELIABLE,290.56424549374475,0.7953279297250369,0.0007794213711305361,OOD,OOD,16.628733,-7.368556,430
431,2,Digit 2,1,Digit 1,max_nhat,UNRELIABLE,IDO,64.00628105279526,0.8695960724621637,0.0008522041510129204,2,0.0011932901229142479,1,2,False,40.75235826745143,0.7702826495328965,0.0007548769965422385,RELIABLE,RELIABLE,64.00628105279526,0.8695960724621637,0.0008522041510129204,UNRELIABLE,IDO,19.106766815308553,0.8684027823392495,0.0008510347266924645,RELIABLE,RELIABLE,21.584249193910914,0.8519747935425517,0.0008349352976717006,RELIABLE,RELIABLE,46.12987555580445,0.79701387090669,0.0007810735934885561,RELIABLE,RELIABLE,-11.714341,12.068049,431
432,2,Digit 2,2,Digit 2,max_nhat,RELIABLE,RELIABLE,49.23833666755592,0.8358140933520459,0.000819097811485005,3,0.047587159028321224,2,2,True,141.23525595494277,0.7399551420701135,0.0007251560392287112,OOD,OOD,649.3438419612656,0.7307799388678148,0.0007161643400904584,OOD,OOD,49.23833666755592,0.8358140933520459,0.000819097811485005,RELIABLE,RELIABLE,133.20528239158278,0.7882269343237247,0.0007724623956372502,OOD,OOD,165.19687861349155,0.7282517954414699,0.0007136867595326405,OOD,OOD,-1.7471254,-9.5126295,432
433,2,Digit 2,2,Digit 2,max_nhat,RELIABLE,RELIABLE,39.876485312178936,0.8378314846136714,0.000821074854921398,1,0.015703439687827725,2,2,True,183.68375773426493,0.7137113631669942,0.0006994371359036543,OOD,OOD,181.21355691353855,0.8221280449258437,0.0008056854840273268,OOD,OOD,39.876485312178936,0.8378314846136714,0.000821074854921398,RELIABLE,RELIABLE,177.25689293287894,0.7555415368699502,0.0007404307061325511,OOD,OOD,155.99787019280427,0.7769700830806766,0.000761430681419063,OOD,OOD,2.0603204,0.33313602,433
434,2,Digit 2,2,Digit 2,max_nhat,RELIABLE,RELIABLE,20.49661322391643,0.8763958453020584,0.0008588679283960172,3,0.0680246511609428,2,2,True,93.04797537933109,0.7363269841728863,0.0007216004444894286,OOD,OOD,135.28493092075553,0.7908186529364456,0.0007750022798777167,OOD,OOD,20.49661322391643,0.8763958453020584,0.0008588679283960172,RELIABLE,RELIABLE,84.03487542322793,0.8083711941411156,0.0007922037702582932,UNRELIABLE,IDO,90.91861595412573,0.7705269260604517,0.0007551163875392427,OOD,OOD,6.5106354,2.9583075,434
435,2,Digit 2,2,Digit 2,max_nhat,RELIABLE,RELIABLE,21.18752633479288,0.847684718120658,0.0008307310237582449,3,0.04553540205239692,2,2,True,73.06424156081492,0.7167779063218472,0.0007024423481954103,UNRELIABLE,IDO,98.3935777750585,0.785981929603561,0.0007702622910114897,OOD,OOD,21.18752633479288,0.847684718120658,0.0008307310237582449,RELIABLE,RELIABLE,72.11028557832654,0.8021493160682611,0.0007861063297468959,UNRELIABLE,IDO,89.9113069409414,0.7357917017016474,0.0007210758676676145,OOD,OOD,0.47063473,-2.5312808,435
436,2,Digit 2,3,Digit 3,max_nhat,RELIABLE,RELIABLE,24.444232723886067,0.8587604940603076,0.0008415852841791014,2,0.039217374543477734,3,3,True,49.39380395123852,0.7665661631728803,0.0007512348399094226,RELIABLE,RELIABLE,60.57970095449667,0.8087037682019069,0.0007925296928378687,RELIABLE,RELIABLE,29.275441166790223,0.8195431195168299,0.0008031522571264933,RELIABLE,RELIABLE,24.444232723886067,0.8587604940603076,0.0008415852841791014,RELIABLE,RELIABLE,74.72616088617795,0.7555728862786686,0.0007404614285530952,UNRELIABLE,IDO,-7.6460085,8.653653,436
437,2,Digit 2,2,Digit 2,max_nhat,RELIABLE,RELIABLE,46.836857633944355,0.8052144985982235,0.0007891102086262589,4,0.011672602598828852,2,2,True,101.4938017554627,0.7428193207450194,0.000727962934330119,OOD,OOD,245.8705174604274,0.7523208165066249,0.0007372744001764923,OOD,OOD,46.836857633944355,0.8052144985982235,0.0007891102086262589,RELIABLE,RELIABLE,79.27334395548841,0.7707873817756385,0.0007553716341401257,UNRELIABLE,IDO,63.25643450875721,0.7935418959993946,0.0007776710580794067,UNRELIABLE,IDO,-13.875817,-10.123385,437
438,2,Digit 2,2,Digit 2,max_nhat,RELIABLE,RELIABLE,24.60985034601678,0.8347505329232556,0.0008180555222647905,3,0.023066571270122127,2,2,True,50.500516355715945,0.7880547001697387,0.0007722936061663439,RELIABLE,RELIABLE,212.83497927614587,0.7472975896772063,0.0007323516378836621,OOD,OOD,24.60985034601678,0.8347505329232556,0.0008180555222647905,RELIABLE,RELIABLE,66.89412906284824,0.8116839616531335,0.0007954502824200708,UNRELIABLE,IDO,92.99374906570424,0.745401222000961,0.0007304931975609418,OOD,OOD,11.283297,-0.94028574,438
439,2,Digit 2,3,Digit 3,max_nhat,RELIABLE,RELIABLE,27.704112442308578,0.8412350181572967,0.0008244103177941507,2,0.0025854805044807083,3,2,False,34.51805945679446,0.7876740959274712,0.0007719206140089218,RELIABLE,RELIABLE,178.418668976585,0.784057805183252,0.0007683766490795869,OOD,OOD,23.319783601838733,0.838649537652816,0.0008218765468997597,RELIABLE,RELIABLE,27.704112442308578,0.8412350181572967,0.0008244103177941507,RELIABLE,RELIABLE,47.11527916575736,0.8368749661360629,0.0008201374668133416,RELIABLE,RELIABLE,25.724962,10.270926,439
440,2,Digit 2,2,Digit 2,max_nhat,RELIABLE,RELIABLE,50.55417090331767,0.8011987999018372,0.0007851748239038004,3,0.019947080000808692,2,2,True,124.34450462169184,0.6527302914046528,0.0006396756855765597,OOD,OOD,289.9110243424104,0.7527089441000102,0.00073765476521801,OOD,OOD,50.55417090331767,0.8011987999018372,0.0007851748239038004,RELIABLE,RELIABLE,84.82869635933619,0.7812517199010285,0.0007656266855030079,UNRELIABLE,IDO,119.26498776904666,0.7477120889865845,0.0007327578472068527,OOD,OOD,0.77584386,10.193904,440
441,2,Digit 2,1,Digit 1,max_nhat,OOD,OOD,338.74190357784005,0.827557640071774,0.0008110064872703385,3,0.02356916486418037,1,2,False,147.54309720624912,0.7104829159520117,0.0006962732576329715,OOD,OOD,338.74190357784005,0.827557640071774,0.0008110064872703385,OOD,OOD,34.86225968706999,0.7776201897763301,0.0007620677859808034,RELIABLE,RELIABLE,37.72947124118774,0.8039884752075936,0.0007879087057034418,RELIABLE,RELIABLE,109.79139796934764,0.7098365012599788,0.0006956397712347791,OOD,OOD,-8.340742,14.803377,441
442,2,Digit 2,2,Digit 2,max_nhat,RELIABLE,RELIABLE,36.65166027493214,0.8001801476461884,0.0007841765446932646,0,0.029041125555980818,2,2,True,62.95228955427618,0.7711390220902076,0.0007557162416484034,UNRELIABLE,IDO,1184.28408248592,0.6273606056262753,0.0006148133935137498,OOD,OOD,36.65166027493214,0.8001801476461884,0.0007841765446932646,RELIABLE,RELIABLE,88.88516774898815,0.7223928508171754,0.0007079449938008318,OOD,OOD,601.641193143979,0.7018615686319196,0.0006878243372592812,OOD,OOD,8.753176,-7.119496,442
443,2,Digit 2,2,Digit 2,max_nhat,RELIABLE,RELIABLE,25.825712801283153,0.8289585659380623,0.000812379394619301,3,0.0818771330902116,2,2,True,86.81781776688123,0.7171355324454978,0.0007027928217965877,OOD,OOD,264.99223661488725,0.6887198952462275,0.0006749454973413028,OOD,OOD,25.825712801283153,0.8289585659380623,0.000812379394619301,RELIABLE,RELIABLE,93.37762268531407,0.7470814328478507,0.0007321398041908936,OOD,OOD,200.84059547384305,0.7132140124585726,0.0006989497322094011,OOD,OOD,8.836019,-1.470897,443
444,2,Digit 2,1,Digit 1,max_nhat,RELIABLE,RELIABLE,51.654381066108684,0.8618942255494026,0.0008446563410384146,2,0.024560876852309677,1,2,False,82.13033930128387,0.7291423577750344,0.0007145595106195338,UNRELIABLE,IDO,51.654381066108684,0.8618942255494026,0.0008446563410384146,RELIABLE,RELIABLE,22.301204493619217,0.837333348697093,0.0008205866817231511,RELIABLE,RELIABLE,50.64076262371002,0.8046315787051556,0.0007885389471310524,RELIABLE,RELIABLE,70.33114858954316,0.786347843610502,0.0007706208867382919,UNRELIABLE,IDO,-12.154767,9.216942,444
445,2,Digit 2,2,Digit 2,max_nhat,RELIABLE,RELIABLE,45.08217598483325,0.8055946264775841,0.0007894827339480323,3,0.05756989984701666,2,2,True,73.59895551488847,0.7239797508310644,0.000709500155814443,UNRELIABLE,IDO,693.2038858807825,0.6327110599319522,0.0006200568387333132,OOD,OOD,45.08217598483325,0.8055946264775841,0.0007894827339480323,RELIABLE,RELIABLE,70.99589279167705,0.7480247266305674,0.000733064232097956,UNRELIABLE,IDO,251.9561845431233,0.742160486041945,0.0007273172763211061,OOD,OOD,12.977638,-11.230838,445
446,2,Digit 2,2,Digit 2,max_nhat,RELIABLE,RELIABLE,14.535763227288385,0.8839394384033218,0.0008662606496352553,1,0.06475271196135735,2,2,True,66.71679116247464,0.7412670574209143,0.0007264417162724959,UNRELIABLE,IDO,86.54919698297397,0.8191867264419644,0.0008028029919131251,OOD,OOD,14.535763227288385,0.8839394384033218,0.0008662606496352553,RELIABLE,RELIABLE,64.14784417923467,0.8023504208519942,0.0007863034124349543,UNRELIABLE,IDO,56.63959002568264,0.7826923651519496,0.0007670385178489106,RELIABLE,RELIABLE,5.297258,2.6108093,446
447,2,Digit 2,1,Digit 1,max_nhat,OOD,OOD,214.51309310739,0.8398296279035442,0.0008230330353454733,3,0.010699653683988064,1,3,False,64.12801962444638,0.7292625167483316,0.000714677266413365,UNRELIABLE,IDO,214.51309310739,0.8398296279035442,0.0008230330353454733,OOD,OOD,32.370373511544244,0.808166180435909,0.0007920028568271909,RELIABLE,RELIABLE,28.843292752410676,0.8291299742195561,0.000812547374735165,RELIABLE,RELIABLE,84.96406313767027,0.7732768277709631,0.0007578112912155438,UNRELIABLE,IDO,-8.353055,17.1865,447
448,2,Digit 2,2,Digit 2,max_nhat,RELIABLE,RELIABLE,16.529188025806228,0.8862051224854328,0.0008684810200357241,3,0.07247820682404837,2,2,True,47.193736585539135,0.7708703631393043,0.0007554529558765182,RELIABLE,RELIABLE,358.5837249307939,0.6930398843031932,0.0006791790866171293,OOD,OOD,16.529188025806228,0.8862051224854328,0.0008684810200357241,RELIABLE,RELIABLE,46.560724548900644,0.8137269156613844,0.0007974523773481568,RELIABLE,RELIABLE,415.3564799946657,0.7820390573717232,0.0007663982762242887,OOD,OOD,8.17773,-3.8448482,448
449,2,Digit 2,2,Digit 2,max_nhat,RELIABLE,RELIABLE,18.712719549334523,0.860116095653172,0.0008429137737401086,3,0.06606124900557064,2,2,True,108.07371364562826,0.6866009206666569,0.0006728689022533238,OOD,OOD,417.75953872178064,0.7030505654799214,0.0006889895541703229,OOD,OOD,18.712719549334523,0.860116095653172,0.0008429137737401086,RELIABLE,RELIABLE,89.36573033999784,0.7940548466476014,0.0007781737497146494,OOD,OOD,148.68361037043206,0.7070115895043356,0.0006928713577142489,OOD,OOD,-2.858447,0.29399955,449
450,2,Digit 2,2,Digit 2,max_nhat,RELIABLE,RELIABLE,20.74958007442613,0.8576817522595904,0.0008405281172143986,3,0.07519915733094318,2,2,True,99.15831441693702,0.7400556464188747,0.0007252545334904972,OOD,OOD,513.8121810011423,0.7264001916911696,0.0007118721878573462,OOD,OOD,20.74958007442613,0.8576817522595904,0.0008405281172143986,RELIABLE,RELIABLE,89.12414600137433,0.7824825949286472,0.0007668329430300742,OOD,OOD,225.49205437494018,0.7269105926700853,0.0007123723808166836,OOD,OOD,-1.1564091,0.4096044,450
451,2,Digit 2,0,Digit 0,max_nhat,RELIABLE,RELIABLE,20.686160896884886,0.8679163303667901,0.0008505580037594542,2,0.08640626752062841,0,0,True,20.686160896884886,0.8679163303667901,0.0008505580037594542,RELIABLE,RELIABLE,747.7119140902189,0.6914842305392566,0.0006776545459284715,OOD,OOD,45.47858967561117,0.7815100628461616,0.0007658798615892383,RELIABLE,RELIABLE,77.32323018653929,0.7378737987242024,0.0007231163227497183,UNRELIABLE,IDO,242.5777771380121,0.7067279794740208,0.0006925934198845404,OOD,OOD,41.436592,-6.2213173,451
452,2,Digit 2,2,Digit 2,max_nhat,RELIABLE,RELIABLE,33.323371019552795,0.8172965538930095,0.0008009506228151493,3,0.05620589939665277,2,2,True,75.62253643895542,0.7449663095684054,0.0007300669833770373,UNRELIABLE,IDO,454.1591699954465,0.6626744635780581,0.000649420974306497,OOD,OOD,33.323371019552795,0.8172965538930095,0.0008009506228151493,RELIABLE,RELIABLE,90.99709065698605,0.7610906544963567,0.0007458688414064296,OOD,OOD,173.13014641552508,0.7207823839479717,0.0007063667362690122,OOD,OOD,10.40582,-2.177546,452
453,2,Digit 2,2,Digit 2,max_nhat,RELIABLE,RELIABLE,13.504093173929089,0.8864937121074739,0.0008687638378653244,3,0.050074294570907396,2,2,True,42.387609536151956,0.788792514373047,0.0007730166640855861,RELIABLE,RELIABLE,60.6980132286972,0.8305027930376906,0.0008138927371769368,RELIABLE,RELIABLE,13.504093173929089,0.8864937121074739,0.0008687638378653244,RELIABLE,RELIABLE,33.255595517611056,0.8364194175365665,0.0008196910291858351,RELIABLE,RELIABLE,49.13181806949554,0.8073357388501845,0.0007911890240731808,RELIABLE,RELIABLE,5.6857853,2.14783,453
454,2,Digit 2,2,Digit 2,max_nhat,RELIABLE,RELIABLE,14.772195049679175,0.8887973246623883,0.0008710213781691405,3,0.09634980092255885,2,2,True,87.06672492186749,0.7161919131426107,0.0007018680748797584,OOD,OOD,360.7855600751749,0.6819133832585724,0.0006682751155934009,OOD,OOD,14.772195049679175,0.8887973246623883,0.0008710213781691405,RELIABLE,RELIABLE,63.18681014408874,0.7924475237398294,0.0007765985732650328,UNRELIABLE,IDO,74.03906740057161,0.723770259416987,0.0007092948542286473,UNRELIABLE,IDO,3.0953567,2.796872,454
455,2,Digit 2,2,Digit 2,max_nhat,RELIABLE,RELIABLE,15.56753186402195,0.8887244550324734,0.000870949965931824,3,0.05611424894186856,2,2,True,45.98874043018409,0.7642888804051425,0.0007490031027970397,RELIABLE,RELIABLE,178.5700260551087,0.7327061896780804,0.0007180520658845188,OOD,OOD,15.56753186402195,0.8887244550324734,0.000870949965931824,RELIABLE,RELIABLE,34.94721302569662,0.8326102060906049,0.0008159580019687927,RELIABLE,RELIABLE,110.52143095022575,0.7832520773071807,0.0007675870357610371,OOD,OOD,6.26022,1.012097,455
456,2,Digit 2,2,Digit 2,max_nhat,RELIABLE,RELIABLE,17.865706027256397,0.8644496888636081,0.0008471606950863358,3,0.020840804339679497,2,2,True,52.44490551421789,0.7308278913396826,0.000716211333512889,RELIABLE,RELIABLE,77.50467866576614,0.8175573058797778,0.0008012061597621823,UNRELIABLE,IDO,17.865706027256397,0.8644496888636081,0.0008471606950863358,RELIABLE,RELIABLE,28.097920172733858,0.8436088845239286,0.00082673670683345,RELIABLE,RELIABLE,52.4280291423905,0.7833813046253367,0.00076771367853283,RELIABLE,RELIABLE,-10.491871,10.261339,456
457,2,Digit 2,2,Digit 2,max_nhat,RELIABLE,RELIABLE,26.404071604816767,0.8193802486971169,0.0008029926437231746,3,0.07465072601850864,2,2,True,88.09486526132335,0.7092492987405856,0.0006950643127657739,OOD,OOD,350.8843770237318,0.6776360815593581,0.0006640833599281709,OOD,OOD,26.404071604816767,0.8193802486971169,0.0008029926437231746,RELIABLE,RELIABLE,81.35129697597381,0.7447295226786083,0.000729834932225036,UNRELIABLE,IDO,236.621827116786,0.7008462556123031,0.000686829330500057,OOD,OOD,-3.7723122,0.58712804,457
458,2,Digit 2,3,Digit 3,max_nhat,RELIABLE,RELIABLE,27.489867046828603,0.8553702882835045,0.0008382628825178344,2,0.010180737482879398,3,2,False,44.25516524620102,0.7953254563109446,0.0007794189471847258,RELIABLE,RELIABLE,40.32871241397648,0.8290297745657662,0.0008124491790744508,RELIABLE,RELIABLE,21.835667576270314,0.8451895508006251,0.0008282857597846125,RELIABLE,RELIABLE,27.489867046828603,0.8553702882835045,0.0008382628825178344,RELIABLE,RELIABLE,62.48372584096065,0.7588878972661716,0.0007437101393208481,UNRELIABLE,IDO,-8.161571,8.289123,458
459,2,Digit 2,3,Digit 3,max_nhat,RELIABLE,RELIABLE,11.13841141276325,0.9058835203347841,0.0008877658499280884,2,0.019192695412828864,3,3,True,29.953663538265246,0.8147758266948706,0.0007984803101609731,RELIABLE,RELIABLE,179.66618954500098,0.778643994354053,0.0007630711144669719,OOD,OOD,18.254178627390605,0.8866908249219553,0.0008689570084235162,RELIABLE,RELIABLE,11.13841141276325,0.9058835203347841,0.0008877658499280884,RELIABLE,RELIABLE,37.1917426501449,0.7961625996581462,0.0007802393476649832,RELIABLE,RELIABLE,-1.8973801,30.703558,459
460,2,Digit 2,2,Digit 2,max_nhat,RELIABLE,RELIABLE,27.744876974996465,0.8572869734816148,0.0008401412340119824,4,0.07663275581202256,2,2,True,66.16095788269715,0.7456657054727378,0.000730752391363283,UNRELIABLE,IDO,728.4636711452167,0.6830030261577145,0.0006693429656345601,OOD,OOD,27.744876974996465,0.8572869734816148,0.0008401412340119824,RELIABLE,RELIABLE,64.52931850049893,0.7730501593826621,0.0007575891561950088,UNRELIABLE,IDO,537.5911619203607,0.7806542176695922,0.0007650411333162004,OOD,OOD,8.303238,-4.189348,460
461,2,Digit 2,3,Digit 3,max_nhat,RELIABLE,RELIABLE,25.494809696606627,0.8553244047669634,0.0008382179166716241,4,0.023973884339740903,3,3,True,31.367288477130394,0.8034740434756416,0.0007874045626061287,RELIABLE,RELIABLE,168.3238502598333,0.7254628323006043,0.0007109535756545922,OOD,OOD,27.734432886930282,0.8265377432512868,0.000810006988386261,RELIABLE,RELIABLE,25.494809696606627,0.8553244047669634,0.0008382179166716241,RELIABLE,RELIABLE,42.64749264299914,0.8313505204272225,0.000814723510018678,RELIABLE,RELIABLE,25.742207,10.298533,461
462,2,Digit 2,2,Digit 2,max_nhat,RELIABLE,RELIABLE,25.817154101858375,0.8258318420641483,0.0008093152052228653,0,0.10623825074745308,2,2,True,94.90734438545792,0.7195935913166952,0.0007052017194903613,OOD,OOD,657.4602861814128,0.6548828415972261,0.0006417851847652816,OOD,OOD,25.817154101858375,0.8258318420641483,0.0008093152052228653,RELIABLE,RELIABLE,106.16739846859303,0.7099283997481258,0.0006957298317531633,OOD,OOD,440.75032152636174,0.6691274434398481,0.0006557448945710511,OOD,OOD,9.597324,-6.9503717,462
463,2,Digit 2,2,Digit 2,max_nhat,RELIABLE,RELIABLE,26.241254880325346,0.8224817917138353,0.0008060321558795585,0,0.033484504108912905,2,2,True,55.36264008841725,0.7889972876049224,0.0007732173418528239,RELIABLE,RELIABLE,412.26326396992084,0.718131892761454,0.0007037692549062248,OOD,OOD,26.241254880325346,0.8224817917138353,0.0008060321558795585,RELIABLE,RELIABLE,71.39498701757361,0.7628563105285388,0.000747599184317968,UNRELIABLE,IDO,430.3278311472285,0.7377194794337116,0.0007229650898450373,OOD,OOD,12.536232,-4.605429,463
464,2,Digit 2,2,Digit 2,max_nhat,RELIABLE,RELIABLE,19.931609911222,0.8457365851880204,0.00082882185348426,4,0.056780472454739606,2,2,True,70.43590615414314,0.7193593679404339,0.0007049721805816252,UNRELIABLE,IDO,129.76391694468705,0.7842772389414688,0.0007685916941626395,OOD,OOD,19.931609911222,0.8457365851880204,0.00082882185348426,RELIABLE,RELIABLE,55.352908676023354,0.7844328248033969,0.0007687441683073289,RELIABLE,RELIABLE,258.49546778111574,0.7889561127332808,0.0007731769904786151,OOD,OOD,5.3423204,4.2044964,464
465,2,Digit 2,2,Digit 2,max_nhat,RELIABLE,RELIABLE,60.013495640695325,0.7602829676599873,0.0007450773083067875,3,0.035714192264633904,2,2,True,170.3012501534286,0.6651789119671557,0.0006518753337278126,OOD,OOD,917.3735490250132,0.6661095268623894,0.0006527873363251416,OOD,OOD,60.013495640695325,0.7602829676599873,0.0007450773083067875,RELIABLE,RELIABLE,109.91718753114839,0.7245687753953534,0.0007100773998874462,OOD,OOD,202.27931387710856,0.6996447515909657,0.0006856518565591464,OOD,OOD,-4.1421256,13.405869,465
466,2,Digit 2,2,Digit 2,max_nhat,RELIABLE,RELIABLE,36.17395401261939,0.7943453243905862,0.0007784584179027746,0,0.003229305128627069,2,2,True,58.12888352467036,0.7911160192619592,0.00077529369887672,RELIABLE,RELIABLE,796.1620319704662,0.6666432253173467,0.0006533103608109997,OOD,OOD,36.17395401261939,0.7943453243905862,0.0007784584179027746,RELIABLE,RELIABLE,100.25630839973465,0.6873975507555975,0.0006736495997404855,OOD,OOD,190.94067895055002,0.6569936144856843,0.0006438537421959706,OOD,OOD,15.12435,-10.504503,466
467,2,Digit 2,3,Digit 3,max_nhat,RELIABLE,RELIABLE,42.50588261416136,0.8236118054441083,0.0008071395693352261,2,0.0026093863093193947,3,3,True,67.02054821767122,0.7338269130410789,0.0007191503747802574,UNRELIABLE,IDO,266.78667104099554,0.6812409405864653,0.000667616121774736,OOD,OOD,65.08510392152888,0.8210024191347889,0.0008045823707520931,UNRELIABLE,IDO,42.50588261416136,0.8236118054441083,0.0008071395693352261,RELIABLE,RELIABLE,85.52392514784651,0.7104684539493898,0.000696259084870402,OOD,OOD,-8.516266,9.588721,467
468,2,Digit 2,2,Digit 2,max_nhat,RELIABLE,RELIABLE,20.34891606332451,0.8622467579830901,0.0008450018228234283,3,0.08173623136822816,2,2,True,59.49740660173025,0.7784401198620071,0.000762871317464767,RELIABLE,RELIABLE,420.6727588159246,0.6785399450377634,0.000664969146137008,OOD,OOD,20.34891606332451,0.8622467579830901,0.0008450018228234283,RELIABLE,RELIABLE,72.15499367296215,0.780510526614862,0.0007649003160825647,UNRELIABLE,IDO,245.28656280308903,0.7207573411194317,0.0007063421942970431,OOD,OOD,12.227671,-4.200636,468
469,2,Digit 2,2,Digit 2,max_nhat,RELIABLE,RELIABLE,35.21658701404053,0.7959188373271129,0.0007800004605805706,3,0.04192623938890483,2,2,True,126.50135233148376,0.7048001175310894,0.0006907041151804676,OOD,OOD,676.0625783896686,0.6552343003777584,0.0006421296143702032,OOD,OOD,35.21658701404053,0.7959188373271129,0.0007800004605805706,RELIABLE,RELIABLE,122.7041972698882,0.753992597938208,0.0007389127459794439,OOD,OOD,130.9556597151688,0.737656515998271,0.0007229033856783055,OOD,OOD,11.858611,4.4229,469
470,2,Digit 2,2,Digit 2,max_nhat,RELIABLE,RELIABLE,41.28188943483967,0.8038615257512468,0.0007877842952362219,3,0.0059108081305433435,2,2,True,277.6759264562976,0.6926272069439201,0.0006787746628050417,OOD,OOD,479.91683269528943,0.7921328184385454,0.0007762901620697745,OOD,OOD,41.28188943483967,0.8038615257512468,0.0007877842952362219,RELIABLE,RELIABLE,50.94897138710843,0.7979507176207035,0.0007819917032682894,RELIABLE,RELIABLE,115.60191835095938,0.7662434286802163,0.000750918560106612,OOD,OOD,-10.611292,15.2096405,470
471,2,Digit 2,2,Digit 2,max_nhat,OOD,OOD,109.57451366274701,0.7753823643870834,0.0007598747170993417,4,0.03565690225928797,2,2,True,302.62207187552127,0.7268899672946042,0.0007123521679487121,OOD,OOD,1026.2797485479296,0.6468129822740133,0.000633876722628533,OOD,OOD,109.57451366274701,0.7753823643870834,0.0007598747170993417,OOD,OOD,320.0558826222658,0.6960264708669739,0.0006821059414496344,OOD,OOD,306.0162306496137,0.7397254621277954,0.0007249309528852395,OOD,OOD,10.202002,-12.696582,471
472,2,Digit 2,2,Digit 2,max_nhat,RELIABLE,RELIABLE,26.631176731888825,0.8228991183413753,0.0008064411359745478,3,0.006746769527934071,2,2,True,53.87984798796171,0.7447574600696012,0.0007298623108682092,RELIABLE,RELIABLE,140.2392130440632,0.8024343178363234,0.0007863856314795968,OOD,OOD,26.631176731888825,0.8228991183413753,0.0008064411359745478,RELIABLE,RELIABLE,36.68532516186005,0.8161523488134412,0.0007998293018371724,RELIABLE,RELIABLE,86.02672629481498,0.7785401512741266,0.000762969348248644,OOD,OOD,2.033764,11.759925,472
473,2,Digit 2,2,Digit 2,max_nhat,RELIABLE,RELIABLE,22.15205769774467,0.8494035254720195,0.0008324154549625791,4,0.06488679368774408,2,2,True,79.04052421183232,0.7617997640945485,0.0007465637688126575,UNRELIABLE,IDO,300.69516644551675,0.7138355120071607,0.0006995588017670174,OOD,OOD,22.15205769774467,0.8494035254720195,0.0008324154549625791,RELIABLE,RELIABLE,73.45396784050916,0.7592650507175567,0.0007440797497032055,UNRELIABLE,IDO,99.60696468871163,0.7845167317842754,0.0007688263971485899,OOD,OOD,11.896448,-12.902358,473
474,2,Digit 2,2,Digit 2,max_nhat,RELIABLE,RELIABLE,13.597931065846213,0.8892616280832943,0.0008714763955216284,3,0.03755601310961454,2,2,True,45.39896932472661,0.7482158689752603,0.000733251551595755,RELIABLE,RELIABLE,106.2748418645761,0.8086873703717192,0.0007925136229642848,OOD,OOD,13.597931065846213,0.8892616280832943,0.0008714763955216284,RELIABLE,RELIABLE,25.534260892194794,0.8517056149736798,0.0008346715026742062,RELIABLE,RELIABLE,46.58898299782351,0.8199065988238465,0.0008035084668473696,RELIABLE,RELIABLE,6.2068777,6.8485293,474
475,2,Digit 2,2,Digit 2,max_nhat,RELIABLE,RELIABLE,37.79376694936829,0.8077176946957094,0.0007915633408017952,3,0.04661411343083399,2,2,True,109.63994910303566,0.6546882467689081,0.00064159448183353,OOD,OOD,426.039581295765,0.6978368122863721,0.0006838800760406446,OOD,OOD,37.79376694936829,0.8077176946957094,0.0007915633408017952,RELIABLE,RELIABLE,73.14079950099384,0.7611035812648754,0.0007458815096395779,UNRELIABLE,IDO,125.92557079271003,0.7118993238081589,0.0006976613373319957,OOD,OOD,-5.5445824,13.697011,475
476,2,Digit 2,2,Digit 2,max_nhat,UNRELIABLE,IDO,78.452312071457,0.7987163761951553,0.0007827420486712523,3,0.0007709438822879333,2,3,False,297.02509606702904,0.6612611720477319,0.0006480359486067773,OOD,OOD,390.46329214479454,0.775553327318305,0.0007600422607719388,OOD,OOD,78.452312071457,0.7987163761951553,0.0007827420486712523,UNRELIABLE,IDO,68.65656176283083,0.7979454323128674,0.00078198652366661,UNRELIABLE,IDO,118.53695316454676,0.7542842742005708,0.0007391985887165593,OOD,OOD,-10.686495,14.721372,476
477,2,Digit 2,2,Digit 2,max_nhat,RELIABLE,RELIABLE,20.023709914222696,0.857234880832639,0.0008400901832159862,3,0.013723138618659037,2,2,True,59.30589036660571,0.752600450849479,0.0007375484418324894,RELIABLE,RELIABLE,219.56911331494132,0.7830592283734391,0.0007673980438059703,OOD,OOD,20.023709914222696,0.857234880832639,0.0008400901832159862,RELIABLE,RELIABLE,27.022789674855666,0.84351174221398,0.0008266415073697003,RELIABLE,RELIABLE,83.44120893208473,0.7387055409487554,0.0007239314301297802,UNRELIABLE,IDO,-8.860716,10.935504,477
478,2,Digit 2,2,Digit 2,max_nhat,RELIABLE,RELIABLE,21.394749345049764,0.8543116733963119,0.0008372254399283856,1,0.05756078390520847,2,2,True,61.68318313084827,0.7377235864504714,0.000722969114721462,RELIABLE,RELIABLE,160.23624566419534,0.7967508894911034,0.0007808158717012813,OOD,OOD,21.394749345049764,0.8543116733963119,0.0008372254399283856,RELIABLE,RELIABLE,55.67362598710976,0.7639396553434242,0.0007486608622365558,RELIABLE,RELIABLE,86.92896064116616,0.7908863595124223,0.0007750686323221737,OOD,OOD,-12.56138,-9.562665,478
479,2,Digit 2,2,Digit 2,max_nhat,RELIABLE,RELIABLE,14.760050482825704,0.879646917134729,0.0008620539787920344,3,0.10692199880692743,2,2,True,62.68367828726546,0.7456583357071187,0.0007307451689929763,UNRELIABLE,IDO,513.7939058307489,0.6956269053383275,0.000681714367231561,OOD,OOD,14.760050482825704,0.879646917134729,0.0008620539787920344,RELIABLE,RELIABLE,60.79503497283504,0.7727249183278015,0.0007572704199612455,RELIABLE,RELIABLE,125.68652502245344,0.706430732257197,0.000692302117612053,OOD,OOD,3.5679064,-8.098008,479
480,2,Digit 2,2,Digit 2,max_nhat,RELIABLE,RELIABLE,28.61254851410806,0.8326191905782299,0.0008159668067666652,3,0.07296167274432275,2,2,True,69.53279186964748,0.7480236664898582,0.000733063193160061,UNRELIABLE,IDO,1164.0790991959625,0.6605964293240244,0.0006473845007375439,OOD,OOD,28.61254851410806,0.8326191905782299,0.0008159668067666652,RELIABLE,RELIABLE,110.79781896306763,0.7596575178339071,0.0007444643674772289,OOD,OOD,137.05841731409254,0.7214771356455797,0.0007070475929326681,OOD,OOD,7.9505405,-8.441027,480
481,2,Digit 2,2,Digit 2,max_nhat,RELIABLE,RELIABLE,13.66975426459304,0.8905410750559389,0.0008727302535548201,4,0.07033911704832685,2,2,True,51.8204850595196,0.7810495226007176,0.0007654285321487032,RELIABLE,RELIABLE,157.69747947466817,0.7371452034394467,0.0007224022993706577,OOD,OOD,13.66975426459304,0.8905410750559389,0.0008727302535548201,RELIABLE,RELIABLE,46.83137488410081,0.81722531344288,0.0008008808071740223,RELIABLE,RELIABLE,44.887871807896225,0.8202019580076121,0.0008037979188474598,RELIABLE,RELIABLE,8.56618,3.0357928,481
482,2,Digit 2,2,Digit 2,max_nhat,UNRELIABLE,IDO,72.52959429329648,0.759923495904198,0.0007447250259861141,4,0.0057212585687129724,2,2,True,140.66688813882038,0.656508384958205,0.0006433782172590408,OOD,OOD,286.18323219440697,0.6984356819775863,0.0006844669683380345,OOD,OOD,72.52959429329648,0.759923495904198,0.0007447250259861141,UNRELIABLE,IDO,157.20211948083556,0.6766999274876201,0.0006631659289378677,OOD,OOD,111.25237068902729,0.7542022373354851,0.0007391181925887753,OOD,OOD,1.3831897,1.0266666,482
483,2,Digit 2,2,Digit 2,max_nhat,RELIABLE,RELIABLE,29.502052339827152,0.8150975286126427,0.0007987955780403899,3,0.001964501455890666,2,2,True,76.52121026278299,0.7641050027138722,0.0007488229026595946,UNRELIABLE,IDO,107.31623043282272,0.7199876363548117,0.0007055878836277154,OOD,OOD,29.502052339827152,0.8150975286126427,0.0007987955780403899,RELIABLE,RELIABLE,49.8911070330174,0.8131330271567521,0.000796870366613617,RELIABLE,RELIABLE,96.79629061318872,0.7313527024706956,0.0007167256484212817,OOD,OOD,5.281002,11.110604,483
484,2,Digit 2,2,Digit 2,max_nhat,RELIABLE,RELIABLE,12.831668256221535,0.8920939675253753,0.0008742520881748677,3,0.051245694079253945,2,2,True,50.4798665261697,0.7677571034646118,0.0007524019613953196,RELIABLE,RELIABLE,79.70198285009423,0.791233069641284,0.0007754084082484584,UNRELIABLE,IDO,12.831668256221535,0.8920939675253753,0.0008742520881748677,RELIABLE,RELIABLE,46.36920866540299,0.8408482734461213,0.0008240313079771989,RELIABLE,RELIABLE,57.28561201930559,0.7894126570808672,0.0007736244039392498,RELIABLE,RELIABLE,7.836973,2.6930113,484
485,2,Digit 2,2,Digit 2,max_nhat,OOD,OOD,89.14939972631974,0.7658922337075198,0.0007505743890333694,0,0.03706199988560621,2,0,False,82.90119898215958,0.7288302338219136,0.0007142536291454753,UNRELIABLE,IDO,1343.3985829322517,0.642876433670387,0.0006300189049969793,OOD,OOD,89.14939972631974,0.7658922337075198,0.0007505743890333694,OOD,OOD,204.24204921370116,0.6857748118104068,0.0006720593155741986,OOD,OOD,122.53975799400826,0.6951115247697774,0.0006812092942743819,OOD,OOD,10.324023,-14.24806,485
486,2,Digit 2,3,Digit 3,max_nhat,RELIABLE,RELIABLE,27.51191597532368,0.8506387645570306,0.00083362598926589,2,0.0014385383535985286,3,2,False,52.68921579590188,0.7719107327566025,0.0007564725181014704,RELIABLE,RELIABLE,135.79916551786695,0.8088757983237451,0.0007926982823572702,OOD,OOD,21.85988284275101,0.849200226203432,0.0008322162216793633,RELIABLE,RELIABLE,27.51191597532368,0.8506387645570306,0.00083362598926589,RELIABLE,RELIABLE,73.3949066065669,0.7358945621562545,0.0007211766709131293,UNRELIABLE,IDO,-8.011386,9.003732,486
487,2,Digit 2,2,Digit 2,max_nhat,RELIABLE,RELIABLE,13.915786142535953,0.8834076283583342,0.0008657394757911675,3,0.06940955168274932,2,2,True,60.37382214531023,0.7381041884473672,0.0007233421046784199,RELIABLE,RELIABLE,72.11901316379334,0.7987342925141616,0.0007827596066638784,UNRELIABLE,IDO,13.915786142535953,0.8834076283583342,0.0008657394757911675,RELIABLE,RELIABLE,40.16038165802577,0.8139980766755849,0.0007977181151420732,RELIABLE,RELIABLE,70.41476267079014,0.8115557877541194,0.000795324671999037,UNRELIABLE,IDO,4.375782,4.3520694,487
488,2,Digit 2,2,Digit 2,max_nhat,RELIABLE,RELIABLE,30.546270552362916,0.8018241116389373,0.0007857876294061585,3,0.04174591008119366,2,2,True,106.06830278840111,0.6743577443232933,0.0006608705894368274,OOD,OOD,402.39131790601925,0.6844548743983457,0.0006707657769103788,OOD,OOD,30.546270552362916,0.8018241116389373,0.0007857876294061585,RELIABLE,RELIABLE,68.18410755260467,0.7600782015577436,0.0007448766375265887,UNRELIABLE,IDO,138.39449012742583,0.666659448694939,0.0006533262597210402,OOD,OOD,-4.4993505,10.4367695,488
489,2,Digit 2,2,Digit 2,max_nhat,RELIABLE,RELIABLE,29.225877384504273,0.8144909717853258,0.0007982011523496193,3,0.08974816379992057,2,2,True,95.31679987475303,0.6766487641258617,0.0006631157888433444,OOD,OOD,1016.0751759095584,0.5767563654382624,0.0005652212381294971,OOD,OOD,29.225877384504273,0.8144909717853258,0.0007982011523496193,RELIABLE,RELIABLE,109.01568838099114,0.7247428079854052,0.0007102479518256971,OOD,OOD,350.36629054560115,0.6859050430571382,0.0006721869421959953,OOD,OOD,6.274191,-6.977612,489
490,2,Digit 2,2,Digit 2,max_nhat,RELIABLE,RELIABLE,24.509364384777914,0.8452991746505288,0.0008283931911575183,3,0.04019891529314834,2,2,True,114.04371686338894,0.6926788706765398,0.0006788252932630089,OOD,OOD,398.13510725178276,0.7619058951520292,0.0007466677772489886,OOD,OOD,24.509364384777914,0.8452991746505288,0.0008283931911575183,RELIABLE,RELIABLE,46.525706798517504,0.8051002593573805,0.0007889982541702329,RELIABLE,RELIABLE,83.37359067983868,0.7748922538861223,0.0007593944088083998,UNRELIABLE,IDO,0.1477823,6.9817123,490
491,2,Digit 2,2,Digit 2,max_nhat,RELIABLE,RELIABLE,20.018294458096516,0.8540564728923814,0.0008369753434345337,1,0.053499428080785116,2,2,True,69.12369008880599,0.7398273788640846,0.0007250308312868028,UNRELIABLE,IDO,593.6768088407229,0.8005570448115963,0.0007845459039153643,OOD,OOD,20.018294458096516,0.8540564728923814,0.0008369753434345337,RELIABLE,RELIABLE,76.93982871866852,0.7752747514139675,0.0007597692563856882,UNRELIABLE,IDO,72.71467598046786,0.7579272958039769,0.0007427687498878973,UNRELIABLE,IDO,-0.88744175,-10.675047,491
492,2,Digit 2,2,Digit 2,max_nhat,RELIABLE,RELIABLE,31.007555219383583,0.8556665620305969,0.0008385532307899849,3,0.046560445769451286,2,2,True,90.87736974279629,0.7209481005863161,0.0007065291385745897,OOD,OOD,394.4034809997391,0.643805464769836,0.0006309293554744393,OOD,OOD,31.007555219383583,0.8556665620305969,0.0008385532307899849,RELIABLE,RELIABLE,60.941584812477345,0.8091061162611456,0.0007929239939359227,RELIABLE,RELIABLE,119.22811398846093,0.7289771208440586,0.0007143975784271774,OOD,OOD,7.9398823,8.441889,492
493,2,Digit 2,2,Digit 2,max_nhat,RELIABLE,RELIABLE,24.75500587448521,0.8392127991856685,0.0008224285432019551,3,0.0399697744554276,2,2,True,95.39963420130647,0.7408994944239994,0.0007260815045355193,OOD,OOD,234.0741453288334,0.6967740592992722,0.0006828385781132867,OOD,OOD,24.75500587448521,0.8392127991856685,0.0008224285432019551,RELIABLE,RELIABLE,54.74204548685256,0.7992430247302409,0.000783258164235636,RELIABLE,RELIABLE,93.83472511170447,0.7191844817408525,0.0007048007921060354,OOD,OOD,2.4860084,9.967941,493
494,2,Digit 2,2,Digit 2,max_nhat,OOD,OOD,87.57347698628266,0.756420306226405,0.0007412919001018769,0,0.0024578920496489687,2,0,False,76.16810517527851,0.753962414176756,0.0007388831658932209,UNRELIABLE,IDO,1166.000879460044,0.6398840421116806,0.000627086361269447,OOD,OOD,87.57347698628266,0.756420306226405,0.0007412919001018769,OOD,OOD,173.80623727215493,0.6891084895074139,0.0006753263197172655,OOD,OOD,135.07377716790018,0.7026345066888233,0.0006885818165550468,OOD,OOD,11.704235,-11.635627,494
495,2,Digit 2,2,Digit 2,max_nhat,RELIABLE,RELIABLE,15.268523193604468,0.880621830378266,0.0008630093937707007,4,0.07434807881174821,2,2,True,52.02818806082047,0.777307343959057,0.0007617611970798759,RELIABLE,RELIABLE,511.7106009250498,0.7404741999092198,0.0007256647159110354,OOD,OOD,15.268523193604468,0.880621830378266,0.0008630093937707007,RELIABLE,RELIABLE,49.96014490236763,0.7947202258078967,0.0007788258212917387,RELIABLE,RELIABLE,51.41138645814358,0.8062737515665178,0.0007901482765351874,RELIABLE,RELIABLE,0.8378383,-10.728357,495
496,2,Digit 2,2,Digit 2,max_nhat,RELIABLE,RELIABLE,18.46789320708767,0.8635849197007596,0.0008463132213067443,3,0.06415217959942798,2,2,True,67.33143825263525,0.7340114448283994,0.0007193312159318314,UNRELIABLE,IDO,172.13712831971458,0.7624413519390434,0.0007471925249002625,OOD,OOD,18.46789320708767,0.8635849197007596,0.0008463132213067443,RELIABLE,RELIABLE,52.792930480383305,0.7994327401013316,0.000783444085299305,RELIABLE,RELIABLE,155.2184442705324,0.7715411446070771,0.0007561103217149356,OOD,OOD,4.6376905,-0.81955624,496
497,2,Digit 2,2,Digit 2,max_nhat,RELIABLE,RELIABLE,15.620312167485269,0.8868478757134273,0.0008691109181991587,3,0.04477278544428975,2,2,True,56.042509673325505,0.7426298229630092,0.000727777226503749,RELIABLE,RELIABLE,191.43426840010335,0.7806212495643748,0.0007650088245730873,OOD,OOD,15.620312167485269,0.8868478757134273,0.0008691109181991587,RELIABLE,RELIABLE,31.451814269102613,0.8420750902691375,0.0008252335884637547,RELIABLE,RELIABLE,95.9500800919998,0.7891821506239581,0.0007733985076114789,OOD,OOD,1.3131216,6.987945,497
498,2,Digit 2,3,Digit 3,max_nhat,RELIABLE,RELIABLE,46.131526358414085,0.8070218589573482,0.0007908814217782012,2,0.01874948636413043,3,3,True,67.73850973842589,0.7487262648234531,0.000733751739526984,UNRELIABLE,IDO,199.57767581989071,0.7076915902572506,0.0006935377584521055,OOD,OOD,52.50347808998896,0.7882723725932178,0.0007725069251413535,RELIABLE,RELIABLE,46.131526358414085,0.8070218589573482,0.0007908814217782012,RELIABLE,RELIABLE,93.09378379813722,0.7700696503681483,0.0007546682573607854,OOD,OOD,3.0471842,10.871667,498
499,2,Digit 2,2,Digit 2,max_nhat,RELIABLE,RELIABLE,17.07350522545375,0.8800477554399837,0.000862446800331184,3,0.08053797111325534,2,2,True,110.0581350354592,0.7140622802432144,0.00069978103463835,OOD,OOD,357.0431186104533,0.676823879884283,0.0006632874022865974,OOD,OOD,17.07350522545375,0.8800477554399837,0.000862446800331184,RELIABLE,RELIABLE,89.21211997587935,0.7995097843267284,0.0007835195886401938,OOD,OOD,177.06986045455682,0.7229726480228955,0.0007085131950624376,OOD,OOD,-0.98499745,0.5387557,499
500,2,Digit 2,4,Digit 4,max_nhat,RELIABLE,RELIABLE,40.26071773713501,0.8335391620164975,0.0008168683787761674,2,0.03310220500129368,4,2,False,84.84407376007069,0.7182354342908377,0.0007038707256050209,UNRELIABLE,IDO,221.80076885756347,0.7743943478227034,0.0007589064608662493,OOD,OOD,30.0165555493461,0.8004369570152038,0.0007844282178748996,RELIABLE,RELIABLE,68.60990086778762,0.7495840824510782,0.0007345924008020566,UNRELIABLE,IDO,40.26071773713501,0.8335391620164975,0.0008168683787761674,RELIABLE,RELIABLE,-3.872945,-12.886847,500
501,2,Digit 2,2,Digit 2,max_nhat,RELIABLE,RELIABLE,20.94600256054619,0.8642378377672029,0.0008469530810118588,3,0.08606660970895985,2,2,True,65.04998369790127,0.7360510773129,0.0007213300557666419,UNRELIABLE,IDO,300.2493848678622,0.7413746183085652,0.0007265471259423939,OOD,OOD,20.94600256054619,0.8642378377672029,0.0008469530810118588,RELIABLE,RELIABLE,46.885745507444895,0.778171228058243,0.0007626078034970781,RELIABLE,RELIABLE,84.14116986624065,0.7693067439212158,0.0007539206090427914,UNRELIABLE,IDO,2.6330342,-9.236964,501
502,2,Digit 2,2,Digit 2,max_nhat,RELIABLE,RELIABLE,10.055754268378461,0.9121206556703407,0.0008938782425569339,3,0.05976443726530356,2,2,True,46.89909822899169,0.7608070622613573,0.0007455909210161301,RELIABLE,RELIABLE,62.873873298580286,0.8186269178466156,0.0008022543794896832,UNRELIABLE,IDO,10.055754268378461,0.9121206556703407,0.0008938782425569339,RELIABLE,RELIABLE,28.438517907383634,0.8523562184050372,0.0008353090940369364,RELIABLE,RELIABLE,48.90474418393292,0.8306358619560253,0.0008140231447169048,RELIABLE,RELIABLE,4.861317,1.0804791,502
503,2,Digit 2,2,Digit 2,max_nhat,RELIABLE,RELIABLE,23.758153883456668,0.8414779725611141,0.0008246484131098918,1,0.05857242194234147,2,2,True,67.68155354187576,0.74109060351879,0.0007262687914484141,UNRELIABLE,IDO,473.0751054418175,0.7829055506187726,0.0007672474396063972,OOD,OOD,23.758153883456668,0.8414779725611141,0.0008246484131098918,RELIABLE,RELIABLE,63.609241542663185,0.7717362849484757,0.0007563015592495061,UNRELIABLE,IDO,180.8736641432307,0.7724939878715493,0.0007570441081141184,OOD,OOD,-2.3010092,-10.466675,503
504,2,Digit 2,3,Digit 3,max_nhat,RELIABLE,RELIABLE,43.35506761407853,0.8024034984574369,0.0007863554284882881,2,0.0058591134410094226,3,2,False,95.24123622572989,0.6772769908604147,0.0006637314510432063,OOD,OOD,253.85379393936915,0.780709329650279,0.0007650951430572733,OOD,OOD,33.427010464641526,0.7965443850164274,0.0007806134973160989,RELIABLE,RELIABLE,43.35506761407853,0.8024034984574369,0.0007863554284882881,RELIABLE,RELIABLE,79.18993207699913,0.7484536931455316,0.0007334846192826209,UNRELIABLE,IDO,-8.665982,14.65105,504
505,2,Digit 2,4,Digit 4,max_nhat,RELIABLE,RELIABLE,46.61821123253602,0.8245362683871202,0.0008080455430193778,1,0.026324756002665595,4,2,False,75.8017287268535,0.7048113958016562,0.000690715167885623,UNRELIABLE,IDO,317.7235656188418,0.7982115123844546,0.0007822472821367656,OOD,OOD,44.47091659041415,0.7733058188047184,0.000757839702428624,RELIABLE,RELIABLE,65.41995774667721,0.7423274204214355,0.0007274808720130068,UNRELIABLE,IDO,46.61821123253602,0.8245362683871202,0.0008080455430193778,RELIABLE,RELIABLE,-15.037142,14.75389,505
506,2,Digit 2,2,Digit 2,max_nhat,RELIABLE,RELIABLE,23.732431851929864,0.8361831796691394,0.0008194595160757566,3,0.09152468560188676,2,2,True,74.11538742417986,0.7211230110923745,0.000706700550870527,UNRELIABLE,IDO,543.4527005822774,0.6590611120835022,0.0006458798898418321,OOD,OOD,23.732431851929864,0.8361831796691394,0.0008194595160757566,RELIABLE,RELIABLE,83.14477028378184,0.7446584940672526,0.0007297653241859076,UNRELIABLE,IDO,294.99848214848083,0.7243605474587069,0.0007098733365095328,OOD,OOD,6.9363403,-6.271693,506
507,2,Digit 2,2,Digit 2,max_nhat,RELIABLE,RELIABLE,24.999339380178085,0.8409996614794851,0.0008241796682498954,3,0.030140629595305612,2,2,True,61.0252084320923,0.7289244126605285,0.000714345924407318,RELIABLE,RELIABLE,182.3093922290423,0.7657542945513648,0.0007504392086603375,OOD,OOD,24.999339380178085,0.8409996614794851,0.0008241796682498954,RELIABLE,RELIABLE,38.396873464762244,0.8108590318841795,0.0007946418512464959,RELIABLE,RELIABLE,70.68548048159924,0.7536762384929219,0.0007386027137230634,UNRELIABLE,IDO,-9.338576,12.074864,507
508,2,Digit 2,2,Digit 2,max_nhat,RELIABLE,RELIABLE,16.595688284742078,0.872685302872116,0.0008552315968146737,1,0.07226325493140873,2,2,True,61.320642764435505,0.7314614968026467,0.0007168322668665937,RELIABLE,RELIABLE,162.6354552817455,0.8004220479407073,0.0007844136069818931,OOD,OOD,16.595688284742078,0.872685302872116,0.0008552315968146737,RELIABLE,RELIABLE,52.99461653084175,0.7792625270637538,0.0007636772765224787,RELIABLE,RELIABLE,51.124197914319396,0.7753016230373395,0.0007597955905765927,RELIABLE,RELIABLE,4.176918,3.3446429,508
509,2,Digit 2,2,Digit 2,max_nhat,RELIABLE,RELIABLE,31.601708908092352,0.8229051584537499,0.0008064470552846749,3,0.04262927606068834,2,2,True,62.78218607087596,0.755749007368689,0.0007406340272213152,UNRELIABLE,IDO,625.8004377844172,0.6485342640132823,0.0006355635787330166,OOD,OOD,31.601708908092352,0.8229051584537499,0.0008064470552846749,RELIABLE,RELIABLE,71.57283786496374,0.7802758823930616,0.0007646703647452003,UNRELIABLE,IDO,604.4697218669729,0.7411322935717549,0.0007263096477003198,OOD,OOD,15.237448,-0.51975137,509
510,2,Digit 2,2,Digit 2,max_nhat,RELIABLE,RELIABLE,37.807312846908566,0.8050432648836838,0.0007889423995860102,3,0.08028200553156084,2,2,True,125.3060729539298,0.6802970967378227,0.0006666911548030662,OOD,OOD,597.0333443721407,0.6842615727734338,0.0006705763413179651,OOD,OOD,37.807312846908566,0.8050432648836838,0.0007889423995860102,RELIABLE,RELIABLE,77.1589299768545,0.724761259352123,0.0007102660341650805,UNRELIABLE,IDO,118.27406371460748,0.6762869587269569,0.0006627612195524177,OOD,OOD,-0.9847712,6.7307568,510
511,2,Digit 2,2,Digit 2,max_nhat,RELIABLE,RELIABLE,27.806480946708447,0.8191512673239127,0.0008027682419774344,1,0.021420032821453883,2,2,True,84.12577008168455,0.704203596818251,0.0006901195248818859,UNRELIABLE,IDO,241.9815867386509,0.7977312345024589,0.0007817766098124096,OOD,OOD,27.806480946708447,0.8191512673239127,0.0008027682419774344,RELIABLE,RELIABLE,40.16106905444682,0.7937897745075696,0.0007779139790174182,RELIABLE,RELIABLE,122.2897828068534,0.7081283156574089,0.0006939657493442606,OOD,OOD,-5.08308,11.586889,511
512,2,Digit 2,1,Digit 1,max_nhat,RELIABLE,RELIABLE,34.31475963006096,0.8908510145328656,0.0008730339942422083,2,0.03711879311542887,1,2,False,52.6058965981613,0.7406507694979604,0.0007258377541080011,RELIABLE,RELIABLE,34.31475963006096,0.8908510145328656,0.0008730339942422083,RELIABLE,RELIABLE,22.10634666797599,0.8537322214174368,0.000836657576989088,RELIABLE,RELIABLE,27.81132529389036,0.8310104605167226,0.000814390251306388,RELIABLE,RELIABLE,32.785182561302136,0.8253511022258777,0.0008088440801813601,RELIABLE,RELIABLE,-12.478753,12.01383,512
513,2,Digit 2,2,Digit 2,max_nhat,RELIABLE,RELIABLE,41.6499383347558,0.8423508586402068,0.0008255038414674026,3,0.0979633907909685,2,2,True,132.50696188364802,0.6664709340585961,0.0006531415153774242,OOD,OOD,430.7395464275877,0.6388285403780782,0.0006260519695705166,OOD,OOD,41.6499383347558,0.8423508586402068,0.0008255038414674026,RELIABLE,RELIABLE,132.73410658439911,0.7443874678492383,0.0007294997184922534,OOD,OOD,148.7677589659674,0.6737513878446627,0.0006602763600877694,OOD,OOD,4.4580364,-4.578708,513
514,2,Digit 2,2,Digit 2,max_nhat,RELIABLE,RELIABLE,23.939536793435867,0.8419955760426653,0.000825155664521812,3,0.033269506871447696,2,2,True,65.45939135721548,0.7487099114938283,0.0007337357132639517,UNRELIABLE,IDO,180.97534870385016,0.6983611705870216,0.0006843939471752812,OOD,OOD,23.939536793435867,0.8419955760426653,0.000825155664521812,RELIABLE,RELIABLE,53.86346076526545,0.8087260691712176,0.0007925515477877932,RELIABLE,RELIABLE,171.47647469681618,0.7726117935255522,0.0007571595576550412,OOD,OOD,4.572432,9.9044485,514
515,2,Digit 2,2,Digit 2,max_nhat,RELIABLE,RELIABLE,55.30668317271514,0.7293069182314552,0.0007147207798668261,3,0.04237767205417364,2,2,True,113.0926047413295,0.6640037721001938,0.0006507236966581899,OOD,OOD,937.4225070303472,0.5880513433217938,0.0005762903164553578,OOD,OOD,55.30668317271514,0.7293069182314552,0.0007147207798668261,RELIABLE,RELIABLE,130.15718692334863,0.6869292461772816,0.000673190661253736,OOD,OOD,367.04616736435986,0.6528323243356138,0.0006397756778489014,OOD,OOD,10.466251,-4.7770324,515
516,2,Digit 2,2,Digit 2,max_nhat,RELIABLE,RELIABLE,21.30635014023969,0.8466276922437554,0.0008296951383988803,3,0.10444236191875156,2,2,True,81.10185400354162,0.6788827917507265,0.000665305135915712,UNRELIABLE,IDO,614.9706746747668,0.6787666849399595,0.0006651913512411603,OOD,OOD,21.30635014023969,0.8466276922437554,0.0008296951383988803,RELIABLE,RELIABLE,77.58678785929766,0.7421853303250039,0.0007273416237185038,UNRELIABLE,IDO,246.37851249920664,0.6807357544910804,0.0006671210394012587,OOD,OOD,4.113762,-6.5605006,516
517,2,Digit 2,2,Digit 2,max_nhat,RELIABLE,RELIABLE,46.84026750237881,0.8082123383201976,0.0007920480915537936,4,0.023418464073235112,2,2,True,94.3731944015405,0.7227012193883356,0.0007082471950005689,OOD,OOD,803.8121932638958,0.6680941669527278,0.0006547322836136732,OOD,OOD,46.84026750237881,0.8082123383201976,0.0007920480915537936,RELIABLE,RELIABLE,105.67306105852575,0.7322800280235907,0.0007176344274631189,OOD,OOD,146.22105920140166,0.7847938742469625,0.0007690979967620231,OOD,OOD,6.1418934,-10.702408,517
518,2,Digit 2,2,Digit 2,max_nhat,RELIABLE,RELIABLE,28.727150551861808,0.8251364289892753,0.0008086337004094897,3,0.05069099837106017,2,2,True,44.78105880516168,0.7529691705913443,0.0007379097871795173,RELIABLE,RELIABLE,322.0476521945358,0.6571998734118307,0.0006440558759435941,OOD,OOD,28.727150551861808,0.8251364289892753,0.0008086337004094897,RELIABLE,RELIABLE,49.0604279260749,0.7744454306182151,0.0007589565220058508,RELIABLE,RELIABLE,367.2916684446326,0.7470587869631051,0.000732117611223843,OOD,OOD,16.274004,-5.894684,518
519,2,Digit 2,2,Digit 2,max_nhat,RELIABLE,RELIABLE,45.15109289560837,0.8256650294917376,0.0008091517289019028,3,0.022040848265194035,2,2,True,78.77533042506498,0.6882805230898749,0.0006745149126280774,UNRELIABLE,IDO,381.9238345189965,0.742470944039427,0.0007276215251586385,OOD,OOD,45.15109289560837,0.8256650294917376,0.0008091517289019028,RELIABLE,RELIABLE,46.82417726537404,0.8036241812265436,0.0007875516976020127,RELIABLE,RELIABLE,77.51992216638841,0.7280091219581651,0.0007134489395190019,UNRELIABLE,IDO,-5.3629174,14.417348,519
520,2,Digit 2,2,Digit 2,max_nhat,RELIABLE,RELIABLE,37.88464673671024,0.812979790658636,0.0007967201948454632,0,0.033229492143083905,2,2,True,225.18571225775446,0.7797502985155521,0.000764155292545241,OOD,OOD,658.0240412401417,0.7731862592584052,0.0007577225340732371,OOD,OOD,37.88464673671024,0.812979790658636,0.0007967201948454632,RELIABLE,RELIABLE,60.35575578005781,0.7504735825220427,0.0007354641108716017,RELIABLE,RELIABLE,137.25869291266304,0.7405390689705387,0.0007257282875911279,OOD,OOD,2.3013413,2.96767,520
521,2,Digit 2,2,Digit 2,max_nhat,RELIABLE,RELIABLE,29.38287945701574,0.8133267202060686,0.0007970601858019471,4,0.06488749885574918,2,2,True,75.25708142840082,0.7472909951895913,0.0007323451752857995,UNRELIABLE,IDO,600.539311273156,0.6783012312024761,0.0006647352065784265,OOD,OOD,29.38287945701574,0.8133267202060686,0.0007970601858019471,RELIABLE,RELIABLE,93.92360660458233,0.738575184995573,0.0007238036812956615,OOD,OOD,138.26687776065987,0.7484392213503194,0.0007334704369233129,OOD,OOD,13.037005,-6.654085,521
522,2,Digit 2,0,Digit 0,max_nhat,RELIABLE,RELIABLE,25.193331369850565,0.8321828376740291,0.0008155391809205485,2,0.03298089707185281,0,0,True,25.193331369850565,0.8321828376740291,0.0008155391809205485,RELIABLE,RELIABLE,339.83786838745084,0.73371093918727,0.0007190367204035246,OOD,OOD,32.594824187825516,0.7992019406021763,0.0007832179017901328,RELIABLE,RELIABLE,43.14220158852339,0.7734777685980715,0.0007580082132261101,RELIABLE,RELIABLE,364.3082347637628,0.7494062264659699,0.0007344181019366504,OOD,OOD,31.533852,-12.065339,522
523,2,Digit 2,2,Digit 2,max_nhat,RELIABLE,RELIABLE,24.948397486981264,0.8528218859415357,0.000835765448222705,3,0.014643081665009161,2,2,True,58.23170898872553,0.7299547941832308,0.0007153556982995662,RELIABLE,RELIABLE,141.2177019358948,0.8360961185852643,0.0008193741962135591,OOD,OOD,24.948397486981264,0.8528218859415357,0.000835765448222705,RELIABLE,RELIABLE,29.509063456975433,0.8381788042765266,0.000821415228190996,RELIABLE,RELIABLE,53.66247290120572,0.7729043322018478,0.0007574462455578109,RELIABLE,RELIABLE,-10.347416,8.304269,523
524,2,Digit 2,0,Digit 0,max_nhat,RELIABLE,RELIABLE,52.04375908393837,0.7931392770905848,0.0007772764915487732,2,0.0019161866674294314,0,2,False,52.04375908393837,0.7931392770905848,0.0007772764915487732,RELIABLE,RELIABLE,666.8762588060496,0.7383272846720585,0.0007235607389786174,OOD,OOD,38.069077167020666,0.7912230904231554,0.0007753986286146923,RELIABLE,RELIABLE,94.10701754795406,0.7263236465732691,0.0007117971736418036,OOD,OOD,78.70909994737549,0.7570881394241374,0.0007419463766356547,UNRELIABLE,IDO,38.87989,-18.132774,524
525,2,Digit 2,2,Digit 2,max_nhat,RELIABLE,RELIABLE,34.7482614557175,0.7877601273738316,0.000772004924826355,0,0.06063591601912255,2,2,True,98.40276104069025,0.7271242113547091,0.0007125817271276148,OOD,OOD,1093.683675747572,0.6181270439593597,0.0006057645030801725,OOD,OOD,34.7482614557175,0.7877601273738316,0.000772004924826355,RELIABLE,RELIABLE,88.86772710138115,0.6990819599358751,0.0006851003207371575,OOD,OOD,507.403744909891,0.7088191952507193,0.0006946428113457049,OOD,OOD,8.328653,-6.9928937,525
526,2,Digit 2,2,Digit 2,max_nhat,RELIABLE,RELIABLE,34.693573092099406,0.8145494996915641,0.0007982585096977327,3,0.019619614853354506,2,2,True,82.08655344782991,0.7279480872319867,0.0007133891254873469,UNRELIABLE,IDO,428.02424997050343,0.7276350627338969,0.0007130823614792189,OOD,OOD,34.693573092099406,0.8145494996915641,0.0007982585096977327,RELIABLE,RELIABLE,53.94288801284498,0.7949298848382096,0.0007790312871414454,RELIABLE,RELIABLE,158.48804080108678,0.7284567072213906,0.0007138875730769627,OOD,OOD,-3.7070124,10.529988,526
527,2,Digit 2,2,Digit 2,max_nhat,RELIABLE,RELIABLE,13.879199609551128,0.8903574438821846,0.0008725502950045409,0,0.07532172225941469,2,2,True,41.80746421885901,0.8150357216227699,0.0007987350071903145,RELIABLE,RELIABLE,204.56377533406857,0.729925854088475,0.0007153273370067055,OOD,OOD,13.879199609551128,0.8903574438821846,0.0008725502950045409,RELIABLE,RELIABLE,50.692402264953515,0.813005313910641,0.0007967452076324281,RELIABLE,RELIABLE,111.63300255425051,0.7938081224622003,0.0007779319600129563,OOD,OOD,6.2947493,-0.3174422,527
528,2,Digit 2,4,Digit 4,max_nhat,RELIABLE,RELIABLE,39.328066123065845,0.8313299700889439,0.0008147033706871651,1,0.006377602404869509,4,2,False,55.5158371211549,0.7572737785442715,0.0007421283029733861,RELIABLE,RELIABLE,220.40826687794643,0.8249523676840744,0.000808453320330393,OOD,OOD,29.222101224216633,0.8214659744366664,0.000805036654947933,RELIABLE,RELIABLE,31.974297881751433,0.8103448085189368,0.000794137912348558,RELIABLE,RELIABLE,39.328066123065845,0.8313299700889439,0.0008147033706871651,RELIABLE,RELIABLE,-12.648432,18.869352,528
529,2,Digit 2,2,Digit 2,max_nhat,RELIABLE,RELIABLE,42.38209802669121,0.8120736235315302,0.0007958321510608996,1,0.04132775286510593,2,2,True,182.98703480374095,0.6673757347114063,0.0006540282200171782,OOD,OOD,189.7173597099333,0.7707458706664243,0.0007553309532530958,OOD,OOD,42.38209802669121,0.8120736235315302,0.0007958321510608996,RELIABLE,RELIABLE,174.30474791539208,0.7633705331225535,0.0007481031224601025,OOD,OOD,160.15024652815333,0.7428683709705771,0.0007280110035511655,OOD,OOD,-0.4579355,-1.7836976,529
530,2,Digit 2,2,Digit 2,max_nhat,RELIABLE,RELIABLE,44.3696152169714,0.800100242331385,0.0007840982374847572,4,0.048209880333790034,2,2,True,73.35696385106878,0.7490030402037867,0.0007340229793997109,UNRELIABLE,IDO,697.6912657070627,0.6808101169473123,0.000667193914608366,OOD,OOD,44.3696152169714,0.800100242331385,0.0007840982374847572,RELIABLE,RELIABLE,71.84655596886246,0.7442645167939568,0.0007293792264580776,UNRELIABLE,IDO,306.26593322649774,0.751890361997595,0.000736852554757643,OOD,OOD,12.808286,-10.782183,530
531,2,Digit 2,2,Digit 2,max_nhat,RELIABLE,RELIABLE,15.316472056002313,0.8885463101699597,0.0008707753839665604,3,0.08277573240347746,2,2,True,75.02626530948216,0.7249406530090484,0.0007104418399488674,UNRELIABLE,IDO,177.17730822551826,0.739017125119837,0.0007242367826174402,OOD,OOD,15.316472056002313,0.8885463101699597,0.0008707753839665604,RELIABLE,RELIABLE,61.87341188497453,0.8057705777664822,0.0007896551662111525,RELIABLE,RELIABLE,94.69732809497219,0.7360108790863168,0.0007212906615045904,OOD,OOD,4.229584,2.6603887,531
532,2,Digit 2,4,Digit 4,max_nhat,RELIABLE,RELIABLE,29.241495881966717,0.8559721612764318,0.0008388527180509032,2,0.01694321202739879,4,2,False,46.392863443948556,0.8055764356799575,0.0007894649069663584,RELIABLE,RELIABLE,283.05044789584286,0.7634224033644191,0.0007481539552971308,OOD,OOD,24.515972073889287,0.839028949249033,0.0008222483702640523,RELIABLE,RELIABLE,39.070260685029524,0.7899561420987268,0.0007741570192567523,RELIABLE,RELIABLE,29.241495881966717,0.8559721612764318,0.0008388527180509032,RELIABLE,RELIABLE,-7.0486646,-26.044516,532
533,2,Digit 2,2,Digit 2,max_nhat,RELIABLE,RELIABLE,55.60037974566029,0.784253910400292,0.0007685688321922862,0,0.047111151364551684,2,2,True,104.07242629921446,0.7371427590357403,0.0007223999038550255,OOD,OOD,750.1700038751214,0.6688072356925846,0.0006554310909787328,OOD,OOD,55.60037974566029,0.784253910400292,0.0007685688321922862,RELIABLE,RELIABLE,132.8840361867586,0.6930533472181506,0.0006791922802737876,OOD,OOD,186.12663368713123,0.6756002171913681,0.0006620882128475407,OOD,OOD,12.304759,-8.616113,533
534,2,Digit 2,1,Digit 1,max_nhat,OOD,OOD,427.62258246248047,0.7634335133306362,0.0007481648430640235,4,0.0011912231479367374,1,2,False,105.72263242295159,0.7089561747257019,0.0006947770512311878,OOD,OOD,427.62258246248047,0.7634335133306362,0.0007481648430640235,OOD,OOD,45.72259383755487,0.7553141191809507,0.0007402078367973316,RELIABLE,RELIABLE,104.08424645748087,0.7052234388866798,0.0006911189701089462,OOD,OOD,78.24013132086583,0.7622422901826995,0.0007469974443790455,UNRELIABLE,IDO,-4.079604,-11.399966,534
535,2,Digit 2,2,Digit 2,max_nhat,UNRELIABLE,IDO,71.24189810408699,0.7736879909029495,0.0007582142310848905,3,0.023574459607547338,2,2,True,387.36212546325464,0.651250076451533,0.0006382250749225023,OOD,OOD,1044.0932545277715,0.652213361964691,0.0006391690947253972,OOD,OOD,71.24189810408699,0.7736879909029495,0.0007582142310848905,UNRELIABLE,IDO,129.65753008544303,0.7501135312954021,0.0007351112606694941,OOD,OOD,233.65245046508744,0.6720335261121592,0.0006585928555899159,OOD,OOD,-3.1100771,13.1234,535
536,2,Digit 2,2,Digit 2,max_nhat,RELIABLE,RELIABLE,25.761687774836876,0.8339700338477996,0.0008172906331708436,4,0.04585746926794276,2,2,True,53.19218331125708,0.7851475904852415,0.0007694446386755367,RELIABLE,RELIABLE,481.55274833969395,0.7323277105446269,0.0007176811563337343,OOD,OOD,25.761687774836876,0.8339700338477996,0.0008172906331708436,RELIABLE,RELIABLE,81.18405076567642,0.7617079887194323,0.0007464738289450437,UNRELIABLE,IDO,42.78782939849945,0.7881125645798568,0.0007723503132882596,RELIABLE,RELIABLE,-0.59220475,-11.314413,536
537,2,Digit 2,2,Digit 2,max_nhat,RELIABLE,RELIABLE,21.393740607418483,0.8514991500839242,0.0008344691670822457,3,0.010269296654201177,2,2,True,76.03514203196222,0.7187628398150165,0.0007043875830187162,UNRELIABLE,IDO,105.91764023708504,0.7901821020258187,0.0007743784599853023,OOD,OOD,21.393740607418483,0.8514991500839242,0.0008344691670822457,RELIABLE,RELIABLE,70.35104449391076,0.841229853429723,0.0008244052563611286,UNRELIABLE,IDO,56.06873819302574,0.8128745282148174,0.000796617037650521,RELIABLE,RELIABLE,-3.2832263,-2.7222342,537
538,2,Digit 2,2,Digit 2,max_nhat,RELIABLE,RELIABLE,17.742143000007882,0.8620855037763654,0.0008448437937008381,3,0.05953977052329318,2,2,True,53.10299683578359,0.7877020647642375,0.0007719480234689527,RELIABLE,RELIABLE,235.26871876249305,0.6982850281901838,0.0006843193276263801,OOD,OOD,17.742143000007882,0.8620855037763654,0.0008448437937008381,RELIABLE,RELIABLE,57.28473467457296,0.8025457332530722,0.0007864948185880107,RELIABLE,RELIABLE,187.97087720208782,0.7564866534179591,0.0007413569203495999,OOD,OOD,11.227324,-1.8181293,538
539,2,Digit 2,2,Digit 2,max_nhat,RELIABLE,RELIABLE,17.817651921041328,0.8637351072167873,0.0008464604050724514,3,0.03027137680101699,2,2,True,71.7495595948039,0.7376555857948329,0.0007229024740789362,UNRELIABLE,IDO,51.14428478075154,0.8126262888098902,0.0007963737630336924,RELIABLE,RELIABLE,17.817651921041328,0.8637351072167873,0.0008464604050724514,RELIABLE,RELIABLE,47.60291450032351,0.8334637304157703,0.0008167944558074548,RELIABLE,RELIABLE,69.55239314173878,0.7677831545449864,0.0007524274914540866,UNRELIABLE,IDO,-12.020811,10.494085,539
540,2,Digit 2,2,Digit 2,max_nhat,RELIABLE,RELIABLE,58.012628212893844,0.7675007763056819,0.0007521507607795683,4,0.005606961977049907,2,2,True,344.7100262176917,0.6511785979796856,0.0006381550260200918,OOD,OOD,768.0868774255903,0.7514201459111212,0.0007363917429928987,OOD,OOD,58.012628212893844,0.7675007763056819,0.0007521507607795683,RELIABLE,RELIABLE,92.60813040385946,0.7427762956109075,0.0007279207696986894,OOD,OOD,147.3086869386584,0.761893814328632,0.0007466559380420593,OOD,OOD,-0.39258194,5.353042,540
541,2,Digit 2,2,Digit 2,max_nhat,RELIABLE,RELIABLE,41.831134775867866,0.7739737071883781,0.0007584942330446105,3,0.018693406298510684,2,2,True,122.22704286422763,0.6795626641484118,0.0006659714108654436,OOD,OOD,711.3294976972506,0.6506066848579437,0.0006375945511607848,OOD,OOD,41.831134775867866,0.7739737071883781,0.0007584942330446105,RELIABLE,RELIABLE,88.4408388880187,0.7552803008898674,0.0007401746948720701,OOD,OOD,136.90915341610963,0.6422144290455685,0.0006293701404646571,OOD,OOD,-1.0505573,12.693708,541
542,2,Digit 2,2,Digit 2,max_nhat,RELIABLE,RELIABLE,19.512526371234326,0.8564158686052283,0.0008392875512331238,3,0.021917342923018945,2,2,True,42.85789278472376,0.7775436563167453,0.0007619927831904104,RELIABLE,RELIABLE,117.2877781670871,0.7570226892006546,0.0007418822354166415,OOD,OOD,19.512526371234326,0.8564158686052283,0.0008392875512331238,RELIABLE,RELIABLE,25.976467128636187,0.8344985256822094,0.0008178085551685651,RELIABLE,RELIABLE,90.03873134532166,0.7633331883437026,0.0007480665245768285,OOD,OOD,-6.035395,8.098293,542
543,2,Digit 2,3,Digit 3,max_nhat,RELIABLE,RELIABLE,26.73552098975123,0.8441481043521307,0.000827265142265088,2,0.028682254021545894,3,3,True,41.14462330050398,0.7672681240248229,0.0007519227615443264,RELIABLE,RELIABLE,89.28447657521264,0.7704387359018754,0.0007550299611838379,OOD,OOD,34.825005873809545,0.8154658503305848,0.0007991565333239731,RELIABLE,RELIABLE,26.73552098975123,0.8441481043521307,0.000827265142265088,RELIABLE,RELIABLE,46.84343090652184,0.7964060439795485,0.0007804779230999575,RELIABLE,RELIABLE,1.8430759,12.80164,543
544,2,Digit 2,2,Digit 2,max_nhat,RELIABLE,RELIABLE,16.0787404690398,0.8785120125297091,0.000860941772279115,3,0.07328504091337507,2,2,True,54.09057482540034,0.7761901496693567,0.0007606663466759696,RELIABLE,RELIABLE,410.56422804384727,0.7638151617498196,0.0007485388585148231,OOD,OOD,16.0787404690398,0.8785120125297091,0.000860941772279115,RELIABLE,RELIABLE,49.02863762157891,0.805226971616334,0.0007891224321840074,RELIABLE,RELIABLE,58.23567805256727,0.7555782152608543,0.0007404666509556372,RELIABLE,RELIABLE,1.2533538,-10.101076,544
545,2,Digit 2,2,Digit 2,max_nhat,RELIABLE,RELIABLE,30.767210863670083,0.8225827455525632,0.0008061310906415118,3,0.08769582223605055,2,2,True,99.54369697682267,0.7273489038774061,0.000712801925799858,OOD,OOD,636.3589259826629,0.7007361185560448,0.0006867213961849239,OOD,OOD,30.767210863670083,0.8225827455525632,0.0008061310906415118,RELIABLE,RELIABLE,88.550181165823,0.7348869233165126,0.0007201891848501823,OOD,OOD,91.82291065598832,0.719936708195223,0.0007055379740313186,OOD,OOD,4.1403556,-10.936933,545
546,2,Digit 2,2,Digit 2,max_nhat,RELIABLE,RELIABLE,17.609771346083544,0.8779097776090268,0.0008603515820568462,3,0.029292819402248038,2,2,True,31.944514338902756,0.8174105282885091,0.0008010623177227389,RELIABLE,RELIABLE,75.29891354753963,0.7391474511835128,0.0007243645021598425,UNRELIABLE,IDO,17.609771346083544,0.8779097776090268,0.0008603515820568462,RELIABLE,RELIABLE,27.03704671805648,0.8486169582067787,0.0008316446190426431,RELIABLE,RELIABLE,103.15482464975778,0.7847162053964718,0.0007690218812885423,OOD,OOD,-9.433302,6.307594,546
547,2,Digit 2,2,Digit 2,max_nhat,RELIABLE,RELIABLE,36.695771272688646,0.8293757846333547,0.0008127882689406876,3,0.040218646545915226,2,2,True,99.44816035767231,0.7167374348533604,0.0007024026861562931,OOD,OOD,168.3804799307045,0.7577960245421347,0.0007426401040512919,OOD,OOD,36.695771272688646,0.8293757846333547,0.0008127882689406876,RELIABLE,RELIABLE,82.05774727604859,0.7891571380874395,0.0007733739953256906,UNRELIABLE,IDO,167.0450608658349,0.7497382351024772,0.0007347434704004276,OOD,OOD,-10.935227,7.7740436,547
548,2,Digit 2,2,Digit 2,max_nhat,RELIABLE,RELIABLE,59.50069334684784,0.7468380757197917,0.0007319013142053958,0,0.06074529559245889,2,2,True,130.0092507635428,0.6860927801273328,0.0006723709245247861,OOD,OOD,763.4674424332293,0.5892588175624885,0.0005774736412112387,OOD,OOD,59.50069334684784,0.7468380757197917,0.0007319013142053958,RELIABLE,RELIABLE,151.78091708817493,0.6718506750220684,0.000658413661521627,OOD,OOD,381.26367302911,0.6137163789026975,0.0006014420513246435,OOD,OOD,15.015581,-6.3863845,548
549,2,Digit 2,3,Digit 3,max_nhat,RELIABLE,RELIABLE,30.33314106093079,0.8294616523159328,0.0008128724192696141,2,0.004839419805182432,3,2,False,97.56648391033555,0.7378898982032537,0.0007231321002391886,OOD,OOD,330.7774031828365,0.7553660084073757,0.0007402586882392281,OOD,OOD,28.80718008764809,0.8246222325107504,0.0008081297878605354,RELIABLE,RELIABLE,30.33314106093079,0.8294616523159328,0.0008128724192696141,RELIABLE,RELIABLE,86.87581824112313,0.751459434507831,0.0007364302458176744,OOD,OOD,-6.1565948,26.601692,549
550,2,Digit 2,2,Digit 2,max_nhat,RELIABLE,RELIABLE,55.14492913560569,0.7874147141150131,0.0007716664198327128,0,0.06331455367866612,2,2,True,106.82573011732418,0.724100160436347,0.00070961815722762,OOD,OOD,797.2132921861335,0.6113165748114302,0.0005990902433152016,OOD,OOD,55.14492913560569,0.7874147141150131,0.0007716664198327128,RELIABLE,RELIABLE,111.24910763818384,0.6989799321585567,0.0006850003335153855,OOD,OOD,700.8474054038014,0.6848329991009113,0.000671136339118893,OOD,OOD,9.697238,-5.088146,550
551,2,Digit 2,2,Digit 2,max_nhat,RELIABLE,RELIABLE,17.3126861012095,0.8780404396047355,0.0008604796308126408,3,0.05192005145581924,2,2,True,52.38889728190759,0.7841507277830378,0.0007684677132273771,RELIABLE,RELIABLE,208.205353707499,0.7199413255983144,0.0007055424990863481,OOD,OOD,17.3126861012095,0.8780404396047355,0.0008604796308126408,RELIABLE,RELIABLE,44.214402508753395,0.8261203881489163,0.0008095979803859379,RELIABLE,RELIABLE,146.79610585461782,0.7113025365431436,0.0006970764858122806,OOD,OOD,-8.313631,5.942187,551
552,2,Digit 2,2,Digit 2,max_nhat,RELIABLE,RELIABLE,12.350858567302259,0.8990993833542332,0.0008811173956871486,3,0.052460548581378164,2,2,True,37.74161542690504,0.8028672390805238,0.0007868098942989133,RELIABLE,RELIABLE,66.44093995682825,0.8256471220148128,0.0008091341795745166,UNRELIABLE,IDO,12.350858567302259,0.8990993833542332,0.0008811173956871486,RELIABLE,RELIABLE,32.60262801805194,0.8466388347728551,0.000829706058077398,RELIABLE,RELIABLE,45.05874761962585,0.8153672705524736,0.0007990599251414242,RELIABLE,RELIABLE,5.814135,2.2179904,552
553,2,Digit 2,2,Digit 2,max_nhat,RELIABLE,RELIABLE,21.094118699878457,0.8561948266613961,0.0008390709301281682,3,0.03115705968720528,2,2,True,47.006712051737985,0.7684787572751431,0.0007531091821296402,RELIABLE,RELIABLE,106.28483252171829,0.7700435922008995,0.0007546427203568815,OOD,OOD,21.094118699878457,0.8561948266613961,0.0008390709301281682,RELIABLE,RELIABLE,30.049716027980065,0.8250377669741908,0.000808537011634707,RELIABLE,RELIABLE,93.25435754573755,0.7857047256995768,0.0007699906311855853,OOD,OOD,-5.026903,7.583899,553
554,2,Digit 2,2,Digit 2,max_nhat,RELIABLE,RELIABLE,30.991164321091002,0.8070010003894721,0.0007908609803816826,3,0.04670492110163371,2,2,True,65.71049418000061,0.7280676659218975,0.0007135063126034595,UNRELIABLE,IDO,555.4547775128121,0.6594015719108566,0.0006462135404726394,OOD,OOD,30.991164321091002,0.8070010003894721,0.0007908609803816826,RELIABLE,RELIABLE,68.08336633796593,0.7602960792878384,0.0007450901577020815,UNRELIABLE,IDO,465.56719162659545,0.7087871691970405,0.0006946114258130997,OOD,OOD,15.304439,-0.47047436,554
555,2,Digit 2,2,Digit 2,max_nhat,RELIABLE,RELIABLE,42.10679856307784,0.7903091013526897,0.000774502919325636,3,0.013929817179634152,2,2,True,138.85575776713,0.6961140357076613,0.000682191754993508,OOD,OOD,623.1016702692679,0.7314560162472524,0.0007168268959223073,OOD,OOD,42.10679856307784,0.7903091013526897,0.000774502919325636,RELIABLE,RELIABLE,87.73288385718317,0.7763792841730556,0.0007608516984895944,OOD,OOD,158.2755033266727,0.7092160545101719,0.0006950317334199685,OOD,OOD,-3.5193555,12.890241,555
556,2,Digit 2,1,Digit 1,max_nhat,OOD,OOD,350.98524209399955,0.814645786900005,0.0007983528711620048,2,0.0035572559949619276,1,2,False,114.14891119746244,0.6821045990925931,0.0006684625071107413,OOD,OOD,350.98524209399955,0.814645786900005,0.0007983528711620048,OOD,OOD,33.3510806798469,0.8110885309050431,0.0007948667602869422,RELIABLE,RELIABLE,73.36503292605573,0.7959978280711599,0.0007800778715097367,UNRELIABLE,IDO,127.62971853684384,0.7268986936015539,0.0007123607197295228,OOD,OOD,-7.602252,14.201156,556
557,2,Digit 2,0,Digit 0,max_nhat,RELIABLE,RELIABLE,25.92777442284497,0.8542798181894924,0.0008371942218257025,2,0.005587942475797414,0,2,False,25.92777442284497,0.8542798181894924,0.0008371942218257025,RELIABLE,RELIABLE,619.6069116740332,0.6824256135165614,0.0006687771012462301,OOD,OOD,22.968022711854477,0.848691875713695,0.000831718038199421,RELIABLE,RELIABLE,43.07794113599306,0.8183922974917812,0.0008020244515419456,RELIABLE,RELIABLE,104.6763758342573,0.7244941563173898,0.0007100042731910419,OOD,OOD,15.337488,-11.919288,557
558,2,Digit 2,2,Digit 2,max_nhat,RELIABLE,RELIABLE,33.15478870120478,0.823298593893543,0.0008068326220156721,0,0.05430747676392045,2,2,True,59.85791435618351,0.7689911171296225,0.00075361129478703,RELIABLE,RELIABLE,244.78658563158396,0.6979002306852709,0.0006839422260715654,OOD,OOD,33.15478870120478,0.823298593893543,0.0008068326220156721,RELIABLE,RELIABLE,68.85683667362282,0.7681551544088719,0.0007527920513206945,UNRELIABLE,IDO,484.8919182430302,0.7613802964247902,0.0007461526904962944,OOD,OOD,12.000031,-2.8772876,558
559,2,Digit 2,2,Digit 2,max_nhat,RELIABLE,RELIABLE,38.805013022261505,0.8182519380439409,0.0008018868992830621,3,0.05066900147155751,2,2,True,65.84382679897817,0.7551990329473004,0.0007400950522883544,UNRELIABLE,IDO,435.7165656208998,0.7132447956015068,0.0006989798996894766,OOD,OOD,38.805013022261505,0.8182519380439409,0.0008018868992830621,RELIABLE,RELIABLE,87.78992232472916,0.7675829365723834,0.0007522312778409357,OOD,OOD,306.220195722936,0.7419059069348035,0.0007270677887961074,OOD,OOD,1.9279131,-4.0635257,559
560,2,Digit 2,2,Digit 2,max_nhat,RELIABLE,RELIABLE,17.044916666317935,0.8663891210308654,0.000849061338610248,4,0.009549547288043914,2,2,True,40.961491821612455,0.7776195841757401,0.0007620671924922252,RELIABLE,RELIABLE,74.57308504861147,0.8422364506593115,0.0008253917216461253,UNRELIABLE,IDO,17.044916666317935,0.8663891210308654,0.000849061338610248,RELIABLE,RELIABLE,33.117071964091565,0.8210273442819913,0.0008046067973963515,RELIABLE,RELIABLE,52.52941811950045,0.8568395737428215,0.000839702782267965,RELIABLE,RELIABLE,5.433628,5.0218453,560
561,2,Digit 2,2,Digit 2,max_nhat,RELIABLE,RELIABLE,29.71887901138238,0.815595199585997,0.000799283295594277,0,0.07265850645031979,2,2,True,76.44144509132684,0.7429366931356772,0.0007280779592729636,UNRELIABLE,IDO,534.2078000980692,0.6076325740837595,0.0005954799226020842,OOD,OOD,29.71887901138238,0.815595199585997,0.000799283295594277,RELIABLE,RELIABLE,96.99415939536154,0.7268525983856415,0.0007123155464179286,OOD,OOD,354.6169263620118,0.7060623832252363,0.0006919411355607315,OOD,OOD,13.2556925,-6.287581,561
562,2,Digit 2,2,Digit 2,max_nhat,RELIABLE,RELIABLE,26.66951667511728,0.8297761850548608,0.0008131806613537636,0,0.0293320478723067,2,2,True,44.949386014214475,0.8004441371825541,0.000784435254438903,RELIABLE,RELIABLE,418.24393938702445,0.6811132910981929,0.000667491025276229,OOD,OOD,26.66951667511728,0.8297761850548608,0.0008131806613537636,RELIABLE,RELIABLE,56.566237089046055,0.7821675075201758,0.0007665241573697723,RELIABLE,RELIABLE,127.3576304277606,0.754836273791384,0.0007397395483155563,OOD,OOD,7.513467,-0.047266774,562
563,2,Digit 2,2,Digit 2,max_nhat,RELIABLE,RELIABLE,52.96374528664862,0.7767658559403621,0.0007612305388215548,0,0.0149509578687127,2,0,False,52.443811050292155,0.7618148980716494,0.0007465786001102163,RELIABLE,RELIABLE,924.7809454070809,0.6823516759467194,0.000668704642427785,OOD,OOD,52.96374528664862,0.7767658559403621,0.0007612305388215548,RELIABLE,RELIABLE,97.60775287252518,0.701757470034231,0.0006877223206335463,OOD,OOD,259.8156717855071,0.6744176702254371,0.0006609293168209283,OOD,OOD,15.400619,-10.516564,563
564,2,Digit 2,2,Digit 2,max_nhat,RELIABLE,RELIABLE,32.69568153997274,0.8313648071532947,0.0008147375110102289,3,0.0774081110458289,2,2,True,53.97653542455009,0.7423578018327716,0.0007275106457961161,RELIABLE,RELIABLE,1244.3681306580347,0.6623936232987058,0.0006491457508327317,OOD,OOD,32.69568153997274,0.8313648071532947,0.0008147375110102289,RELIABLE,RELIABLE,93.0882412559374,0.7539566961074659,0.0007388775621853165,OOD,OOD,100.92155271418673,0.7214570849121887,0.0007070279432139449,OOD,OOD,5.7016873,-8.185293,564
565,2,Digit 2,1,Digit 1,max_nhat,OOD,OOD,529.3703157461647,0.8391168495130936,0.0008223345125228318,2,0.017469280003204135,1,2,False,355.1995317874721,0.6963584346390282,0.0006824312659462476,OOD,OOD,529.3703157461647,0.8391168495130936,0.0008223345125228318,OOD,OOD,42.07678896406754,0.8216475695098895,0.0008052146181196917,RELIABLE,RELIABLE,57.3800442967257,0.8018187924075216,0.0007857824165593712,RELIABLE,RELIABLE,133.94318350610374,0.7737733525354952,0.0007582978854847852,OOD,OOD,-10.407126,15.217051,565
566,2,Digit 2,2,Digit 2,max_nhat,RELIABLE,RELIABLE,28.462753562788283,0.8358438275151999,0.0008191269509648959,3,0.04333308376120071,2,2,True,100.19406375755669,0.7131012924516074,0.0006988392666025752,OOD,OOD,335.04000282351285,0.7057306525602659,0.0006916160395090606,OOD,OOD,28.462753562788283,0.8358438275151999,0.0008191269509648959,RELIABLE,RELIABLE,88.55123174804855,0.7925107437539992,0.0007766605288789192,OOD,OOD,122.63552699096888,0.63505143765104,0.0006223504088980192,OOD,OOD,-7.161553,6.909098,566
567,2,Digit 2,2,Digit 2,max_nhat,RELIABLE,RELIABLE,23.749782125298434,0.8349751971459861,0.0008182756932030664,3,0.030703395615707785,2,2,True,94.15182213765698,0.7135012257522052,0.0006992312012371611,OOD,OOD,236.8971100473266,0.7419171905506386,0.0007270788467396258,OOD,OOD,23.749782125298434,0.8349751971459861,0.0008182756932030664,RELIABLE,RELIABLE,69.16883862262111,0.8042718015302783,0.0007881863654996727,UNRELIABLE,IDO,132.38714750847572,0.6822497796331721,0.0006686047840405087,OOD,OOD,-5.80179,9.856036,567
568,2,Digit 2,2,Digit 2,max_nhat,RELIABLE,RELIABLE,17.69904680842628,0.8672009279391,0.000849856909380318,3,0.04623491454200168,2,2,True,69.38891161372833,0.721761022807023,0.0007073258023508825,UNRELIABLE,IDO,305.23738028840114,0.7266348896975384,0.0007121021919035876,OOD,OOD,17.69904680842628,0.8672009279391,0.000849856909380318,RELIABLE,RELIABLE,43.19038204421321,0.8209660133970983,0.0008045466931291563,RELIABLE,RELIABLE,62.738340334529546,0.7709256896732983,0.0007555071758798324,UNRELIABLE,IDO,8.695101,7.730461,568
569,2,Digit 2,2,Digit 2,max_nhat,RELIABLE,RELIABLE,61.39665200684864,0.7395717641584367,0.000724780328875268,3,0.008030978033004788,2,3,False,142.03884937010037,0.6589439437613591,0.0006457650648861319,OOD,OOD,384.19950217522614,0.7074314277450423,0.0006932827991901414,OOD,OOD,61.39665200684864,0.7395717641584367,0.000724780328875268,RELIABLE,RELIABLE,60.69290132411615,0.7315407861254319,0.0007169099704029233,RELIABLE,RELIABLE,103.11397599189412,0.7101547566132331,0.0006959516614809684,OOD,OOD,-3.7245376,17.609451,569
570,2,Digit 2,2,Digit 2,max_nhat,RELIABLE,RELIABLE,36.764586911527154,0.8058799772033336,0.0007897623776592669,3,0.08853263078032658,2,2,True,114.8173042336378,0.6809641384121289,0.0006673448556438863,OOD,OOD,725.2412615968215,0.636451361126428,0.0006237223339038994,OOD,OOD,36.764586911527154,0.8058799772033336,0.0007897623776592669,RELIABLE,RELIABLE,133.11212265709406,0.717347346423007,0.0007030003994945469,OOD,OOD,155.9482954314829,0.6899557460841629,0.0006761566311624796,OOD,OOD,4.974121,-4.6810913,570
571,2,Digit 2,2,Digit 2,max_nhat,RELIABLE,RELIABLE,22.753687060368673,0.8382351482164356,0.0008214704452521069,3,0.01555172447925579,2,2,True,90.96664866458039,0.7256951444206734,0.0007111812415322599,OOD,OOD,222.52153865763592,0.6989831659591953,0.0006850035026400113,OOD,OOD,22.753687060368673,0.8382351482164356,0.0008214704452521069,RELIABLE,RELIABLE,73.14643651202954,0.8226834237371798,0.0008062297552624362,UNRELIABLE,IDO,175.92641501421863,0.6976678020397932,0.0006837144459989973,OOD,OOD,5.4592514,10.45096,571
572,2,Digit 2,2,Digit 2,max_nhat,RELIABLE,RELIABLE,27.20973583651562,0.8334718998498759,0.0008168024618528784,4,0.020669319321715895,2,2,True,66.25458510637789,0.7485931696727034,0.0007336213062792493,UNRELIABLE,IDO,258.971415766689,0.7787078930731531,0.0007631337352116901,OOD,OOD,27.20973583651562,0.8334718998498759,0.0008168024618528784,RELIABLE,RELIABLE,64.29670899139354,0.7429954581490982,0.0007281355489861162,UNRELIABLE,IDO,38.669714967107126,0.81280258052816,0.0007965465289175968,RELIABLE,RELIABLE,-3.5721714,-12.764348,572
573,2,Digit 2,2,Digit 2,max_nhat,RELIABLE,RELIABLE,10.63006647948235,0.9074433975494142,0.0008892945295984259,3,0.0853775986581381,2,2,True,47.39184796928732,0.7763276100535605,0.0007608010578524893,RELIABLE,RELIABLE,224.5684187358026,0.7606951616192077,0.0007454812583868235,OOD,OOD,10.63006647948235,0.9074433975494142,0.0008892945295984259,RELIABLE,RELIABLE,45.39765057261544,0.8220657988912761,0.0008056244829134506,RELIABLE,RELIABLE,81.84871905876149,0.7531870441595337,0.0007381233032763431,UNRELIABLE,IDO,5.6560955,0.4577751,573
574,2,Digit 2,2,Digit 2,max_nhat,RELIABLE,RELIABLE,23.30934670278003,0.83133293038693,0.0008147062717791914,4,0.059052705568922725,2,2,True,74.51591974324427,0.736519833714083,0.0007217894370398013,UNRELIABLE,IDO,466.796863021101,0.760971299022626,0.0007457518730421734,OOD,OOD,23.30934670278003,0.83133293038693,0.0008147062717791914,RELIABLE,RELIABLE,77.00686959595552,0.7628394210285793,0.0007475826326080076,UNRELIABLE,IDO,71.33604099398649,0.7722802248180073,0.0007568346203216471,UNRELIABLE,IDO,-1.5730318,-11.849741,574
575,2,Digit 2,2,Digit 2,max_nhat,RELIABLE,RELIABLE,35.11228121917971,0.8040607053838482,0.0007879794912761712,0,0.026655811798678375,2,2,True,87.16765611449438,0.7774048935851698,0.0007618567957134665,OOD,OOD,1003.2977673688807,0.6518067708275594,0.0006387706354110082,OOD,OOD,35.11228121917971,0.8040607053838482,0.0007879794912761712,RELIABLE,RELIABLE,114.30503008036005,0.7381567518407246,0.00072339361680391,OOD,OOD,137.8162185421849,0.7527403707122753,0.0007376855632980297,OOD,OOD,12.641705,-6.7784886,575
576,2,Digit 2,2,Digit 2,max_nhat,RELIABLE,RELIABLE,18.604437777255566,0.8585847559211257,0.0008414130608027032,3,0.04813178211427194,2,2,True,71.81363468204763,0.7009177678621166,0.0006868994125048743,UNRELIABLE,IDO,417.1401264895049,0.669196207364552,0.0006558122832172609,OOD,OOD,18.604437777255566,0.8585847559211257,0.0008414130608027032,RELIABLE,RELIABLE,63.7228529442709,0.8104529738068538,0.0007942439143307166,UNRELIABLE,IDO,284.1489675394183,0.7509416977375027,0.0007359228637827526,OOD,OOD,4.289554,-5.880367,576
577,2,Digit 2,2,Digit 2,max_nhat,RELIABLE,RELIABLE,24.027576633027472,0.8471402657298622,0.0008301974604152649,3,0.008291843594332327,2,2,True,80.19708301033609,0.761775214066566,0.0007465397097852347,UNRELIABLE,IDO,315.94532903916183,0.7205281352807079,0.0007061175725750937,OOD,OOD,24.027576633027472,0.8471402657298622,0.0008301974604152649,RELIABLE,RELIABLE,27.823760333838628,0.8388484221355299,0.0008220714536928193,RELIABLE,RELIABLE,60.514563078091086,0.7498426312378185,0.0007348457786130621,RELIABLE,RELIABLE,-1.1726726,30.527792,577
578,2,Digit 2,2,Digit 2,max_nhat,RELIABLE,RELIABLE,35.3783334044605,0.8240802813299217,0.0008075986757033232,3,0.05026298297283038,2,2,True,124.14356487874724,0.7243556172044698,0.0007098685048603804,OOD,OOD,261.7790106886753,0.7610189115084511,0.0007457985332782821,OOD,OOD,35.3783334044605,0.8240802813299217,0.0008075986757033232,RELIABLE,RELIABLE,129.12677329490413,0.7738172983570913,0.0007583409523899495,OOD,OOD,144.63298378097323,0.7484789232455027,0.0007335093447805927,OOD,OOD,-11.502181,-8.859511,578
579,2,Digit 2,2,Digit 2,max_nhat,RELIABLE,RELIABLE,41.38445711545113,0.7811764990580948,0.0007655529690769329,3,0.025042650426200463,2,2,True,106.0419657920146,0.6562869576508001,0.0006431612184977842,OOD,OOD,298.7290487884464,0.6566373107188208,0.0006435045645044444,OOD,OOD,41.38445711545113,0.7811764990580948,0.0007655529690769329,RELIABLE,RELIABLE,69.54571954657165,0.7561338486318944,0.0007410111716592564,UNRELIABLE,IDO,121.88740547077947,0.622005456336781,0.0006095653472100453,OOD,OOD,-6.1677575,9.64594,579
580,2,Digit 2,0,Digit 0,max_nhat,OOD,OOD,128.4461579057302,0.7858815166375066,0.0007701638863047564,2,0.013926156265848921,0,2,False,128.4461579057302,0.7858815166375066,0.0007701638863047564,OOD,OOD,954.3233921063415,0.7052008346087721,0.0006910968179165966,OOD,OOD,80.69808503220314,0.7719553603716577,0.0007565162531642245,UNRELIABLE,IDO,176.02729734876567,0.7118610095653857,0.0006976237893740779,OOD,OOD,136.9770864700097,0.7565880790798654,0.0007414563174982681,OOD,OOD,11.221025,-13.748025,580
581,2,Digit 2,2,Digit 2,max_nhat,RELIABLE,RELIABLE,24.665690156095245,0.8333181042589491,0.0008166517421737701,3,0.030644737376626652,2,2,True,77.7868814020381,0.7235064119459591,0.0007090362837070399,UNRELIABLE,IDO,332.7279543036746,0.6712342146031212,0.0006578095303110587,OOD,OOD,24.665690156095245,0.8333181042589491,0.0008166517421737701,RELIABLE,RELIABLE,87.43314128263388,0.8026733668823225,0.0007866198995446761,OOD,OOD,66.97884914274748,0.7529731828518252,0.0007379137191947887,UNRELIABLE,IDO,11.221404,0.1505219,581
582,2,Digit 2,2,Digit 2,max_nhat,RELIABLE,RELIABLE,33.434256050135616,0.8005489894219286,0.0007845380096334901,3,0.007574692816724959,2,2,True,135.6770653328805,0.7512161365649723,0.0007361918138336728,OOD,OOD,690.0993185463524,0.7060380757374101,0.0006919173142226618,OOD,OOD,33.434256050135616,0.8005489894219286,0.0007845380096334901,RELIABLE,RELIABLE,34.97037344047753,0.7929742966052037,0.0007771148106730996,RELIABLE,RELIABLE,85.81002113931476,0.7682714126100619,0.0007529059843578606,OOD,OOD,8.528339,9.596889,582
583,2,Digit 2,4,Digit 4,max_nhat,RELIABLE,RELIABLE,48.04777554438918,0.8456170519100369,0.0008287047108718361,2,0.026442004783598927,4,2,False,54.50613562273048,0.7757588902800642,0.0007602437124744629,RELIABLE,RELIABLE,672.4920971038302,0.760512404156626,0.0007453021560734935,OOD,OOD,27.26028039502447,0.819175047126438,0.0008027915461839092,RELIABLE,RELIABLE,63.47603782541487,0.7478483285371397,0.0007328913619663969,UNRELIABLE,IDO,48.04777554438918,0.8456170519100369,0.0008287047108718361,RELIABLE,RELIABLE,1.1393073,-12.111667,583
584,2,Digit 2,2,Digit 2,max_nhat,RELIABLE,RELIABLE,21.617774069636766,0.8557337997139289,0.0008386191237196503,3,0.11392275352097281,2,2,True,91.94411796478133,0.7349195963473761,0.0007202212044204286,OOD,OOD,621.3780589489138,0.6009315760404776,0.000588912944519668,OOD,OOD,21.617774069636766,0.8557337997139289,0.0008386191237196503,RELIABLE,RELIABLE,79.12554087894883,0.7418110461929561,0.000726974825269097,UNRELIABLE,IDO,393.7347865617162,0.7143017099449113,0.000700015675746013,OOD,OOD,9.737974,-6.7332377,584
585,2,Digit 2,3,Digit 3,max_nhat,RELIABLE,RELIABLE,23.32749587399551,0.8457272872806896,0.0008288127415350758,2,0.00037686011850224244,3,3,True,34.37623348924556,0.8021476480490285,0.0007861046950880479,RELIABLE,RELIABLE,184.35904852658712,0.8064780646066737,0.0007903485033145402,OOD,OOD,24.26583125266301,0.8453504271621873,0.0008284434186189435,RELIABLE,RELIABLE,23.32749587399551,0.8457272872806896,0.0008288127415350758,RELIABLE,RELIABLE,76.99077711209782,0.791928215503851,0.0007760896511937739,UNRELIABLE,IDO,-6.7351074,21.831718,585
586,2,Digit 2,2,Digit 2,max_nhat,RELIABLE,RELIABLE,32.959424263719505,0.8269063766432081,0.0008103682491103439,0,0.04660172261866535,2,2,True,44.02060505240561,0.7803046540245427,0.0007646985609440519,RELIABLE,RELIABLE,726.4864580362434,0.628779217316138,0.0006162036329698152,OOD,OOD,32.959424263719505,0.8269063766432081,0.0008103682491103439,RELIABLE,RELIABLE,71.6646055288274,0.759496507479606,0.0007443065773300138,UNRELIABLE,IDO,388.8929149009478,0.7640233832965544,0.0007487429156306232,OOD,OOD,13.35714,-10.058571,586
587,2,Digit 2,2,Digit 2,max_nhat,RELIABLE,RELIABLE,18.368463754457576,0.8621022793804545,0.0008448602337928453,3,0.018694411419507895,2,2,True,59.34370091425793,0.7496748149489229,0.0007346813186499444,RELIABLE,RELIABLE,118.9090588608259,0.7289824792627334,0.0007144028296774787,OOD,OOD,18.368463754457576,0.8621022793804545,0.0008448602337928453,RELIABLE,RELIABLE,61.86440266299468,0.8434078679609466,0.0008265397106017276,RELIABLE,RELIABLE,75.51157082759872,0.7791932114916467,0.0007636093472618138,UNRELIABLE,IDO,10.515405,-0.47090656,587
588,2,Digit 2,2,Digit 2,max_nhat,UNRELIABLE,IDO,67.28598375756265,0.7480151422528742,0.0007330548394078167,3,0.025864884642546215,2,2,True,213.0160876966144,0.6417747136350377,0.0006289392193623369,OOD,OOD,643.1844715928839,0.708598832454863,0.0006944268558057657,OOD,OOD,67.28598375756265,0.7480151422528742,0.0007330548394078167,UNRELIABLE,IDO,193.49872737377902,0.722150257610328,0.0007077072524581215,OOD,OOD,190.78864597034183,0.7129336002832265,0.000698674928277562,OOD,OOD,-4.3270526,-10.949921,588
589,2,Digit 2,2,Digit 2,max_nhat,RELIABLE,RELIABLE,18.897111588275802,0.8776415864589151,0.0008600887547297368,3,0.026968687839418304,2,2,True,73.77556540027072,0.732461132543589,0.0007178119098927172,UNRELIABLE,IDO,273.27823058244496,0.7905914200681529,0.0007747795916667897,OOD,OOD,18.897111588275802,0.8776415864589151,0.0008600887547297368,RELIABLE,RELIABLE,36.171517559267315,0.8506728986194968,0.0008336594406471069,RELIABLE,RELIABLE,85.5801968087949,0.8064153121111406,0.0007902870058689177,OOD,OOD,1.1545246,6.9761467,589
590,2,Digit 2,2,Digit 2,max_nhat,RELIABLE,RELIABLE,53.00844544238865,0.8129868326231282,0.0007967270959706657,3,0.04161866501133327,2,2,True,191.41206071716005,0.6626053032009375,0.0006493531971369187,OOD,OOD,692.1366963407696,0.6790586725609028,0.0006654774991096847,OOD,OOD,53.00844544238865,0.8129868326231282,0.0007967270959706657,RELIABLE,RELIABLE,133.43423517126564,0.7713681676117949,0.000755940804259559,OOD,OOD,271.70653534205417,0.66320107270689,0.0006499370512527522,OOD,OOD,-6.226768,1.839904,590
591,2,Digit 2,2,Digit 2,max_nhat,RELIABLE,RELIABLE,18.696620706677564,0.8721176310376471,0.0008546752784168941,3,0.012817789402599922,2,2,True,51.458649982538404,0.7336504519399669,0.0007189774429011675,RELIABLE,RELIABLE,160.7109744740667,0.7647598553331157,0.0007494646582264534,OOD,OOD,18.696620706677564,0.8721176310376471,0.0008546752784168941,RELIABLE,RELIABLE,31.077708625592685,0.8592998416350471,0.0008421138448023462,RELIABLE,RELIABLE,60.78484361394194,0.8090364352112338,0.0007928557065070091,RELIABLE,RELIABLE,6.99502,8.126949,591
592,2,Digit 2,4,Digit 4,max_nhat,RELIABLE,RELIABLE,37.414632324789565,0.8296651979050392,0.0008130718939469385,2,0.023403869308049163,4,2,False,68.71854235712607,0.7517131180046085,0.0007366788556445163,UNRELIABLE,IDO,157.5397874824671,0.7878674301857307,0.000772110081582016,OOD,OOD,32.23494613232239,0.8062613285969901,0.0007901361020250503,RELIABLE,RELIABLE,51.935467569256815,0.7860485579207174,0.000770327586762303,RELIABLE,RELIABLE,37.414632324789565,0.8296651979050392,0.0008130718939469385,RELIABLE,RELIABLE,-13.567224,-10.036065,592
593,2,Digit 2,2,Digit 2,max_nhat,RELIABLE,RELIABLE,16.460398401555548,0.8843515866809001,0.0008666645549472821,3,0.011563302243469242,2,2,True,37.32426637931801,0.79204841684969,0.0007762074485126962,RELIABLE,RELIABLE,246.32085385764563,0.8136923256689081,0.00079741847915553,OOD,OOD,16.460398401555548,0.8843515866809001,0.0008666645549472821,RELIABLE,RELIABLE,17.587340226720833,0.8727882844374308,0.0008553325187486822,RELIABLE,RELIABLE,34.680952046686116,0.8334617424066373,0.0008167925075585046,RELIABLE,RELIABLE,8.798754,11.1696,593
594,2,Digit 2,2,Digit 2,max_nhat,RELIABLE,RELIABLE,16.04021307403368,0.8933990456691996,0.0008755310647558155,3,0.09548923606001714,2,2,True,70.86352690559228,0.7456125822482154,0.0007307003306032511,UNRELIABLE,IDO,565.5232450596352,0.6857083176402167,0.0006719941512874123,OOD,OOD,16.04021307403368,0.8933990456691996,0.0008755310647558155,RELIABLE,RELIABLE,64.77526506742092,0.7979098096091825,0.0007819516134169988,UNRELIABLE,IDO,154.20272935492147,0.751530903565604,0.0007365002854942919,OOD,OOD,4.0101304,-7.4701114,594
595,2,Digit 2,2,Digit 2,max_nhat,RELIABLE,RELIABLE,38.16736333423134,0.8350802118436573,0.0008183786076067841,1,0.05807014068457961,2,2,True,139.15025232711827,0.6674999884416918,0.0006541499886728579,OOD,OOD,254.51964000602462,0.7770100711590777,0.0007614698697358961,OOD,OOD,38.16736333423134,0.8350802118436573,0.0008183786076067841,RELIABLE,RELIABLE,77.47452435638414,0.7655583741315678,0.0007502472066489365,UNRELIABLE,IDO,114.03689081564373,0.7340658271411309,0.0007193845105983082,OOD,OOD,0.19856267,7.4276395,595
596,2,Digit 2,2,Digit 2,max_nhat,RELIABLE,RELIABLE,26.353962715427866,0.8729919179302537,0.0008555320795716485,3,0.08585479749358893,2,2,True,135.84138666554236,0.7177864148624267,0.0007034306865651781,OOD,OOD,145.69654138447555,0.7621656226870094,0.0007469223102332692,OOD,OOD,26.353962715427866,0.8729919179302537,0.0008555320795716485,RELIABLE,RELIABLE,129.74727467656226,0.7871371204366647,0.0007713943780279314,OOD,OOD,111.64662028158459,0.7744128057595985,0.0007589245496444065,OOD,OOD,1.8311872,-0.11840649,596
597,2,Digit 2,3,Digit 3,max_nhat,RELIABLE,RELIABLE,52.94654868350885,0.8091772296155906,0.0007929936850232787,2,0.00901857414495888,3,2,False,88.43528631237689,0.7522611981435885,0.0007372159741807167,OOD,OOD,467.8894216867693,0.6724738550922151,0.0006590243779903708,OOD,OOD,31.824492367634264,0.8001586554706317,0.000784155482361219,RELIABLE,RELIABLE,52.94654868350885,0.8091772296155906,0.0007929936850232787,RELIABLE,RELIABLE,124.09417570857045,0.7379418182891835,0.0007231829819233997,OOD,OOD,-4.8285894,9.409677,597
598,2,Digit 2,2,Digit 2,max_nhat,RELIABLE,RELIABLE,36.4898508111833,0.7846507853016071,0.000768957769595575,3,0.03257068707639821,2,2,True,109.68878032373566,0.703184925345099,0.000689121226838197,OOD,OOD,919.497388418976,0.676638441035608,0.0006631056722148958,OOD,OOD,36.4898508111833,0.7846507853016071,0.000768957769595575,RELIABLE,RELIABLE,105.27251005200272,0.7520800982252089,0.0007370384962607047,OOD,OOD,184.586066378051,0.6833492551950074,0.0006696822700911073,OOD,OOD,5.7172823,-4.3293986,598
599,2,Digit 2,2,Digit 2,max_nhat,RELIABLE,RELIABLE,39.93218302695559,0.8322091077574962,0.0008155649256023462,3,0.08983283395950037,2,2,True,175.2908436241069,0.635315499428012,0.0006226091894394517,OOD,OOD,471.8638896462776,0.7104548502644502,0.0006962457532591612,OOD,OOD,39.93218302695559,0.8322091077574962,0.0008155649256023462,RELIABLE,RELIABLE,104.43729866789712,0.7423762737979959,0.0007275287483220359,OOD,OOD,142.18959297355622,0.7117913238712624,0.0006975554973938371,OOD,OOD,2.258954,4.9449673,599
600,3,Digit 3,3,Digit 3,max_nhat,UNRELIABLE,IDO,84.15565724379566,0.6892169735305566,0.0006754326340599454,0,0.04002100687303489,3,3,True,253.47905683388183,0.6491959666575217,0.0006362120473243712,OOD,OOD,1608.1345706552954,0.5814690663215716,0.0005698396849951401,OOD,OOD,172.99321193057384,0.6445717441258972,0.0006316803092433793,OOD,OOD,84.15565724379566,0.6892169735305566,0.0006754326340599454,UNRELIABLE,IDO,195.19948385706792,0.6487531676427737,0.0006357781042899182,OOD,OOD,1.1128508,43.09174,600
601,3,Digit 3,3,Digit 3,max_nhat,RELIABLE,RELIABLE,37.522964649584296,0.8331149229682118,0.0008164526245088475,2,0.039926827469337955,3,3,True,77.95795070384891,0.7269506716642345,0.0007124116582309498,UNRELIABLE,IDO,165.50566341985913,0.791423210159989,0.0007755947459567892,OOD,OOD,53.20238866829628,0.7931880954988738,0.0007773243335888963,RELIABLE,RELIABLE,37.522964649584296,0.8331149229682118,0.0008164526245088475,RELIABLE,RELIABLE,356.18185975921256,0.7502283046457875,0.0007352237385528718,OOD,OOD,8.872774,30.443777,601
602,3,Digit 3,3,Digit 3,max_nhat,UNRELIABLE,IDO,82.18379668028072,0.755238447263212,0.0007401336783179477,2,0.05137573932804229,3,3,True,168.2804751395621,0.6420066780642576,0.0006291665445029725,OOD,OOD,974.2698498536438,0.6715148313552951,0.0006580845347281892,OOD,OOD,196.10529007201362,0.7038627079351697,0.0006897854537764663,OOD,OOD,82.18379668028072,0.755238447263212,0.0007401336783179477,UNRELIABLE,IDO,121.35983545787974,0.6931435740782462,0.0006792807025966812,OOD,OOD,-15.281531,33.981857,602
603,3,Digit 3,1,Digit 1,max_nhat,UNRELIABLE,IDO,81.96843886782548,0.8472985726571867,0.000830352601204043,3,0.012646421423499254,1,3,False,86.90673632103643,0.7130710998108472,0.0006988096778146302,OOD,OOD,81.96843886782548,0.8472985726571867,0.000830352601204043,UNRELIABLE,IDO,78.6127641317157,0.8043769731550369,0.0007882894336919361,UNRELIABLE,IDO,28.95219376962126,0.8346521512336874,0.0008179591082090136,RELIABLE,RELIABLE,74.54027666145323,0.7380634541147216,0.0007233021850324272,UNRELIABLE,IDO,3.1067123,25.05544,603
604,3,Digit 3,3,Digit 3,max_nhat,UNRELIABLE,IDO,79.87676830021744,0.7483546147949751,0.0007333875224990756,0,0.0016588014650990024,3,4,False,91.24839482031285,0.7466958133298761,0.0007317618970632785,OOD,OOD,1158.1687858879168,0.6858091486700136,0.0006720929656966134,OOD,OOD,88.1082545675729,0.7083901758576088,0.0006942223723404566,OOD,OOD,79.87676830021744,0.7483546147949751,0.0007333875224990756,UNRELIABLE,IDO,74.97663026679862,0.7377340426146969,0.0007229793617624029,UNRELIABLE,IDO,-18.397179,31.889927,604
605,3,Digit 3,3,Digit 3,max_nhat,RELIABLE,RELIABLE,29.459605478567596,0.8296013643787741,0.0008130093370911985,2,0.007333028105875217,3,3,True,70.99664844170672,0.6915539722418482,0.0006777228927970112,UNRELIABLE,IDO,119.98623340823627,0.7886193198841215,0.0007728469334864391,OOD,OOD,53.522618500291166,0.8222683362728989,0.0008058229695474409,RELIABLE,RELIABLE,29.459605478567596,0.8296013643787741,0.0008130093370911985,RELIABLE,RELIABLE,211.092487044696,0.732399463594437,0.0007177514743225482,OOD,OOD,6.8178663,22.699081,605
606,3,Digit 3,3,Digit 3,max_nhat,RELIABLE,RELIABLE,11.67188991401608,0.900313707295167,0.0008823074331492637,2,0.04769613973628495,3,3,True,36.477458672323145,0.7891830265471457,0.0007733993660162027,RELIABLE,RELIABLE,106.90064075785287,0.8278104663785177,0.0008112542570509473,OOD,OOD,24.46937184953011,0.8526175675588821,0.0008355652162077044,RELIABLE,RELIABLE,11.67188991401608,0.900313707295167,0.0008823074331492637,RELIABLE,RELIABLE,41.73225527219864,0.792094245438548,0.000776252360529777,RELIABLE,RELIABLE,-5.2041607,29.607769,606
607,3,Digit 3,3,Digit 3,max_nhat,RELIABLE,RELIABLE,31.924587488017092,0.8165935931387117,0.0008002617212759374,2,0.024383532919531437,3,3,True,154.19603639938035,0.727630527745253,0.000713077917190348,OOD,OOD,618.9089711403723,0.7584245591293791,0.0007432560679467915,OOD,OOD,38.29535650374406,0.7922100602191803,0.0007763658590147967,RELIABLE,RELIABLE,31.924587488017092,0.8165935931387117,0.0008002617212759374,RELIABLE,RELIABLE,79.71946432091637,0.7560515558447565,0.0007409305247278613,UNRELIABLE,IDO,-12.74788,37.70862,607
608,3,Digit 3,1,Digit 1,max_nhat,UNRELIABLE,IDO,78.27719553196515,0.8644034281318879,0.0008471153595692501,3,0.0022816823440129363,1,3,False,57.145684220238934,0.7628873689402966,0.0007476296215614906,RELIABLE,RELIABLE,78.27719553196515,0.8644034281318879,0.0008471153595692501,UNRELIABLE,IDO,32.33081095062147,0.8045293236922181,0.0007884387372183737,RELIABLE,RELIABLE,18.144100034247817,0.8621217457878749,0.0008448793108721174,RELIABLE,RELIABLE,71.51538590197192,0.75246839159562,0.0007374190237637075,UNRELIABLE,IDO,-6.163603,30.394829,608
609,3,Digit 3,3,Digit 3,max_nhat,RELIABLE,RELIABLE,47.348494507629155,0.8080510906125407,0.0007918900688002899,2,0.04602530187715714,3,3,True,79.57561851337508,0.7174859758646857,0.0007031362563473919,UNRELIABLE,IDO,297.5606736364351,0.7294365063366991,0.0007148477762099651,OOD,OOD,70.1828696999416,0.7620257887353835,0.0007467852729606758,UNRELIABLE,IDO,47.348494507629155,0.8080510906125407,0.0007918900688002899,RELIABLE,RELIABLE,69.49580311830567,0.7285155627263268,0.0007139452514718002,UNRELIABLE,IDO,4.2168474,42.126865,609
610,3,Digit 3,3,Digit 3,max_nhat,RELIABLE,RELIABLE,9.571867437240671,0.917859459544314,0.0008995022703534277,2,0.06649386739602903,3,3,True,45.852458313965585,0.7870306321037711,0.0007712900194616957,RELIABLE,RELIABLE,145.56519752145354,0.760270224296294,0.0007450648198103681,OOD,OOD,27.16248837430287,0.851365592148285,0.0008343382803053193,RELIABLE,RELIABLE,9.571867437240671,0.917859459544314,0.0008995022703534277,RELIABLE,RELIABLE,64.73348755676193,0.7577166243489134,0.0007425622918619351,UNRELIABLE,IDO,-1.9094973,28.95824,610
611,3,Digit 3,3,Digit 3,max_nhat,RELIABLE,RELIABLE,34.162955170952856,0.8016753421232559,0.0007856418352807907,0,0.06118277990241883,3,3,True,86.05636419834244,0.740492562220837,0.0007256827109764203,OOD,OOD,426.04319772049195,0.65667405316247,0.0006435405720992205,OOD,OOD,86.20190282137465,0.7261058903840445,0.0007115837725763636,OOD,OOD,34.162955170952856,0.8016753421232559,0.0007856418352807907,RELIABLE,RELIABLE,271.54520405103017,0.7341637275089885,0.0007194804529588087,OOD,OOD,7.33864,39.482754,611
612,3,Digit 3,3,Digit 3,max_nhat,RELIABLE,RELIABLE,36.242433862488376,0.8150184122180159,0.0007987180439736555,2,0.03897692299558453,3,3,True,57.80913199158597,0.762567728069147,0.000747316373507764,RELIABLE,RELIABLE,298.251090721809,0.7563828268211213,0.0007412551702846989,OOD,OOD,42.83191392386109,0.7760414892224313,0.0007605206594379827,RELIABLE,RELIABLE,36.242433862488376,0.8150184122180159,0.0007987180439736555,RELIABLE,RELIABLE,441.2600245135725,0.7529889621820683,0.0007379291829384269,OOD,OOD,9.486113,24.976099,612
613,3,Digit 3,3,Digit 3,max_nhat,RELIABLE,RELIABLE,26.22432774337117,0.8447818539437527,0.0008278862168648776,4,0.05390529662619925,3,3,True,54.959917005514214,0.7540133443325528,0.0007389330774459018,RELIABLE,RELIABLE,315.4302402160628,0.7657699401842643,0.0007504545413805789,OOD,OOD,75.4527637795368,0.7844609455824039,0.0007687717266707558,UNRELIABLE,IDO,26.22432774337117,0.8447818539437527,0.0008278862168648776,RELIABLE,RELIABLE,51.17501535446668,0.7908765573175535,0.0007750590261712024,RELIABLE,RELIABLE,-9.748109,33.66287,613
614,3,Digit 3,3,Digit 3,max_nhat,RELIABLE,RELIABLE,14.273457724267857,0.884376703527737,0.0008666891694571823,1,0.037449552059852786,3,3,True,51.38187438602008,0.7854904289150579,0.0007697806203367568,RELIABLE,RELIABLE,155.7700282451359,0.8469271514678842,0.0008299886084385265,OOD,OOD,31.62087121908341,0.8163644447366081,0.0008000371558418759,RELIABLE,RELIABLE,14.273457724267857,0.884376703527737,0.0008666891694571823,RELIABLE,RELIABLE,43.36664461491813,0.7998106047197273,0.0007838143926253327,RELIABLE,RELIABLE,-4.76264,32.47099,614
615,3,Digit 3,3,Digit 3,max_nhat,RELIABLE,RELIABLE,38.654831406792,0.8420056056254772,0.0008251654935129677,2,0.09318527306400248,3,3,True,146.92413620958177,0.7408445683956602,0.0007260276770277469,OOD,OOD,722.8786005676652,0.6635940983929929,0.000650322216425133,OOD,OOD,66.76955737118645,0.7488203325614747,0.0007338439259102453,UNRELIABLE,IDO,38.654831406792,0.8420056056254772,0.0008251654935129677,RELIABLE,RELIABLE,103.47415070431576,0.7384071740444146,0.0007236390305635263,OOD,OOD,-6.626771,39.49488,615
616,3,Digit 3,3,Digit 3,max_nhat,RELIABLE,RELIABLE,11.367260388996016,0.9080622549081434,0.0008899010098099805,2,0.051181180369757606,3,3,True,46.277443461905,0.7960599071011525,0.0007801387089591295,RELIABLE,RELIABLE,197.66938381610655,0.789786170217993,0.0007739904468136331,OOD,OOD,26.556322838321794,0.8568810745383858,0.0008397434530476181,RELIABLE,RELIABLE,11.367260388996016,0.9080622549081434,0.0008899010098099805,RELIABLE,RELIABLE,107.30798950349654,0.7029940978791258,0.0006889342159215433,OOD,OOD,16.269096,34.8206,616
617,3,Digit 3,3,Digit 3,max_nhat,OOD,OOD,98.4022104846079,0.7047599449502603,0.0006906647460512551,4,0.04329521858295604,3,3,True,432.5451320096945,0.6429387608001674,0.0006300799855841641,OOD,OOD,1065.5622294752052,0.5380168100798607,0.0005272564738782635,OOD,OOD,214.45684896411936,0.6503618470088933,0.0006373546100687154,OOD,OOD,98.4022104846079,0.7047599449502603,0.0006906647460512551,OOD,OOD,383.96834903464935,0.6614647263673042,0.0006482354318399582,OOD,OOD,19.58714,33.004368,617
618,3,Digit 3,3,Digit 3,max_nhat,RELIABLE,RELIABLE,22.94914010334512,0.859549000218707,0.0008423580202143328,4,0.015049974761832341,3,3,True,70.38522858097258,0.691203473102037,0.0006773794036399962,UNRELIABLE,IDO,114.46705125011056,0.7849776862185607,0.0007692781324941894,OOD,OOD,54.923661169376565,0.8093864352200387,0.0007931987065156379,RELIABLE,RELIABLE,22.94914010334512,0.859549000218707,0.0008423580202143328,RELIABLE,RELIABLE,26.681205436875675,0.8444990254568746,0.0008276090449477371,RELIABLE,RELIABLE,-10.739434,-25.89173,618
619,3,Digit 3,0,Digit 0,max_nhat,OOD,OOD,95.35733016594149,0.7313432209758882,0.0007167163565563704,2,0.005407721527388332,0,2,False,95.35733016594149,0.7313432209758882,0.0007167163565563704,OOD,OOD,887.9677495461617,0.6240756529095461,0.0006115941398513552,OOD,OOD,63.56626477585979,0.7259354994484999,0.0007114167894595298,UNRELIABLE,IDO,72.91552524066951,0.7072511248053494,0.0006931061023092423,UNRELIABLE,IDO,270.52543074835626,0.6952419467810858,0.000681337107845464,OOD,OOD,6.7330165,40.68799,619
620,3,Digit 3,3,Digit 3,max_nhat,RELIABLE,RELIABLE,38.14708996310657,0.8280400903121264,0.0008114792885058839,2,0.06067323641955413,3,3,True,168.56331343575562,0.694936618070466,0.0006810378857090567,OOD,OOD,623.6446200920478,0.7366632806569388,0.0007219300150437999,OOD,OOD,45.40314489249612,0.7673668538925723,0.0007520195168147208,RELIABLE,RELIABLE,38.14708996310657,0.8280400903121264,0.0008114792885058839,RELIABLE,RELIABLE,107.87964094904478,0.7003514670764642,0.000686344437734935,OOD,OOD,-13.049545,38.586815,620
621,3,Digit 3,1,Digit 1,max_nhat,OOD,OOD,292.61139476676567,0.8106641824583974,0.0007944508988092294,3,0.01968784671557866,1,3,False,207.51403002041928,0.7383965046832616,0.0007236285745895963,OOD,OOD,292.61139476676567,0.8106641824583974,0.0007944508988092294,OOD,OOD,233.04315111522826,0.7723974885014823,0.0007569495387314526,OOD,OOD,117.6101640112695,0.7909763357428188,0.0007751568090279624,OOD,OOD,223.75362091075831,0.7234816271180734,0.0007090119945757119,OOD,OOD,-25.235415,12.561893,621
622,3,Digit 3,3,Digit 3,max_nhat,RELIABLE,RELIABLE,33.31546651374958,0.8252480760180613,0.0008087431144977001,2,0.09526605088813078,3,3,True,80.73355802735348,0.7192782772377205,0.0007048927116929661,UNRELIABLE,IDO,298.4721236991863,0.6933502166210905,0.0006794832122886687,OOD,OOD,86.16685371206917,0.7299820251299305,0.0007153823846273318,OOD,OOD,33.31546651374958,0.8252480760180613,0.0008087431144977001,RELIABLE,RELIABLE,114.54234451300218,0.7199389656877815,0.0007055401863740259,OOD,OOD,2.83114,40.24673,622
623,3,Digit 3,3,Digit 3,max_nhat,RELIABLE,RELIABLE,11.173089151111714,0.904105329408083,0.0008860232228199213,2,0.0352089365344338,3,3,True,44.23368755573739,0.8097636615582485,0.0007935683883270835,RELIABLE,RELIABLE,55.66433313421764,0.8565561335344729,0.0008394250108637834,RELIABLE,RELIABLE,24.22046290110932,0.8688963928736492,0.0008515184650161762,RELIABLE,RELIABLE,11.173089151111714,0.904105329408083,0.0008860232228199213,RELIABLE,RELIABLE,71.5280413202675,0.7839372807506527,0.0007682585351356396,UNRELIABLE,IDO,4.1938334,26.682428,623
624,3,Digit 3,3,Digit 3,max_nhat,RELIABLE,RELIABLE,27.904182680827297,0.8403602489433649,0.0008235530439644976,0,0.032232978025617975,3,3,True,34.327593511782034,0.8081272709177469,0.0007919647254993919,RELIABLE,RELIABLE,458.1230031437896,0.6867821147533356,0.0006730464724582689,OOD,OOD,42.86891288987226,0.7950979085641049,0.0007791959503928228,RELIABLE,RELIABLE,27.904182680827297,0.8403602489433649,0.0008235530439644976,RELIABLE,RELIABLE,546.914241348816,0.734268692446968,0.0007195833185980286,OOD,OOD,13.049799,32.705135,624
625,3,Digit 3,3,Digit 3,max_nhat,RELIABLE,RELIABLE,29.779081970665402,0.82558561154319,0.0008090738993123262,1,0.0040027770536040785,3,3,True,60.659224011411695,0.7454213134088536,0.0007305128871406766,RELIABLE,RELIABLE,72.26374442157702,0.8215828344895859,0.0008051511777997941,UNRELIABLE,IDO,30.559415434059805,0.813042765235948,0.000796781909931229,RELIABLE,RELIABLE,29.779081970665402,0.82558561154319,0.0008090738993123262,RELIABLE,RELIABLE,57.25340962269831,0.7526472033068576,0.0007375942592407204,RELIABLE,RELIABLE,-7.4514813,29.910303,625
626,3,Digit 3,3,Digit 3,max_nhat,RELIABLE,RELIABLE,15.388216148700758,0.8802513460198474,0.0008626463190994504,2,0.02934049873530531,3,3,True,37.642694499958786,0.7975791332220358,0.0007816275505575951,RELIABLE,RELIABLE,217.69392085936124,0.7378706277338096,0.0007231132151791335,OOD,OOD,24.599580466625323,0.8509108472845421,0.0008338926303388512,RELIABLE,RELIABLE,15.388216148700758,0.8802513460198474,0.0008626463190994504,RELIABLE,RELIABLE,78.66816261253882,0.7717989444903847,0.0007563629656005769,UNRELIABLE,IDO,-4.4449425,28.003325,626
627,3,Digit 3,3,Digit 3,max_nhat,RELIABLE,RELIABLE,21.510647420936394,0.8572973476950762,0.0008401514007411746,2,0.08983734577971647,3,3,True,150.14574777067676,0.7256836012248911,0.0007111699292003932,OOD,OOD,288.8260831413778,0.7071917552701302,0.0006930479201647276,OOD,OOD,67.63318785059703,0.7674600019153597,0.0007521108018770525,UNRELIABLE,IDO,21.510647420936394,0.8572973476950762,0.0008401514007411746,RELIABLE,RELIABLE,166.66498822890193,0.6855037913608312,0.0006717937155336145,OOD,OOD,0.95759434,34.922848,627
628,3,Digit 3,3,Digit 3,max_nhat,RELIABLE,RELIABLE,20.266592991359317,0.8557684586687427,0.0008386530894953679,0,0.0673094818196508,3,3,True,57.83892255642223,0.7884589768490919,0.0007726897973121101,RELIABLE,RELIABLE,319.6631886290192,0.6891160352146901,0.0006753337145103963,OOD,OOD,68.94731711833954,0.7822919057569804,0.0007666460676418408,UNRELIABLE,IDO,20.266592991359317,0.8557684586687427,0.0008386530894953679,RELIABLE,RELIABLE,219.00335463950242,0.7319211868375828,0.0007172827631008311,OOD,OOD,11.409802,36.023228,628
629,3,Digit 3,3,Digit 3,max_nhat,RELIABLE,RELIABLE,10.674841264130352,0.9049017034419435,0.0008868036693731046,2,0.04806930871092818,3,3,True,31.206093056267505,0.8157864362337792,0.0007994707075091036,RELIABLE,RELIABLE,84.3784920886739,0.7939051401151415,0.0007780270373128386,UNRELIABLE,IDO,23.145509794969183,0.8568323947310154,0.000839695746836395,RELIABLE,RELIABLE,10.674841264130352,0.9049017034419435,0.0008868036693731046,RELIABLE,RELIABLE,53.65657027070133,0.7938654620210778,0.0007779881527806561,RELIABLE,RELIABLE,-0.08540511,28.397924,629
630,3,Digit 3,3,Digit 3,max_nhat,RELIABLE,RELIABLE,16.977702478749755,0.8783756438369618,0.0008608081309602225,2,0.05242510892775687,3,3,True,53.71732622777083,0.7335586958751897,0.0007188875219576859,RELIABLE,RELIABLE,132.577548071541,0.7938591119044266,0.000777981929666338,OOD,OOD,31.89080825835182,0.8259505349092049,0.0008094315242110207,RELIABLE,RELIABLE,16.977702478749755,0.8783756438369618,0.0008608081309602225,RELIABLE,RELIABLE,59.02807459298095,0.7842153324687581,0.0007685310258193829,RELIABLE,RELIABLE,-6.924136,27.904835,630
631,3,Digit 3,3,Digit 3,max_nhat,RELIABLE,RELIABLE,45.827073665968975,0.771038147990575,0.0007556173850307634,2,0.06553402158791144,3,3,True,106.96178293282848,0.6853192083224218,0.0006716128241559733,OOD,OOD,442.8461413292325,0.590669265303557,0.0005788558799974859,OOD,OOD,86.1995514154893,0.7055041264026636,0.0006913940438746102,OOD,OOD,45.827073665968975,0.771038147990575,0.0007556173850307634,RELIABLE,RELIABLE,439.43440200571507,0.6539791981736319,0.0006408996142101593,OOD,OOD,12.1479025,36.962658,631
632,3,Digit 3,3,Digit 3,max_nhat,RELIABLE,RELIABLE,43.51496276327943,0.8108362439651674,0.000794619519085864,2,0.008554150830538787,3,2,False,60.715267897467854,0.753569727726731,0.0007384983331721964,RELIABLE,RELIABLE,364.5207773926843,0.7740200065966557,0.0007585396064647225,OOD,OOD,33.4374932768571,0.8022820931346286,0.000786236451271936,RELIABLE,RELIABLE,43.51496276327943,0.8108362439651674,0.000794619519085864,RELIABLE,RELIABLE,411.564229467295,0.7712819154511664,0.0007558562771421431,OOD,OOD,11.521655,24.641453,632
633,3,Digit 3,3,Digit 3,max_nhat,RELIABLE,RELIABLE,23.097189588386737,0.832639763089236,0.0008159869678274513,2,0.06233622034447739,3,3,True,78.31883486387088,0.7655844309610045,0.0007502727423417844,UNRELIABLE,IDO,231.2113877180394,0.7185645985912399,0.0007041933066194151,OOD,OOD,71.77915995415451,0.7703035427447587,0.0007548974718898635,UNRELIABLE,IDO,23.097189588386737,0.832639763089236,0.0008159869678274513,RELIABLE,RELIABLE,81.77220030891422,0.7436733919818985,0.0007287999241422606,UNRELIABLE,IDO,7.437654,32.608112,633
634,3,Digit 3,3,Digit 3,max_nhat,RELIABLE,RELIABLE,17.952209353586674,0.862865928289991,0.0008456086097241911,2,0.05872829099264154,3,3,True,73.61719602433224,0.7533902438614007,0.0007383224389841727,UNRELIABLE,IDO,105.99274357169136,0.7999936055216649,0.0007839937334112316,OOD,OOD,67.96141298506902,0.8041376372973494,0.0007880548845514024,UNRELIABLE,IDO,17.952209353586674,0.862865928289991,0.0008456086097241911,RELIABLE,RELIABLE,72.99067398791762,0.7568778462602214,0.000741740289335017,UNRELIABLE,IDO,0.9573889,31.460272,634
635,3,Digit 3,3,Digit 3,max_nhat,RELIABLE,RELIABLE,12.901190330823303,0.8934957011328165,0.0008756257871101601,2,0.0826875821796994,3,3,True,59.67615340765933,0.7537508451084949,0.000738675828206325,RELIABLE,RELIABLE,233.80129379538693,0.7880893477081384,0.0007723275607539756,OOD,OOD,41.6171189248636,0.8108081189531171,0.0007945919565740548,RELIABLE,RELIABLE,12.901190330823303,0.8934957011328165,0.0008756257871101601,RELIABLE,RELIABLE,56.08939203964965,0.8000095354439309,0.0007840093447350523,RELIABLE,RELIABLE,-0.313952,33.94248,635
636,3,Digit 3,3,Digit 3,max_nhat,RELIABLE,RELIABLE,18.87649718251604,0.8625001166146342,0.0008452501142823415,2,0.08865478873037114,3,3,True,93.76303190011046,0.6975974527154911,0.0006836455036611813,OOD,OOD,266.67738155422336,0.6995701908994076,0.0006855787870814195,OOD,OOD,101.13926412770348,0.7738453278842631,0.0007583684213265778,OOD,OOD,18.87649718251604,0.8625001166146342,0.0008452501142823415,RELIABLE,RELIABLE,97.78543509196419,0.7079571179490121,0.0006937979755900318,OOD,OOD,0.66680044,35.908127,636
637,3,Digit 3,3,Digit 3,max_nhat,RELIABLE,RELIABLE,16.468953634539012,0.8751318177190978,0.0008576291813647157,0,0.0712290542577737,3,3,True,37.37935664092614,0.803902763461324,0.0007878247081920975,RELIABLE,RELIABLE,134.99980289844166,0.7792995973501982,0.0007637136054031942,OOD,OOD,53.99857997832772,0.7958549631504146,0.0007799378638874062,RELIABLE,RELIABLE,16.468953634539012,0.8751318177190978,0.0008576291813647157,RELIABLE,RELIABLE,50.18684406552015,0.7491974899057173,0.000734213540107603,RELIABLE,RELIABLE,-11.512831,23.599905,637
638,3,Digit 3,3,Digit 3,max_nhat,RELIABLE,RELIABLE,28.337366969036776,0.8585305972972512,0.0008413599853513062,0,0.022788049223542495,3,0,False,24.660506693775368,0.8357425480737087,0.0008190276971122345,RELIABLE,RELIABLE,376.28011683159457,0.7497018465368909,0.000734707809606153,OOD,OOD,35.70206459526213,0.822013242075122,0.0008055729772336196,RELIABLE,RELIABLE,28.337366969036776,0.8585305972972512,0.0008413599853513062,RELIABLE,RELIABLE,158.36467351645368,0.726027348656059,0.0007115068016829378,OOD,OOD,-1.6642835,22.705547,638
639,3,Digit 3,3,Digit 3,max_nhat,RELIABLE,RELIABLE,17.27211324453684,0.8826511689204525,0.0008649981455420434,2,0.06581588156567941,3,3,True,75.9555018966573,0.7325869152590789,0.0007179351769538973,UNRELIABLE,IDO,135.1653324868163,0.7689835535399706,0.0007536038824691711,OOD,OOD,45.88702786369136,0.8168352873547731,0.0008004985816076776,RELIABLE,RELIABLE,17.27211324453684,0.8826511689204525,0.0008649981455420434,RELIABLE,RELIABLE,96.7081389099288,0.737385191333808,0.0007226374875071318,OOD,OOD,4.0149574,30.990139,639
640,3,Digit 3,3,Digit 3,max_nhat,RELIABLE,RELIABLE,28.56015228515737,0.8396823675525814,0.0008228887202015297,4,0.025839353906470408,3,3,True,73.488520165734,0.7521126476613017,0.0007370703947080756,UNRELIABLE,IDO,349.46237837340925,0.7438954407329026,0.0007290175319182445,OOD,OOD,81.95876412587972,0.7868497850257888,0.000771112789325273,UNRELIABLE,IDO,28.56015228515737,0.8396823675525814,0.0008228887202015297,RELIABLE,RELIABLE,34.2969691891974,0.813843013646111,0.0007975661533731887,RELIABLE,RELIABLE,-14.234187,29.970428,640
641,3,Digit 3,3,Digit 3,max_nhat,RELIABLE,RELIABLE,12.93498285556754,0.8963188899350327,0.000878392512136332,2,0.11070179011332115,3,3,True,85.3024350796968,0.729277311231259,0.0007146917650066338,UNRELIABLE,IDO,271.31868479831735,0.6697168531572053,0.0006563225160940611,OOD,OOD,62.242872311225526,0.7856170998217116,0.0007699047578252773,UNRELIABLE,IDO,12.93498285556754,0.8963188899350327,0.000878392512136332,RELIABLE,RELIABLE,92.99588822131437,0.7107940537856822,0.0006965781727099685,OOD,OOD,0.34985647,36.290833,641
642,3,Digit 3,3,Digit 3,max_nhat,RELIABLE,RELIABLE,49.00700706249431,0.8228688733753757,0.0008064114959078682,4,0.05445126578216897,3,3,True,98.07384841973001,0.7335427426781882,0.0007188718878246244,OOD,OOD,357.9756691287853,0.7322905041364967,0.0007176446940537667,OOD,OOD,176.91635202953188,0.7636142248383636,0.0007483419403415963,OOD,OOD,49.00700706249431,0.8228688733753757,0.0008064114959078682,RELIABLE,RELIABLE,57.147122589431106,0.7684176075932068,0.0007530492554413427,RELIABLE,RELIABLE,-14.884488,-27.17231,642
643,3,Digit 3,3,Digit 3,max_nhat,RELIABLE,RELIABLE,23.050478988378373,0.8362433504451517,0.0008195184834362487,1,0.018014369107478667,3,3,True,44.71271102384724,0.7775210842775546,0.0007619706625920035,RELIABLE,RELIABLE,202.2024956508924,0.8182289813376731,0.0008018644017109196,OOD,OOD,41.88620108016353,0.7717707564364025,0.0007563353413076744,RELIABLE,RELIABLE,23.050478988378373,0.8362433504451517,0.0008195184834362487,RELIABLE,RELIABLE,58.90479834106277,0.8079694776948924,0.0007918100881409945,RELIABLE,RELIABLE,-6.771835,33.765938,643
644,3,Digit 3,3,Digit 3,max_nhat,RELIABLE,RELIABLE,16.65529549609178,0.8751156760958485,0.0008576133625739315,2,0.0793865435679958,3,3,True,67.73043135053199,0.7509506316831251,0.0007359316190494626,UNRELIABLE,IDO,327.4189244735256,0.716020004186626,0.0007016996041028935,OOD,OOD,96.72959118293971,0.7957291325278527,0.0007798145498772956,OOD,OOD,16.65529549609178,0.8751156760958485,0.0008576133625739315,RELIABLE,RELIABLE,200.2789884135965,0.7462784261709259,0.0007313528576475074,OOD,OOD,10.407972,34.630943,644
645,3,Digit 3,3,Digit 3,max_nhat,RELIABLE,RELIABLE,13.046301413173262,0.8956178526224706,0.0008777054955700212,2,0.08030051434876562,3,3,True,62.48265674415099,0.7572045105825969,0.0007420604203709449,UNRELIABLE,IDO,127.04513596360749,0.7896127846221196,0.0007738205289296772,OOD,OOD,43.208996766491936,0.815317338273705,0.0007990109915082308,RELIABLE,RELIABLE,13.046301413173262,0.8956178526224706,0.0008777054955700212,RELIABLE,RELIABLE,50.69382007207723,0.7746281651063344,0.0007591356018042077,RELIABLE,RELIABLE,0.60563624,32.081673,645
646,3,Digit 3,3,Digit 3,max_nhat,RELIABLE,RELIABLE,11.140955415915208,0.908983936720895,0.000890804257986477,2,0.07625556373100639,3,3,True,55.30695462469278,0.7572800967476427,0.0007421344948126898,RELIABLE,RELIABLE,171.12842505869625,0.7749777431636982,0.0007594781883004241,OOD,OOD,69.65593813909915,0.8327283729898886,0.0008160738055300907,UNRELIABLE,IDO,11.140955415915208,0.908983936720895,0.000890804257986477,RELIABLE,RELIABLE,107.86543070155898,0.7818512523887696,0.0007662142273409942,OOD,OOD,5.3234005,28.577023,646
647,3,Digit 3,3,Digit 3,max_nhat,RELIABLE,RELIABLE,15.445908405114558,0.8808896635334534,0.0008632718702627843,2,0.05855959653733234,3,3,True,66.10817153049555,0.7823839452922563,0.0007667362663864112,UNRELIABLE,IDO,189.61644965900558,0.7603461320315685,0.0007451392093909371,OOD,OOD,33.171124781532,0.8223300669961211,0.0008058834656561987,RELIABLE,RELIABLE,15.445908405114558,0.8808896635334534,0.0008632718702627843,RELIABLE,RELIABLE,61.80653490200351,0.7768407795021729,0.0007613039639121294,RELIABLE,RELIABLE,-0.88514334,34.144634,647
648,3,Digit 3,3,Digit 3,max_nhat,RELIABLE,RELIABLE,30.49636763944983,0.8094928668176481,0.0007933030094812951,2,0.033928705435685935,3,3,True,65.14191381570319,0.7235163299535523,0.0007090460033544813,UNRELIABLE,IDO,619.2962508490957,0.6742539185417575,0.0006607688401709224,OOD,OOD,52.49305891504729,0.7755641613819622,0.0007600528781543229,RELIABLE,RELIABLE,30.49636763944983,0.8094928668176481,0.0007933030094812951,RELIABLE,RELIABLE,107.86245945719183,0.749404449478291,0.0007344163604887251,OOD,OOD,-8.859255,37.834805,648
649,3,Digit 3,3,Digit 3,max_nhat,RELIABLE,RELIABLE,15.038148019515628,0.8833997997157784,0.0008657318037214629,1,0.055109768750042365,3,3,True,62.86783156750123,0.787862333115068,0.0007721050864527666,UNRELIABLE,IDO,138.9788207887462,0.8282900309657361,0.0008117242303464213,OOD,OOD,32.16308406255324,0.8184002706517112,0.0008020322652386769,RELIABLE,RELIABLE,15.038148019515628,0.8833997997157784,0.0008657318037214629,RELIABLE,RELIABLE,55.47666946575049,0.7829012515246035,0.0007672432264941115,RELIABLE,RELIABLE,-3.4734123,32.53334,649
650,3,Digit 3,3,Digit 3,max_nhat,RELIABLE,RELIABLE,17.357095047164627,0.8730662925719462,0.0008556049667205073,2,0.07461832150336312,3,3,True,70.56201231033205,0.7643410334357414,0.0007490542127670266,UNRELIABLE,IDO,146.233625371365,0.7187773718419767,0.000704401824405137,OOD,OOD,72.02804748757957,0.7984479710685831,0.0007824790116472114,UNRELIABLE,IDO,17.357095047164627,0.8730662925719462,0.0008556049667205073,RELIABLE,RELIABLE,95.87910196009759,0.7508731773914421,0.0007358557138436132,OOD,OOD,7.569061,31.84568,650
651,3,Digit 3,3,Digit 3,max_nhat,RELIABLE,RELIABLE,19.335970113441874,0.8684568349158945,0.0008510876982175766,2,0.10945419505466158,3,3,True,64.48267441251488,0.7537227855884628,0.0007386483298766935,UNRELIABLE,IDO,349.7962188624274,0.6848693729714754,0.0006711719855120459,OOD,OOD,65.9030059662141,0.759002639861233,0.0007438225870640083,UNRELIABLE,IDO,19.335970113441874,0.8684568349158945,0.0008510876982175766,RELIABLE,RELIABLE,173.12228221668173,0.7276043686981308,0.0007130522813241682,OOD,OOD,4.748767,39.896767,651
652,3,Digit 3,3,Digit 3,max_nhat,RELIABLE,RELIABLE,29.208490853461445,0.8775178087387571,0.000859967452563982,2,0.0711211481598466,3,3,True,119.86597714549136,0.7479860392499955,0.0007330263184649956,OOD,OOD,196.62810759800414,0.7759055498428954,0.0007603874388460375,OOD,OOD,191.09774835132913,0.8063966605789105,0.0007902687273673323,OOD,OOD,29.208490853461445,0.8775178087387571,0.000859967452563982,RELIABLE,RELIABLE,84.91616773640435,0.7893688394743238,0.0007735814626848372,UNRELIABLE,IDO,2.9654377,29.200527,652
653,3,Digit 3,2,Digit 2,max_nhat,OOD,OOD,86.45566789857882,0.6957805471855111,0.0006818649362418008,3,0.009906466888720211,2,2,True,115.28224234901535,0.676762384834431,0.0006632271371377423,OOD,OOD,1480.3737033167554,0.622116482058239,0.0006096741524170742,OOD,OOD,86.45566789857882,0.6957805471855111,0.0006818649362418008,OOD,OOD,92.51516613149363,0.6858740802967909,0.0006721565986908551,OOD,OOD,194.59549806230487,0.6743430733620592,0.000660856211894818,OOD,OOD,0.8573706,43.721447,653
654,3,Digit 3,3,Digit 3,max_nhat,RELIABLE,RELIABLE,10.815000253221601,0.9061002019917318,0.0008879781979518972,1,0.06016488237527717,3,3,True,43.00369340538748,0.8204472069452665,0.0008040382628063612,RELIABLE,RELIABLE,119.7440878887144,0.8459353196164546,0.0008290166132241255,OOD,OOD,24.094520473857223,0.8458046288474228,0.0008288885362704743,RELIABLE,RELIABLE,10.815000253221601,0.9061002019917318,0.0008879781979518972,RELIABLE,RELIABLE,41.30260966667819,0.7834076344360584,0.0007677394817473373,RELIABLE,RELIABLE,-2.7987645,30.73545,654
655,3,Digit 3,3,Digit 3,max_nhat,RELIABLE,RELIABLE,16.14259969017988,0.8860584741052744,0.0008683373046231689,2,0.06323012272178985,3,3,True,41.79318429979499,0.773876149536523,0.0007583986265457924,RELIABLE,RELIABLE,292.4483338512423,0.7676483037696576,0.0007522953376942644,OOD,OOD,36.01509584067191,0.8228283513834845,0.0008063717843558148,RELIABLE,RELIABLE,16.14259969017988,0.8860584741052744,0.0008683373046231689,RELIABLE,RELIABLE,64.81103933070358,0.7860796719878341,0.0007703580785480774,UNRELIABLE,IDO,-7.889211,36.98266,655
656,3,Digit 3,3,Digit 3,max_nhat,RELIABLE,RELIABLE,14.400911445948466,0.8780093334825737,0.0008604491468129222,2,0.04867673867834166,3,3,True,46.11949051267638,0.8025182611076874,0.0007864678958855336,RELIABLE,RELIABLE,183.7938290779906,0.7433177885688179,0.0007284514327974415,OOD,OOD,28.76447774615666,0.829332594804232,0.0008127459429081474,RELIABLE,RELIABLE,14.400911445948466,0.8780093334825737,0.0008604491468129222,RELIABLE,RELIABLE,188.3086023668076,0.7929249588394608,0.0007770664596626715,OOD,OOD,8.868379,34.048943,656
657,3,Digit 3,3,Digit 3,max_nhat,RELIABLE,RELIABLE,30.18065703930621,0.8137913163389929,0.000797515490012213,2,0.020809207822520603,3,3,True,74.78907338943755,0.7160022821675416,0.0007016822365241908,UNRELIABLE,IDO,214.40280940013287,0.7134389779137958,0.0006991701983555199,OOD,OOD,36.769281119310094,0.7929821085164723,0.0007771224663461429,RELIABLE,RELIABLE,30.18065703930621,0.8137913163389929,0.000797515490012213,RELIABLE,RELIABLE,271.75582847697564,0.7470225633310943,0.0007320821120644724,OOD,OOD,9.231709,37.40194,657
658,3,Digit 3,3,Digit 3,max_nhat,UNRELIABLE,IDO,76.73771090639788,0.8092915104579088,0.0007931056802487506,2,0.0273784885869246,3,3,True,141.43306929119638,0.7301737780229064,0.0007155703024624482,OOD,OOD,379.433891423188,0.7568515890537065,0.0007417145572726324,OOD,OOD,158.70763802739427,0.7819130218709842,0.0007662747614335645,OOD,OOD,76.73771090639788,0.8092915104579088,0.0007931056802487506,UNRELIABLE,IDO,122.37256046065889,0.7513256214621823,0.0007362991090329386,OOD,OOD,-25.217735,12.570721,658
659,3,Digit 3,3,Digit 3,max_nhat,RELIABLE,RELIABLE,24.36079040086814,0.8469638102341165,0.0008300245340294341,4,0.08537815826420292,3,3,True,61.53930971682847,0.7589525933102673,0.000743773541444062,RELIABLE,RELIABLE,268.6297997409747,0.7138655395074809,0.0006995882287173312,OOD,OOD,80.67909505142423,0.7578023056823296,0.0007426462595686831,UNRELIABLE,IDO,24.36079040086814,0.8469638102341165,0.0008300245340294341,RELIABLE,RELIABLE,88.20453447309038,0.7615856519699136,0.0007463539389305153,OOD,OOD,3.1628373,33.969402,659
660,3,Digit 3,3,Digit 3,max_nhat,RELIABLE,RELIABLE,25.595323302945225,0.8377955672490857,0.0008210396559041039,2,0.06126823252921376,3,3,True,71.7571379286762,0.7173227843575675,0.0007029763286704161,UNRELIABLE,IDO,193.00121329808394,0.763795962061183,0.0007485200428199594,OOD,OOD,47.66557401580884,0.7765273347198719,0.0007609967880254744,RELIABLE,RELIABLE,25.595323302945225,0.8377955672490857,0.0008210396559041039,RELIABLE,RELIABLE,93.27366152855865,0.732717606734522,0.0007180632545998316,OOD,OOD,-5.7671094,31.353046,660
661,3,Digit 3,3,Digit 3,max_nhat,RELIABLE,RELIABLE,34.50696849960515,0.8523453216051129,0.0008352984151730106,2,0.022969058656836405,3,3,True,69.32746639155616,0.8073500536063826,0.0007912030525342549,UNRELIABLE,IDO,198.2814877720821,0.7732770043807421,0.0007578114642931272,OOD,OOD,47.632556337114366,0.8293762629482765,0.000812788737689311,RELIABLE,RELIABLE,34.50696849960515,0.8523453216051129,0.0008352984151730106,RELIABLE,RELIABLE,213.28856814593712,0.7864603213637344,0.0007707311149364597,OOD,OOD,8.158743,24.64849,661
662,3,Digit 3,1,Digit 1,max_nhat,OOD,OOD,234.1363715609989,0.8032606907420586,0.0007871954769272174,2,0.019941570751215276,1,3,False,109.40812547479382,0.6957006034191087,0.0006817865913507265,OOD,OOD,234.1363715609989,0.8032606907420586,0.0007871954769272174,OOD,OOD,71.51455259033928,0.7833191199908434,0.0007676527375910265,UNRELIABLE,IDO,66.54841591696459,0.7828807534899832,0.0007672231384201836,UNRELIABLE,IDO,306.9788301323206,0.7549280669381703,0.0007398295055994069,OOD,OOD,11.061998,24.199596,662
663,3,Digit 3,3,Digit 3,max_nhat,RELIABLE,RELIABLE,44.450811049344026,0.8088190966063067,0.0007926427146741805,4,0.056094113526956035,3,3,True,61.5438258366282,0.7213041389626956,0.0007068780561834417,RELIABLE,RELIABLE,780.1215395610951,0.7369493251852148,0.0007222103386815105,OOD,OOD,68.90593369360822,0.7357209955831573,0.0007210065756714941,UNRELIABLE,IDO,44.450811049344026,0.8088190966063067,0.0007926427146741805,RELIABLE,RELIABLE,71.86468881598832,0.7527249830793507,0.0007376704834177637,UNRELIABLE,IDO,-9.622311,39.11232,663
664,3,Digit 3,3,Digit 3,max_nhat,UNRELIABLE,IDO,63.588211035565635,0.8168942895880059,0.0008005564037962458,2,0.04206722251819206,3,3,True,103.74449066754144,0.7716351017026429,0.0007562023996685901,OOD,OOD,568.7951134696902,0.652591649964957,0.0006395398169656578,OOD,OOD,86.40756774672286,0.7748270670698139,0.0007593305257284175,OOD,OOD,63.588211035565635,0.8168942895880059,0.0008005564037962458,UNRELIABLE,IDO,648.3563428278205,0.7065079295055007,0.0006923777709153906,OOD,OOD,13.519442,31.43007,664
665,3,Digit 3,3,Digit 3,max_nhat,RELIABLE,RELIABLE,12.924826163238333,0.8979328693330256,0.0008799742119463651,2,0.06261169327646854,3,3,True,48.05280090413854,0.7639335445432133,0.000748654873652349,RELIABLE,RELIABLE,166.4228360182295,0.7805232416796701,0.0007649127768460767,OOD,OOD,30.714448023024833,0.8353211760565571,0.000818614752535426,RELIABLE,RELIABLE,12.924826163238333,0.8979328693330256,0.0008799742119463651,RELIABLE,RELIABLE,62.03540050609096,0.7631563768465063,0.0007478932493095761,RELIABLE,RELIABLE,-6.2526703,28.267424,665
666,3,Digit 3,3,Digit 3,max_nhat,RELIABLE,RELIABLE,29.49413660315772,0.8177867159251113,0.000801430981606609,1,0.006075700921181815,3,3,True,89.33982841005968,0.7094708149234878,0.000695281398625018,OOD,OOD,144.4223426925539,0.8117110150039295,0.0007954767947038508,OOD,OOD,88.23178294551515,0.7744658080445628,0.0007589764918836715,OOD,OOD,29.49413660315772,0.8177867159251113,0.000801430981606609,RELIABLE,RELIABLE,48.00809433541572,0.7817226561281788,0.0007660882030056152,RELIABLE,RELIABLE,-11.457679,31.856503,666
667,3,Digit 3,3,Digit 3,max_nhat,RELIABLE,RELIABLE,44.57201726800706,0.8218894216687476,0.0008054516332353726,2,0.05853569419458593,3,3,True,91.82313714518585,0.7204570198819611,0.0007060478794843219,OOD,OOD,237.7094953393823,0.7446465897078859,0.0007297536579137281,OOD,OOD,72.95726180567213,0.7633537274741616,0.0007480866529246784,UNRELIABLE,IDO,44.57201726800706,0.8218894216687476,0.0008054516332353726,RELIABLE,RELIABLE,61.249111492200896,0.7332295486016721,0.0007185649576296387,RELIABLE,RELIABLE,-11.774045,27.058922,667
668,3,Digit 3,3,Digit 3,max_nhat,RELIABLE,RELIABLE,12.905048917668754,0.8979646663416518,0.0008800053730148188,2,0.07541437768650239,3,3,True,62.734468722277796,0.7684006605419809,0.0007530326473311412,UNRELIABLE,IDO,105.43830828021922,0.7862258212693847,0.000770501304843997,OOD,OOD,59.299774787424155,0.8225502886551495,0.0008060992828820465,RELIABLE,RELIABLE,12.905048917668754,0.8979646663416518,0.0008800053730148188,RELIABLE,RELIABLE,53.192740093432036,0.7842064550652403,0.0007685223259639355,RELIABLE,RELIABLE,2.3773785,32.908638,668
669,3,Digit 3,3,Digit 3,max_nhat,RELIABLE,RELIABLE,21.486314729714536,0.8489775261260459,0.000831997975603525,2,0.030534696204718936,3,3,True,52.48418625977741,0.7708540673950632,0.000755436986047162,RELIABLE,RELIABLE,583.8927484728406,0.7005212324902703,0.0006865108078404649,OOD,OOD,35.5674704823601,0.818442829921327,0.0008020739733229004,RELIABLE,RELIABLE,21.486314729714536,0.8489775261260459,0.000831997975603525,RELIABLE,RELIABLE,150.6751539999114,0.7131234806643972,0.0006988610110511093,OOD,OOD,16.557991,33.80974,669
670,3,Digit 3,3,Digit 3,max_nhat,RELIABLE,RELIABLE,12.509390199985239,0.8930930766231601,0.0008752312150906969,2,0.06906141956080447,3,3,True,56.64332073530382,0.8033364793169182,0.0007872697497305799,RELIABLE,RELIABLE,146.9052973566007,0.7988332839168198,0.0007828566182384834,OOD,OOD,31.63902771988632,0.8240316570623556,0.0008075510239211085,RELIABLE,RELIABLE,12.509390199985239,0.8930930766231601,0.0008752312150906969,RELIABLE,RELIABLE,57.70126099384381,0.7860687400561205,0.000770347365254998,RELIABLE,RELIABLE,-3.8086345,32.426155,670
671,3,Digit 3,3,Digit 3,max_nhat,OOD,OOD,168.96140706132618,0.7589717626156899,0.0007437923273633761,2,0.029507746750901953,3,4,False,308.0646697175114,0.6243444978598872,0.0006118576079026895,OOD,OOD,1293.5217381774146,0.6639960389009752,0.0006507161181229557,OOD,OOD,225.30396845132518,0.7294640158647879,0.0007148747355474922,OOD,OOD,168.96140706132618,0.7589717626156899,0.0007437923273633761,OOD,OOD,162.78624862202855,0.6924813887410701,0.0006786317609662487,OOD,OOD,-16.563242,33.325485,671
672,3,Digit 3,2,Digit 2,max_nhat,RELIABLE,RELIABLE,53.54726640598125,0.8182549608841655,0.0008018898616664822,3,0.02041463205370786,2,2,True,93.31633226316113,0.7221124706119267,0.0007076702211996882,OOD,OOD,238.82907767462493,0.7108878891549142,0.0006966701313718159,OOD,OOD,53.54726640598125,0.8182549608841655,0.0008018898616664822,RELIABLE,RELIABLE,77.49432909851565,0.7978403288304576,0.0007818835222538485,UNRELIABLE,IDO,116.13794277693556,0.6885031212391571,0.000674733058814374,OOD,OOD,-7.891623,27.490429,672
673,3,Digit 3,2,Digit 2,max_nhat,RELIABLE,RELIABLE,25.804903512176736,0.8269773156533259,0.0008104377693402594,3,0.0045444976889659205,2,2,True,37.63689528378539,0.7939006687781295,0.0007780226554025669,RELIABLE,RELIABLE,191.2433232788473,0.8032220752394303,0.0007871576337346417,OOD,OOD,25.804903512176736,0.8269773156533259,0.0008104377693402594,RELIABLE,RELIABLE,29.478985347850653,0.82243281796436,0.0008059841616050728,RELIABLE,RELIABLE,122.10786026538054,0.7617599093240709,0.0007465247111375895,OOD,OOD,9.677366,28.162003,673
674,3,Digit 3,3,Digit 3,max_nhat,RELIABLE,RELIABLE,14.893127738432007,0.8867329859492672,0.0008689983262302818,2,0.07375295548538796,3,3,True,49.92436039989845,0.7801485894732169,0.0007645456176837525,RELIABLE,RELIABLE,176.658746330025,0.7260201988700374,0.0007114997948926366,OOD,OOD,34.159273831400604,0.8129800304638792,0.0007967204298546016,RELIABLE,RELIABLE,14.893127738432007,0.8867329859492672,0.0008689983262302818,RELIABLE,RELIABLE,320.76420069549727,0.7320195617218911,0.0007173791704874532,OOD,OOD,8.081803,35.587307,674
675,3,Digit 3,3,Digit 3,max_nhat,RELIABLE,RELIABLE,28.59093913912763,0.8345955545148686,0.0008179036434245711,2,0.06069539137521274,3,3,True,66.294254500969,0.7085643905685322,0.0006943931027571615,UNRELIABLE,IDO,116.32215671350754,0.7708172789370208,0.0007554009333582804,OOD,OOD,74.7588418457796,0.7739001631396558,0.0007584221598768626,UNRELIABLE,IDO,28.59093913912763,0.8345955545148686,0.0008179036434245711,RELIABLE,RELIABLE,49.66044493348274,0.7667745666386995,0.0007514390753059255,RELIABLE,RELIABLE,-9.451363,27.8272,675
676,3,Digit 3,3,Digit 3,max_nhat,RELIABLE,RELIABLE,8.201823118011529,0.9302485077580871,0.0009116435376029254,2,0.07218236941125256,3,3,True,42.20318041411784,0.8160382904842425,0.0007997175246745576,RELIABLE,RELIABLE,94.80006149069695,0.8349290609591636,0.0008182304797399804,OOD,OOD,23.359654181003844,0.8580661383468345,0.0008409048155798978,RELIABLE,RELIABLE,8.201823118011529,0.9302485077580871,0.0009116435376029254,RELIABLE,RELIABLE,59.679785060086985,0.77703095178758,0.0007614903327518283,RELIABLE,RELIABLE,-3.0643003,31.437332,676
677,3,Digit 3,4,Digit 4,max_nhat,UNRELIABLE,IDO,77.72161298269464,0.8230641554996009,0.0008066028723896088,3,0.002536629291109649,4,4,True,108.62293618005424,0.7326312671070735,0.000717978641764932,OOD,OOD,352.1745967518863,0.724777388805761,0.0007102818410296458,OOD,OOD,91.9187560949684,0.7920003131917256,0.000776160306927891,OOD,OOD,81.0320032596013,0.8205275262084912,0.0008041169756843214,UNRELIABLE,IDO,77.72161298269464,0.8230641554996009,0.0008066028723896088,UNRELIABLE,IDO,-17.272343,29.757364,677
678,3,Digit 3,1,Digit 1,max_nhat,OOD,OOD,186.34329506105243,0.8638619154561485,0.0008465846771470256,3,0.04761315763387919,1,3,False,107.64654507562335,0.7350634318525862,0.0007203621632155344,OOD,OOD,186.34329506105243,0.8638619154561485,0.0008465846771470256,OOD,OOD,189.75316642999783,0.79109151113939,0.0007752696809166022,OOD,OOD,45.46073361439792,0.8162487578222694,0.000799923782665824,RELIABLE,RELIABLE,75.75731613295049,0.8059566251877197,0.0007898374926839653,UNRELIABLE,IDO,-14.439689,-28.232056,678
679,3,Digit 3,3,Digit 3,max_nhat,RELIABLE,RELIABLE,8.966058422034022,0.9180158956355637,0.0008996555777228525,2,0.06077944676989899,3,3,True,38.76547179946188,0.7885134580917529,0.0007727431889299178,RELIABLE,RELIABLE,98.95450577576548,0.8422297441200007,0.0008253851492376007,OOD,OOD,25.40159912745025,0.8572364488656647,0.0008400917198883515,RELIABLE,RELIABLE,8.966058422034022,0.9180158956355637,0.0008996555777228525,RELIABLE,RELIABLE,56.27145360084598,0.7648327855625466,0.0007495361298512957,RELIABLE,RELIABLE,-2.621483,28.521362,679
680,3,Digit 3,3,Digit 3,max_nhat,RELIABLE,RELIABLE,24.616061274475694,0.8556118698277997,0.0008384996324312437,2,0.004609178044444162,3,3,True,54.54908161319463,0.7490785546554236,0.0007340969835623151,RELIABLE,RELIABLE,76.20227262568778,0.8050440389217248,0.0007889431581432903,UNRELIABLE,IDO,29.515475122887597,0.8510026917833555,0.0008339826379476884,RELIABLE,RELIABLE,24.616061274475694,0.8556118698277997,0.0008384996324312437,RELIABLE,RELIABLE,222.9415383272428,0.7809506890086708,0.0007653316752284974,OOD,OOD,7.320023,23.812738,680
681,3,Digit 3,3,Digit 3,max_nhat,RELIABLE,RELIABLE,21.821455623789536,0.8515719801132084,0.0008345405405109442,2,0.03586833481571183,3,3,True,61.61259938167451,0.7557266471249479,0.0007406121141824488,RELIABLE,RELIABLE,185.20271342274754,0.7323656180387511,0.0007177183056779761,OOD,OOD,45.82138842380226,0.8157036452974966,0.0007993895723915467,RELIABLE,RELIABLE,21.821455623789536,0.8515719801132084,0.0008345405405109442,RELIABLE,RELIABLE,67.752182056653,0.7808968669014387,0.0007652789295634098,UNRELIABLE,IDO,6.681184,32.931343,681
682,3,Digit 3,3,Digit 3,max_nhat,RELIABLE,RELIABLE,13.975389656795095,0.8917937083705497,0.0008739578342031387,2,0.06173822582726596,3,3,True,63.391808218941094,0.7708290416147586,0.0007554124607824634,UNRELIABLE,IDO,169.5449184444528,0.7042237310424975,0.0006901392564216475,OOD,OOD,68.65909974531331,0.8300554825432838,0.000813454372892418,UNRELIABLE,IDO,13.975389656795095,0.8917937083705497,0.0008739578342031387,RELIABLE,RELIABLE,119.58320933944049,0.7422402034294242,0.0007273953993608357,OOD,OOD,2.1605973,33.921085,682
683,3,Digit 3,3,Digit 3,max_nhat,RELIABLE,RELIABLE,12.491827031724872,0.8996676898818535,0.0008816743360842164,2,0.08745208616638234,3,3,True,63.1266501321049,0.7574410351525346,0.0007422922144494839,UNRELIABLE,IDO,186.41344486163587,0.7690549813568966,0.0007536738817297587,OOD,OOD,65.93587184948987,0.8122156037154712,0.0007959712916411618,UNRELIABLE,IDO,12.491827031724872,0.8996676898818535,0.0008816743360842164,RELIABLE,RELIABLE,61.3874381022764,0.7459471032337245,0.00073102816116905,RELIABLE,RELIABLE,0.17586622,33.36566,683
684,3,Digit 3,1,Digit 1,max_nhat,RELIABLE,RELIABLE,41.299860446493454,0.889522647938934,0.0008717321949801552,3,0.030188761098817185,1,3,False,36.05624903084317,0.7851720607783311,0.0007694686195627645,RELIABLE,RELIABLE,41.299860446493454,0.889522647938934,0.0008717321949801552,RELIABLE,RELIABLE,27.131022071891604,0.8408498182674404,0.0008240328219020916,RELIABLE,RELIABLE,19.11059904378692,0.8593338868401168,0.0008421472091033144,RELIABLE,RELIABLE,40.92485890162136,0.7955112467300877,0.0007796010217954859,RELIABLE,RELIABLE,-11.572356,22.345205,684
685,3,Digit 3,3,Digit 3,max_nhat,RELIABLE,RELIABLE,12.04817351883437,0.9049021445545846,0.0008868041016634929,2,0.06598139719965546,3,3,True,42.413912626634655,0.8025851736372343,0.0007865334701644895,RELIABLE,RELIABLE,344.43869944186554,0.7417988897221643,0.000726962911927721,OOD,OOD,29.694760370720758,0.8389207473549292,0.0008221423324078305,RELIABLE,RELIABLE,12.04817351883437,0.9049021445545846,0.0008868041016634929,RELIABLE,RELIABLE,136.88170533696203,0.7389558361061251,0.0007241767193840027,OOD,OOD,15.9972315,33.963646,685
686,3,Digit 3,2,Digit 2,max_nhat,RELIABLE,RELIABLE,51.59357261723113,0.7985428762321998,0.0007825720187075557,3,0.010659625809866013,2,3,False,81.54738296610597,0.7550873381817683,0.000739985591418133,UNRELIABLE,IDO,189.5653845006413,0.7783114802651925,0.0007627452506598886,OOD,OOD,51.59357261723113,0.7985428762321998,0.0007825720187075557,RELIABLE,RELIABLE,46.87565209362461,0.7878832504223338,0.0007721255854138871,RELIABLE,RELIABLE,278.7839985692234,0.7692286563204895,0.0007538440831940797,OOD,OOD,7.6687107,25.557735,686
687,3,Digit 3,3,Digit 3,max_nhat,RELIABLE,RELIABLE,15.360581154006367,0.8896266943137816,0.000871834160427506,2,0.0598594794378573,3,3,True,54.67075926076386,0.7673631363960004,0.0007520158736680803,RELIABLE,RELIABLE,282.9433093722086,0.697595004665037,0.0006836431045717362,OOD,OOD,31.373441214353488,0.8297672148759243,0.0008131718705784058,RELIABLE,RELIABLE,15.360581154006367,0.8896266943137816,0.000871834160427506,RELIABLE,RELIABLE,107.62227511550236,0.7197802076094265,0.0007053846034572379,OOD,OOD,4.8016906,37.21172,687
688,3,Digit 3,3,Digit 3,max_nhat,UNRELIABLE,IDO,84.26174351450797,0.6526007860339843,0.0006395487703133046,0,0.009152791561535256,3,3,True,231.00725076901466,0.643447994472449,0.000630579034583,OOD,OOD,1061.373545716116,0.5426649819475224,0.0005318116823085719,OOD,OOD,129.71802178900683,0.6319922765762646,0.0006193524310447393,OOD,OOD,84.26174351450797,0.6526007860339843,0.0006395487703133046,UNRELIABLE,IDO,163.3499684201297,0.6412139462196503,0.0006283896672952573,OOD,OOD,2.2848866,42.538864,688
689,3,Digit 3,3,Digit 3,max_nhat,RELIABLE,RELIABLE,11.387274306813115,0.9047487448292739,0.0008866537699326884,2,0.06675934856026078,3,3,True,49.47334698627138,0.7821623289516926,0.0007665190823726587,RELIABLE,RELIABLE,128.6488292365921,0.8038396189223456,0.0007877628265438987,OOD,OOD,30.090778469099778,0.8379893962690131,0.0008212296083436329,RELIABLE,RELIABLE,11.387274306813115,0.9047487448292739,0.0008866537699326884,RELIABLE,RELIABLE,68.69405656660999,0.7284014586449837,0.0007138334294720841,UNRELIABLE,IDO,3.426582,35.864418,689
690,3,Digit 3,3,Digit 3,max_nhat,RELIABLE,RELIABLE,47.51220607262041,0.7940434604212951,0.0007781625912128692,2,0.02369760629567541,3,3,True,300.52269566877885,0.706348830735869,0.0006922218541211515,OOD,OOD,858.7672799369954,0.7202952536239703,0.0007058893485514909,OOD,OOD,55.283959906695344,0.7703458541256197,0.0007549389370431073,RELIABLE,RELIABLE,47.51220607262041,0.7940434604212951,0.0007781625912128692,RELIABLE,RELIABLE,189.9904370289023,0.6838339040211852,0.0006701572259407614,OOD,OOD,-11.1672735,39.648598,690
691,3,Digit 3,1,Digit 1,max_nhat,UNRELIABLE,IDO,74.11204989328441,0.8463992850701882,0.0008294712993687845,3,0.015566123839306223,1,3,False,62.74200429508451,0.7173505174324293,0.0007030035070837807,UNRELIABLE,IDO,74.11204989328441,0.8463992850701882,0.0008294712993687845,UNRELIABLE,IDO,68.18511648269163,0.8145175319186392,0.0007982271812802664,UNRELIABLE,IDO,24.190784880048035,0.830833161230882,0.0008142164980062644,RELIABLE,RELIABLE,43.34612748770509,0.8028792639333786,0.000786821678654711,RELIABLE,RELIABLE,-8.265301,24.480213,691
692,3,Digit 3,1,Digit 1,max_nhat,OOD,OOD,103.86476651820401,0.8592539763000534,0.0008420688967740523,3,0.004346432127768862,1,3,False,65.7030128205794,0.7342895381773227,0.0007196037474137762,UNRELIABLE,IDO,103.86476651820401,0.8592539763000534,0.0008420688967740523,OOD,OOD,34.396972477501464,0.798137692359171,0.0007821749385119876,RELIABLE,RELIABLE,20.615414462372733,0.8549075441722845,0.0008378093932888388,RELIABLE,RELIABLE,60.2115807419695,0.7497939925390505,0.0007347981126882695,RELIABLE,RELIABLE,-6.4151387,30.356836,692
693,3,Digit 3,3,Digit 3,max_nhat,RELIABLE,RELIABLE,19.671374229527345,0.859273721725377,0.0008420882472908694,2,0.06163822772837213,3,3,True,60.74768046178569,0.7590590574966652,0.0007438778763467319,RELIABLE,RELIABLE,143.17978495052898,0.7599242860331326,0.0007447258003124698,OOD,OOD,80.48618254528309,0.7976354939970048,0.0007816827841170647,UNRELIABLE,IDO,19.671374229527345,0.859273721725377,0.0008420882472908694,RELIABLE,RELIABLE,230.54347633842625,0.7805378635116851,0.0007649271062414514,OOD,OOD,10.535551,30.290045,693
694,3,Digit 3,3,Digit 3,max_nhat,RELIABLE,RELIABLE,28.74867256867971,0.8428886761348486,0.0008260309026121516,2,0.005097535476079829,3,2,False,57.71481876894032,0.7653022043235479,0.0007499961602370769,RELIABLE,RELIABLE,135.00831969716035,0.7942741489233566,0.0007783886659448894,OOD,OOD,22.269661920740493,0.8377911406587688,0.0008210353178455934,RELIABLE,RELIABLE,28.74867256867971,0.8428886761348486,0.0008260309026121516,RELIABLE,RELIABLE,110.16367970236794,0.7919213610686651,0.0007760829338472917,OOD,OOD,8.253952,28.698189,694
695,3,Digit 3,3,Digit 3,max_nhat,RELIABLE,RELIABLE,58.372272297219865,0.7919330241341576,0.0007760943636514743,2,0.02883909795151729,3,3,True,295.3202609975714,0.6872267285731711,0.0006734821940017077,OOD,OOD,739.0172571210594,0.7296496883549727,0.0007150566945878732,OOD,OOD,107.60561676730833,0.7630939261826403,0.0007478320476589875,OOD,OOD,58.372272297219865,0.7919330241341576,0.0007760943636514743,RELIABLE,RELIABLE,119.9669039479432,0.7347109730881181,0.0007200167536263556,OOD,OOD,-13.184085,39.12244,695
696,3,Digit 3,3,Digit 3,max_nhat,RELIABLE,RELIABLE,16.77908677307479,0.8758010565377817,0.000858285035407026,2,0.0977651520026418,3,3,True,61.712944538900935,0.7471750853708993,0.0007322315836634812,RELIABLE,RELIABLE,451.25573256901015,0.7347609617495475,0.0007200657425145566,OOD,OOD,64.03805395963731,0.7780359045351399,0.0007624751864444371,UNRELIABLE,IDO,16.77908677307479,0.8758010565377817,0.000858285035407026,RELIABLE,RELIABLE,70.99804902158682,0.7706564530854938,0.0007552433240237839,UNRELIABLE,IDO,-6.7087364,39.296574,696
697,3,Digit 3,3,Digit 3,max_nhat,RELIABLE,RELIABLE,23.03793572619685,0.8452034960849679,0.0008282994261632685,2,0.02991133984260208,3,3,True,42.740974750276024,0.7485345828294677,0.0007335638911728783,RELIABLE,RELIABLE,98.34294951307588,0.8008611394087756,0.0007848439166206001,OOD,OOD,35.331961904024325,0.8152921562423658,0.0007989863131175185,RELIABLE,RELIABLE,23.03793572619685,0.8452034960849679,0.0008282994261632685,RELIABLE,RELIABLE,67.6345434674911,0.7772792162029154,0.0007617336318788571,UNRELIABLE,IDO,-7.894754,25.476229,697
698,3,Digit 3,3,Digit 3,max_nhat,RELIABLE,RELIABLE,30.566250406167832,0.8118186753742935,0.0007955823018668077,4,0.0618680416624775,3,3,True,132.29859462319936,0.6917872706316605,0.0006779515252190272,OOD,OOD,372.122750879793,0.6880811194838328,0.0006743194970941561,OOD,OOD,80.90872866777408,0.7497894468035669,0.0007347936578674955,UNRELIABLE,IDO,30.566250406167832,0.8118186753742935,0.0007955823018668077,RELIABLE,RELIABLE,80.70376473762083,0.749950633711816,0.0007349516210375797,UNRELIABLE,IDO,-3.107619,36.87055,698
699,3,Digit 3,3,Digit 3,max_nhat,RELIABLE,RELIABLE,55.761607445252295,0.7933673685438538,0.0007775000211729768,0,0.007114662446150888,3,2,False,61.728392351717915,0.7862527060977029,0.0007705276519757488,RELIABLE,RELIABLE,329.7923343305862,0.6924374768425829,0.0006785887273057313,OOD,OOD,50.86687616325174,0.7647085959694383,0.0007494144240500495,RELIABLE,RELIABLE,55.761607445252295,0.7933673685438538,0.0007775000211729768,RELIABLE,RELIABLE,250.2838335544359,0.7129093924625108,0.0006986512046132606,OOD,OOD,11.435595,41.97192,699
700,3,Digit 3,3,Digit 3,max_nhat,RELIABLE,RELIABLE,17.264835602482282,0.8734533450944854,0.0008559842781925957,1,0.025204863885304518,3,3,True,57.038390976901965,0.7773472641708302,0.0007618003188874136,RELIABLE,RELIABLE,106.97170059990536,0.8482484812091808,0.0008312835115849972,OOD,OOD,32.82246898529756,0.8061763762086692,0.0007900528486844958,RELIABLE,RELIABLE,17.264835602482282,0.8734533450944854,0.0008559842781925957,RELIABLE,RELIABLE,43.88851826189925,0.786574108301845,0.0007708426261358081,RELIABLE,RELIABLE,-7.7412143,30.654793,700
701,3,Digit 3,3,Digit 3,max_nhat,RELIABLE,RELIABLE,12.733137552588634,0.8925434853577653,0.00087469261565061,2,0.03628937493487416,3,3,True,49.96588884036013,0.7497840005148636,0.0007347883205045664,RELIABLE,RELIABLE,128.3297904829891,0.7910909651890137,0.0007752691458852333,OOD,OOD,23.75931904626829,0.8562541104228911,0.0008391290282144333,RELIABLE,RELIABLE,12.733137552588634,0.8925434853577653,0.00087469261565061,RELIABLE,RELIABLE,59.8317227833373,0.8055185435248695,0.0007894081726543722,RELIABLE,RELIABLE,-5.5615726,27.3577,701
702,3,Digit 3,1,Digit 1,max_nhat,UNRELIABLE,IDO,65.71085515741125,0.8431205835736669,0.0008262581719021936,3,0.018218223380153664,1,3,False,75.1490301185496,0.7155361610709903,0.0007012254378495705,UNRELIABLE,IDO,65.71085515741125,0.8431205835736669,0.0008262581719021936,UNRELIABLE,IDO,77.2435055201487,0.7634458258468397,0.000748176909329903,UNRELIABLE,IDO,27.416167757911523,0.8249023601935133,0.000808404312989643,RELIABLE,RELIABLE,40.07203412278991,0.7900187423333639,0.0007742183674866966,RELIABLE,RELIABLE,-19.798323,-9.518755,702
703,3,Digit 3,3,Digit 3,max_nhat,RELIABLE,RELIABLE,10.580022967144131,0.9108610477698511,0.0008926438268144541,2,0.03518251667912797,3,3,True,33.527912779865396,0.7989690635842479,0.0007829896823125629,RELIABLE,RELIABLE,177.42258769879385,0.7669852819931638,0.0007516455763533006,OOD,OOD,24.194898464643607,0.8756785310907231,0.0008581649604689086,RELIABLE,RELIABLE,10.580022967144131,0.9108610477698511,0.0008926438268144541,RELIABLE,RELIABLE,56.632286319032644,0.7646901671416556,0.0007493963637988225,RELIABLE,RELIABLE,-3.4676905,27.995697,703
704,3,Digit 3,3,Digit 3,max_nhat,RELIABLE,RELIABLE,13.128618037383017,0.8922812925436483,0.0008744356666927753,2,0.04162117020529488,3,3,True,33.31400723232312,0.8076001437158756,0.0007914481408415581,RELIABLE,RELIABLE,42.40963681487227,0.8502512896022292,0.0008332462638101846,RELIABLE,RELIABLE,26.02025941387859,0.8506601223383534,0.0008336469198915864,RELIABLE,RELIABLE,13.128618037383017,0.8922812925436483,0.0008744356666927753,RELIABLE,RELIABLE,47.90309848825935,0.7841112673211456,0.0007684290419747226,RELIABLE,RELIABLE,-5.5305696,24.510536,704
705,3,Digit 3,3,Digit 3,max_nhat,RELIABLE,RELIABLE,12.925454183331372,0.8939361300664032,0.0008760574074650751,2,0.06316454177012087,3,3,True,58.583178916623886,0.7760734230044559,0.0007605519545443668,RELIABLE,RELIABLE,149.0960963770251,0.7455900113952291,0.0007306782111673244,OOD,OOD,60.97230545237719,0.8307715882962823,0.0008141561565303566,RELIABLE,RELIABLE,12.925454183331372,0.8939361300664032,0.0008760574074650751,RELIABLE,RELIABLE,242.3695243624378,0.7967260372710611,0.0007807915165256398,OOD,OOD,8.232867,24.59695,705
706,3,Digit 3,3,Digit 3,max_nhat,RELIABLE,RELIABLE,26.273165696463913,0.833203251689458,0.0008165391866556688,2,0.03554407041107566,3,3,True,61.96243119239758,0.7436178398711134,0.0007287454830736911,RELIABLE,RELIABLE,96.10359310704015,0.767587049263524,0.0007522353082782535,OOD,OOD,36.496539501281916,0.7976591812783823,0.0007817059976528147,RELIABLE,RELIABLE,26.273165696463913,0.833203251689458,0.0008165391866556688,RELIABLE,RELIABLE,127.47729289263664,0.7576449064325527,0.0007424920083039016,OOD,OOD,6.841191,30.978313,706
707,3,Digit 3,3,Digit 3,max_nhat,RELIABLE,RELIABLE,19.712384781584582,0.8626056423174971,0.0008453535294711471,2,0.049664447491549746,3,3,True,78.19526209180363,0.7341988848571475,0.0007195149071600045,UNRELIABLE,IDO,321.1571023962267,0.7114006184355472,0.0006971726060668363,OOD,OOD,35.87451032082471,0.8129411948259474,0.0007966823709294284,RELIABLE,RELIABLE,19.712384781584582,0.8626056423174971,0.0008453535294711471,RELIABLE,RELIABLE,279.269105860914,0.7356532189632323,0.0007209401545839677,OOD,OOD,4.384843,37.66706,707
708,3,Digit 3,3,Digit 3,max_nhat,RELIABLE,RELIABLE,31.290020930921358,0.8178260188094175,0.0008014694984332291,2,0.013134541263137844,3,3,True,42.362875627346924,0.7719173022232554,0.0007564789561787902,RELIABLE,RELIABLE,402.42002644267654,0.7744992024055474,0.0007590092183574363,OOD,OOD,38.19093412239147,0.8046914775462797,0.000788597647995354,RELIABLE,RELIABLE,31.290020930921358,0.8178260188094175,0.0008014694984332291,RELIABLE,RELIABLE,60.43073628683388,0.7490047206371061,0.0007340246262243639,RELIABLE,RELIABLE,-13.223333,36.64583,708
709,3,Digit 3,4,Digit 4,max_nhat,RELIABLE,RELIABLE,28.353570649959984,0.82502128693207,0.0008085208611934286,3,0.03794183354978298,4,4,True,65.75026925419414,0.7317927581417769,0.0007171569029789413,UNRELIABLE,IDO,154.27881392738573,0.7383856642449173,0.0007236179509600189,OOD,OOD,54.810369837299845,0.7497205244234177,0.0007347261139349494,RELIABLE,RELIABLE,54.926681303755146,0.787079453382287,0.0007713378643146412,RELIABLE,RELIABLE,28.353570649959984,0.82502128693207,0.0008085208611934286,RELIABLE,RELIABLE,-4.296238,-14.188669,709
710,3,Digit 3,3,Digit 3,max_nhat,RELIABLE,RELIABLE,25.86965462986162,0.8651604813527743,0.0008478572717257188,2,0.05629011034144138,3,3,True,96.11032406989995,0.7053031331329499,0.0006911970704702909,OOD,OOD,208.65227229405852,0.7613625612310669,0.0007461353100064455,OOD,OOD,126.99967222405851,0.808870371011333,0.0007926929635911063,OOD,OOD,25.86965462986162,0.8651604813527743,0.0008478572717257188,RELIABLE,RELIABLE,51.056050659737465,0.7925433960361795,0.0007766925281154559,RELIABLE,RELIABLE,-12.343227,30.057468,710
711,3,Digit 3,3,Digit 3,max_nhat,RELIABLE,RELIABLE,21.34729535873658,0.8605550947670823,0.0008433439928717405,2,0.02715809671583591,3,3,True,50.62298365684969,0.7842562641379954,0.0007685711388552355,RELIABLE,RELIABLE,61.80457481759808,0.8012252897267137,0.0007852007839321794,RELIABLE,RELIABLE,25.08313227208602,0.8333969980512463,0.0008167290580902214,RELIABLE,RELIABLE,21.34729535873658,0.8605550947670823,0.0008433439928717405,RELIABLE,RELIABLE,128.82872988794855,0.7765779431021745,0.0007610463842401311,OOD,OOD,7.2902727,29.350807,711
712,3,Digit 3,3,Digit 3,max_nhat,RELIABLE,RELIABLE,19.84696520785039,0.8644475403183173,0.000847158589511951,2,0.02505705408907033,3,3,True,36.96946158734798,0.7795884638527367,0.000763996694575682,RELIABLE,RELIABLE,158.44067156591274,0.731818907646696,0.000717182529493762,OOD,OOD,31.61868875226147,0.839390486229247,0.0008226026765046619,RELIABLE,RELIABLE,19.84696520785039,0.8644475403183173,0.000847158589511951,RELIABLE,RELIABLE,165.8859396860524,0.7664698775222539,0.0007511404799718088,OOD,OOD,5.917503,36.63587,712
713,3,Digit 3,3,Digit 3,max_nhat,RELIABLE,RELIABLE,13.81607300260873,0.8882318251157112,0.0008704671886133969,2,0.04621993296657745,3,3,True,58.65903381376114,0.7892483830610117,0.0007734634153997914,RELIABLE,RELIABLE,102.84713951226709,0.8099073442634345,0.0007937091973781658,OOD,OOD,25.91811494264826,0.8420118921491337,0.000825171654306151,RELIABLE,RELIABLE,13.81607300260873,0.8882318251157112,0.0008704671886133969,RELIABLE,RELIABLE,210.01619065290265,0.7781409573245007,0.0007625781381780107,OOD,OOD,8.618907,29.686026,713
714,3,Digit 3,3,Digit 3,max_nhat,RELIABLE,RELIABLE,46.39500966405694,0.826738801573663,0.0008102040255421897,2,0.06832860070054525,3,3,True,212.72466226358858,0.7202889881525572,0.000705883208389506,OOD,OOD,938.3711653091078,0.7186834745874829,0.0007043098050957332,OOD,OOD,54.77217362856966,0.7584102008731177,0.0007432419968556554,RELIABLE,RELIABLE,46.39500966405694,0.826738801573663,0.0008102040255421897,RELIABLE,RELIABLE,129.29418374804322,0.7316619252195498,0.0007170286867151588,OOD,OOD,-11.519747,38.62788,714
715,3,Digit 3,3,Digit 3,max_nhat,RELIABLE,RELIABLE,18.990685161257172,0.8947035060833582,0.0008768094359616911,2,0.07803153342194591,3,3,True,100.39194026303991,0.7366181569064034,0.0007218857937682753,OOD,OOD,191.58429332286698,0.7883177820976812,0.0007725514264557276,OOD,OOD,120.11173123965109,0.8166719726614123,0.000800338533208184,OOD,OOD,18.990685161257172,0.8947035060833582,0.0008768094359616911,RELIABLE,RELIABLE,66.18295629554477,0.7823008305145686,0.0007666548139042772,UNRELIABLE,IDO,-9.410241,30.926828,715
716,3,Digit 3,3,Digit 3,max_nhat,RELIABLE,RELIABLE,40.09097988805743,0.81440404796209,0.0007981159670028482,0,0.030221731345952074,3,3,True,206.0719533178164,0.7841823166161379,0.0007684986702838152,OOD,OOD,676.0318553628251,0.7266219415303113,0.0007120895026997051,OOD,OOD,52.51571282428397,0.7828282779469715,0.0007671717123880321,RELIABLE,RELIABLE,40.09097988805743,0.81440404796209,0.0007981159670028482,RELIABLE,RELIABLE,221.77991925920162,0.703035360730547,0.000688974653515936,OOD,OOD,-1.6097043,22.61899,716
717,3,Digit 3,3,Digit 3,max_nhat,RELIABLE,RELIABLE,34.933284411080066,0.8047587227402084,0.0007886635482854043,2,0.012242332740110218,3,3,True,41.065115785603666,0.7882264166857335,0.0007724618883520188,RELIABLE,RELIABLE,445.92369257744645,0.7752330024057348,0.0007597283423576201,OOD,OOD,36.22660695244022,0.7925163900000982,0.0007766660622000963,RELIABLE,RELIABLE,34.933284411080066,0.8047587227402084,0.0007886635482854043,RELIABLE,RELIABLE,41.232771121774974,0.7896554231539279,0.0007738623146908493,RELIABLE,RELIABLE,-18.194721,30.759533,717
718,3,Digit 3,4,Digit 4,max_nhat,OOD,OOD,123.37463894799647,0.8157810408867897,0.0007994654200690539,3,0.03513349050419823,4,3,False,157.03681008956136,0.7627760304961784,0.0007475205098862547,OOD,OOD,551.1191423415764,0.7235417138548318,0.0007090708795777351,OOD,OOD,344.23249515456627,0.7393499756824001,0.000724562976168752,OOD,OOD,71.83625221356667,0.7806475503825915,0.0007650345993749396,UNRELIABLE,IDO,123.37463894799647,0.8157810408867897,0.0007994654200690539,OOD,OOD,-17.56564,28.327335,718
719,3,Digit 3,3,Digit 3,max_nhat,RELIABLE,RELIABLE,27.004865118663012,0.8573302570739118,0.0008401836519324335,2,0.0583752929701532,3,3,True,52.41818036645501,0.7662330000985375,0.0007509083400965667,RELIABLE,RELIABLE,245.07137433495672,0.6772553889086007,0.0006637102811304287,OOD,OOD,48.04727050510158,0.7989549641037585,0.0007829758648216833,RELIABLE,RELIABLE,27.004865118663012,0.8573302570739118,0.0008401836519324335,RELIABLE,RELIABLE,370.5971710755318,0.7526117874430742,0.0007375595516942127,OOD,OOD,11.661243,32.758415,719
720,3,Digit 3,3,Digit 3,max_nhat,RELIABLE,RELIABLE,29.202678035257442,0.820987789164194,0.0008045680333809101,1,0.04673244778858754,3,3,True,100.1452190199337,0.7011977560939231,0.0006871738009720446,OOD,OOD,237.835385368421,0.7742553413756065,0.0007587702345480944,OOD,OOD,89.56440914765176,0.7578071053275974,0.0007426509632210454,OOD,OOD,29.202678035257442,0.820987789164194,0.0008045680333809101,RELIABLE,RELIABLE,80.50640472740763,0.7742407119329509,0.0007587558976942918,UNRELIABLE,IDO,-3.6594026,36.565693,720
721,3,Digit 3,3,Digit 3,max_nhat,RELIABLE,RELIABLE,8.18508911812851,0.9280238738962847,0.000909463396418359,2,0.049497429408262184,3,3,True,30.794072017009842,0.8077243127019536,0.0007915698264479144,RELIABLE,RELIABLE,145.18411416766565,0.7368822548653824,0.0007221446097680748,OOD,OOD,22.762735953760433,0.8785264444880225,0.0008609559155982621,RELIABLE,RELIABLE,8.18508911812851,0.9280238738962847,0.000909463396418359,RELIABLE,RELIABLE,133.58510165408774,0.7828945235749063,0.0007672366331034082,OOD,OOD,10.726792,31.441664,721
722,3,Digit 3,3,Digit 3,max_nhat,RELIABLE,RELIABLE,19.014300957098065,0.8691852199009946,0.0008518015155029747,2,0.055931264001422676,3,3,True,36.94554876749109,0.8095722434934061,0.000793380798623538,RELIABLE,RELIABLE,137.67103157078122,0.7803325249823128,0.0007647258744826665,OOD,OOD,38.31554267352576,0.813253955899572,0.0007969888767815805,RELIABLE,RELIABLE,19.014300957098065,0.8691852199009946,0.0008518015155029747,RELIABLE,RELIABLE,150.22990311314211,0.7769602772612002,0.0007614210717159762,OOD,OOD,7.257028,24.569242,722
723,3,Digit 3,3,Digit 3,max_nhat,RELIABLE,RELIABLE,23.07132232126582,0.8735012410279155,0.0008560312162073572,2,0.01803687985497826,3,2,False,41.17827122137883,0.7956390752821811,0.0007797262937765375,RELIABLE,RELIABLE,67.58155728552022,0.7884717301546769,0.0007727022955515833,UNRELIABLE,IDO,22.400887211228135,0.8554643611729372,0.0008383550739494784,RELIABLE,RELIABLE,23.07132232126582,0.8735012410279155,0.0008560312162073572,RELIABLE,RELIABLE,51.61573741578181,0.7769229568539565,0.0007613844977168774,RELIABLE,RELIABLE,-2.6369605,26.195564,723
724,3,Digit 3,2,Digit 2,max_nhat,OOD,OOD,172.68936632398496,0.705327591973379,0.0006912210401339114,3,0.0011601522140533005,2,3,False,154.9017203787845,0.639467200291257,0.0006266778562854318,OOD,OOD,1001.0765440077141,0.5562657761592386,0.0005451404606360538,OOD,OOD,172.68936632398496,0.705327591973379,0.0006912210401339114,OOD,OOD,74.31205219493123,0.7041674397593257,0.0006900840909641392,UNRELIABLE,IDO,322.09721343935996,0.6091488491679338,0.0005969658721845751,OOD,OOD,19.05211,33.011593,724
725,3,Digit 3,3,Digit 3,max_nhat,RELIABLE,RELIABLE,17.343516691686247,0.861984172477872,0.0008447444890283145,2,0.04995702525883294,3,3,True,59.13276011346481,0.7655230688659891,0.0007502126074886693,RELIABLE,RELIABLE,193.10027253500192,0.7581384469726441,0.0007429756780331912,OOD,OOD,32.02137850817898,0.812027147219039,0.0007957866042746582,RELIABLE,RELIABLE,17.343516691686247,0.861984172477872,0.0008447444890283145,RELIABLE,RELIABLE,89.84824307168736,0.7647692957329743,0.0007494739098183147,OOD,OOD,7.2477245,33.99925,725
726,3,Digit 3,3,Digit 3,max_nhat,RELIABLE,RELIABLE,19.803829318444023,0.8787904436003355,0.0008612146347283288,2,0.022065433749702823,3,3,True,39.74317190424154,0.7818885497576464,0.0007662507787624935,RELIABLE,RELIABLE,635.9376300464653,0.7029010185533394,0.0006888429981822726,OOD,OOD,26.15485550680683,0.8567250098506327,0.0008395905096536201,RELIABLE,RELIABLE,19.803829318444023,0.8787904436003355,0.0008612146347283288,RELIABLE,RELIABLE,91.48958952853135,0.7086111593267174,0.000694438936140183,OOD,OOD,17.027536,33.48951,726
727,3,Digit 3,3,Digit 3,max_nhat,UNRELIABLE,IDO,80.92595446641351,0.7011245279257189,0.0006871020373672045,4,0.03680776967128596,3,3,True,277.9348018388584,0.6569611311346959,0.000643821908512002,OOD,OOD,1435.3120661062103,0.6195185534036276,0.000607128182335555,OOD,OOD,129.1715219345086,0.6371791423140313,0.0006244355594677507,OOD,OOD,80.92595446641351,0.7011245279257189,0.0006871020373672045,UNRELIABLE,IDO,178.91317277956927,0.6643167582544329,0.0006510304230893443,OOD,OOD,0.7441176,43.181095,727
728,3,Digit 3,3,Digit 3,max_nhat,RELIABLE,RELIABLE,12.880333980598829,0.9013139453420145,0.0008832876664351742,2,0.08608167270796174,3,3,True,42.13768332974658,0.7871671585276925,0.0007714238153571386,RELIABLE,RELIABLE,335.63278231740514,0.6479310556613732,0.0006349724345481458,OOD,OOD,55.51907737744609,0.8152322726340527,0.0007989276271813717,RELIABLE,RELIABLE,12.880333980598829,0.9013139453420145,0.0008832876664351742,RELIABLE,RELIABLE,79.92148164476484,0.7856095915091503,0.0007698973996789673,UNRELIABLE,IDO,13.996352,34.93022,728
729,3,Digit 3,3,Digit 3,max_nhat,RELIABLE,RELIABLE,29.671732150848207,0.8529874489184543,0.0008359276999400853,2,0.0907633839526073,3,3,True,171.85822235755163,0.7341246548790802,0.0007194421617814985,OOD,OOD,447.32881682811546,0.6396621496213402,0.0006268689066289134,OOD,OOD,89.5357978028536,0.762224064965847,0.0007469795836665301,OOD,OOD,29.671732150848207,0.8529874489184543,0.0008359276999400853,RELIABLE,RELIABLE,153.0937982841195,0.6957769843434831,0.0006818614446566135,OOD,OOD,14.065103,37.933422,729
730,3,Digit 3,3,Digit 3,max_nhat,RELIABLE,RELIABLE,42.64959411484455,0.7863628660393636,0.0007706356087185763,0,0.010199342190291283,3,3,True,65.93653605281605,0.7761635238490723,0.0007606402533720908,UNRELIABLE,IDO,212.1171474679967,0.7315014023120145,0.0007168713742657742,OOD,OOD,46.404660168155374,0.7681962173642953,0.0007528322930170094,RELIABLE,RELIABLE,42.64959411484455,0.7863628660393636,0.0007706356087185763,RELIABLE,RELIABLE,450.1624213351862,0.7542022726816179,0.0007391182272279855,OOD,OOD,11.319649,41.624397,730
731,3,Digit 3,3,Digit 3,max_nhat,RELIABLE,RELIABLE,14.264986639358497,0.8871918237239026,0.0008694479872494245,2,0.054058808583471674,3,3,True,59.514878686001865,0.7706398643763449,0.000755227067088818,RELIABLE,RELIABLE,85.01659824538656,0.7499401861582247,0.0007349413824350601,UNRELIABLE,IDO,48.466503843222746,0.8331330151404309,0.0008164703548376223,RELIABLE,RELIABLE,14.264986639358497,0.8871918237239026,0.0008694479872494245,RELIABLE,RELIABLE,73.00537389833895,0.7686890562621069,0.0007533152751368647,UNRELIABLE,IDO,3.0397887,29.181385,731
732,3,Digit 3,2,Digit 2,max_nhat,RELIABLE,RELIABLE,20.49114364722973,0.856186820853532,0.0008390630844364613,3,0.03238634699406273,2,2,True,38.511050192772856,0.7910615229024005,0.0007752402924443524,RELIABLE,RELIABLE,183.75511336992008,0.793873478396848,0.000777996008828911,OOD,OOD,20.49114364722973,0.856186820853532,0.0008390630844364613,RELIABLE,RELIABLE,25.04751740647034,0.8238004738594693,0.0008073244643822799,RELIABLE,RELIABLE,190.73464368516062,0.7868220128539617,0.0007710855725968825,OOD,OOD,10.229528,23.346767,732
733,3,Digit 3,3,Digit 3,max_nhat,RELIABLE,RELIABLE,11.944129908664035,0.9033087037967598,0.0008852425297208246,2,0.03592655232312436,3,3,True,32.240579069765815,0.8115181900948469,0.00079528782629295,RELIABLE,RELIABLE,69.32875312157326,0.8356175045451374,0.0008189051544542346,UNRELIABLE,IDO,21.451919990138133,0.8673821514736354,0.0008500345084441627,RELIABLE,RELIABLE,11.944129908664035,0.9033087037967598,0.0008852425297208246,RELIABLE,RELIABLE,58.19037693426008,0.7863321234987741,0.0007706054810287987,RELIABLE,RELIABLE,-3.286073,25.899614,733
734,3,Digit 3,3,Digit 3,max_nhat,RELIABLE,RELIABLE,46.314296368494816,0.7975050966736634,0.0007815549947401901,2,0.0417020418962295,3,3,True,49.611533110824034,0.741634624449068,0.0007268019319600867,RELIABLE,RELIABLE,795.543232223645,0.6677597464614656,0.0006544045515322363,OOD,OOD,57.69061874613804,0.7558030547774339,0.0007406869936818852,RELIABLE,RELIABLE,46.314296368494816,0.7975050966736634,0.0007815549947401901,RELIABLE,RELIABLE,484.4201800489246,0.7325656407233183,0.0007179143279088519,OOD,OOD,17.226936,30.65182,734
735,3,Digit 3,3,Digit 3,max_nhat,RELIABLE,RELIABLE,49.26831516164051,0.7905614676989863,0.0007747502383450065,4,0.054066736312803676,3,3,True,302.9324061152677,0.7009333243992932,0.0006869146579113073,OOD,OOD,580.5845016120286,0.712113359246561,0.0006978710920616298,OOD,OOD,84.56141907135287,0.7284659387894097,0.0007138966200136215,UNRELIABLE,IDO,49.26831516164051,0.7905614676989863,0.0007747502383450065,RELIABLE,RELIABLE,108.33213118335495,0.7364947313861826,0.0007217648367584589,OOD,OOD,-10.847263,34.27429,735
736,3,Digit 3,3,Digit 3,max_nhat,RELIABLE,RELIABLE,11.862237988046523,0.8969623767141117,0.0008790231291798294,2,0.07605189318947736,3,3,True,45.274616635483795,0.7830562109872363,0.0007673950867674916,RELIABLE,RELIABLE,185.4104756575481,0.7215429217627193,0.0007071120633274649,OOD,OOD,48.43857004722719,0.8209104835246344,0.0008044922738541417,RELIABLE,RELIABLE,11.862237988046523,0.8969623767141117,0.0008790231291798294,RELIABLE,RELIABLE,92.00106510393937,0.7660470361669305,0.0007507260954435919,OOD,OOD,9.350324,33.186386,736
737,3,Digit 3,3,Digit 3,max_nhat,RELIABLE,RELIABLE,30.19081925124134,0.8258059512781224,0.0008092898322525599,1,0.009225176510597954,3,3,True,95.2853123360454,0.7047158209875305,0.0006906215045677799,OOD,OOD,175.79441531792773,0.8165807747675244,0.000800249159272174,OOD,OOD,43.16876730535503,0.7769163352926914,0.0007613780085868376,RELIABLE,RELIABLE,30.19081925124134,0.8258059512781224,0.0008092898322525599,RELIABLE,RELIABLE,73.12040367950287,0.7790045125036493,0.0007634244222535764,UNRELIABLE,IDO,-3.9360197,18.70656,737
738,3,Digit 3,3,Digit 3,max_nhat,RELIABLE,RELIABLE,26.699776268344603,0.8148564701088579,0.0007985593407066807,0,0.06760804593884995,3,3,True,81.90142044234346,0.7472484241700079,0.0007323034556866077,UNRELIABLE,IDO,189.92803321610785,0.7272395935699937,0.0007126948016985937,OOD,OOD,96.80852916407859,0.7452006201908905,0.0007302966077870727,OOD,OOD,26.699776268344603,0.8148564701088579,0.0007985593407066807,RELIABLE,RELIABLE,205.0430541428371,0.7273044620141931,0.0007127583727739091,OOD,OOD,8.01939,31.490387,738
739,3,Digit 3,3,Digit 3,max_nhat,RELIABLE,RELIABLE,19.743271404010837,0.8585760678287679,0.0008414045464721926,1,0.03759302299325662,3,3,True,44.877518995964884,0.7463496402216023,0.0007314226474171702,RELIABLE,RELIABLE,76.5746070355039,0.8209830448355113,0.0008045633839388011,UNRELIABLE,IDO,35.49052836063876,0.8073405742065318,0.0007911937627224011,RELIABLE,RELIABLE,19.743271404010837,0.8585760678287679,0.0008414045464721926,RELIABLE,RELIABLE,52.901305609277316,0.7989574725727828,0.0007829783231213272,RELIABLE,RELIABLE,-7.888904,24.915958,739
740,3,Digit 3,2,Digit 2,max_nhat,RELIABLE,RELIABLE,32.18466875286242,0.8217347913531032,0.0008053000955260412,3,0.01891464666584053,2,2,True,59.506491708770426,0.7215992739928299,0.0007071672885129733,RELIABLE,RELIABLE,163.3636230740939,0.7861836585817764,0.0007704599854101409,OOD,OOD,32.18466875286242,0.8217347913531032,0.0008053000955260412,RELIABLE,RELIABLE,36.02864752436399,0.8028201446872627,0.0007867637417935175,RELIABLE,RELIABLE,484.6746810071028,0.789551503759997,0.0007737604736847971,OOD,OOD,8.747443,27.041956,740
741,3,Digit 3,3,Digit 3,max_nhat,RELIABLE,RELIABLE,18.181666866353986,0.8669872087470152,0.0008496474645720749,1,0.0223408368802821,3,3,True,59.88412549521698,0.7809084430185228,0.0007652902741581523,RELIABLE,RELIABLE,195.83654773609385,0.8446463718667331,0.0008277534444293984,OOD,OOD,72.90290457938812,0.7827561766395724,0.000767101053106781,UNRELIABLE,IDO,18.181666866353986,0.8669872087470152,0.0008496474645720749,RELIABLE,RELIABLE,48.7385039733663,0.8033332439635508,0.0007872665790842798,RELIABLE,RELIABLE,-7.8532033,33.244534,741
742,3,Digit 3,1,Digit 1,max_nhat,RELIABLE,RELIABLE,28.052824263825425,0.8664148785978454,0.0008490865810258884,4,0.032468901525115945,1,1,True,57.63124710015903,0.731638488696366,0.0007170057189224387,RELIABLE,RELIABLE,28.052824263825425,0.8664148785978454,0.0008490865810258884,RELIABLE,RELIABLE,39.76725591820347,0.7776708150057031,0.000762117398705589,RELIABLE,RELIABLE,32.21952476737067,0.803142829423502,0.0007870799728350319,RELIABLE,RELIABLE,35.2194200044984,0.8339459770727294,0.0008172670575312749,RELIABLE,RELIABLE,-18.494864,-9.08982,742
743,3,Digit 3,3,Digit 3,max_nhat,RELIABLE,RELIABLE,29.391400089990178,0.8320362301068055,0.0008153955055046694,2,0.04292346262227442,3,3,True,60.315724503058476,0.7524388626754989,0.0007373900854219889,RELIABLE,RELIABLE,277.4228610195777,0.7316188483725822,0.0007169864714051305,OOD,OOD,44.697678697574055,0.7891127674845311,0.0007733305121348404,RELIABLE,RELIABLE,29.391400089990178,0.8320362301068055,0.0008153955055046694,RELIABLE,RELIABLE,67.77150506572386,0.7184653232701399,0.000704096016804737,UNRELIABLE,IDO,-10.783097,26.246334,743
744,3,Digit 3,3,Digit 3,max_nhat,RELIABLE,RELIABLE,40.99276067431256,0.8212231472625405,0.0008047986843172897,2,0.028431327345047608,3,3,True,200.52507885148677,0.7289139980551158,0.0007143357180940135,OOD,OOD,670.8256239927708,0.7388748421134684,0.000724097345271199,OOD,OOD,46.35382662267793,0.7927918199174929,0.0007769359835191431,RELIABLE,RELIABLE,40.99276067431256,0.8212231472625405,0.0008047986843172897,RELIABLE,RELIABLE,101.18151768685223,0.7429760988864714,0.0007281165769087419,OOD,OOD,-12.172122,38.62932,744
745,3,Digit 3,3,Digit 3,max_nhat,RELIABLE,RELIABLE,15.039268444784488,0.880597088723052,0.0008629851469485909,2,0.0857680646575677,3,3,True,61.22513511511958,0.7558646176803119,0.0007407473253267056,RELIABLE,RELIABLE,277.57413341949825,0.7329937545013493,0.0007183338794113223,OOD,OOD,44.082746601756966,0.7948290240654843,0.0007789324435841746,RELIABLE,RELIABLE,15.039268444784488,0.880597088723052,0.0008629851469485909,RELIABLE,RELIABLE,71.76283631373028,0.7510928708394835,0.0007360710134226938,UNRELIABLE,IDO,-0.1689245,34.39674,745
746,3,Digit 3,3,Digit 3,max_nhat,RELIABLE,RELIABLE,23.734480958354993,0.8816765362766433,0.0008640430055511105,2,0.051875926724397226,3,3,True,45.445085111259516,0.7748364105128694,0.000759339682302612,RELIABLE,RELIABLE,291.53118082153685,0.6794963645585684,0.0006659064372673971,OOD,OOD,60.19945394423411,0.8298006095522461,0.0008132045973612012,RELIABLE,RELIABLE,23.734480958354993,0.8816765362766433,0.0008640430055511105,RELIABLE,RELIABLE,115.27698764650488,0.730001587605213,0.0007154015558531087,OOD,OOD,-11.942263,24.166239,746
747,3,Digit 3,3,Digit 3,max_nhat,RELIABLE,RELIABLE,20.603209456492863,0.8474376556473203,0.0008304889025343738,2,0.06182979025891633,3,3,True,56.1302324852189,0.7855318788270862,0.0007698212412505445,RELIABLE,RELIABLE,310.7305010794597,0.6889063353410382,0.0006751282086342174,OOD,OOD,41.11383788879338,0.785607865388404,0.0007698957080806359,RELIABLE,RELIABLE,20.603209456492863,0.8474376556473203,0.0008304889025343738,RELIABLE,RELIABLE,292.40874643609675,0.7699729054884635,0.0007545734473786942,OOD,OOD,9.847331,35.628258,747
748,3,Digit 3,3,Digit 3,max_nhat,RELIABLE,RELIABLE,30.924315593463284,0.8226660250050654,0.0008062127045049641,2,0.001980109640997485,3,3,True,132.69914474109132,0.7142850542448166,0.0006999993531599202,OOD,OOD,357.3219557909467,0.7286376875728038,0.0007140649338213477,OOD,OOD,34.884260211858475,0.8206859153640679,0.0008042721970567864,RELIABLE,RELIABLE,30.924315593463284,0.8226660250050654,0.0008062127045049641,RELIABLE,RELIABLE,123.02070850368247,0.7639628373660344,0.0007486835806187137,OOD,OOD,-1.7205255,37.631092,748
749,3,Digit 3,2,Digit 2,max_nhat,RELIABLE,RELIABLE,31.26145991155491,0.8279270275731158,0.0008113684870216534,3,0.00301587306153861,2,2,True,49.75422492408479,0.8035738489085922,0.0007875023719304203,RELIABLE,RELIABLE,329.76783687254266,0.6942607040250434,0.0006803754899445425,OOD,OOD,31.26145991155491,0.8279270275731158,0.0008113684870216534,RELIABLE,RELIABLE,45.27265516574067,0.8249111545115771,0.0008084129314213455,RELIABLE,RELIABLE,96.90194064330909,0.7028119311287432,0.0006887556925061683,OOD,OOD,-2.6917691,24.847898,749
750,3,Digit 3,3,Digit 3,max_nhat,RELIABLE,RELIABLE,37.72718782549121,0.7783813301182043,0.0007628137035158402,2,0.0486669249472097,3,3,True,98.73894857560057,0.7111397178038986,0.0006969169234478206,OOD,OOD,496.82905442057523,0.5920838304833512,0.0005802421538736842,OOD,OOD,108.87464351833043,0.7297144051709946,0.0007151201170675747,OOD,OOD,37.72718782549121,0.7783813301182043,0.0007628137035158402,RELIABLE,RELIABLE,124.19648247460766,0.7019547737959243,0.0006879156783200058,OOD,OOD,3.5051453,41.561283,750
751,3,Digit 3,3,Digit 3,max_nhat,RELIABLE,RELIABLE,11.775965549215433,0.9097102485173052,0.0008915160435469591,2,0.052450474074498765,3,3,True,31.753421919027467,0.814946174431654,0.0007986472509430209,RELIABLE,RELIABLE,156.44109621634894,0.7521736079645494,0.0007371301358052583,OOD,OOD,27.75246245923147,0.8572597744428064,0.0008401145789539503,RELIABLE,RELIABLE,11.775965549215433,0.9097102485173052,0.0008915160435469591,RELIABLE,RELIABLE,379.7271363122302,0.7925850988899144,0.0007767333969121161,OOD,OOD,10.885837,31.862806,751
752,3,Digit 3,3,Digit 3,max_nhat,RELIABLE,RELIABLE,28.157274950707155,0.8505131455488439,0.000833502882637867,4,0.06025187610528526,3,3,True,98.35041250737845,0.7358022867989478,0.0007210862410629688,OOD,OOD,222.22856796223715,0.7794453989561887,0.0007638564909770649,OOD,OOD,138.67027299323416,0.7831750275805769,0.0007675115270289653,OOD,OOD,28.157274950707155,0.8505131455488439,0.000833502882637867,RELIABLE,RELIABLE,55.30437414810253,0.7902612694435587,0.0007744560440546875,RELIABLE,RELIABLE,-10.6631155,31.475037,752
753,3,Digit 3,3,Digit 3,max_nhat,RELIABLE,RELIABLE,31.16204220381004,0.8335342881157694,0.0008168636023534539,2,0.04751141511899781,3,3,True,158.94996761964808,0.7249772878974531,0.000710477742139504,OOD,OOD,514.2245941858738,0.7598978776313339,0.0007446999200787072,OOD,OOD,44.04104247899808,0.7860228729967715,0.0007703024155368361,RELIABLE,RELIABLE,31.16204220381004,0.8335342881157694,0.0008168636023534539,RELIABLE,RELIABLE,96.72815057506976,0.6772971957121644,0.0006637512517979211,OOD,OOD,-12.119287,37.95611,753
754,3,Digit 3,3,Digit 3,max_nhat,RELIABLE,RELIABLE,17.723284559027967,0.8701308327576089,0.0008527282161024568,4,0.014474577272193034,3,3,True,49.776978178649095,0.749343426622867,0.0007343565580904096,RELIABLE,RELIABLE,33.99123713332483,0.8381355300091311,0.0008213728194089485,RELIABLE,RELIABLE,33.486291330588145,0.8220078682194322,0.0008055677108550435,RELIABLE,RELIABLE,17.723284559027967,0.8701308327576089,0.0008527282161024568,RELIABLE,RELIABLE,33.65433464259868,0.8556562554854159,0.0008385431303757076,RELIABLE,RELIABLE,-11.812085,19.996891,754
755,3,Digit 3,3,Digit 3,max_nhat,RELIABLE,RELIABLE,34.52218837131751,0.7867880861906206,0.0007710523244668082,2,0.024533863339164963,3,3,True,110.58595097774872,0.7088169889253483,0.0006946406491468413,OOD,OOD,694.7685311421458,0.6972030276285391,0.0006832589670759683,OOD,OOD,45.810457507613,0.7622542228514556,0.0007470091383944264,RELIABLE,RELIABLE,34.52218837131751,0.7867880861906206,0.0007710523244668082,RELIABLE,RELIABLE,99.29267596001394,0.73349104692372,0.0007188212259852456,OOD,OOD,-10.446577,38.445812,755
756,3,Digit 3,3,Digit 3,max_nhat,RELIABLE,RELIABLE,15.069649002636611,0.8779949654783539,0.0008604350661687868,2,0.04459460766445045,3,3,True,53.45770510210633,0.71907169843885,0.000704690264470073,RELIABLE,RELIABLE,110.56102757070349,0.8234135371691901,0.0008069452664258062,OOD,OOD,37.96143673082268,0.8334003578139034,0.0008167323506576254,RELIABLE,RELIABLE,15.069649002636611,0.8779949654783539,0.0008604350661687868,RELIABLE,RELIABLE,41.730131221462834,0.8059339028977031,0.000789815224839749,RELIABLE,RELIABLE,-4.6271925,26.133324,756
757,3,Digit 3,3,Digit 3,max_nhat,RELIABLE,RELIABLE,20.561895396660084,0.8682900175289944,0.0008509242171784144,4,0.08814524863664763,3,3,True,70.23357829914598,0.7441621501584099,0.0007292789071552417,UNRELIABLE,IDO,378.6948268238825,0.7200716111501546,0.0007056701789271515,OOD,OOD,54.37391710633901,0.7791588146840477,0.0007635756383903667,RELIABLE,RELIABLE,20.561895396660084,0.8682900175289944,0.0008509242171784144,RELIABLE,RELIABLE,57.51647720914194,0.7801447688923467,0.0007645418735144998,RELIABLE,RELIABLE,-6.6606708,36.927387,757
758,3,Digit 3,3,Digit 3,max_nhat,RELIABLE,RELIABLE,18.529072436724384,0.8763336158526153,0.000858806943535563,2,0.07768729349838221,3,3,True,74.94541605949848,0.7023360571138721,0.0006882893359715946,UNRELIABLE,IDO,203.24034170274115,0.7488899573843303,0.0007339121582366437,OOD,OOD,74.26942433780957,0.798646322354233,0.0007826733959071483,UNRELIABLE,IDO,18.529072436724384,0.8763336158526153,0.000858806943535563,RELIABLE,RELIABLE,61.259821651038706,0.7709208707334224,0.000755502453318754,RELIABLE,RELIABLE,-9.452373,33.084396,758
759,3,Digit 3,3,Digit 3,max_nhat,RELIABLE,RELIABLE,12.734531759691045,0.8920116563622937,0.0008741714232350478,2,0.04696418936281588,3,3,True,66.37800989012288,0.7574205496793519,0.0007422721386857649,UNRELIABLE,IDO,130.7425686505485,0.79626161651656,0.0007803363841862288,OOD,OOD,28.326929898808103,0.8450474669994779,0.0008281465176594883,RELIABLE,RELIABLE,12.734531759691045,0.8920116563622937,0.0008741714232350478,RELIABLE,RELIABLE,96.17436507017877,0.7497519440184277,0.0007347569051380592,OOD,OOD,-0.88087213,33.030228,759
760,3,Digit 3,3,Digit 3,max_nhat,RELIABLE,RELIABLE,34.641742707788225,0.8210191430581028,0.0008045987601969407,2,0.06267491912811107,3,3,True,94.35608399720078,0.6999810424965452,0.0006859814216466143,OOD,OOD,487.67893175730194,0.712941802259628,0.0006986829662144354,OOD,OOD,55.322014828906255,0.7583442239299917,0.0007431773394513918,RELIABLE,RELIABLE,34.641742707788225,0.8210191430581028,0.0008045987601969407,RELIABLE,RELIABLE,68.34236345954824,0.7192292256305879,0.0007048446411179761,UNRELIABLE,IDO,-14.884613,34.32738,760
761,3,Digit 3,3,Digit 3,max_nhat,RELIABLE,RELIABLE,20.239157988638045,0.8563373298382264,0.0008392105832414618,2,0.045734194767875436,3,3,True,54.25807726211896,0.754536862111753,0.0007394461248695179,RELIABLE,RELIABLE,200.5913821857064,0.7094205538439801,0.0006952321427671004,OOD,OOD,35.61455339239301,0.810603135070351,0.0007943910723689439,RELIABLE,RELIABLE,20.239157988638045,0.8563373298382264,0.0008392105832414618,RELIABLE,RELIABLE,243.81176056323787,0.7484449673405461,0.0007334760679937351,OOD,OOD,8.673533,35.62646,761
762,3,Digit 3,3,Digit 3,max_nhat,RELIABLE,RELIABLE,20.858457465872366,0.8512682170621032,0.0008342428527208612,2,0.03334335860703441,3,3,True,59.17618948695822,0.7732085915393546,0.0007577444197085675,RELIABLE,RELIABLE,106.51453441761417,0.7971036040552059,0.0007811615319741018,OOD,OOD,28.072436803224047,0.8179248584550688,0.0008015663612859674,RELIABLE,RELIABLE,20.858457465872366,0.8512682170621032,0.0008342428527208612,RELIABLE,RELIABLE,80.56822636185501,0.8047250673018688,0.0007886305659558314,UNRELIABLE,IDO,6.0518093,31.997322,762
763,3,Digit 3,3,Digit 3,max_nhat,RELIABLE,RELIABLE,47.097779368530055,0.8364836589171946,0.0008197539857388507,2,0.04304959748445181,3,3,True,432.0070150173294,0.7219313440173484,0.0007074927171370014,OOD,OOD,605.137442350553,0.7423037902185742,0.0007274577144142026,OOD,OOD,60.7776941838429,0.7934340614327428,0.0007775653802040879,RELIABLE,RELIABLE,47.097779368530055,0.8364836589171946,0.0008197539857388507,RELIABLE,RELIABLE,185.0169005526306,0.7101574632441965,0.0006959543139793125,OOD,OOD,-0.607868,37.656425,763
764,3,Digit 3,4,Digit 4,max_nhat,RELIABLE,RELIABLE,53.674019292595474,0.8222479848048151,0.0008058030251087187,3,0.037955574641438505,4,3,False,113.37112962155435,0.7821249675755257,0.0007664824682240152,OOD,OOD,480.6207100729064,0.7441738716060021,0.0007292903941738821,OOD,OOD,41.383670124612465,0.7688588813926752,0.0007534817037648217,RELIABLE,RELIABLE,36.95959655246703,0.7842924101633766,0.000768606561960109,RELIABLE,RELIABLE,53.674019292595474,0.8222479848048151,0.0008058030251087187,RELIABLE,RELIABLE,-14.044885,36.375927,764
765,3,Digit 3,3,Digit 3,max_nhat,RELIABLE,RELIABLE,28.105860362892784,0.866209778836321,0.0008488855832595946,0,0.03674353720654333,3,3,True,29.139647080453926,0.8294662416297777,0.000812876916797182,RELIABLE,RELIABLE,630.1207036144365,0.7055306278159453,0.0006914200152596265,OOD,OOD,39.18261614510169,0.817017593861168,0.0008006772419839447,RELIABLE,RELIABLE,28.105860362892784,0.866209778836321,0.0008488855832595946,RELIABLE,RELIABLE,236.48800739976681,0.7505283554932753,0.0007355177883834099,OOD,OOD,16.745895,31.575521,765
766,3,Digit 3,3,Digit 3,max_nhat,RELIABLE,RELIABLE,28.172584248023725,0.8253879908189028,0.0008088802310025247,2,0.012238685342486177,3,3,True,51.556164230140084,0.7427999921882712,0.0007279439923445057,RELIABLE,RELIABLE,62.51318151496137,0.7800017376894066,0.0007644017029356184,UNRELIABLE,IDO,34.52250506418881,0.8131493054764166,0.0007968863193668883,RELIABLE,RELIABLE,28.172584248023725,0.8253879908189028,0.0008088802310025247,RELIABLE,RELIABLE,53.5765419108027,0.7794648172120487,0.0007638755208678078,RELIABLE,RELIABLE,-8.58707,25.779821,766
767,3,Digit 3,3,Digit 3,max_nhat,RELIABLE,RELIABLE,14.078661329009796,0.8901351877164433,0.0008723324839621144,1,0.01080150816923009,3,3,True,41.54962556784496,0.7792084261337409,0.000763624257611066,RELIABLE,RELIABLE,39.09562933305204,0.8793336795472132,0.000861747005956269,RELIABLE,RELIABLE,27.616252481153506,0.8466012913854511,0.0008296692655577421,RELIABLE,RELIABLE,14.078661329009796,0.8901351877164433,0.0008723324839621144,RELIABLE,RELIABLE,45.612717334205755,0.8023258327549599,0.0007862793160998607,RELIABLE,RELIABLE,-6.051005,24.55249,767
768,3,Digit 3,3,Digit 3,max_nhat,RELIABLE,RELIABLE,28.900087191543143,0.8280842593459948,0.000811522574159075,4,0.026324178418210664,3,3,True,61.112733428102246,0.7187993533744992,0.0007044233663070092,RELIABLE,RELIABLE,167.51953800553488,0.709272137154029,0.0006950866944109485,OOD,OOD,52.88561669019532,0.7546981748729387,0.0007396042113754799,RELIABLE,RELIABLE,28.900087191543143,0.8280842593459948,0.000811522574159075,RELIABLE,RELIABLE,60.41955229709843,0.8017600809277842,0.0007857248793092284,RELIABLE,RELIABLE,-11.143701,26.71214,768
769,3,Digit 3,3,Digit 3,max_nhat,RELIABLE,RELIABLE,19.475780983044256,0.859438099595039,0.0008422493376031383,2,0.07343076289369299,3,3,True,46.16340924183368,0.7646878424167524,0.0007493940855684173,RELIABLE,RELIABLE,283.61240915071045,0.7034290405885535,0.0006893604597767824,OOD,OOD,38.08560590163309,0.786007336701346,0.0007702871899673191,RELIABLE,RELIABLE,19.475780983044256,0.859438099595039,0.0008422493376031383,RELIABLE,RELIABLE,294.7025763126809,0.7522420743090895,0.0007371972328229077,OOD,OOD,6.8368487,37.02141,769
770,3,Digit 3,3,Digit 3,max_nhat,RELIABLE,RELIABLE,16.71315787105783,0.8789046242510608,0.0008613265317660396,2,0.04505764669160739,3,3,True,61.82253922199935,0.7252782115550194,0.000710772647323919,RELIABLE,RELIABLE,134.71677148123086,0.7832852002875321,0.0007676194962817815,OOD,OOD,47.79651042698199,0.8338469775594534,0.0008171700380082643,RELIABLE,RELIABLE,16.71315787105783,0.8789046242510608,0.0008613265317660396,RELIABLE,RELIABLE,46.49350794360279,0.8176046688411477,0.0008012525754643248,RELIABLE,RELIABLE,-9.508567,28.821293,770
771,3,Digit 3,3,Digit 3,max_nhat,RELIABLE,RELIABLE,16.58937521347742,0.8854449607558156,0.0008677360615406992,1,0.05458736824616528,3,3,True,51.878525993999,0.767273628058205,0.0007519281554970408,RELIABLE,RELIABLE,79.96945949196913,0.8308575925096503,0.0008142404406594573,UNRELIABLE,IDO,55.3069872267119,0.7793365057954011,0.0007637497756794931,RELIABLE,RELIABLE,16.58937521347742,0.8854449607558156,0.0008677360615406992,RELIABLE,RELIABLE,37.32125596776589,0.8064724079798642,0.0007903429598202669,RELIABLE,RELIABLE,-8.6039295,31.612328,771
772,3,Digit 3,2,Digit 2,max_nhat,RELIABLE,RELIABLE,32.66619492813801,0.8030686242196272,0.0007870072517352346,3,0.012979396328481774,2,2,True,61.99389662267738,0.7750557591824951,0.0007595546439988452,RELIABLE,RELIABLE,447.5912793457201,0.6932580909515553,0.0006793929291325242,OOD,OOD,32.66619492813801,0.8030686242196272,0.0007870072517352346,RELIABLE,RELIABLE,39.21375698790138,0.7900892278911454,0.0007742874433333225,RELIABLE,RELIABLE,150.02789433763024,0.7268389224471611,0.0007123021439982178,OOD,OOD,9.720858,38.486084,772
773,3,Digit 3,3,Digit 3,max_nhat,RELIABLE,RELIABLE,20.13736195890579,0.8604880731015626,0.0008432783116395314,2,0.0823448269743633,3,3,True,62.149513991487474,0.75688199930883,0.0007417443593226535,UNRELIABLE,IDO,199.68472404879384,0.7499993744591787,0.0007349993869699952,OOD,OOD,42.099813157438795,0.7781432461271993,0.0007625803812046553,RELIABLE,RELIABLE,20.13736195890579,0.8604880731015626,0.0008432783116395314,RELIABLE,RELIABLE,100.56414485190176,0.6951750629429837,0.000681271561684124,OOD,OOD,3.1444352,36.697376,773
774,3,Digit 3,3,Digit 3,max_nhat,RELIABLE,RELIABLE,17.7437001594652,0.8712109956408843,0.0008537867757280666,2,0.042026976832598706,3,3,True,29.361280335864688,0.82270159418637,0.0008062475623026426,RELIABLE,RELIABLE,517.7077372657193,0.6965499912169325,0.0006826189913925938,OOD,OOD,32.94679389977529,0.8291840188082856,0.0008126003384321199,RELIABLE,RELIABLE,17.7437001594652,0.8712109956408843,0.0008537867757280666,RELIABLE,RELIABLE,245.9277112195049,0.7469656928680846,0.0007320263790107229,OOD,OOD,14.80614,33.231606,774
775,3,Digit 3,3,Digit 3,max_nhat,RELIABLE,RELIABLE,28.93008769056238,0.8267642990765585,0.0008102290130950272,4,0.008288833993341793,3,3,True,79.33461927295689,0.7451882162236789,0.0007302844518992053,UNRELIABLE,IDO,197.72011430719976,0.7669216355041875,0.0007515832027941037,OOD,OOD,116.23975692269616,0.7792221260505046,0.0007636376835294945,OOD,OOD,28.93008769056238,0.8267642990765585,0.0008102290130950272,RELIABLE,RELIABLE,52.18318535464518,0.8184754650832167,0.0008021059557815523,RELIABLE,RELIABLE,-13.559301,29.170498,775
776,3,Digit 3,3,Digit 3,max_nhat,RELIABLE,RELIABLE,17.08320992991428,0.8684879471882491,0.000851118188244484,2,0.0468401170672601,3,3,True,74.74510931426056,0.7299917177376624,0.000715391883382909,UNRELIABLE,IDO,390.8322332656477,0.704968632706461,0.0006908692600523318,OOD,OOD,30.867206975866434,0.821647830120989,0.0008052148735185692,RELIABLE,RELIABLE,17.08320992991428,0.8684879471882491,0.000851118188244484,RELIABLE,RELIABLE,96.02018857643404,0.7024426825430665,0.0006883938288922051,OOD,OOD,16.897179,35.066334,776
777,3,Digit 3,3,Digit 3,max_nhat,RELIABLE,RELIABLE,9.083666614527415,0.9226980655249664,0.000904244104214467,2,0.04458605819630468,3,3,True,32.39125021671823,0.8396362179997093,0.0008228434936397151,RELIABLE,RELIABLE,81.64317287172989,0.7893714100753922,0.0007735839818738844,UNRELIABLE,IDO,19.28585284646685,0.8781120073286617,0.0008605497671820884,RELIABLE,RELIABLE,9.083666614527415,0.9226980655249664,0.000904244104214467,RELIABLE,RELIABLE,51.20313074033201,0.7976921238967681,0.0007817382814188327,RELIABLE,RELIABLE,-0.8193147,28.545765,777
778,3,Digit 3,3,Digit 3,max_nhat,RELIABLE,RELIABLE,23.358736041300183,0.8503637962549557,0.0008333565203298566,2,0.06266262820561475,3,3,True,59.016510920185716,0.7449541725328084,0.0007300550890821522,RELIABLE,RELIABLE,274.4433285268645,0.7211540897429084,0.0007067310079480503,OOD,OOD,38.734401584254016,0.787701168049341,0.0007719471446883541,RELIABLE,RELIABLE,23.358736041300183,0.8503637962549557,0.0008333565203298566,RELIABLE,RELIABLE,340.82061537934203,0.7424291508787576,0.0007275805678611825,OOD,OOD,9.00241,36.940063,778
779,3,Digit 3,3,Digit 3,max_nhat,RELIABLE,RELIABLE,44.22209446843736,0.7979124072404249,0.0007819541590956164,0,0.04811607003125373,3,3,True,133.5926392733938,0.7497963372091712,0.0007348004104649877,OOD,OOD,862.900101781288,0.5824698868619338,0.000570820489124695,OOD,OOD,66.02069912881215,0.7265772805912281,0.0007120457349794035,UNRELIABLE,IDO,44.22209446843736,0.7979124072404249,0.0007819541590956164,RELIABLE,RELIABLE,597.1253058858285,0.6805492130696087,0.0006669382288082165,OOD,OOD,14.796337,36.815388,779
780,3,Digit 3,3,Digit 3,max_nhat,RELIABLE,RELIABLE,49.20205625618514,0.7925196264100977,0.0007766692338818956,1,0.04874317143218021,3,3,True,153.7113524079891,0.6924221830649125,0.0006785737394036143,OOD,OOD,391.07565191119113,0.7437764549779174,0.0007289009258783591,OOD,OOD,173.71716069312697,0.7407412242725734,0.0007259263997871219,OOD,OOD,49.20205625618514,0.7925196264100977,0.0007766692338818956,RELIABLE,RELIABLE,71.92036165685393,0.7365888847901061,0.0007218571070943039,UNRELIABLE,IDO,-10.6313305,33.59894,780
781,3,Digit 3,2,Digit 2,max_nhat,UNRELIABLE,IDO,67.18418640471357,0.844380472669667,0.0008274928632162736,3,0.012216831271900985,2,3,False,79.34292085063046,0.7728682691869696,0.0007574109038032302,UNRELIABLE,IDO,81.56540165401101,0.7639262704290348,0.0007486477450204541,UNRELIABLE,IDO,67.18418640471357,0.844380472669667,0.0008274928632162736,UNRELIABLE,IDO,37.67780581936451,0.832163641397766,0.0008155203685698107,RELIABLE,RELIABLE,126.06955013198055,0.758013248917765,0.0007428529839394097,OOD,OOD,5.81076,24.22445,781
782,3,Digit 3,1,Digit 1,max_nhat,OOD,OOD,534.5358160964558,0.7723553116600302,0.0007569082054268297,4,0.0013120348964634765,1,3,False,61.26192367828915,0.7402248148127422,0.0007254203185164873,RELIABLE,RELIABLE,534.5358160964558,0.7723553116600302,0.0007569082054268297,OOD,OOD,62.14538220251278,0.7354697190589022,0.0007207603246777241,UNRELIABLE,IDO,48.97961763930741,0.7594178335019178,0.0007442294768318794,RELIABLE,RELIABLE,53.59753545147345,0.7710432767635668,0.0007556224112282954,RELIABLE,RELIABLE,-17.095083,30.01353,782
783,3,Digit 3,3,Digit 3,max_nhat,RELIABLE,RELIABLE,24.704712239600134,0.8414213294264439,0.000824592902837915,2,0.056149118791105956,3,3,True,66.43482890128836,0.7576021778911599,0.0007424501343333367,UNRELIABLE,IDO,197.39995661511733,0.7583899050213662,0.0007432221069209388,OOD,OOD,40.30931480466057,0.7852722106353379,0.0007695667664226312,RELIABLE,RELIABLE,24.704712239600134,0.8414213294264439,0.000824592902837915,RELIABLE,RELIABLE,99.01216350500427,0.7460315278159135,0.0007311108972595953,OOD,OOD,5.239168,33.79389,783
784,3,Digit 3,3,Digit 3,max_nhat,RELIABLE,RELIABLE,18.593690275411745,0.8655207847236546,0.0008482103690291814,2,0.014333826552390794,3,3,True,36.352527463210144,0.8253141579656152,0.000808807874806303,RELIABLE,RELIABLE,369.32933974262835,0.6522283618100846,0.0006391837945738829,OOD,OOD,26.28261079949981,0.8511869581712638,0.0008341632190078385,RELIABLE,RELIABLE,18.593690275411745,0.8655207847236546,0.0008482103690291814,RELIABLE,RELIABLE,114.9288787386277,0.7457668080883779,0.0007308514719266103,OOD,OOD,5.2767115,37.922543,784
785,3,Digit 3,3,Digit 3,max_nhat,RELIABLE,RELIABLE,11.643799623584181,0.8976886824258579,0.0008797349087773407,2,0.03732524526145109,3,3,True,35.14832860242559,0.8077921302899732,0.0007916362876841738,RELIABLE,RELIABLE,126.99569920714296,0.8304320057223199,0.0008138233656078735,OOD,OOD,25.84668722521918,0.8603634371644068,0.0008431561684211186,RELIABLE,RELIABLE,11.643799623584181,0.8976886824258579,0.0008797349087773407,RELIABLE,RELIABLE,35.089205292886476,0.8334923057952052,0.0008168224596793011,RELIABLE,RELIABLE,4.9446926,27.654316,785
786,3,Digit 3,3,Digit 3,max_nhat,RELIABLE,RELIABLE,23.825152138025736,0.8365652058088245,0.000819833901692648,4,0.050100881001294395,3,3,True,77.02772698853701,0.7093884013000926,0.0006952006332740907,UNRELIABLE,IDO,361.058242603537,0.7208291391002625,0.0007064125563182572,OOD,OOD,58.47774172473883,0.7664806857735424,0.0007511510720580716,RELIABLE,RELIABLE,23.825152138025736,0.8365652058088245,0.000819833901692648,RELIABLE,RELIABLE,68.8887977464035,0.7864643248075301,0.0007707350383113795,UNRELIABLE,IDO,-3.161209,36.97425,786
787,3,Digit 3,3,Digit 3,max_nhat,RELIABLE,RELIABLE,13.244535361552307,0.8888162338668367,0.0008710399091894999,2,0.03964901988629199,3,3,True,51.254861491758575,0.7759977725368173,0.0007604778170860809,RELIABLE,RELIABLE,105.00861928306836,0.7996968265358608,0.0007837028900051436,OOD,OOD,21.86668411242383,0.8491672139805447,0.0008321838697009338,RELIABLE,RELIABLE,13.244535361552307,0.8888162338668367,0.0008710399091894999,RELIABLE,RELIABLE,108.70079226110884,0.7586986951223058,0.0007435247212198596,OOD,OOD,4.3741117,31.43948,787
788,3,Digit 3,3,Digit 3,max_nhat,RELIABLE,RELIABLE,13.774869752976397,0.9060087903977386,0.0008878886145897838,2,0.05595876101938313,3,3,True,58.21749994894502,0.744807687318741,0.0007299115335723662,RELIABLE,RELIABLE,129.4396985951133,0.7809058565943394,0.0007652877394624526,OOD,OOD,29.600903947605975,0.8500500293783555,0.0008330490287907883,RELIABLE,RELIABLE,13.774869752976397,0.9060087903977386,0.0008878886145897838,RELIABLE,RELIABLE,49.726569831759974,0.7749309687082786,0.000759432349334113,RELIABLE,RELIABLE,-7.050955,28.567705,788
789,3,Digit 3,3,Digit 3,max_nhat,RELIABLE,RELIABLE,19.101449721699023,0.8606515084783541,0.0008434384783087871,0,0.044240904915206936,3,3,True,44.62327799161532,0.8164106035631472,0.0008000823914918842,RELIABLE,RELIABLE,384.3500664856295,0.69024632312184,0.0006764413966594032,OOD,OOD,37.98223397450856,0.808086709315131,0.0007919249751288284,RELIABLE,RELIABLE,19.101449721699023,0.8606515084783541,0.0008434384783087871,RELIABLE,RELIABLE,214.0469353610419,0.7712850967210758,0.0007558593947866543,OOD,OOD,10.264844,35.329468,789
790,3,Digit 3,3,Digit 3,max_nhat,UNRELIABLE,IDO,71.07705498714255,0.7913846064248927,0.0007755569142963948,2,0.07018647858136995,3,3,True,204.1466722257707,0.691243272849408,0.0006774184073924199,OOD,OOD,727.0889415058762,0.6303420923843687,0.0006177352505366813,OOD,OOD,298.7888305300381,0.7211981278435228,0.0007067741652866523,OOD,OOD,71.07705498714255,0.7913846064248927,0.0007755569142963948,UNRELIABLE,IDO,302.9923131354038,0.7037123626515427,0.0006896381153985118,OOD,OOD,13.953547,38.163204,790
791,3,Digit 3,3,Digit 3,max_nhat,RELIABLE,RELIABLE,20.43735717130349,0.8609026491257961,0.0008436845961432801,0,0.05351799394172441,3,3,True,55.11420870669279,0.8073846551840717,0.0007912369620803902,RELIABLE,RELIABLE,252.67824120891208,0.714483167354636,0.0007001935040075433,OOD,OOD,38.76309162059201,0.7942760270492586,0.0007783905065082734,RELIABLE,RELIABLE,20.43735717130349,0.8609026491257961,0.0008436845961432801,RELIABLE,RELIABLE,256.5702945896822,0.7279110522729101,0.0007133528312274519,OOD,OOD,7.503937,35.683094,791
792,3,Digit 3,3,Digit 3,max_nhat,RELIABLE,RELIABLE,19.367278286250297,0.8669996565977774,0.0008496596634658219,4,0.02172686691214898,3,3,True,64.6718798648432,0.7455501348174566,0.0007306391321211074,UNRELIABLE,IDO,116.39978797195052,0.8010213668653143,0.000785000939528008,OOD,OOD,34.4952362405233,0.8049623306564713,0.0007888630840433418,RELIABLE,RELIABLE,19.367278286250297,0.8669996565977774,0.0008496596634658219,RELIABLE,RELIABLE,34.13366366448606,0.8452727896856285,0.0008283673338919158,RELIABLE,RELIABLE,-12.396926,29.62832,792
793,3,Digit 3,3,Digit 3,max_nhat,RELIABLE,RELIABLE,23.44882097513774,0.8453051331834924,0.0008283990305198225,2,0.045344604751718864,3,3,True,47.40519669889245,0.7939147537068524,0.0007780364586327153,RELIABLE,RELIABLE,539.8675951338188,0.7417118608227924,0.0007268776236063365,OOD,OOD,38.99008021733124,0.7999605284317736,0.0007839613178631381,RELIABLE,RELIABLE,23.44882097513774,0.8453051331834924,0.0008283990305198225,RELIABLE,RELIABLE,264.12240695088076,0.7664148043424338,0.0007510865082555851,OOD,OOD,15.069678,31.637838,793
794,3,Digit 3,3,Digit 3,max_nhat,RELIABLE,RELIABLE,12.279940125407173,0.894331097307151,0.0008764444753610079,2,0.06638247061141422,3,3,True,40.94783367023341,0.7908915150413032,0.000775073684740477,RELIABLE,RELIABLE,183.21081805525932,0.7667615025208828,0.0007514262724704652,OOD,OOD,30.299924926269302,0.8279486266957368,0.000811389654161822,RELIABLE,RELIABLE,12.279940125407173,0.894331097307151,0.0008764444753610079,RELIABLE,RELIABLE,142.40632422659252,0.791810972863543,0.0007759747534062721,OOD,OOD,9.8286085,33.261356,794
795,3,Digit 3,3,Digit 3,max_nhat,RELIABLE,RELIABLE,27.371952640263505,0.815040337197335,0.0007987395304533883,0,0.0313122411998743,3,3,True,90.28210791398098,0.7837280959974607,0.0007680535340775115,OOD,OOD,432.2583745831926,0.6367193080910859,0.0006239849219292641,OOD,OOD,42.3330968550585,0.7806328405895601,0.0007650201837777689,RELIABLE,RELIABLE,27.371952640263505,0.815040337197335,0.0007987395304533883,RELIABLE,RELIABLE,93.45049354947304,0.7792477605456258,0.0007636628053347133,OOD,OOD,-8.733248,37.556736,795
796,3,Digit 3,3,Digit 3,max_nhat,RELIABLE,RELIABLE,9.765136155648644,0.9144076515167181,0.0008961194984863837,2,0.038715344145595854,3,3,True,38.120695644184835,0.7909989707770243,0.0007751789913614837,RELIABLE,RELIABLE,105.11182346682412,0.8125995763154931,0.0007963475847891832,OOD,OOD,22.461749264345155,0.8756923073711222,0.0008581784612236998,RELIABLE,RELIABLE,9.765136155648644,0.9144076515167181,0.0008961194984863837,RELIABLE,RELIABLE,84.00705154024695,0.8229566584432451,0.0008064975252743802,UNRELIABLE,IDO,4.681596,27.654484,796
797,3,Digit 3,3,Digit 3,max_nhat,RELIABLE,RELIABLE,17.18105595549455,0.8726774981214439,0.000855223948159015,2,0.041938295541651294,3,3,True,71.26814954241952,0.748099534643867,0.0007331375439509896,UNRELIABLE,IDO,66.59877317137702,0.7970214229908944,0.0007810809945310765,UNRELIABLE,IDO,58.2345092004467,0.8307392025797926,0.0008141244185281967,RELIABLE,RELIABLE,17.18105595549455,0.8726774981214439,0.000855223948159015,RELIABLE,RELIABLE,61.08145025311917,0.7694331877380906,0.0007540445239833287,RELIABLE,RELIABLE,3.3237288,25.77233,797
798,3,Digit 3,3,Digit 3,max_nhat,RELIABLE,RELIABLE,33.277282505013574,0.7948712397393287,0.0007789738149445422,0,0.028921576889062273,3,3,True,57.65449895267971,0.7659496628502664,0.0007506306695932611,RELIABLE,RELIABLE,289.5075360331067,0.709463335446306,0.0006952740687373799,OOD,OOD,50.857062713381524,0.7388501243673486,0.0007240731218800016,RELIABLE,RELIABLE,33.277282505013574,0.7948712397393287,0.0007789738149445422,RELIABLE,RELIABLE,434.14870906553455,0.7495615985723958,0.0007345703666009479,OOD,OOD,11.67186,33.776,798
799,3,Digit 3,2,Digit 2,max_nhat,RELIABLE,RELIABLE,34.37246052881936,0.7995113534659521,0.0007835211263966331,3,0.008704178428568632,2,2,True,58.720815111855565,0.7482920812437469,0.0007333262396188719,RELIABLE,RELIABLE,373.74642283515186,0.6962275886639334,0.0006823030368906547,OOD,OOD,34.37246052881936,0.7995113534659521,0.0007835211263966331,RELIABLE,RELIABLE,35.951369163165054,0.7908071750373835,0.0007749910315366359,RELIABLE,RELIABLE,381.4426509203777,0.7463716296871913,0.0007314441970934474,OOD,OOD,8.947881,38.219345,799
800,4,Digit 4,4,Digit 4,max_nhat,RELIABLE,RELIABLE,9.737781799802523,0.9137396076918765,0.0008954648155380389,3,0.08320150517184632,4,4,True,53.74737698789127,0.7545992044960939,0.000739507220406172,RELIABLE,RELIABLE,234.66515822289048,0.8063937622738551,0.0007902658870283779,OOD,OOD,40.45255259504673,0.7947676435630227,0.0007788722906917622,RELIABLE,RELIABLE,31.335511488962396,0.8305381025200301,0.0008139273404696295,RELIABLE,RELIABLE,9.737781799802523,0.9137396076918765,0.0008954648155380389,RELIABLE,RELIABLE,-8.033295,-34.107964,800
801,4,Digit 4,3,Digit 3,max_nhat,UNRELIABLE,IDO,74.05988323894374,0.7956985317759379,0.0007797845611404191,2,0.01126594259768765,3,4,False,73.54757155130653,0.7343137373667116,0.0007196274626193773,UNRELIABLE,IDO,440.2387044572872,0.7610400105193499,0.0007458192103089628,OOD,OOD,55.12876688678858,0.7844325891782502,0.0007687439373946852,RELIABLE,RELIABLE,74.05988323894374,0.7956985317759379,0.0007797845611404191,UNRELIABLE,IDO,38.728110846407624,0.7792449436945301,0.0007636600448206395,RELIABLE,RELIABLE,-9.190171,-37.490307,801
802,4,Digit 4,4,Digit 4,max_nhat,RELIABLE,RELIABLE,13.485268805031048,0.8905964286626121,0.0008727845000893598,2,0.10012292929574917,4,4,True,59.48172811666295,0.7578188754719712,0.0007426624979625318,RELIABLE,RELIABLE,194.72717438215562,0.7844422320263795,0.0007687533873858519,OOD,OOD,36.673917795781264,0.790473499366863,0.0007746640293795257,RELIABLE,RELIABLE,62.1262780739921,0.7776199573139256,0.0007620675581676471,UNRELIABLE,IDO,13.485268805031048,0.8905964286626121,0.0008727845000893598,RELIABLE,RELIABLE,-4.663605,-31.758389,802
803,4,Digit 4,4,Digit 4,max_nhat,OOD,OOD,92.46975209130983,0.726688108001309,0.0007121543458412828,2,0.016983162792624795,4,4,True,188.39091323116648,0.6567034018602754,0.0006435693338230699,OOD,OOD,1216.786075569085,0.6139682989507513,0.0006016889329717363,OOD,OOD,109.54096189079183,0.7097049452086842,0.0006955108463045105,OOD,OOD,160.7489783974931,0.6643448999766053,0.0006510580019770732,OOD,OOD,92.46975209130983,0.726688108001309,0.0007121543458412828,OOD,OOD,0.32807383,-51.434464,803
804,4,Digit 4,0,Digit 0,max_nhat,RELIABLE,RELIABLE,48.143564516693964,0.7979487161759717,0.0007819897418524523,2,0.03821496450138928,0,0,True,48.143564516693964,0.7979487161759717,0.0007819897418524523,RELIABLE,RELIABLE,939.0056471997904,0.6072150878763458,0.0005950707861188189,OOD,OOD,49.135414977551974,0.7597337516745825,0.0007445390766410908,RELIABLE,RELIABLE,100.36367804225159,0.6794607567385056,0.0006658715416037354,OOD,OOD,83.89410779618905,0.7514768014583028,0.0007364472654291367,UNRELIABLE,IDO,10.520751,-42.372257,804
805,4,Digit 4,4,Digit 4,max_nhat,RELIABLE,RELIABLE,32.73839100082219,0.8212709550631232,0.0008048455359618607,2,0.028496695704697927,4,4,True,45.37992427409324,0.7777820356067818,0.0007622263948946461,RELIABLE,RELIABLE,609.7571010871342,0.7089865357247306,0.000694806805010236,OOD,OOD,40.91983500973642,0.7927742593584253,0.0007769187741712568,RELIABLE,RELIABLE,90.42589352452153,0.7234720313077272,0.0007090025906815726,OOD,OOD,32.73839100082219,0.8212709550631232,0.0008048455359618607,RELIABLE,RELIABLE,-2.528159,-35.89261,805
806,4,Digit 4,4,Digit 4,max_nhat,UNRELIABLE,IDO,82.4297834180854,0.7794902853779344,0.0007639004796703757,2,0.0003592859871761611,4,2,False,85.8894639882405,0.7572938730156358,0.000742147995555323,OOD,OOD,780.6358732050052,0.7115238414381516,0.0006972933646093886,OOD,OOD,58.34505721278559,0.7791309993907582,0.000763548379402943,RELIABLE,RELIABLE,102.04364699225354,0.7665757354945347,0.000751244220784644,OOD,OOD,82.4297834180854,0.7794902853779344,0.0007639004796703757,UNRELIABLE,IDO,-4.5663185,-20.74746,806
807,4,Digit 4,4,Digit 4,max_nhat,RELIABLE,RELIABLE,18.14322970799642,0.8784806332290409,0.0008609110205644601,1,0.10165292071769672,4,4,True,56.031207454926545,0.748294651297487,0.0007333287582715372,RELIABLE,RELIABLE,263.69566364891625,0.7768277125113442,0.0007612911582611173,OOD,OOD,44.34840435655884,0.7478671243008184,0.0007329097818148019,RELIABLE,RELIABLE,49.277693852912684,0.7554184001095798,0.0007403100321073882,RELIABLE,RELIABLE,18.14322970799642,0.8784806332290409,0.0008609110205644601,RELIABLE,RELIABLE,5.492434,-29.397465,807
808,4,Digit 4,4,Digit 4,max_nhat,RELIABLE,RELIABLE,12.264047310219546,0.913129455814717,0.0008948668666984227,2,0.13480109929914175,4,4,True,55.00475274053751,0.7597380355420016,0.0007445432748311615,RELIABLE,RELIABLE,335.43579045129854,0.7304133408144846,0.0007158050739981949,OOD,OOD,76.87893524003904,0.7783283565155753,0.0007627617893852638,UNRELIABLE,IDO,41.74459028395365,0.7668028544644523,0.0007514667973751632,RELIABLE,RELIABLE,12.264047310219546,0.913129455814717,0.0008948668666984227,RELIABLE,RELIABLE,1.3257422,-39.855957,808
809,4,Digit 4,1,Digit 1,max_nhat,UNRELIABLE,IDO,71.01908818044599,0.8725916389541623,0.0008551398061750789,2,0.04728420725849347,1,4,False,76.80622551091174,0.7199439046862911,0.0007055450265925653,UNRELIABLE,IDO,71.01908818044599,0.8725916389541623,0.0008551398061750789,UNRELIABLE,IDO,66.3579776429335,0.8253074316956688,0.0008088012830617554,UNRELIABLE,IDO,48.261776153013784,0.8023554739701368,0.000786308364490734,RELIABLE,RELIABLE,35.76484099765263,0.8150267644552183,0.0007987262291661139,RELIABLE,RELIABLE,-41.914722,8.582198,809
810,4,Digit 4,4,Digit 4,max_nhat,RELIABLE,RELIABLE,12.78662257213593,0.8973760238005175,0.0008794285033245071,3,0.06366524476875168,4,4,True,64.19858413919837,0.7303628142844545,0.0007157555579987654,UNRELIABLE,IDO,137.78092948102795,0.8088766163781436,0.0007926990840505806,OOD,OOD,39.7313235133276,0.7836150528005569,0.0007679427517445457,RELIABLE,RELIABLE,32.190883841152434,0.8337107790317658,0.0008170365634511305,RELIABLE,RELIABLE,12.78662257213593,0.8973760238005175,0.0008794285033245071,RELIABLE,RELIABLE,-8.609179,-44.654095,810
811,4,Digit 4,4,Digit 4,max_nhat,RELIABLE,RELIABLE,38.693094740608686,0.8443009314347706,0.0008274149128060751,2,0.017368093283444797,4,2,False,48.69193412059089,0.7686173022585914,0.0007532449562134196,RELIABLE,RELIABLE,484.633214586466,0.7415692140363829,0.0007267378297556552,OOD,OOD,36.09372588534401,0.8269328381513258,0.0008103941813882992,RELIABLE,RELIABLE,53.50468003154796,0.7949164838636456,0.0007790181541863726,RELIABLE,RELIABLE,38.693094740608686,0.8443009314347706,0.0008274149128060751,RELIABLE,RELIABLE,-4.0324426,-21.096483,811
812,4,Digit 4,4,Digit 4,max_nhat,RELIABLE,RELIABLE,19.62453827125649,0.887252654910359,0.0008695076018121518,2,0.040381170354095164,4,4,True,47.65302451481366,0.7839404614707604,0.0007682616522413451,RELIABLE,RELIABLE,137.0672998778463,0.8128492808323666,0.0007965922952157193,OOD,OOD,23.558480831052048,0.8468714845562638,0.0008299340548651385,RELIABLE,RELIABLE,37.465236596702916,0.8308476461981426,0.0008142306932741797,RELIABLE,RELIABLE,19.62453827125649,0.887252654910359,0.0008695076018121518,RELIABLE,RELIABLE,-4.3038545,-23.633888,812
813,4,Digit 4,4,Digit 4,max_nhat,UNRELIABLE,IDO,64.89238844595353,0.7469973900840937,0.0007320574422824118,2,0.014271502288773497,4,4,True,103.37999908043079,0.68272621511949,0.0006690716908171003,OOD,OOD,1259.3687926829093,0.6655640271085319,0.0006522527465663612,OOD,OOD,144.2276706500655,0.7327258877953202,0.0007180713700394137,OOD,OOD,255.1934590483158,0.644798811126012,0.0006319028349034918,OOD,OOD,64.89238844595353,0.7469973900840937,0.0007320574422824118,UNRELIABLE,IDO,5.0789905,-45.979816,813
814,4,Digit 4,1,Digit 1,max_nhat,OOD,OOD,134.79676579224414,0.8942223319280093,0.0008763378852894491,4,0.02224347100990831,1,4,False,55.9359657739124,0.740154548502036,0.0007253514575319952,RELIABLE,RELIABLE,134.79676579224414,0.8942223319280093,0.0008763378852894491,OOD,OOD,39.7893054040662,0.7993557459306585,0.0007833686310120453,RELIABLE,RELIABLE,27.49290504982817,0.8370852726621557,0.0008203435672089126,RELIABLE,RELIABLE,16.461913590889413,0.871978860918101,0.0008545392836997389,RELIABLE,RELIABLE,-10.199425,-29.530365,814
815,4,Digit 4,4,Digit 4,max_nhat,RELIABLE,RELIABLE,36.73732216214068,0.8031765591129653,0.0007871130279307059,2,0.03677046604553835,4,4,True,61.46318788097142,0.7465196772851456,0.0007315892837394427,RELIABLE,RELIABLE,838.5836663483568,0.6520620188775418,0.0006390207784999909,OOD,OOD,93.05348941629786,0.7664060930674269,0.0007510779712060783,OOD,OOD,178.98997510541707,0.7125071312715454,0.0006982569886461145,OOD,OOD,36.73732216214068,0.8031765591129653,0.0007871130279307059,RELIABLE,RELIABLE,0.3841816,-35.114853,815
816,4,Digit 4,4,Digit 4,max_nhat,RELIABLE,RELIABLE,13.93743806133278,0.9005086668487181,0.0008824984935117437,3,0.12831837498071963,4,4,True,88.69981855596961,0.7420278325550752,0.0007271872759039737,OOD,OOD,301.9476418176765,0.7367272188285414,0.0007219926744519706,OOD,OOD,62.499309519255974,0.7672979703891653,0.0007519520109813819,UNRELIABLE,IDO,59.941398355829435,0.7721902918679985,0.0007567464860306385,RELIABLE,RELIABLE,13.93743806133278,0.9005086668487181,0.0008824984935117437,RELIABLE,RELIABLE,-5.6101236,-45.842915,816
817,4,Digit 4,4,Digit 4,max_nhat,RELIABLE,RELIABLE,28.208342911452633,0.8440723122882268,0.0008271908660424622,3,0.04064899457997606,4,4,True,105.91215908824336,0.751330437441341,0.0007363038286925141,OOD,OOD,241.04437244643702,0.789993592059236,0.0007741937202180513,OOD,OOD,86.89144031330964,0.753117556620417,0.0007380552054880086,OOD,OOD,61.76927638639597,0.8034233177082507,0.0007873548513540856,RELIABLE,RELIABLE,28.208342911452633,0.8440723122882268,0.0008271908660424622,RELIABLE,RELIABLE,-9.066492,-46.38075,817
818,4,Digit 4,4,Digit 4,max_nhat,RELIABLE,RELIABLE,17.167307061446415,0.8682834554721174,0.000850917786362675,3,0.046234967138626626,4,4,True,70.0819913067834,0.7334095202743997,0.0007187413298689117,UNRELIABLE,IDO,212.0457072542663,0.7557297089113425,0.0007406151147331156,OOD,OOD,46.06781394726928,0.7742122215668886,0.0007587279771355508,RELIABLE,RELIABLE,37.9814920848633,0.8220484883334908,0.000805607518566821,RELIABLE,RELIABLE,17.167307061446415,0.8682834554721174,0.000850917786362675,RELIABLE,RELIABLE,-7.7066903,-45.518234,818
819,4,Digit 4,4,Digit 4,max_nhat,RELIABLE,RELIABLE,18.55305273687424,0.8593965635797395,0.0008422086323081446,1,0.003886079554552224,4,4,True,73.98970525333263,0.7269344122783529,0.0007123957240327858,UNRELIABLE,IDO,93.03280878661623,0.8555104840251873,0.0008384002743446835,OOD,OOD,42.51636076847202,0.7924079532683693,0.0007765597942030019,RELIABLE,RELIABLE,30.593603587307687,0.8313717543245037,0.0008147443192380136,RELIABLE,RELIABLE,18.55305273687424,0.8593965635797395,0.0008422086323081446,RELIABLE,RELIABLE,-11.735593,-30.370962,819
820,4,Digit 4,4,Digit 4,max_nhat,RELIABLE,RELIABLE,45.58748937074319,0.8068565990072,0.000790719467027056,2,0.05556038315498857,4,4,True,74.96140544381785,0.7350825546041339,0.0007203809035120512,UNRELIABLE,IDO,1072.158873443444,0.6932885410725537,0.0006794227702511025,OOD,OOD,98.90853607782525,0.7512962158522114,0.0007362702915351671,OOD,OOD,176.35465981776838,0.7310706089482334,0.0007164491967692687,OOD,OOD,45.58748937074319,0.8068565990072,0.000790719467027056,RELIABLE,RELIABLE,0.96016985,-33.59227,820
821,4,Digit 4,4,Digit 4,max_nhat,OOD,OOD,93.30668356611385,0.7547548494993165,0.0007396597525093302,0,0.02956279372599868,4,4,True,101.97341454537973,0.7251920557733178,0.0007106882146578514,OOD,OOD,761.9715874539056,0.6937382134588367,0.0006798634491896599,OOD,OOD,104.53915362449077,0.698656168827775,0.0006846830454512196,OOD,OOD,118.1951258529002,0.6840859624647181,0.0006704042432154237,OOD,OOD,93.30668356611385,0.7547548494993165,0.0007396597525093302,OOD,OOD,7.7745137,-30.247175,821
822,4,Digit 4,4,Digit 4,max_nhat,RELIABLE,RELIABLE,17.235646960643166,0.8846853596770133,0.0008669916524834731,2,0.0852331940847052,4,4,True,54.856107743524255,0.7616427132741919,0.000746409859008708,RELIABLE,RELIABLE,449.09267785576526,0.728351792670719,0.0007137847568173046,OOD,OOD,58.697632090272656,0.7994521655923081,0.000783463122280462,RELIABLE,RELIABLE,95.365060800338,0.7939742657401249,0.0007780947804253224,OOD,OOD,17.235646960643166,0.8846853596770133,0.0008669916524834731,RELIABLE,RELIABLE,-0.79875606,-35.33878,822
823,4,Digit 4,4,Digit 4,max_nhat,RELIABLE,RELIABLE,38.41776059640109,0.8124751707478209,0.0007962256673328645,2,0.026510825444832076,4,4,True,72.15528632198645,0.7188096738393168,0.0007044334803625304,UNRELIABLE,IDO,745.6677022353817,0.6732477351967594,0.0006597827804928242,OOD,OOD,98.81188691336435,0.7859643453029889,0.000770245058396929,OOD,OOD,199.45006909430984,0.694537254413274,0.0006806465093250084,OOD,OOD,38.41776059640109,0.8124751707478209,0.0007962256673328645,RELIABLE,RELIABLE,6.246135,-43.4038,823
824,4,Digit 4,2,Digit 2,max_nhat,OOD,OOD,86.27035444553273,0.7244888061855391,0.0007099990300618284,0,0.016548972835969344,2,2,True,112.50629929233365,0.7079398333495698,0.0006937810366825784,OOD,OOD,1202.9877695063537,0.6394817037934157,0.0006266920697175474,OOD,OOD,86.27035444553273,0.7244888061855391,0.0007099990300618284,OOD,OOD,186.04256964800504,0.6708823674916381,0.0006574647201418053,OOD,OOD,153.74657897318733,0.6943129375727563,0.0006804266788213011,OOD,OOD,0.7411472,-19.456385,824
825,4,Digit 4,4,Digit 4,max_nhat,RELIABLE,RELIABLE,15.363793791688005,0.8795872250204407,0.0008619954805200319,3,0.07357848774363263,4,4,True,66.13311590755964,0.7208471555959824,0.0007064302124840628,UNRELIABLE,IDO,239.62514532113903,0.7665445813766315,0.0007512136897490988,OOD,OOD,38.57916560707021,0.7836359264878194,0.000767963207958063,RELIABLE,RELIABLE,39.955181543261524,0.8060087372768081,0.0007898885625312719,RELIABLE,RELIABLE,15.363793791688005,0.8795872250204407,0.0008619954805200319,RELIABLE,RELIABLE,-4.299607,-44.398827,825
826,4,Digit 4,4,Digit 4,max_nhat,RELIABLE,RELIABLE,23.115003689694625,0.8391847450137592,0.000822401050113484,3,0.05243645375135464,4,4,True,68.8069800183943,0.7384018112049946,0.0007236337749808947,UNRELIABLE,IDO,425.06526597583144,0.7119408549510919,0.00069770203785207,OOD,OOD,55.45656185705701,0.7523059030262916,0.0007372597849657658,RELIABLE,RELIABLE,56.68394299409599,0.7867482912624045,0.0007710133254371564,RELIABLE,RELIABLE,23.115003689694625,0.8391847450137592,0.000822401050113484,RELIABLE,RELIABLE,-4.161636,-45.5189,826
827,4,Digit 4,4,Digit 4,max_nhat,RELIABLE,RELIABLE,19.241008747612312,0.866464428756295,0.0008491351401811691,2,0.04634160491764827,4,4,True,52.20797011661594,0.7652047641498168,0.0007499006688668204,RELIABLE,RELIABLE,355.0031909855916,0.7290293924424308,0.0007144488045935822,OOD,OOD,33.68666518935182,0.8201228238386468,0.0008037203673618738,RELIABLE,RELIABLE,36.075614830404575,0.8079775770754573,0.0007918180255339481,RELIABLE,RELIABLE,19.241008747612312,0.866464428756295,0.0008491351401811691,RELIABLE,RELIABLE,-4.441849,-42.90154,827
828,4,Digit 4,1,Digit 1,max_nhat,UNRELIABLE,IDO,67.76060037594918,0.8414561786006013,0.0008246270550285892,4,0.001125859963496012,1,4,False,72.81025018592274,0.7315586484659236,0.0007169274754966051,UNRELIABLE,IDO,67.76060037594918,0.8414561786006013,0.0008246270550285892,UNRELIABLE,IDO,34.990708506866326,0.8021839871555239,0.0007861403074124134,RELIABLE,RELIABLE,31.109222641961903,0.8329575910229353,0.0008162984392024766,RELIABLE,RELIABLE,22.975382541396506,0.8403303186371053,0.0008235237122643631,RELIABLE,RELIABLE,-12.339597,-29.578272,828
829,4,Digit 4,4,Digit 4,max_nhat,RELIABLE,RELIABLE,14.108825096626354,0.8919624554739342,0.0008741232063644555,2,0.06640365150899463,4,4,True,49.953951452601515,0.7666115869578302,0.0007512793552186736,RELIABLE,RELIABLE,226.87138470389647,0.7355376488520015,0.0007208268958749614,OOD,OOD,34.18028572152704,0.8255588039649395,0.0008090476278856407,RELIABLE,RELIABLE,50.19407252223763,0.7912084180361237,0.0007753842496754013,RELIABLE,RELIABLE,14.108825096626354,0.8919624554739342,0.0008741232063644555,RELIABLE,RELIABLE,-2.276646,-33.05992,829
830,4,Digit 4,4,Digit 4,max_nhat,RELIABLE,RELIABLE,18.23907466372503,0.8632520173813918,0.000845986977033764,1,0.0005011500805395253,4,4,True,65.71374201136996,0.7419164614797783,0.0007270781322501827,UNRELIABLE,IDO,282.1955415879884,0.8627508673008523,0.0008454958499548352,OOD,OOD,43.61924045470986,0.7743900591396129,0.0007589022579568206,RELIABLE,RELIABLE,42.74352124518487,0.8183817397001336,0.000802014104906131,RELIABLE,RELIABLE,18.23907466372503,0.8632520173813918,0.000845986977033764,RELIABLE,RELIABLE,3.964061,-28.005981,830
831,4,Digit 4,2,Digit 2,max_nhat,RELIABLE,RELIABLE,24.306226550549596,0.8515232478809567,0.0008344927829233375,4,0.020954640081745635,2,2,True,54.49036795386522,0.7363906095114112,0.000721662797321183,RELIABLE,RELIABLE,99.16589116528746,0.812698456723801,0.000796444487589325,OOD,OOD,24.306226550549596,0.8515232478809567,0.0008344927829233375,RELIABLE,RELIABLE,63.53603689710478,0.8041130223843019,0.0007880307619366159,UNRELIABLE,IDO,30.33418613549002,0.830568607799211,0.0008139572356432267,RELIABLE,RELIABLE,-0.04922524,-26.343838,831
832,4,Digit 4,4,Digit 4,max_nhat,RELIABLE,RELIABLE,16.535743252773983,0.8691712326259836,0.000851787807973464,1,0.044146346069936504,4,4,True,75.9247369123258,0.7212489236531029,0.0007068239451800408,UNRELIABLE,IDO,280.6585504788409,0.8250248865560471,0.0008085243888249262,OOD,OOD,53.12717004272641,0.769746541441463,0.0007543516106126338,RELIABLE,RELIABLE,42.0580143069342,0.7970596721559883,0.0007811184787128685,RELIABLE,RELIABLE,16.535743252773983,0.8691712326259836,0.000851787807973464,RELIABLE,RELIABLE,-10.953893,-32.715546,832
833,4,Digit 4,1,Digit 1,max_nhat,OOD,OOD,111.2440385999302,0.8515090431015465,0.0008344788622395155,4,0.0026975809682475704,1,2,False,54.92868236757822,0.7429615613628753,0.0007281023301356177,RELIABLE,RELIABLE,111.2440385999302,0.8515090431015465,0.0008344788622395155,OOD,OOD,31.587500552009153,0.8001976375148238,0.0007841936847645273,RELIABLE,RELIABLE,41.16907219334935,0.7859759806430595,0.0007702564610301983,RELIABLE,RELIABLE,32.30891843358407,0.8488114621332989,0.000831835232890633,RELIABLE,RELIABLE,-15.374608,-13.575964,833
834,4,Digit 4,4,Digit 4,max_nhat,RELIABLE,RELIABLE,11.49735681083276,0.9092631939173864,0.0008910779300390386,3,0.08069922086366932,4,4,True,55.34895841830873,0.7502169030321846,0.0007352125649715409,RELIABLE,RELIABLE,254.74243197253054,0.7749256283413128,0.0007594271157744866,OOD,OOD,40.83131042066096,0.783508891842529,0.0007678387140056784,RELIABLE,RELIABLE,35.75467379491222,0.8285639730537171,0.0008119926935926427,RELIABLE,RELIABLE,11.49735681083276,0.9092631939173864,0.0008910779300390386,RELIABLE,RELIABLE,-7.3848467,-43.936836,834
835,4,Digit 4,4,Digit 4,max_nhat,RELIABLE,RELIABLE,14.108352222076267,0.8834092689376009,0.0008657410835588488,1,0.049131371840958615,4,4,True,54.055865681385505,0.7440793141126221,0.0007291977278303697,RELIABLE,RELIABLE,104.82322803474425,0.8342778970966422,0.0008175923391547093,OOD,OOD,40.719842143624305,0.784096790808698,0.000768414854992524,RELIABLE,RELIABLE,32.76535539840202,0.8222400544022708,0.0008057952533142254,RELIABLE,RELIABLE,14.108352222076267,0.8834092689376009,0.0008657410835588488,RELIABLE,RELIABLE,-8.791851,-30.499508,835
836,4,Digit 4,4,Digit 4,max_nhat,RELIABLE,RELIABLE,11.475499488859725,0.9058555154160084,0.0008877384051076882,1,0.11531257807518369,4,4,True,58.2026045222791,0.737943902220712,0.0007231850241762978,RELIABLE,RELIABLE,297.6470510208949,0.7905429373408247,0.0007747320785940082,OOD,OOD,54.133818925447414,0.7453583943640105,0.0007304512264767303,RELIABLE,RELIABLE,47.18924897809438,0.7776237021690346,0.0007620712281256539,RELIABLE,RELIABLE,11.475499488859725,0.9058555154160084,0.0008877384051076882,RELIABLE,RELIABLE,-9.200949,-33.28038,836
837,4,Digit 4,4,Digit 4,max_nhat,RELIABLE,RELIABLE,23.386580826577095,0.8406349507034403,0.0008238222516893715,0,0.05804435737652558,4,4,True,53.71682926391952,0.7825905933269147,0.0007669387814603764,RELIABLE,RELIABLE,431.10486014062826,0.6923936242426589,0.0006785457517578058,OOD,OOD,48.7252227557825,0.7522535085233039,0.0007372084383528378,RELIABLE,RELIABLE,100.38392240584105,0.7076712931119699,0.0006935178672497304,OOD,OOD,23.386580826577095,0.8406349507034403,0.0008238222516893715,RELIABLE,RELIABLE,7.7635007,-38.15405,837
838,4,Digit 4,4,Digit 4,max_nhat,RELIABLE,RELIABLE,11.497086228305733,0.9025003022976787,0.0008844502962517251,1,0.05941190289262155,4,4,True,47.17549420786602,0.7724351656788367,0.00075698646236526,RELIABLE,RELIABLE,166.1191584711968,0.8430883994050572,0.000826226631416956,OOD,OOD,29.548313506246014,0.8281398896829456,0.0008115770918892867,RELIABLE,RELIABLE,36.813714505933234,0.8122691115058628,0.0007960237292757455,RELIABLE,RELIABLE,11.497086228305733,0.9025003022976787,0.0008844502962517251,RELIABLE,RELIABLE,-6.3685923,-32.9757,838
839,4,Digit 4,4,Digit 4,max_nhat,RELIABLE,RELIABLE,17.72186779324833,0.874515663523919,0.0008570253502534406,2,0.03944973779626737,4,4,True,50.77827191176267,0.7931565220518283,0.0007772933916107917,RELIABLE,RELIABLE,171.61799155762492,0.7413727275920984,0.0007265452730402564,OOD,OOD,27.35689993674204,0.8350659257276516,0.0008183646072130985,RELIABLE,RELIABLE,56.854635927819174,0.7870157639014858,0.000771275448623456,RELIABLE,RELIABLE,17.72186779324833,0.874515663523919,0.0008570253502534406,RELIABLE,RELIABLE,0.35532394,-44.014805,839
840,4,Digit 4,4,Digit 4,max_nhat,OOD,OOD,166.00755711594059,0.7978602948372454,0.0007819030889405005,2,0.0382849986461139,4,4,True,207.84139547475888,0.6809452301819291,0.0006673263255782904,OOD,OOD,378.09065170029567,0.719437813135557,0.0007050490568728459,OOD,OOD,186.9484039637837,0.7595752961911315,0.0007443837902673089,OOD,OOD,214.62237149731703,0.7551526784337512,0.0007400496248650761,OOD,OOD,166.00755711594059,0.7978602948372454,0.0007819030889405005,OOD,OOD,-0.7937416,-43.691513,840
841,4,Digit 4,4,Digit 4,max_nhat,RELIABLE,RELIABLE,22.510366148901362,0.8537625711384911,0.0008366873197157213,2,0.05156869321184265,4,4,True,53.3779204818443,0.7489627021697748,0.0007339834481263792,RELIABLE,RELIABLE,191.6816061108252,0.7839384214994716,0.0007682596530694822,OOD,OOD,42.08137500051075,0.8021938779266484,0.0007861500003681155,RELIABLE,RELIABLE,43.791607224368875,0.764005029184764,0.0007487249286010686,RELIABLE,RELIABLE,22.510366148901362,0.8537625711384911,0.0008366873197157213,RELIABLE,RELIABLE,3.2622752,-29.497883,841
842,4,Digit 4,1,Digit 1,max_nhat,OOD,OOD,242.1840412993148,0.8351149324831637,0.0008184126338335004,4,0.004692021227143961,1,4,False,86.25910551925736,0.7182245936098419,0.0007038601017376451,OOD,OOD,242.1840412993148,0.8351149324831637,0.0008184126338335004,OOD,OOD,68.82691286416186,0.7488697159824206,0.0007338923216627721,UNRELIABLE,IDO,48.54404494419816,0.7814128973529385,0.0007657846394058797,RELIABLE,RELIABLE,27.816710125981214,0.8304229112560197,0.0008138144530308993,RELIABLE,RELIABLE,-12.099682,-33.058804,842
843,4,Digit 4,4,Digit 4,max_nhat,RELIABLE,RELIABLE,32.66801022647514,0.8183614277976996,0.0008019941992417456,3,0.025012707652612765,4,4,True,78.22810779606704,0.7418253872049622,0.0007269888794608629,UNRELIABLE,IDO,623.0312514757263,0.7379400789725062,0.000723181277393056,OOD,OOD,81.63192813211104,0.7781939511139178,0.0007626300720916393,UNRELIABLE,IDO,61.99432383748869,0.7933487201450868,0.000777481745742185,RELIABLE,RELIABLE,32.66801022647514,0.8183614277976996,0.0008019941992417456,RELIABLE,RELIABLE,-10.711856,-36.078606,843
844,4,Digit 4,4,Digit 4,max_nhat,RELIABLE,RELIABLE,29.18036499594608,0.8224377750669387,0.0008059890195655999,2,0.06575848218430924,4,4,True,98.30586575666845,0.6543989465489853,0.0006413109676180057,OOD,OOD,449.9081923033915,0.7099887648300885,0.0006957889895334868,OOD,OOD,61.83618536842562,0.7566792928826295,0.0007415457070249769,RELIABLE,RELIABLE,63.780412507961515,0.7388998268263773,0.0007241218302898498,UNRELIABLE,IDO,29.18036499594608,0.8224377750669387,0.0008059890195655999,RELIABLE,RELIABLE,-4.4920073,-48.254997,844
845,4,Digit 4,4,Digit 4,max_nhat,RELIABLE,RELIABLE,29.22394502495552,0.8196599488648006,0.0008032667498875046,3,0.07181894126770272,4,4,True,109.36726756125498,0.6689571020726709,0.0006555779600312175,OOD,OOD,459.1454745503745,0.6991065389132795,0.0006851244081350138,OOD,OOD,64.16213941484878,0.7203868754005883,0.0007059791378925765,UNRELIABLE,IDO,57.00006557519732,0.7478410075970979,0.0007328841874451559,RELIABLE,RELIABLE,29.22394502495552,0.8196599488648006,0.0008032667498875046,RELIABLE,RELIABLE,-5.0831504,-48.297623,845
846,4,Digit 4,4,Digit 4,max_nhat,RELIABLE,RELIABLE,13.26380272282097,0.8917735072746236,0.000873938037129131,2,0.09137108997860877,4,4,True,57.000793211119635,0.7681533903965762,0.0007527903225886446,RELIABLE,RELIABLE,118.35850844957884,0.766302444846694,0.00075097639594976,OOD,OOD,32.73190526405367,0.8004024172960148,0.0007843943689500944,RELIABLE,RELIABLE,43.405494556983946,0.8001508707680494,0.0007841478533526883,RELIABLE,RELIABLE,13.26380272282097,0.8917735072746236,0.000873938037129131,RELIABLE,RELIABLE,-1.6949692,-42.269676,846
847,4,Digit 4,4,Digit 4,max_nhat,RELIABLE,RELIABLE,46.32099284635824,0.8074710436470893,0.0007913216227741476,3,0.06249659297175869,4,4,True,171.78949150427997,0.6624123770981162,0.0006491641295561538,OOD,OOD,571.8073594685252,0.7090273675953261,0.0006948468202434196,OOD,OOD,83.09751925019056,0.7114129649630276,0.0006971847056637671,UNRELIABLE,IDO,66.51748692558,0.7449744506753306,0.000730074961661824,UNRELIABLE,IDO,46.32099284635824,0.8074710436470893,0.0007913216227741476,RELIABLE,RELIABLE,-3.4285142,-50.13341,847
848,4,Digit 4,4,Digit 4,max_nhat,RELIABLE,RELIABLE,17.008473864185667,0.8769483080407028,0.0008594093418798887,2,0.03676896026148757,4,4,True,50.35426898752008,0.7877777123120111,0.0007720221580657709,RELIABLE,RELIABLE,326.46230770892697,0.7338471559240762,0.0007191702128055946,OOD,OOD,27.76088787188457,0.8401793477792152,0.0008233757608236309,RELIABLE,RELIABLE,54.20053231702051,0.7984436760632503,0.0007824748025419852,RELIABLE,RELIABLE,17.008473864185667,0.8769483080407028,0.0008594093418798887,RELIABLE,RELIABLE,-4.22716,-33.669804,848
849,4,Digit 4,4,Digit 4,max_nhat,RELIABLE,RELIABLE,14.998192535136136,0.8873321313223046,0.0008695854886958585,3,0.057649814948139144,4,4,True,61.86945695937369,0.7429827087125641,0.0007281230545383128,RELIABLE,RELIABLE,121.70167403689746,0.7833268756855353,0.0007676603381718245,OOD,OOD,38.20319585587805,0.7960637159727447,0.0007801424416532898,RELIABLE,RELIABLE,30.611610321101068,0.8296823163741655,0.0008130886700466821,RELIABLE,RELIABLE,14.998192535136136,0.8873321313223046,0.0008695854886958585,RELIABLE,RELIABLE,-8.943961,-44.852554,849
850,4,Digit 4,4,Digit 4,max_nhat,RELIABLE,RELIABLE,61.10140380254646,0.8053265375510315,0.0007892200068000108,2,0.07824340831874521,4,4,True,184.4676444500691,0.6679348867404724,0.0006545761890056629,OOD,OOD,821.6192621080545,0.7162504945967604,0.0007019254847048252,OOD,OOD,80.0053026534651,0.7270831292322862,0.0007125414666476405,UNRELIABLE,IDO,95.90630615011378,0.7215387724999184,0.00070710799704992,OOD,OOD,61.10140380254646,0.8053265375510315,0.0007892200068000108,RELIABLE,RELIABLE,-1.7349786,-51.349,850
851,4,Digit 4,4,Digit 4,max_nhat,RELIABLE,RELIABLE,56.739287938882306,0.8247870634284823,0.0008082913221599126,2,0.06585383484911178,4,4,True,82.799601343521,0.7480511887392467,0.0007330901649644617,UNRELIABLE,IDO,1307.2135870703453,0.7115839308293956,0.0006973522522128078,OOD,OOD,80.32714526513689,0.7589332285793705,0.0007437545640077831,UNRELIABLE,IDO,120.44702849723095,0.6930977440580509,0.0006792357891768899,OOD,OOD,56.739287938882306,0.8247870634284823,0.0008082913221599126,RELIABLE,RELIABLE,3.679114,-48.506527,851
852,4,Digit 4,4,Digit 4,max_nhat,RELIABLE,RELIABLE,25.17915166366177,0.8702052053022358,0.000852801101196191,3,0.06495999548288967,4,4,True,68.73167065889159,0.7389496556178721,0.0007241706625055146,UNRELIABLE,IDO,251.31061140886283,0.7857748500389278,0.0007700593530381492,OOD,OOD,35.75793976831507,0.803998496775546,0.0007879185268400351,RELIABLE,RELIABLE,76.66917423428428,0.8052452098193461,0.0007891403056229591,UNRELIABLE,IDO,25.17915166366177,0.8702052053022358,0.000852801101196191,RELIABLE,RELIABLE,-2.7849205,-24.98994,852
853,4,Digit 4,4,Digit 4,max_nhat,RELIABLE,RELIABLE,12.384138930680333,0.8958164056940194,0.0008779000775801391,2,0.06182351066084901,4,4,True,56.21507390605079,0.776421209110474,0.0007608927849282644,RELIABLE,RELIABLE,331.61776233851003,0.7505314616214561,0.000735520832389027,OOD,OOD,33.44950012126735,0.8339928950331704,0.000817313037132507,RELIABLE,RELIABLE,42.245193229488,0.8033598938366643,0.0007872926959599309,RELIABLE,RELIABLE,12.384138930680333,0.8958164056940194,0.0008779000775801391,RELIABLE,RELIABLE,-5.699602,-45.45866,853
854,4,Digit 4,4,Digit 4,max_nhat,RELIABLE,RELIABLE,35.261136909746384,0.8176388174826744,0.0008012860411330209,2,0.03785947201970563,4,4,True,87.54044852996455,0.6671592855179034,0.0006538160998075452,OOD,OOD,392.2990877129406,0.6958950650811443,0.0006819771637795214,OOD,OOD,46.67592106395764,0.7797793454629688,0.0007641837585537094,RELIABLE,RELIABLE,47.805553680856235,0.7792925202904792,0.0007637066698846696,RELIABLE,RELIABLE,35.261136909746384,0.8176388174826744,0.0008012860411330209,RELIABLE,RELIABLE,-8.150523,-48.145756,854
855,4,Digit 4,4,Digit 4,max_nhat,RELIABLE,RELIABLE,57.82298798853572,0.7827671171596954,0.0007671117748165014,2,0.03630022145564615,4,4,True,94.05512472387223,0.7409419328853638,0.0007261230942276566,OOD,OOD,684.5427575526328,0.6293318135924825,0.0006167451773206328,OOD,OOD,98.3716014833933,0.7464668957040492,0.0007315375577899682,OOD,OOD,182.60242885031684,0.6707380352660172,0.0006573232745606968,OOD,OOD,57.82298798853572,0.7827671171596954,0.0007671117748165014,RELIABLE,RELIABLE,8.368583,-37.34278,855
856,4,Digit 4,4,Digit 4,max_nhat,RELIABLE,RELIABLE,10.206386882228845,0.9144710755999731,0.0008961816540879736,3,0.08083804260456906,4,4,True,56.866542916411916,0.7376347987443113,0.000722882102769425,RELIABLE,RELIABLE,252.67048354459757,0.8125285000859006,0.0007962779300841826,OOD,OOD,52.635861495810744,0.8078208336052042,0.0007916644169331001,RELIABLE,RELIABLE,32.67577727021264,0.833633032995404,0.0008169603723354959,RELIABLE,RELIABLE,10.206386882228845,0.9144710755999731,0.0008961816540879736,RELIABLE,RELIABLE,-5.3907704,-28.871893,856
857,4,Digit 4,1,Digit 1,max_nhat,OOD,OOD,121.21963472998883,0.8699902566881587,0.0008525904515543954,4,0.005384979543688551,1,4,False,50.5501410694996,0.7761453940703423,0.0007606224861889354,RELIABLE,RELIABLE,121.21963472998883,0.8699902566881587,0.0008525904515543954,OOD,OOD,26.328715935816806,0.8193489114677707,0.0008029619332384152,RELIABLE,RELIABLE,38.72668483482299,0.8107511091205019,0.0007945360869380918,RELIABLE,RELIABLE,19.439623258326307,0.8646052771444701,0.0008473131716015806,RELIABLE,RELIABLE,-7.198071,-24.818224,857
858,4,Digit 4,4,Digit 4,max_nhat,RELIABLE,RELIABLE,21.136021302847816,0.848225971846712,0.0008312614524097777,2,0.03649102541336413,4,4,True,51.70028655547247,0.7924935973675671,0.0007766437254202157,RELIABLE,RELIABLE,195.77183929363562,0.7022209162452105,0.0006881764979203063,OOD,OOD,33.832589226626794,0.8117349464333479,0.0007955002475046809,RELIABLE,RELIABLE,49.25712830951652,0.7881429898691338,0.000772380130071751,RELIABLE,RELIABLE,21.136021302847816,0.848225971846712,0.0008312614524097777,RELIABLE,RELIABLE,-0.060890235,-43.780807,858
859,4,Digit 4,4,Digit 4,max_nhat,RELIABLE,RELIABLE,18.943010039577743,0.865642766173899,0.000848329910850421,3,0.06830267578720528,4,4,True,55.59454445385667,0.7807846438666713,0.0007651689509893379,RELIABLE,RELIABLE,551.9812893288283,0.7381048793067465,0.0007233427817206115,OOD,OOD,64.85611850341729,0.7781124351763354,0.0007625501864728087,UNRELIABLE,IDO,81.38019289229199,0.7973400903866937,0.0007813932885789598,UNRELIABLE,IDO,18.943010039577743,0.865642766173899,0.000848329910850421,RELIABLE,RELIABLE,0.9066499,-22.48543,859
860,4,Digit 4,4,Digit 4,max_nhat,RELIABLE,RELIABLE,16.24137347014727,0.9000824831423702,0.0008820808334795227,2,0.04840994466080217,4,4,True,44.93413163966507,0.7902751495771931,0.0007744696465856492,RELIABLE,RELIABLE,112.10099245488692,0.8309226382187116,0.0008143041854543373,OOD,OOD,21.75210342058646,0.851672538481568,0.0008346390877119366,RELIABLE,RELIABLE,25.698393775759733,0.8397937864131657,0.0008229979106849024,RELIABLE,RELIABLE,16.24137347014727,0.9000824831423702,0.0008820808334795227,RELIABLE,RELIABLE,-4.7296085,-23.92497,860
861,4,Digit 4,4,Digit 4,max_nhat,UNRELIABLE,IDO,71.62655361823096,0.7724903839398548,0.0007570405762610577,2,0.03464329179957237,4,4,True,182.15443529841693,0.6651502141751423,0.0006518472098916394,OOD,OOD,986.380921014633,0.6385642086705117,0.0006257929244971014,OOD,OOD,116.10539868638018,0.7378470921402824,0.0007230901502974767,OOD,OOD,173.50766870323238,0.731716471385603,0.0007170821419578909,OOD,OOD,71.62655361823096,0.7724903839398548,0.0007570405762610577,UNRELIABLE,IDO,-2.018839,-52.105816,861
862,4,Digit 4,4,Digit 4,max_nhat,RELIABLE,RELIABLE,42.46493473281456,0.8006427049647461,0.0007846298508654511,3,0.02826600433623394,4,4,True,134.56704370449657,0.6938251041475801,0.0006799486020646285,OOD,OOD,501.75264281907226,0.6666838868915652,0.0006533502091537339,OOD,OOD,51.151256958608265,0.7515489237976076,0.0007365179453216555,RELIABLE,RELIABLE,52.526373412866796,0.7723767006285122,0.0007569291666159419,RELIABLE,RELIABLE,42.46493473281456,0.8006427049647461,0.0007846298508654511,RELIABLE,RELIABLE,-5.606648,-48.494144,862
863,4,Digit 4,4,Digit 4,max_nhat,RELIABLE,RELIABLE,13.259938200720791,0.8933276902440397,0.0008754611364391588,1,0.09180430618138502,4,4,True,62.19000673004914,0.7115154773642426,0.0006972851678169577,UNRELIABLE,IDO,131.30459703333872,0.8015233840626547,0.0007854929163814016,OOD,OOD,36.95301609496096,0.7967926628280395,0.0007808568095714787,RELIABLE,RELIABLE,37.84363996330998,0.8009148734198483,0.0007848965759514513,RELIABLE,RELIABLE,13.259938200720791,0.8933276902440397,0.0008754611364391588,RELIABLE,RELIABLE,-7.9837728,-31.069431,863
864,4,Digit 4,4,Digit 4,max_nhat,RELIABLE,RELIABLE,6.847402465416693,0.9375045470031401,0.0009187544560630773,2,0.11774007551780019,4,4,True,50.38630440839975,0.7811156893386955,0.0007654933755519215,RELIABLE,RELIABLE,189.19710967024298,0.7222963501111772,0.0007078504231089537,OOD,OOD,30.09025984269514,0.8197644714853399,0.0008033691820556331,RELIABLE,RELIABLE,49.099915835946746,0.7918719372805817,0.00077603449853497,RELIABLE,RELIABLE,6.847402465416693,0.9375045470031401,0.0009187544560630773,RELIABLE,RELIABLE,0.13240224,-42.079727,864
865,4,Digit 4,4,Digit 4,max_nhat,RELIABLE,RELIABLE,33.165228135182424,0.8331881772351939,0.00081652441369049,3,0.04415560247358152,4,4,True,124.26357669289845,0.7380661557281362,0.0007233048326135734,OOD,OOD,345.05822899036013,0.7670244250281586,0.0007516839365275954,OOD,OOD,113.95019529961337,0.7426176163025586,0.0007277652639765074,OOD,OOD,71.73686729195867,0.7890325747616124,0.0007732519232663801,UNRELIABLE,IDO,33.165228135182424,0.8331881772351939,0.00081652441369049,RELIABLE,RELIABLE,-14.6472845,-26.080246,865
866,4,Digit 4,4,Digit 4,max_nhat,RELIABLE,RELIABLE,8.346035341167216,0.9242174550998268,0.0009057331059978302,1,0.09058954745227354,4,4,True,51.25291678908134,0.743010487053923,0.0007281502773128446,RELIABLE,RELIABLE,175.35997156285936,0.8336279076475532,0.0008169553494946022,OOD,OOD,37.33353912482107,0.8085851494857031,0.0007924134464959891,RELIABLE,RELIABLE,37.25808876342299,0.8113508901513238,0.0007951238723482972,RELIABLE,RELIABLE,8.346035341167216,0.9242174550998268,0.0009057331059978302,RELIABLE,RELIABLE,-6.3253984,-31.102402,866
867,4,Digit 4,4,Digit 4,max_nhat,RELIABLE,RELIABLE,34.90520290033483,0.810225479657223,0.0007940209700640785,0,0.060211156835860535,4,4,True,79.85651964561409,0.7500143228213625,0.0007350140363649352,UNRELIABLE,IDO,667.9229534077725,0.7323618515370662,0.0007177146145063249,OOD,OOD,103.33721336328584,0.71796180899441,0.0007036025728145217,OOD,OOD,95.65393135301022,0.700295362600461,0.0006862894553484517,OOD,OOD,34.90520290033483,0.810225479657223,0.0007940209700640785,RELIABLE,RELIABLE,5.0352006,-32.21202,867
868,4,Digit 4,4,Digit 4,max_nhat,RELIABLE,RELIABLE,16.726440427885343,0.8743851016583737,0.0008568973996252062,3,0.05061787222532754,4,4,True,62.80981401784508,0.7135172970093684,0.000699246951069181,UNRELIABLE,IDO,77.62964295084942,0.8103331371866243,0.0007941264744428917,UNRELIABLE,IDO,51.15737497534084,0.8069066999147556,0.0007907685659164605,RELIABLE,RELIABLE,32.8467672300259,0.8237672294330461,0.0008072918848443852,RELIABLE,RELIABLE,16.726440427885343,0.8743851016583737,0.0008568973996252062,RELIABLE,RELIABLE,-9.316623,-29.697985,868
869,4,Digit 4,4,Digit 4,max_nhat,RELIABLE,RELIABLE,16.46899665672303,0.8765535769102583,0.0008590225053720531,3,0.059538377997324754,4,4,True,66.34671139969205,0.7227502385050589,0.0007082952337349578,UNRELIABLE,IDO,195.844864601702,0.7816950464908847,0.000766061145561067,OOD,OOD,70.4241038009021,0.7871577981609185,0.0007714146421977001,UNRELIABLE,IDO,36.391074590834044,0.8170151989129335,0.0008006748949346748,RELIABLE,RELIABLE,16.46899665672303,0.8765535769102583,0.0008590225053720531,RELIABLE,RELIABLE,-8.410473,-31.964521,869
870,4,Digit 4,1,Digit 1,max_nhat,OOD,OOD,196.19774864422436,0.8565881290857318,0.0008394563665040172,4,0.022731637325898335,1,4,False,60.14796281287114,0.7530446323866485,0.0007379837397389155,RELIABLE,RELIABLE,196.19774864422436,0.8565881290857318,0.0008394563665040172,OOD,OOD,37.12737930141597,0.7900554572980546,0.0007742543481520935,RELIABLE,RELIABLE,34.08744164802191,0.8039061292953038,0.0007878280067093977,RELIABLE,RELIABLE,27.61492339293042,0.8338564917598335,0.0008171793619246368,RELIABLE,RELIABLE,-15.968539,-15.384685,870
871,4,Digit 4,4,Digit 4,max_nhat,RELIABLE,RELIABLE,16.808383276093107,0.883919768666892,0.0008662413732935542,3,0.08172316884475073,4,4,True,60.17250018096793,0.7547927923887473,0.0007396969365409724,RELIABLE,RELIABLE,216.9834586012011,0.7005911059704295,0.0006865792838510209,OOD,OOD,36.89592502482927,0.7914385518473025,0.0007756097808103564,RELIABLE,RELIABLE,46.49499392858816,0.8021965998221413,0.0007861526678256984,RELIABLE,RELIABLE,16.808383276093107,0.883919768666892,0.0008662413732935542,RELIABLE,RELIABLE,-2.2209477,-44.632854,871
872,4,Digit 4,4,Digit 4,max_nhat,RELIABLE,RELIABLE,24.57495280295483,0.8523383453100725,0.000835291578403871,1,0.0790955906903259,4,4,True,53.243978076248666,0.738289141648676,0.0007235233588157024,RELIABLE,RELIABLE,616.5566893117567,0.7732427546197466,0.0007577778995273516,OOD,OOD,74.36364146716794,0.754745169187691,0.0007396502658039371,UNRELIABLE,IDO,125.28935974684667,0.7382535547143355,0.0007234884836200487,OOD,OOD,24.57495280295483,0.8523383453100725,0.000835291578403871,RELIABLE,RELIABLE,6.648426,-32.733437,872
873,4,Digit 4,2,Digit 2,max_nhat,OOD,OOD,89.83908331057376,0.7359768603734718,0.0007212573231660023,4,0.00809276759904054,2,4,False,108.42624790794645,0.6445182754648601,0.0006316279099555629,OOD,OOD,892.5742277158512,0.6344513925090374,0.0006217623646588566,OOD,OOD,89.83908331057376,0.7359768603734718,0.0007212573231660023,OOD,OOD,148.62793779472383,0.681142477216209,0.0006675196276718848,OOD,OOD,59.88142800845635,0.7278840927744312,0.0007133264109189426,RELIABLE,RELIABLE,4.3834057,-46.056667,873
874,4,Digit 4,1,Digit 1,max_nhat,OOD,OOD,637.7744311569307,0.7987130617371293,0.0007827388005023867,4,0.008802671989425193,1,4,False,69.49334130386852,0.7442838104412333,0.0007293981342324085,UNRELIABLE,IDO,637.7744311569307,0.7987130617371293,0.0007827388005023867,OOD,OOD,77.29476062349617,0.7344182548432923,0.0007197298897464264,UNRELIABLE,IDO,109.93731295454533,0.7295433494999668,0.0007149524825099675,OOD,OOD,45.76371233476165,0.7899103897477041,0.00077411218195275,RELIABLE,RELIABLE,7.9169655,-30.086338,874
875,4,Digit 4,4,Digit 4,max_nhat,RELIABLE,RELIABLE,14.731484762233976,0.8852961320141942,0.0008675902093739103,2,0.06547525906694007,4,4,True,53.936602801782755,0.7506860875476724,0.0007356723657967189,RELIABLE,RELIABLE,145.45216559556752,0.7826145692310362,0.0007669622778464155,OOD,OOD,29.786289381531876,0.8198208729472541,0.000803424455488309,RELIABLE,RELIABLE,58.985731043011064,0.7531857282539661,0.0007381220136888867,RELIABLE,RELIABLE,14.731484762233976,0.8852961320141942,0.0008675902093739103,RELIABLE,RELIABLE,-1.8399647,-29.99577,875
876,4,Digit 4,4,Digit 4,max_nhat,RELIABLE,RELIABLE,13.35285188183239,0.8928563448155443,0.0008749992179192334,1,0.04683376117014049,4,4,True,62.02502936506809,0.719556775351608,0.0007051656398445759,RELIABLE,RELIABLE,132.76495411550206,0.8460225836454038,0.0008291021319724957,OOD,OOD,45.92528451938312,0.793259475253867,0.0007773942857487896,RELIABLE,RELIABLE,33.731322197125735,0.8281255529458561,0.000811563041886939,RELIABLE,RELIABLE,13.35285188183239,0.8928563448155443,0.0008749992179192334,RELIABLE,RELIABLE,-10.073637,-30.78242,876
877,4,Digit 4,4,Digit 4,max_nhat,RELIABLE,RELIABLE,12.543538055691105,0.9066445408165432,0.0008885116500002123,1,0.10403701111588393,4,4,True,47.974534300090994,0.7661058417751139,0.0007507837249396116,RELIABLE,RELIABLE,137.16875551904423,0.8026075297006593,0.0007865553791066461,OOD,OOD,37.07884187817804,0.7857309426350376,0.0007700163237823369,RELIABLE,RELIABLE,38.44179099558973,0.7903077765429897,0.0007745016210121299,RELIABLE,RELIABLE,12.543538055691105,0.9066445408165432,0.0008885116500002123,RELIABLE,RELIABLE,-5.2823277,-27.568008,877
878,4,Digit 4,4,Digit 4,max_nhat,RELIABLE,RELIABLE,17.2190478569278,0.869153313961485,0.0008517702476822553,1,0.10437990366950789,4,4,True,61.12944478697931,0.7235662191771951,0.0007090948947936511,RELIABLE,RELIABLE,339.86971366168206,0.7647734102919771,0.0007494779420861375,OOD,OOD,52.106739036319546,0.755146202207208,0.0007400432781630638,RELIABLE,RELIABLE,80.94716386082172,0.7111185686936418,0.0006968961973197689,UNRELIABLE,IDO,17.2190478569278,0.869153313961485,0.0008517702476822553,RELIABLE,RELIABLE,4.7866096,-34.623756,878
879,4,Digit 4,4,Digit 4,max_nhat,RELIABLE,RELIABLE,16.50383357591995,0.880364626353419,0.0008627573338263507,2,0.08891427823242004,4,4,True,61.82811307907781,0.7485743222701309,0.0007336028358247282,RELIABLE,RELIABLE,249.20640778596618,0.6955607150544213,0.0006816495007533329,OOD,OOD,37.06232848213277,0.791450348120999,0.000775621341158579,RELIABLE,RELIABLE,67.30878684577266,0.7494131971916826,0.000734424933247849,UNRELIABLE,IDO,16.50383357591995,0.880364626353419,0.0008627573338263507,RELIABLE,RELIABLE,1.5201907,-44.238647,879
880,4,Digit 4,4,Digit 4,max_nhat,RELIABLE,RELIABLE,32.53596495228727,0.8418321579494836,0.0008249955147904939,2,0.03451507468530646,4,4,True,80.04580677686036,0.7736043272703617,0.0007581322407249544,UNRELIABLE,IDO,570.68297748758,0.6979352845299368,0.0006839765788393381,OOD,OOD,34.08396487075469,0.8073170832641772,0.0007911707415988936,RELIABLE,RELIABLE,57.079200939052875,0.7835966824842938,0.0007679247488346079,RELIABLE,RELIABLE,32.53596495228727,0.8418321579494836,0.0008249955147904939,RELIABLE,RELIABLE,2.144654,-46.93176,880
881,4,Digit 4,4,Digit 4,max_nhat,RELIABLE,RELIABLE,23.94868316750971,0.8465119154216667,0.0008295816771132333,2,0.03442452152278508,4,4,True,61.66303728001848,0.7334422398648067,0.0007187733950675105,RELIABLE,RELIABLE,213.8683066564787,0.7447873605457656,0.0007298916133348502,OOD,OOD,44.20953086885339,0.8120873938988816,0.000795845646020904,RELIABLE,RELIABLE,97.65805405761299,0.7483576409358152,0.0007333904881170989,OOD,OOD,23.94868316750971,0.8465119154216667,0.0008295816771132333,RELIABLE,RELIABLE,-2.1519358,-30.486618,881
882,4,Digit 4,4,Digit 4,max_nhat,RELIABLE,RELIABLE,15.851744682882211,0.8782030532596922,0.0008606389921944983,2,0.05362596055817115,4,4,True,56.05384960942955,0.75881565015377,0.0007436393371506946,RELIABLE,RELIABLE,187.49898766219752,0.7589824366637715,0.000743802787930496,OOD,OOD,31.190851363072444,0.824577092701521,0.0008080855508474906,RELIABLE,RELIABLE,55.39689399370433,0.7746282862264423,0.0007591357205019134,RELIABLE,RELIABLE,15.851744682882211,0.8782030532596922,0.0008606389921944983,RELIABLE,RELIABLE,-5.511024,-36.349483,882
883,4,Digit 4,4,Digit 4,max_nhat,RELIABLE,RELIABLE,17.58943635812555,0.8664093761148953,0.0008490811885925974,3,0.05761845546515443,4,4,True,77.99693032157202,0.7208493220263207,0.0007064323355857943,UNRELIABLE,IDO,314.26694473870737,0.7473755240430205,0.0007324280135621601,OOD,OOD,60.78603863715951,0.7546830230879341,0.0007395893626261754,RELIABLE,RELIABLE,45.949216624707915,0.8087909206497409,0.0007926151022367461,RELIABLE,RELIABLE,17.58943635812555,0.8664093761148953,0.0008490811885925974,RELIABLE,RELIABLE,-5.5191135,-44.65825,883
884,4,Digit 4,4,Digit 4,max_nhat,UNRELIABLE,IDO,64.56757205997344,0.7879344599711033,0.0007721757707716812,0,0.04469028509499229,4,2,False,82.81316237071698,0.743244174876111,0.0007283792913785888,UNRELIABLE,IDO,1100.095621732568,0.6295780912516042,0.0006169865294265722,OOD,OOD,61.66760227189877,0.7377144858882146,0.0007229601961704504,RELIABLE,RELIABLE,127.01225673651598,0.661023462042893,0.0006478029928020351,OOD,OOD,64.56757205997344,0.7879344599711033,0.0007721757707716812,UNRELIABLE,IDO,2.556754,-51.091064,884
885,4,Digit 4,2,Digit 2,max_nhat,RELIABLE,RELIABLE,42.93301162314766,0.7928066966901427,0.0007769505627563398,1,0.01987456091230977,2,2,True,104.52850013230564,0.7454714044825261,0.0007305619763928756,OOD,OOD,286.0860535590262,0.7729321357778329,0.0007574734930622763,OOD,OOD,42.93301162314766,0.7928066966901427,0.0007769505627563398,RELIABLE,RELIABLE,93.53922992111713,0.7646411642696475,0.0007493483409842544,OOD,OOD,104.19644326065641,0.7684569099453108,0.0007530877717464046,OOD,OOD,-5.8915777,-17.498007,885
886,4,Digit 4,1,Digit 1,max_nhat,OOD,OOD,126.05729043171237,0.8744198197215158,0.0008569314233270855,4,0.002820195984584384,1,4,False,54.40626724831991,0.7424290713628352,0.0007275804899355785,RELIABLE,RELIABLE,126.05729043171237,0.8744198197215158,0.0008569314233270855,OOD,OOD,29.202434932678518,0.8106219374432305,0.0007944094986943659,RELIABLE,RELIABLE,39.688216010435596,0.7884532071169481,0.0007726841429746091,RELIABLE,RELIABLE,17.36506580885152,0.8715996237369315,0.0008541676312621928,RELIABLE,RELIABLE,-7.755629,-23.144794,886
887,4,Digit 4,4,Digit 4,max_nhat,RELIABLE,RELIABLE,52.83254695599636,0.7761044565454781,0.0007605823674145685,2,0.051388000002349776,4,4,True,166.86643308328428,0.6633487075197056,0.0006500817333693115,OOD,OOD,856.3163798667324,0.6612454446792837,0.0006480205357856981,OOD,OOD,163.28100548498924,0.7247164565431283,0.0007102221274122658,OOD,OOD,199.92182351067615,0.7188548468210083,0.0007044777498845881,OOD,OOD,52.83254695599636,0.7761044565454781,0.0007605823674145685,RELIABLE,RELIABLE,-1.112479,-49.57521,887
888,4,Digit 4,4,Digit 4,max_nhat,RELIABLE,RELIABLE,17.636547189194488,0.8645140997741426,0.0008472238177786597,1,0.0006336951702984317,4,4,True,67.30179159063148,0.7034559747487548,0.0006893868552537796,UNRELIABLE,IDO,188.66327378798164,0.8638804046038442,0.0008466027965117673,OOD,OOD,45.673549651892124,0.7754272910755776,0.0007599187452540661,RELIABLE,RELIABLE,39.15724696111647,0.8016992763432604,0.0007856652908163952,RELIABLE,RELIABLE,17.636547189194488,0.8645140997741426,0.0008472238177786597,RELIABLE,RELIABLE,4.1448383,-28.259687,888
889,4,Digit 4,4,Digit 4,max_nhat,RELIABLE,RELIABLE,20.35230508144543,0.8681039669098961,0.0008507418875716981,2,0.045647328625044725,4,4,True,51.156239984191814,0.7650470430674974,0.0007497461022061474,RELIABLE,RELIABLE,375.72276052131235,0.8018614298598224,0.000785824201262626,OOD,OOD,34.684249743606046,0.8224566382848514,0.0008060075055191543,RELIABLE,RELIABLE,50.31858879853632,0.7806862226903535,0.0007650724982365464,RELIABLE,RELIABLE,20.35230508144543,0.8681039669098961,0.0008507418875716981,RELIABLE,RELIABLE,-4.715308,-33.719822,889
890,4,Digit 4,4,Digit 4,max_nhat,RELIABLE,RELIABLE,24.658656656515124,0.8385445944807356,0.0008217737025911208,2,0.07894278238992358,4,4,True,59.622630525253925,0.7456182060830557,0.0007307058419613946,RELIABLE,RELIABLE,588.1729876101471,0.684421591368946,0.000670733159541567,OOD,OOD,78.3893427569009,0.759601812090812,0.0007444097758489957,UNRELIABLE,IDO,138.26925249090868,0.7444581891409813,0.0007295690253581616,OOD,OOD,24.658656656515124,0.8385445944807356,0.0008217737025911208,RELIABLE,RELIABLE,-0.40877238,-45.68078,890
891,4,Digit 4,4,Digit 4,max_nhat,RELIABLE,RELIABLE,50.33484315296576,0.757985914735914,0.0007428261964411957,2,0.0028280421509659925,4,4,True,115.41407235817555,0.7149941562942298,0.0007006942731683452,OOD,OOD,1025.529903527765,0.6056459238186498,0.0005935330053422768,OOD,OOD,97.03722082202594,0.755157872584948,0.000740054715133249,OOD,OOD,164.45562719593244,0.6755139085899241,0.0006620036304181256,OOD,OOD,50.33484315296576,0.757985914735914,0.0007428261964411957,RELIABLE,RELIABLE,4.36449,-47.022972,891
892,4,Digit 4,4,Digit 4,max_nhat,RELIABLE,RELIABLE,16.182054067963293,0.8893804931984444,0.0008715928833344755,2,0.10717522519034439,4,4,True,64.53995291485472,0.7642124345656691,0.0007489281858743557,UNRELIABLE,IDO,253.94900878404837,0.7692455343535091,0.0007538606236664389,OOD,OOD,77.82482842645958,0.7822052680081,0.000766561162647938,UNRELIABLE,IDO,66.93929068344963,0.7520575465608901,0.0007370163956296722,UNRELIABLE,IDO,16.182054067963293,0.8893804931984444,0.0008715928833344755,RELIABLE,RELIABLE,-2.4127932,-34.10872,892
893,4,Digit 4,1,Digit 1,max_nhat,UNRELIABLE,IDO,67.90312575102388,0.9073241305135835,0.0008891776479033118,4,0.06753977074388284,1,4,False,66.94137777055342,0.7247634481582703,0.0007102681791951048,UNRELIABLE,IDO,67.90312575102388,0.9073241305135835,0.0008891776479033118,UNRELIABLE,IDO,32.746339912221885,0.8005248027735337,0.000784514306718063,RELIABLE,RELIABLE,29.295807621315838,0.8176106290855563,0.0008012584165038451,RELIABLE,RELIABLE,23.39333518177502,0.8397843597697007,0.0008229886725743067,RELIABLE,RELIABLE,-16.219112,-15.409777,893
894,4,Digit 4,4,Digit 4,max_nhat,RELIABLE,RELIABLE,24.17125572149937,0.8446588496118467,0.0008277656726196097,1,0.012697332729124877,4,4,True,75.16426836569573,0.7190012782988746,0.0007046212527328971,UNRELIABLE,IDO,328.27124976526943,0.8319615168827218,0.0008153222865450673,OOD,OOD,71.52387920006574,0.744140385496826,0.0007292575777868895,UNRELIABLE,IDO,40.698256189707294,0.7850294121903416,0.0007693288239465347,RELIABLE,RELIABLE,24.17125572149937,0.8446588496118467,0.0008277656726196097,RELIABLE,RELIABLE,4.981245,-28.677584,894
895,4,Digit 4,4,Digit 4,max_nhat,RELIABLE,RELIABLE,21.697717459164323,0.8589005755721558,0.0008417225640607127,1,0.02220339511289804,4,4,True,51.17204249430253,0.762416368414113,0.0007471680410458307,RELIABLE,RELIABLE,50.653742142401406,0.8366971804592578,0.0008199632368500726,RELIABLE,RELIABLE,28.5750048400863,0.810094884335594,0.0007938929866488821,RELIABLE,RELIABLE,40.824202704448304,0.7860715825516756,0.0007703501509006421,RELIABLE,RELIABLE,21.697717459164323,0.8589005755721558,0.0008417225640607127,RELIABLE,RELIABLE,-17.84755,-9.119695,895
896,4,Digit 4,4,Digit 4,max_nhat,RELIABLE,RELIABLE,45.99563286796355,0.8252202290956279,0.0008087158245137153,2,0.06642507983319446,4,4,True,80.43859590715489,0.7392225168782077,0.0007244380665406435,UNRELIABLE,IDO,465.322225421418,0.7086654656941859,0.0006944921563803022,OOD,OOD,68.19994211322826,0.7587951492624334,0.0007436192462771847,UNRELIABLE,IDO,113.66515154201763,0.6904041953023777,0.0006765961113963301,OOD,OOD,45.99563286796355,0.8252202290956279,0.0008087158245137153,RELIABLE,RELIABLE,8.391676,-33.16823,896
897,4,Digit 4,4,Digit 4,max_nhat,RELIABLE,RELIABLE,23.63313193498002,0.838030467426218,0.0008212698580776937,3,0.018191858299745123,4,4,True,79.50247019216818,0.7398142949879137,0.0007250180090881555,UNRELIABLE,IDO,118.25857416304493,0.7805227303239998,0.0007649122757175197,OOD,OOD,45.99627237106506,0.7671818251953182,0.0007518381886914118,RELIABLE,RELIABLE,36.36261787728882,0.8198386091264729,0.0008034418369439434,RELIABLE,RELIABLE,23.63313193498002,0.838030467426218,0.0008212698580776937,RELIABLE,RELIABLE,-9.939524,-45.063423,897
898,4,Digit 4,4,Digit 4,max_nhat,RELIABLE,RELIABLE,47.16563049935225,0.7851954195883941,0.0007694915111966262,2,0.017064816915113634,4,4,True,64.53985633473945,0.7506941522328477,0.0007356802691881908,UNRELIABLE,IDO,956.6011768912238,0.6924630763488464,0.0006786138148218695,OOD,OOD,94.83683006428474,0.7681306026732805,0.0007527679906198148,OOD,OOD,203.24088271149643,0.7086897681739149,0.0006945159728104366,OOD,OOD,47.16563049935225,0.7851954195883941,0.0007694915111966262,RELIABLE,RELIABLE,9.7510605,-35.988712,898
899,4,Digit 4,4,Digit 4,max_nhat,RELIABLE,RELIABLE,11.410440917790385,0.9053267612497565,0.0008872202260247614,3,0.06862278196142557,4,4,True,58.25376911097889,0.7447043433974508,0.0007298102565295017,RELIABLE,RELIABLE,268.3090299285096,0.7821935037174098,0.0007665496336430616,OOD,OOD,43.89441759042159,0.7840023537844514,0.0007683223067087623,RELIABLE,RELIABLE,32.265501926017116,0.836703979288331,0.0008199698997025643,RELIABLE,RELIABLE,11.410440917790385,0.9053267612497565,0.0008872202260247614,RELIABLE,RELIABLE,-6.225366,-44.439404,899
900,4,Digit 4,4,Digit 4,max_nhat,RELIABLE,RELIABLE,13.31234930111355,0.8922204521585595,0.0008743760431153883,3,0.07944492580067575,4,4,True,52.45386212806721,0.7464375465948176,0.0007315087956629213,RELIABLE,RELIABLE,249.3280802449077,0.7890788947714344,0.0007732973168760057,OOD,OOD,45.114214923527975,0.8029240372389466,0.0007868655564941676,RELIABLE,RELIABLE,38.54058448552696,0.8127755263578837,0.000796520015830726,RELIABLE,RELIABLE,13.31234930111355,0.8922204521585595,0.0008743760431153883,RELIABLE,RELIABLE,-7.6526065,-34.426514,900
901,4,Digit 4,4,Digit 4,max_nhat,RELIABLE,RELIABLE,13.368194937455542,0.8872545438482354,0.0008695094529712707,1,0.039465623745386536,4,4,True,62.61630834929255,0.7463197094577526,0.0007313933152685976,UNRELIABLE,IDO,229.8652875231819,0.8477889201028489,0.0008308331417007918,OOD,OOD,44.02576737496854,0.783651612891955,0.0007679785806341159,RELIABLE,RELIABLE,42.47593322866455,0.8082587406721118,0.0007920935658586695,RELIABLE,RELIABLE,13.368194937455542,0.8872545438482354,0.0008695094529712707,RELIABLE,RELIABLE,-10.42395,-31.593409,901
902,4,Digit 4,4,Digit 4,max_nhat,RELIABLE,RELIABLE,12.12189804969674,0.897577478123855,0.0008796259285613779,3,0.10724891545078008,4,4,True,58.195977429223866,0.7349104557090359,0.0007202122465948551,RELIABLE,RELIABLE,219.87339251328132,0.7764339949998467,0.0007609053150998497,OOD,OOD,54.16513277180386,0.7695816997776757,0.0007541900657821221,RELIABLE,RELIABLE,44.668048819230044,0.7903285626730749,0.0007745219914196134,RELIABLE,RELIABLE,12.12189804969674,0.897577478123855,0.0008796259285613779,RELIABLE,RELIABLE,-8.51605,-32.82795,902
903,4,Digit 4,4,Digit 4,max_nhat,RELIABLE,RELIABLE,12.420326297021614,0.8951333684953569,0.0008772307011254497,3,0.05668978877651876,4,4,True,51.83533672235811,0.7413909800098124,0.0007265631604096161,RELIABLE,RELIABLE,88.12468803403377,0.8106159757160357,0.000794403656201715,OOD,OOD,30.922725584884024,0.8169834472896551,0.000800643778343862,RELIABLE,RELIABLE,29.366904939343026,0.8384435797188381,0.0008216747081244613,RELIABLE,RELIABLE,12.420326297021614,0.8951333684953569,0.0008772307011254497,RELIABLE,RELIABLE,-8.235512,-30.139729,903
904,4,Digit 4,4,Digit 4,max_nhat,RELIABLE,RELIABLE,15.768075788915885,0.8879247455993465,0.0008701662506873596,0,0.09306134685314882,4,4,True,46.46930703914546,0.7948633987461977,0.0007789661307712738,RELIABLE,RELIABLE,606.2027971262531,0.6920026885346185,0.0006781626347639262,OOD,OOD,59.11191383519858,0.767680145702541,0.0007523265427884901,RELIABLE,RELIABLE,81.50731815625193,0.7631891192221624,0.000747925336837719,UNRELIABLE,IDO,15.768075788915885,0.8879247455993465,0.0008701662506873596,RELIABLE,RELIABLE,4.1480093,-39.574505,904
905,4,Digit 4,4,Digit 4,max_nhat,RELIABLE,RELIABLE,33.619499188083,0.8416853016794407,0.0008248515956458518,2,0.029491549409556894,4,4,True,60.10735196070948,0.7600497104388992,0.0007448487162301212,RELIABLE,RELIABLE,192.17858909015695,0.7570986257640712,0.0007419566532487897,OOD,OOD,42.82462177958793,0.8121937522698838,0.0007959498772244861,RELIABLE,RELIABLE,51.65774456382309,0.8115422819561066,0.0007953114363169844,RELIABLE,RELIABLE,33.619499188083,0.8416853016794407,0.0008248515956458518,RELIABLE,RELIABLE,-6.7735767,-22.242447,905
906,4,Digit 4,4,Digit 4,max_nhat,RELIABLE,RELIABLE,7.95510869465387,0.9277954502984997,0.0009092395412925297,1,0.07300665888233082,4,4,True,53.33611984241931,0.7543772125827873,0.0007392896683311316,RELIABLE,RELIABLE,123.79629190586168,0.8547887914161689,0.0008376930155878455,OOD,OOD,26.102418376870364,0.8384757016707054,0.0008217061876372913,RELIABLE,RELIABLE,37.69815398246922,0.8183480064002758,0.0008019810462722703,RELIABLE,RELIABLE,7.95510869465387,0.9277954502984997,0.0009092395412925297,RELIABLE,RELIABLE,-6.724948,-32.209953,906
907,4,Digit 4,4,Digit 4,max_nhat,RELIABLE,RELIABLE,24.746966398512807,0.8640800146369771,0.0008467984143442376,0,0.08766763220397289,4,4,True,48.74256497771038,0.7764123824330043,0.0007608841347843441,RELIABLE,RELIABLE,301.5801224632702,0.7036239265170414,0.0006895514479867005,OOD,OOD,56.522468102436285,0.774636335148303,0.0007591436084453369,RELIABLE,RELIABLE,83.58057513269704,0.7427232088694108,0.0007278687446920226,UNRELIABLE,IDO,24.746966398512807,0.8640800146369771,0.0008467984143442376,RELIABLE,RELIABLE,8.459295,-39.574306,907
908,4,Digit 4,4,Digit 4,max_nhat,RELIABLE,RELIABLE,18.57642789012293,0.8694795683394249,0.0008520899769726364,3,0.0632898077454298,4,4,True,58.83193017537522,0.7736467235265329,0.0007581737890560022,RELIABLE,RELIABLE,273.7561626176772,0.7743844908177329,0.0007588968010013782,OOD,OOD,38.722305370116416,0.7928810081194672,0.0007770233879570778,RELIABLE,RELIABLE,36.7671813264901,0.806189760593995,0.0007900659653821151,RELIABLE,RELIABLE,18.57642789012293,0.8694795683394249,0.0008520899769726364,RELIABLE,RELIABLE,0.34069625,-22.07609,908
909,4,Digit 4,4,Digit 4,max_nhat,RELIABLE,RELIABLE,26.396383795465304,0.8622763983509132,0.0008450308703838949,3,0.08377919522786736,4,4,True,83.86842708780988,0.7122477569350435,0.0006980028017963426,UNRELIABLE,IDO,402.7113379373618,0.7459725793130243,0.0007310531277267638,OOD,OOD,126.05938496264575,0.7655378450426252,0.0007502270881417728,OOD,OOD,52.41258769732227,0.7784972031230458,0.0007629272590605849,RELIABLE,RELIABLE,26.396383795465304,0.8622763983509132,0.0008450308703838949,RELIABLE,RELIABLE,-9.374318,-35.258965,909
910,4,Digit 4,4,Digit 4,max_nhat,RELIABLE,RELIABLE,16.2917300169802,0.8808636262059735,0.000863246353681854,1,0.11679231578910187,4,4,True,51.18046430790803,0.7550039233564885,0.0007399038448893587,RELIABLE,RELIABLE,512.7755380936793,0.7640713104168716,0.0007487898842085341,OOD,OOD,59.754761751760164,0.7502756189341736,0.0007352701065554901,RELIABLE,RELIABLE,89.04926740352353,0.7431310397042435,0.0007282684189101586,OOD,OOD,16.2917300169802,0.8808636262059735,0.000863246353681854,RELIABLE,RELIABLE,6.3631287,-33.91323,910
911,4,Digit 4,4,Digit 4,max_nhat,RELIABLE,RELIABLE,30.763183801883116,0.8169480890472667,0.0008006091272663213,1,0.021718969696657986,4,4,True,87.74048609024709,0.7094214782833347,0.000695233048717668,OOD,OOD,315.5172326580694,0.7952291193506087,0.0007793245369635965,OOD,OOD,88.50477750795679,0.7428429053603677,0.0007279860472531603,OOD,OOD,49.98671381735865,0.7898941161148443,0.0007740962337925473,RELIABLE,RELIABLE,30.763183801883116,0.8169480890472667,0.0008006091272663213,RELIABLE,RELIABLE,-12.213665,-34.141605,911
912,4,Digit 4,4,Digit 4,max_nhat,RELIABLE,RELIABLE,10.008469868660121,0.9127086639719227,0.0008944544906924843,3,0.12073517437553272,4,4,True,51.44802578537899,0.7473380613667637,0.0007323913001394284,RELIABLE,RELIABLE,234.6551100003489,0.7643810211062805,0.0007490934006841548,OOD,OOD,42.2781581362566,0.7881006627086934,0.0007723386494545195,RELIABLE,RELIABLE,40.5913482735768,0.79197348959639,0.0007761340198044622,RELIABLE,RELIABLE,10.008469868660121,0.9127086639719227,0.0008944544906924843,RELIABLE,RELIABLE,-5.7973576,-30.40243,912
913,4,Digit 4,4,Digit 4,max_nhat,RELIABLE,RELIABLE,34.88686466441766,0.822109647981128,0.0008056674550215053,2,0.06192335960341544,4,4,True,58.6792985210211,0.7338177550095,0.00071914139990931,RELIABLE,RELIABLE,841.6471382481948,0.6758158692333448,0.0006622995518486778,OOD,OOD,108.22976150829122,0.7601862883777125,0.0007449825626101583,OOD,OOD,205.4187751578214,0.6844527810719911,0.0006707637254505513,OOD,OOD,34.88686466441766,0.822109647981128,0.0008056674550215053,RELIABLE,RELIABLE,6.3893147,-42.250957,913
914,4,Digit 4,4,Digit 4,max_nhat,RELIABLE,RELIABLE,32.85756870640044,0.8031636534821894,0.0007871003804125456,1,0.05886946382015101,4,4,True,70.67911424700222,0.7351912498836845,0.0007204874248860107,UNRELIABLE,IDO,763.4822349556121,0.7442941896620384,0.0007294083058687976,OOD,OOD,93.8519767692873,0.7004837946282781,0.0006864741187357125,OOD,OOD,88.06697048831438,0.7170043503826619,0.0007026642633750086,OOD,OOD,32.85756870640044,0.8031636534821894,0.0007871003804125456,RELIABLE,RELIABLE,3.7567759,-36.45165,914
915,4,Digit 4,4,Digit 4,max_nhat,RELIABLE,RELIABLE,16.882379819781427,0.8750306967317636,0.0008575300827971283,0,0.07111350118009752,4,4,True,46.59012816118114,0.8039171955516661,0.0007878388516406327,RELIABLE,RELIABLE,358.25630820855406,0.7385153242489761,0.0007237450177639966,OOD,OOD,32.14225843835208,0.8007647604579198,0.0007847494652487613,RELIABLE,RELIABLE,69.63173777699157,0.7627049344301187,0.0007474508357415162,UNRELIABLE,IDO,16.882379819781427,0.8750306967317636,0.0008575300827971283,RELIABLE,RELIABLE,-2.802223,-32.873684,915
916,4,Digit 4,4,Digit 4,max_nhat,RELIABLE,RELIABLE,11.600798356534819,0.9047908186735351,0.0008866950023000643,1,0.09180582928858816,4,4,True,60.00614478957308,0.7586826328857876,0.0007435089802280718,RELIABLE,RELIABLE,179.91116692192128,0.8129849893849469,0.000796725289597248,OOD,OOD,36.31790212111304,0.8098430848582917,0.0007936462231611258,RELIABLE,RELIABLE,42.93065252831754,0.7998934319807339,0.0007838955633411193,RELIABLE,RELIABLE,11.600798356534819,0.9047908186735351,0.0008866950023000643,RELIABLE,RELIABLE,-6.7831144,-23.292088,916
917,4,Digit 4,4,Digit 4,max_nhat,RELIABLE,RELIABLE,10.758702638793402,0.9069147416599235,0.000888776446826725,3,0.1365427168872999,4,4,True,58.33560097245039,0.7375028282675271,0.0007227527717021766,RELIABLE,RELIABLE,401.6455809482014,0.6622565072630898,0.000649011377117828,OOD,OOD,61.15394790400347,0.7425341578898517,0.0007276834747320546,RELIABLE,RELIABLE,66.0990538355232,0.7703720247726236,0.000754964584277171,UNRELIABLE,IDO,10.758702638793402,0.9069147416599235,0.000888776446826725,RELIABLE,RELIABLE,0.102362595,-47.21958,917
918,4,Digit 4,4,Digit 4,max_nhat,RELIABLE,RELIABLE,41.35067904444887,0.786092616033928,0.0007703707637132494,3,0.0008224762166169075,4,4,True,120.4570319901745,0.6782137048732138,0.0006646494307757495,OOD,OOD,754.6391710507003,0.6364318764238392,0.0006237032388953625,OOD,OOD,90.25280473979018,0.7475116992393863,0.0007325614652545986,OOD,OOD,123.61857235167719,0.7852701398173111,0.0007695647370209648,OOD,OOD,41.35067904444887,0.786092616033928,0.0007703707637132494,RELIABLE,RELIABLE,-2.0434804,-50.01276,918
919,4,Digit 4,4,Digit 4,max_nhat,RELIABLE,RELIABLE,16.783624373339002,0.8698038682705908,0.0008524077909051789,3,0.08027355334695696,4,4,True,69.49088477976282,0.7322251888391993,0.0007175806850624153,UNRELIABLE,IDO,305.2885934372723,0.6907390059599885,0.0006769242258407888,OOD,OOD,50.21638081213379,0.7779186509952759,0.0007623602779753704,RELIABLE,RELIABLE,47.753695213272046,0.7895303149236338,0.0007737397086251611,RELIABLE,RELIABLE,16.783624373339002,0.8698038682705908,0.0008524077909051789,RELIABLE,RELIABLE,-4.379159,-43.63449,919
920,4,Digit 4,4,Digit 4,max_nhat,RELIABLE,RELIABLE,20.683419567954722,0.862244757593736,0.0008449998624418612,3,0.04575419783553336,4,4,True,57.832109617009166,0.7272790337984981,0.0007127334531225281,RELIABLE,RELIABLE,177.59271233639942,0.8068761364537941,0.0007907386137247182,OOD,OOD,34.85815797591686,0.8092869645662965,0.0007931012252749705,RELIABLE,RELIABLE,41.95685533285217,0.8164905597582026,0.0008001607485630386,RELIABLE,RELIABLE,20.683419567954722,0.862244757593736,0.0008449998624418612,RELIABLE,RELIABLE,0.6752775,-29.970974,920
921,4,Digit 4,4,Digit 4,max_nhat,RELIABLE,RELIABLE,28.651906563364825,0.844278654797371,0.0008273930817014236,0,0.08583116663570622,4,4,True,109.0039876240737,0.7584474881616647,0.0007432785383984314,OOD,OOD,622.0827257814879,0.6940548490806585,0.0006801737520990453,OOD,OOD,117.84614803184108,0.731799257710958,0.0007171632725567388,OOD,OOD,136.37122802147533,0.7546609814764473,0.0007395677618469183,OOD,OOD,28.651906563364825,0.844278654797371,0.0008273930817014236,RELIABLE,RELIABLE,-2.275177,-47.3797,921
922,4,Digit 4,4,Digit 4,max_nhat,RELIABLE,RELIABLE,23.84934948643869,0.8426188049655111,0.0008257664288662008,3,0.07841813744522752,4,4,True,94.22847081681772,0.6912649498721996,0.0006774396508747555,OOD,OOD,365.25921786608154,0.7291351712480967,0.0007145524678231347,OOD,OOD,43.83961372761705,0.7589652247758908,0.0007437859202803729,RELIABLE,RELIABLE,44.64970180487742,0.7642006675202836,0.0007489166541698779,RELIABLE,RELIABLE,23.84934948643869,0.8426188049655111,0.0008257664288662008,RELIABLE,RELIABLE,-7.3257074,-46.54064,922
923,4,Digit 4,4,Digit 4,max_nhat,RELIABLE,RELIABLE,33.33058185876948,0.8242267210346107,0.0008077421866139185,1,0.017559495798341374,4,4,True,79.3957686894961,0.7002575681542234,0.0006862524167911389,UNRELIABLE,IDO,147.40468481279947,0.8066672252362693,0.000790533880731544,OOD,OOD,37.90443523126588,0.799920696890942,0.0007839222829531231,RELIABLE,RELIABLE,58.78162771656414,0.7793675015067371,0.0007637801514766022,RELIABLE,RELIABLE,33.33058185876948,0.8242267210346107,0.0008077421866139185,RELIABLE,RELIABLE,-2.7667048,-21.935007,923
924,4,Digit 4,4,Digit 4,max_nhat,RELIABLE,RELIABLE,40.835091845030384,0.8080947435338176,0.0007919328486631412,2,0.0510069549093255,4,4,True,78.86313482439465,0.7364191882179011,0.000721690804453543,UNRELIABLE,IDO,838.3089259857229,0.7340741804179781,0.0007193926968096185,OOD,OOD,102.1289948378439,0.7570877886244921,0.0007419460328520022,OOD,OOD,174.30503876423813,0.7257758450638571,0.0007112603281625799,OOD,OOD,40.835091845030384,0.8080947435338176,0.0007919328486631412,RELIABLE,RELIABLE,1.4436271,-33.194088,924
925,4,Digit 4,4,Digit 4,max_nhat,RELIABLE,RELIABLE,26.62983450084698,0.8277333512394381,0.0008111786842146493,2,0.04783250245920967,4,4,True,92.05863465796264,0.7117106136574145,0.0006974764013842661,OOD,OOD,295.85279058774523,0.6713945561733833,0.0006579666650499156,OOD,OOD,55.88093135608315,0.7799008487802285,0.0007643028318046239,RELIABLE,RELIABLE,84.98712320233996,0.743714402890066,0.0007288401148322646,UNRELIABLE,IDO,26.62983450084698,0.8277333512394381,0.0008111786842146493,RELIABLE,RELIABLE,0.8552768,-44.50154,925
926,4,Digit 4,4,Digit 4,max_nhat,RELIABLE,RELIABLE,32.62992037969749,0.8298015144104148,0.0008132054841222065,0,0.0561847268852681,4,4,True,86.5450080239764,0.7736167875251467,0.0007581444517746437,OOD,OOD,395.9447215066695,0.7455274776826863,0.0007306169281290326,OOD,OOD,72.22072159943569,0.7723193796787736,0.0007568729920851981,UNRELIABLE,IDO,81.19783558463342,0.7510651914488997,0.0007360438876199217,UNRELIABLE,IDO,32.62992037969749,0.8298015144104148,0.0008132054841222065,RELIABLE,RELIABLE,-0.97095674,-21.659254,926
927,4,Digit 4,4,Digit 4,max_nhat,RELIABLE,RELIABLE,25.39478771748272,0.8476305352420161,0.0008306779245371758,3,0.04703993710604981,4,4,True,91.77879471185831,0.7401779503246223,0.0007253743913181298,OOD,OOD,155.05937474269425,0.7602966893944023,0.0007450907556065142,OOD,OOD,72.73810519116728,0.7780837294176047,0.0007625220548292526,UNRELIABLE,IDO,57.730502658802045,0.8005905981359663,0.000784578786173247,RELIABLE,RELIABLE,25.39478771748272,0.8476305352420161,0.0008306779245371758,RELIABLE,RELIABLE,-9.470956,-44.318233,927
928,4,Digit 4,4,Digit 4,max_nhat,RELIABLE,RELIABLE,23.69883667526198,0.8360948624089626,0.0008193729651607833,3,0.0708386571390398,4,4,True,81.0927486119992,0.7066886097583341,0.0006925548375631674,UNRELIABLE,IDO,387.42450051000225,0.7410512792232751,0.0007262302536388095,OOD,OOD,61.57016064386933,0.7294552498063458,0.0007148661448102188,RELIABLE,RELIABLE,49.47705428353828,0.7652562052699228,0.0007499510811645243,RELIABLE,RELIABLE,23.69883667526198,0.8360948624089626,0.0008193729651607833,RELIABLE,RELIABLE,-5.196699,-46.908268,928
929,4,Digit 4,4,Digit 4,max_nhat,RELIABLE,RELIABLE,39.361782599813566,0.8111362227143532,0.0007949134982600661,0,0.04226655571866211,4,4,True,70.93787568719758,0.768869666995691,0.0007534922736557772,UNRELIABLE,IDO,551.340147271894,0.7320257265010305,0.0007173852119710098,OOD,OOD,57.46936781544051,0.7539698418282137,0.0007388904449916494,RELIABLE,RELIABLE,65.24403812307013,0.7403059314213756,0.0007254998127929481,UNRELIABLE,IDO,39.361782599813566,0.8111362227143532,0.0007949134982600661,RELIABLE,RELIABLE,4.192089,-31.779371,929
930,4,Digit 4,4,Digit 4,max_nhat,RELIABLE,RELIABLE,34.73640642790198,0.8511668047115818,0.0008341434686173501,2,0.08441746753405999,4,4,True,57.83902897777356,0.753836811645564,0.0007387600754126528,RELIABLE,RELIABLE,373.46928368698286,0.7513281178374324,0.0007363015554806837,OOD,OOD,52.293479192243225,0.7667493371775218,0.0007514143504339714,RELIABLE,RELIABLE,81.76124933044655,0.7088645340248386,0.0006946872433443418,UNRELIABLE,IDO,34.73640642790198,0.8511668047115818,0.0008341434686173501,RELIABLE,RELIABLE,2.945995,-29.93058,930
931,4,Digit 4,4,Digit 4,max_nhat,RELIABLE,RELIABLE,23.832533068164132,0.8523235523693928,0.000835277081322005,2,0.04375494360105969,4,4,True,68.33350725778583,0.7300881195620798,0.0007154863571708381,UNRELIABLE,IDO,221.30194285062504,0.776186245390054,0.0007606625204822528,OOD,OOD,37.25678043209062,0.8085686087683331,0.0007923972365929665,RELIABLE,RELIABLE,42.27961289072018,0.8029274938138108,0.0007868689439375345,RELIABLE,RELIABLE,23.832533068164132,0.8523235523693928,0.000835277081322005,RELIABLE,RELIABLE,-6.339857,-41.066498,931
932,4,Digit 4,4,Digit 4,max_nhat,RELIABLE,RELIABLE,23.16259106615441,0.8691045627786934,0.0008517224715231196,0,0.08358586661545742,4,4,True,56.50055743180549,0.785518696163236,0.0007698083222399712,RELIABLE,RELIABLE,522.9959982471119,0.7099283049849943,0.0006957297388852944,OOD,OOD,118.04034706076106,0.7543498412401766,0.000739262844415373,OOD,OOD,101.45689617046824,0.7179553941893564,0.0007035962863055692,OOD,OOD,23.16259106615441,0.8691045627786934,0.0008517224715231196,RELIABLE,RELIABLE,6.9384966,-39.017426,932
933,4,Digit 4,4,Digit 4,max_nhat,RELIABLE,RELIABLE,18.788705636990624,0.8559666943245211,0.0008388473604380306,2,0.03738451891557293,4,4,True,53.34749245925882,0.7505188153895508,0.0007355084390817597,RELIABLE,RELIABLE,129.76814168459424,0.7924446992202452,0.0007765958052358403,OOD,OOD,28.424171580769034,0.8185821754089482,0.0008022105319007692,RELIABLE,RELIABLE,55.103101194201926,0.7519207598049277,0.0007368823446088291,RELIABLE,RELIABLE,18.788705636990624,0.8559666943245211,0.0008388473604380306,RELIABLE,RELIABLE,-0.7835656,-29.32992,933
934,4,Digit 4,4,Digit 4,max_nhat,RELIABLE,RELIABLE,12.335648908655246,0.897884533002197,0.000879926842342153,2,0.06275809515497877,4,4,True,51.62941947978327,0.7798396098053706,0.0007642428176092631,RELIABLE,RELIABLE,213.49655016959565,0.8125381122426972,0.0007962873499978432,OOD,OOD,29.205098997859036,0.8351264378472182,0.0008184239090902737,RELIABLE,RELIABLE,48.699621967275704,0.7870683950743083,0.0007713270271728221,RELIABLE,RELIABLE,12.335648908655246,0.897884533002197,0.000879926842342153,RELIABLE,RELIABLE,-5.660251,-35.718975,934
935,4,Digit 4,4,Digit 4,max_nhat,RELIABLE,RELIABLE,45.53417869259771,0.7961591650691855,0.0007802359817678017,2,0.058240368450681146,4,4,True,70.84931846059649,0.7263269953590066,0.0007118004554518264,UNRELIABLE,IDO,511.05294991218756,0.6504370799525169,0.0006374283383534666,OOD,OOD,70.14607531543177,0.7379187966185043,0.0007231604206861342,UNRELIABLE,IDO,95.04056789810446,0.6964553083033862,0.0006825262021373184,OOD,OOD,45.53417869259771,0.7961591650691855,0.0007802359817678017,RELIABLE,RELIABLE,-0.8553474,-32.555714,935
936,4,Digit 4,1,Digit 1,max_nhat,RELIABLE,RELIABLE,39.4749262316766,0.8788781644554786,0.000861300601166369,4,0.06380187180254626,1,4,False,86.63334797191334,0.678422442966311,0.0006648539941069849,OOD,OOD,39.4749262316766,0.8788781644554786,0.000861300601166369,RELIABLE,RELIABLE,54.07732822403726,0.7982273463958083,0.0007822627994678921,RELIABLE,RELIABLE,37.44390244043282,0.8116512779606864,0.0007954182524014727,RELIABLE,RELIABLE,33.038753615553304,0.8150762926529324,0.0007987747667998736,RELIABLE,RELIABLE,-41.780746,10.646749,936
937,4,Digit 4,4,Digit 4,max_nhat,RELIABLE,RELIABLE,24.678990601791693,0.8698628609544311,0.0008524656037353425,2,0.11607199649371891,4,4,True,61.17770400960069,0.7367268800311155,0.0007219923424304932,RELIABLE,RELIABLE,773.5194586853671,0.6808587675500607,0.0006672415921990595,OOD,OOD,100.24661305044152,0.7537908644607122,0.000738715047171498,OOD,OOD,172.62937579932077,0.7171251200851035,0.0007027826176834015,OOD,OOD,24.678990601791693,0.8698628609544311,0.0008524656037353425,RELIABLE,RELIABLE,6.0203605,-41.976295,937
938,4,Digit 4,4,Digit 4,max_nhat,RELIABLE,RELIABLE,33.43852035699898,0.8421334624049489,0.0008252907931568499,2,0.06161786357333621,4,4,True,118.58593331087968,0.7388045183225437,0.0007240284279560928,OOD,OOD,336.4878793784777,0.719165076745833,0.0007047817752109163,OOD,OOD,97.8131477514902,0.7805155988316127,0.0007649052868549804,OOD,OOD,83.51665647541796,0.7703554493587306,0.0007549483403715559,UNRELIABLE,IDO,33.43852035699898,0.8421334624049489,0.0008252907931568499,RELIABLE,RELIABLE,-0.12641154,-21.790869,938
939,4,Digit 4,4,Digit 4,max_nhat,RELIABLE,RELIABLE,25.530095460578643,0.8289589835604716,0.0008123798038892621,2,0.022439725917163256,4,4,True,74.17660114128864,0.7171959375262688,0.0007028520187757433,UNRELIABLE,IDO,316.61869821886444,0.7223532936666158,0.0007079062277932835,OOD,OOD,50.07991270231178,0.8065192576433083,0.0007903888724904421,RELIABLE,RELIABLE,64.5589906585642,0.7531058919514447,0.0007380437741124158,UNRELIABLE,IDO,25.530095460578643,0.8289589835604716,0.0008123798038892621,RELIABLE,RELIABLE,-2.6680884,-21.958014,939
940,4,Digit 4,4,Digit 4,max_nhat,RELIABLE,RELIABLE,44.79071576550693,0.8246892211810781,0.0008081954367574565,0,0.06046062587393786,4,4,True,74.34706183150692,0.7642285953071403,0.0007489440234009975,UNRELIABLE,IDO,621.4615167656175,0.7270202439637937,0.0007124798390845178,OOD,OOD,120.39502295910414,0.7320618063355888,0.000717420570208877,OOD,OOD,79.6816762393372,0.7284576189362153,0.000713888466557491,UNRELIABLE,IDO,44.79071576550693,0.8246892211810781,0.0008081954367574565,RELIABLE,RELIABLE,5.8147755,-32.28412,940
941,4,Digit 4,4,Digit 4,max_nhat,RELIABLE,RELIABLE,16.100904031851044,0.8759102170488903,0.0008583920127079124,1,0.04778829408159402,4,4,True,58.11567465652827,0.7234083226687618,0.0007089401562153865,RELIABLE,RELIABLE,167.7836147673647,0.8281219229672963,0.0008115594845079503,OOD,OOD,34.81341718774427,0.8162096245427426,0.0007998854320518877,RELIABLE,RELIABLE,46.747477832481295,0.7899106770264857,0.0007741124634859559,RELIABLE,RELIABLE,16.100904031851044,0.8759102170488903,0.0008583920127079124,RELIABLE,RELIABLE,1.5556945,-29.353556,941
942,4,Digit 4,4,Digit 4,max_nhat,RELIABLE,RELIABLE,18.281771304770974,0.8681199171885274,0.0008507575188447568,3,0.053850008914838376,4,4,True,88.29120955570274,0.7364411518100853,0.0007217123287738836,OOD,OOD,151.78240705832408,0.7810809042440143,0.0007654592861591341,OOD,OOD,58.290073054059484,0.7699153968746066,0.0007545170889371145,RELIABLE,RELIABLE,44.674120214391394,0.8142699082736891,0.0007979845101082153,RELIABLE,RELIABLE,18.281771304770974,0.8681199171885274,0.0008507575188447568,RELIABLE,RELIABLE,-9.311354,-45.071358,942
943,4,Digit 4,4,Digit 4,max_nhat,RELIABLE,RELIABLE,20.730314164062193,0.8630582927026605,0.0008457971268486073,0,0.08905611350787723,4,4,True,52.56050821161083,0.7740021791947833,0.0007585221356108876,RELIABLE,RELIABLE,584.3028637839259,0.7070657322364967,0.0006929244175917668,OOD,OOD,85.1784788358839,0.7472519557420727,0.0007323069166272312,UNRELIABLE,IDO,105.22814266777054,0.7008999237665746,0.0006868819252912431,OOD,OOD,20.730314164062193,0.8630582927026605,0.0008457971268486073,RELIABLE,RELIABLE,5.3160777,-38.949345,943
944,4,Digit 4,4,Digit 4,max_nhat,RELIABLE,RELIABLE,24.634903104770473,0.86175223909934,0.0008445171943173531,2,0.04377120723896655,4,4,True,56.388438865309155,0.7406449346200713,0.0007258320359276698,RELIABLE,RELIABLE,537.9935731336378,0.713305093508242,0.0006990389916380771,OOD,OOD,79.56038347867238,0.8179810318603734,0.000801621411223166,UNRELIABLE,IDO,165.11079468322782,0.7549522112952437,0.0007398531670693388,OOD,OOD,24.634903104770473,0.86175223909934,0.0008445171943173531,RELIABLE,RELIABLE,5.606913,-43.99919,944
945,4,Digit 4,4,Digit 4,max_nhat,RELIABLE,RELIABLE,28.942202103475964,0.8306564318758327,0.000814043303238316,2,0.01319929671738651,4,4,True,57.22217796637481,0.7557118365628694,0.0007405975998316121,RELIABLE,RELIABLE,215.57190375536135,0.6797712730937416,0.0006661758476318668,OOD,OOD,29.501539378239695,0.8174571351584462,0.0008011079924552773,RELIABLE,RELIABLE,55.42688923641398,0.7681693278105342,0.0007528059412543235,RELIABLE,RELIABLE,28.942202103475964,0.8306564318758327,0.000814043303238316,RELIABLE,RELIABLE,-1.7817719,-41.225845,945
946,4,Digit 4,4,Digit 4,max_nhat,RELIABLE,RELIABLE,15.99617146183687,0.8749054019858805,0.0008574072939461629,0,0.08992851013335934,4,4,True,48.92716434424532,0.7849768918525212,0.0007692773540154708,RELIABLE,RELIABLE,512.3652767510566,0.6979038766209616,0.0006839457990885424,OOD,OOD,64.72427031145507,0.7475322437999316,0.0007325815989239329,UNRELIABLE,IDO,63.84522485128828,0.7681155377220392,0.0007527532269675985,UNRELIABLE,IDO,15.99617146183687,0.8749054019858805,0.0008574072939461629,RELIABLE,RELIABLE,3.4039989,-38.434887,946
947,4,Digit 4,4,Digit 4,max_nhat,RELIABLE,RELIABLE,27.2797719016299,0.82501545661096,0.0008085151474787408,2,0.010223286613060822,4,4,True,61.46362360699768,0.7472902180073084,0.0007323444136471622,RELIABLE,RELIABLE,283.1284222760543,0.7608689075148211,0.0007456515293645246,OOD,OOD,41.937835030450714,0.8147921699978992,0.0007984963265979412,RELIABLE,RELIABLE,48.83117692435435,0.7889878475144442,0.0007732080905641553,RELIABLE,RELIABLE,27.2797719016299,0.82501545661096,0.0008085151474787408,RELIABLE,RELIABLE,2.4630127,-28.248104,947
948,4,Digit 4,4,Digit 4,max_nhat,RELIABLE,RELIABLE,16.974367962526443,0.875914523675875,0.0008583962332023575,2,0.08376043905018182,4,4,True,87.73081565631993,0.7307379771992383,0.0007161232176552535,OOD,OOD,167.6828746189243,0.750829490290805,0.000735812900484989,OOD,OOD,55.76459846681391,0.7921540846256931,0.0007763110029331792,RELIABLE,RELIABLE,58.48353307273244,0.7803432262057357,0.000764736361681621,RELIABLE,RELIABLE,16.974367962526443,0.875914523675875,0.0008583962332023575,RELIABLE,RELIABLE,-2.6961384,-42.56114,948
949,4,Digit 4,4,Digit 4,max_nhat,RELIABLE,RELIABLE,8.908658825418659,0.9227249319911476,0.0009042704333513246,2,0.0945300735636665,4,4,True,50.990561126657354,0.7641441434261748,0.0007488612605576513,RELIABLE,RELIABLE,200.93399239240853,0.7956452364776406,0.0007797323317480878,OOD,OOD,29.93112301130429,0.8281948584274811,0.0008116309612589314,RELIABLE,RELIABLE,41.33462409638444,0.7970879839032277,0.0007811462242251631,RELIABLE,RELIABLE,8.908658825418659,0.9227249319911476,0.0009042704333513246,RELIABLE,RELIABLE,-6.121232,-35.508984,949
950,4,Digit 4,4,Digit 4,max_nhat,RELIABLE,RELIABLE,18.92047715348192,0.8695665491816926,0.0008521752181980587,3,0.06423975346228716,4,4,True,56.14956475189593,0.7494612833206089,0.0007344720576541967,RELIABLE,RELIABLE,273.3936251480469,0.7904868283944823,0.0007746770918265925,OOD,OOD,35.53515332748161,0.8037394771970153,0.000787664687653075,RELIABLE,RELIABLE,34.1444125478113,0.8053267957194055,0.0007892202598050173,RELIABLE,RELIABLE,18.92047715348192,0.8695665491816926,0.0008521752181980587,RELIABLE,RELIABLE,-4.958152,-43.305435,950
951,4,Digit 4,4,Digit 4,max_nhat,RELIABLE,RELIABLE,25.194628339438466,0.8373937645684675,0.0008206458892770981,0,0.05708346155286437,4,4,True,45.94356817430496,0.7803103030156031,0.0007647040969552911,RELIABLE,RELIABLE,343.3562837106144,0.7032608323977013,0.0006891956157497473,OOD,OOD,59.54845654743691,0.7578108755381419,0.000742654658027379,RELIABLE,RELIABLE,66.80856406361502,0.7313008622689349,0.0007166748450235562,UNRELIABLE,IDO,25.194628339438466,0.8373937645684675,0.0008206458892770981,RELIABLE,RELIABLE,7.891743,-38.947704,951
952,4,Digit 4,4,Digit 4,max_nhat,RELIABLE,RELIABLE,12.386054204290776,0.8956062012716016,0.0008776940772461696,1,0.05248174280413931,4,4,True,50.6397351252645,0.7736840989585183,0.0007582104169793479,RELIABLE,RELIABLE,161.3236272244621,0.8431244584674623,0.000826261969298113,OOD,OOD,29.092371774331657,0.8276192250790189,0.0008110668405774384,RELIABLE,RELIABLE,41.59513599705375,0.8123057116777701,0.0007960595974442147,RELIABLE,RELIABLE,12.386054204290776,0.8956062012716016,0.0008776940772461696,RELIABLE,RELIABLE,-5.943136,-32.740158,952
953,4,Digit 4,4,Digit 4,max_nhat,RELIABLE,RELIABLE,17.16322515624262,0.8769525074843713,0.0008594134573346839,3,0.11284621526897276,4,4,True,67.91522583761491,0.7360314667502554,0.0007213108374152503,UNRELIABLE,IDO,397.74462667917794,0.7590677564675496,0.0007438864013381986,OOD,OOD,60.35648243498174,0.753611807164404,0.0007385395710211159,RELIABLE,RELIABLE,55.74672547524966,0.7641062922153985,0.0007488241663710906,RELIABLE,RELIABLE,17.16322515624262,0.8769525074843713,0.0008594134573346839,RELIABLE,RELIABLE,-10.466053,-34.76343,953
954,4,Digit 4,4,Digit 4,max_nhat,RELIABLE,RELIABLE,15.479597125913072,0.8809906302763993,0.0008633708176708714,3,0.06823319514833925,4,4,True,60.64849713505323,0.7278015751856852,0.0007132455436819715,RELIABLE,RELIABLE,308.02880843015373,0.7649540904224702,0.0007496550086140207,OOD,OOD,50.84757791626162,0.7949922633847293,0.0007790924181170347,RELIABLE,RELIABLE,40.56929905530093,0.8127574351280601,0.0007965022864254988,RELIABLE,RELIABLE,15.479597125913072,0.8809906302763993,0.0008633708176708714,RELIABLE,RELIABLE,-9.497309,-34.895714,954
955,4,Digit 4,2,Digit 2,max_nhat,OOD,OOD,167.56416328923893,0.7329125238586135,0.0007182542733814412,4,0.002857442304269764,2,4,False,262.18713142441607,0.6945645763756346,0.0006806732848481219,OOD,OOD,2299.3835868195715,0.6526059793247379,0.0006395538597382431,OOD,OOD,167.56416328923893,0.7329125238586135,0.0007182542733814412,OOD,OOD,275.2044362918798,0.6580576703012965,0.0006448965168952706,OOD,OOD,135.65785757113522,0.7300550815543437,0.0007154539799232568,OOD,OOD,0.42015913,-52.255768,955
956,4,Digit 4,4,Digit 4,max_nhat,RELIABLE,RELIABLE,58.85936329105891,0.7838400375290533,0.0007681632367784722,3,0.06633105694032437,4,4,True,173.12126660173757,0.6615348325663892,0.0006483041359150615,OOD,OOD,1153.8200776022495,0.6854084598225821,0.0006717002906261305,OOD,OOD,131.27035589734498,0.6883830328150307,0.00067461537215873,OOD,OOD,147.7334510032603,0.7175089805887289,0.0007031588009769543,OOD,OOD,58.85936329105891,0.7838400375290533,0.0007681632367784722,RELIABLE,RELIABLE,-2.9591,-50.23302,956
957,4,Digit 4,4,Digit 4,max_nhat,RELIABLE,RELIABLE,17.001471680799067,0.8744834295572643,0.000856993760966119,2,0.09994876706190625,4,4,True,74.8385099003183,0.7178792008920322,0.0007035216168741915,UNRELIABLE,IDO,366.5502501682382,0.6349466044952233,0.0006222476724053189,OOD,OOD,58.2277750458382,0.7745346624953581,0.0007590439692454509,RELIABLE,RELIABLE,93.66882734326202,0.7276680728940973,0.0007131147114362153,OOD,OOD,17.001471680799067,0.8744834295572643,0.000856993760966119,RELIABLE,RELIABLE,2.3081894,-44.702194,957
958,4,Digit 4,4,Digit 4,max_nhat,RELIABLE,RELIABLE,21.08360694024171,0.8495783711157052,0.0008325868036933911,3,0.09608565337953179,4,4,True,72.59519464366085,0.7222709676655628,0.0007078255483122514,UNRELIABLE,IDO,434.5209151150682,0.7496206495538471,0.0007346282365627701,OOD,OOD,70.99762373143055,0.7322144459325641,0.0007175701570139128,UNRELIABLE,IDO,77.27192030036792,0.7534927177361734,0.00073842286338145,UNRELIABLE,IDO,21.08360694024171,0.8495783711157052,0.0008325868036933911,RELIABLE,RELIABLE,-4.3717113,-46.986694,958
959,4,Digit 4,4,Digit 4,max_nhat,RELIABLE,RELIABLE,60.47037416029603,0.7984898579654963,0.0007825200608061863,0,0.057279713726663184,4,4,True,67.90781294282827,0.7412101442388331,0.0007263859413540564,UNRELIABLE,IDO,1187.2163271394302,0.644868392968479,0.0006319710251091094,OOD,OOD,107.29398033955768,0.7299387698019782,0.0007153399944059386,OOD,OOD,183.80543170887807,0.696170949038178,0.0006822475300574144,OOD,OOD,60.47037416029603,0.7984898579654963,0.0007825200608061863,RELIABLE,RELIABLE,9.073344,-35.54176,959
960,4,Digit 4,4,Digit 4,max_nhat,RELIABLE,RELIABLE,17.636747325104132,0.8959888956552919,0.0008780691177421861,2,0.09956284360723244,4,4,True,57.91574540593366,0.7501255791976175,0.0007351230676136651,RELIABLE,RELIABLE,666.29646108208,0.7006571181287568,0.0006866439757661816,OOD,OOD,59.867335256711954,0.7964260520480595,0.0007804975310070983,RELIABLE,RELIABLE,92.67470810250546,0.7929983684638854,0.0007771384010946076,OOD,OOD,17.636747325104132,0.8959888956552919,0.0008780691177421861,RELIABLE,RELIABLE,1.9811318,-47.717026,960
961,4,Digit 4,4,Digit 4,max_nhat,RELIABLE,RELIABLE,33.03732803745858,0.8088413932800815,0.0007926645654144799,0,0.060171578445145646,4,4,True,64.13015044341796,0.7486698148349359,0.0007336964185382371,UNRELIABLE,IDO,632.0098155649875,0.6402478480808862,0.0006274428911192684,OOD,OOD,56.033892406277445,0.7137208255608024,0.0006994464090495864,RELIABLE,RELIABLE,88.85098854935268,0.6700974981536398,0.000656695548190567,OOD,OOD,33.03732803745858,0.8088413932800815,0.0007926645654144799,RELIABLE,RELIABLE,2.891014,-42.26499,961
962,4,Digit 4,2,Digit 2,max_nhat,RELIABLE,RELIABLE,27.513638281403914,0.8560488128297151,0.0008389278365731208,3,0.017779124687860026,2,2,True,56.13047172363873,0.7511589791976723,0.0007361357996137188,RELIABLE,RELIABLE,135.05287666217376,0.7584075692228116,0.0007432394178383553,OOD,OOD,27.513638281403914,0.8560488128297151,0.0008389278365731208,RELIABLE,RELIABLE,60.89435918443408,0.8382696881418551,0.0008215042943790179,RELIABLE,RELIABLE,37.053473535042386,0.821231820922873,0.0008048071845044155,RELIABLE,RELIABLE,-0.13796274,-26.066248,962
963,4,Digit 4,4,Digit 4,max_nhat,RELIABLE,RELIABLE,42.34454655122764,0.8235386840325429,0.000807067910351892,2,0.06554900749218873,4,4,True,73.17086469043366,0.7182340359035478,0.0007038693551854768,UNRELIABLE,IDO,489.0332479177979,0.7363075011257977,0.0007215813511032818,OOD,OOD,90.36351245744738,0.7579896765403542,0.0007428298830095471,OOD,OOD,73.92641344681968,0.7303205638487378,0.000715714152571763,UNRELIABLE,IDO,42.34454655122764,0.8235386840325429,0.000807067910351892,RELIABLE,RELIABLE,6.9313297,-30.647352,963
964,4,Digit 4,1,Digit 1,max_nhat,OOD,OOD,102.51388391269467,0.872014063947515,0.0008545737826685647,4,0.0052016915596313495,1,4,False,60.03201829887594,0.7566488422051131,0.0007415158653610108,RELIABLE,RELIABLE,102.51388391269467,0.872014063947515,0.0008545737826685647,OOD,OOD,27.010678000292184,0.8200952637754565,0.0008036933584999474,RELIABLE,RELIABLE,28.44286343494337,0.8226272606429831,0.0008061747154301233,RELIABLE,RELIABLE,19.04514276526524,0.8668123723878837,0.000849476124940126,RELIABLE,RELIABLE,-15.94227,-15.273837,964
965,4,Digit 4,4,Digit 4,max_nhat,RELIABLE,RELIABLE,29.65698572247064,0.8492894752232645,0.0008323036857187992,2,0.034009067510330504,4,4,True,63.198353135321796,0.7367460489750969,0.000722011127995595,UNRELIABLE,IDO,273.9889129124447,0.7555731189154443,0.0007404616565371354,OOD,OOD,38.59297048335945,0.815280407712934,0.0007989747995586753,RELIABLE,RELIABLE,65.84398535944047,0.7590787617698629,0.0007438971865344656,UNRELIABLE,IDO,29.65698572247064,0.8492894752232645,0.0008323036857187992,RELIABLE,RELIABLE,1.7329347,-28.595083,965
966,4,Digit 4,4,Digit 4,max_nhat,RELIABLE,RELIABLE,11.944984409432852,0.903452977115267,0.0008853839175729616,1,0.04203629647197782,4,4,True,59.43702662874135,0.7236447293813867,0.0007091718347937589,RELIABLE,RELIABLE,120.91912022960884,0.8614166806432891,0.0008441883470304233,OOD,OOD,32.7346560944353,0.804136019214545,0.0007880532988302541,RELIABLE,RELIABLE,39.905281660172705,0.8057952053371972,0.0007896793012304532,RELIABLE,RELIABLE,11.944984409432852,0.903452977115267,0.0008853839175729616,RELIABLE,RELIABLE,-6.8417077,-30.927967,966
967,4,Digit 4,4,Digit 4,max_nhat,RELIABLE,RELIABLE,16.383231498466202,0.8858796034506867,0.000868162011381673,2,0.11882969384911979,4,4,True,45.8295811145743,0.7493037843342294,0.0007343177086475448,RELIABLE,RELIABLE,446.0152029067991,0.761792200219929,0.0007465563562155304,OOD,OOD,54.28826989778649,0.7670499096015669,0.0007517089114095355,RELIABLE,RELIABLE,74.7342668630372,0.7469916250116857,0.0007320517925114519,UNRELIABLE,IDO,16.383231498466202,0.8858796034506867,0.000868162011381673,RELIABLE,RELIABLE,6.3512626,-33.913296,967
968,4,Digit 4,4,Digit 4,max_nhat,RELIABLE,RELIABLE,18.111283399834235,0.8797764099238394,0.0008621808817253626,2,0.053306781010856286,4,4,True,54.81273129462066,0.7647009530294796,0.00074940693396889,RELIABLE,RELIABLE,211.44295771794634,0.7885188868171711,0.0007727485090808276,OOD,OOD,29.002393205896972,0.8264696289129831,0.0008099402363347235,RELIABLE,RELIABLE,52.988794199187396,0.8180306629881242,0.0008016700497283617,RELIABLE,RELIABLE,18.111283399834235,0.8797764099238394,0.0008621808817253626,RELIABLE,RELIABLE,-3.5947194,-23.745028,968
969,4,Digit 4,4,Digit 4,max_nhat,RELIABLE,RELIABLE,21.04028998730202,0.880633721369934,0.0008630210469425353,0,0.08698533536457742,4,4,True,54.83090549529952,0.7936483860053566,0.0007777754182852494,RELIABLE,RELIABLE,614.4205949173247,0.6991146958829977,0.0006851324019653377,OOD,OOD,63.06803663808082,0.7476787784833551,0.000732725202913688,UNRELIABLE,IDO,89.88677403748491,0.7546583314839636,0.0007395651648542843,OOD,OOD,21.04028998730202,0.880633721369934,0.0008630210469425353,RELIABLE,RELIABLE,4.2812457,-39.630363,969
970,4,Digit 4,4,Digit 4,max_nhat,RELIABLE,RELIABLE,17.389545899771505,0.8906166502700574,0.0008728043172646563,2,0.08241408622911772,4,4,True,59.41007300403916,0.7148543476481942,0.0007005572606952304,RELIABLE,RELIABLE,317.94285763146206,0.7893642692012071,0.0007735769838171829,OOD,OOD,45.239884284984626,0.8082025640409397,0.0007920385127601209,RELIABLE,RELIABLE,63.08050077621651,0.7695896022413473,0.0007541978101965203,UNRELIABLE,IDO,17.389545899771505,0.8906166502700574,0.0008728043172646563,RELIABLE,RELIABLE,1.57739,-29.909647,970
971,4,Digit 4,4,Digit 4,max_nhat,RELIABLE,RELIABLE,14.787831973092288,0.8836649619620551,0.000865991662722814,0,0.11880652393876678,4,4,True,55.19638063329572,0.7648584380232883,0.0007495612692628226,RELIABLE,RELIABLE,399.94518998264266,0.7297912753195964,0.0007151954498132044,OOD,OOD,73.59656371049361,0.7602178071008655,0.0007450134509588482,UNRELIABLE,IDO,106.78873525042181,0.7559976839776806,0.000740877730298127,OOD,OOD,14.787831973092288,0.8836649619620551,0.000865991662722814,RELIABLE,RELIABLE,-1.9728817,-34.66018,971
972,4,Digit 4,4,Digit 4,max_nhat,RELIABLE,RELIABLE,37.65972073264619,0.7833577722660454,0.0007676906168207245,2,0.05404288548913594,4,4,True,77.4200374786239,0.7163124819743589,0.0007019862323348718,UNRELIABLE,IDO,859.3214711307166,0.6034779414361452,0.0005914083826074223,OOD,OOD,96.05478088688446,0.7293148867769095,0.0007147285890413712,OOD,OOD,157.70388630331294,0.7271678042949733,0.0007126244482090738,OOD,OOD,37.65972073264619,0.7833577722660454,0.0007676906168207245,RELIABLE,RELIABLE,0.5681461,-48.86757,972
973,4,Digit 4,4,Digit 4,max_nhat,RELIABLE,RELIABLE,14.315936231824052,0.8831365203762783,0.0008654737899687527,1,0.1164428705064674,4,4,True,60.15147516764619,0.7588291409812822,0.0007436525581616565,RELIABLE,RELIABLE,328.7095953398681,0.7666936498698109,0.0007513597768724147,OOD,OOD,45.66857967067199,0.7602131761460157,0.0007450089126230954,RELIABLE,RELIABLE,51.77730857200076,0.7562991670177178,0.0007411731836773635,RELIABLE,RELIABLE,14.315936231824052,0.8831365203762783,0.0008654737899687527,RELIABLE,RELIABLE,1.8544037,-38.278664,973
974,4,Digit 4,4,Digit 4,max_nhat,RELIABLE,RELIABLE,22.908384646860142,0.8368945037512167,0.0008201566136761923,2,0.03260034410581847,4,4,True,46.97971685340791,0.8034734271941515,0.0007874039586502684,RELIABLE,RELIABLE,428.1364647239159,0.6637011172136759,0.0006504270948694023,OOD,OOD,44.920803139252726,0.8042941596453982,0.0007882082764524902,RELIABLE,RELIABLE,73.09985331502457,0.8038022322452562,0.000787726187600351,UNRELIABLE,IDO,22.908384646860142,0.8368945037512167,0.0008201566136761923,RELIABLE,RELIABLE,-0.8141758,-45.399284,974
975,4,Digit 4,4,Digit 4,max_nhat,RELIABLE,RELIABLE,34.738307801850574,0.7976404617953868,0.0007816876525594791,3,0.04876861000892241,4,4,True,84.45611567694577,0.7064782488676885,0.0006923486838903347,UNRELIABLE,IDO,696.3079716145587,0.6509419346299299,0.0006379230959373313,OOD,OOD,107.13538835154951,0.7303774382019845,0.0007157698894379448,OOD,OOD,149.30228576286922,0.7488718517864644,0.0007338944147507351,OOD,OOD,34.738307801850574,0.7976404617953868,0.0007816876525594791,RELIABLE,RELIABLE,-1.8659581,-48.052776,975
976,4,Digit 4,4,Digit 4,max_nhat,RELIABLE,RELIABLE,16.518244758927242,0.8744782503169612,0.000856988685310622,3,0.05890973359381435,4,4,True,57.85557053952539,0.7167090551322519,0.0007023748740296069,RELIABLE,RELIABLE,81.53610674667266,0.8054520670141901,0.0007893430256739063,UNRELIABLE,IDO,35.91124419279737,0.7994307416631418,0.0007834421268298789,RELIABLE,RELIABLE,32.17026907035853,0.8155685167231469,0.0007992571463886839,RELIABLE,RELIABLE,16.518244758927242,0.8744782503169612,0.000856988685310622,RELIABLE,RELIABLE,-8.137977,-29.601252,976
977,4,Digit 4,4,Digit 4,max_nhat,RELIABLE,RELIABLE,38.596956083217584,0.8233942105593348,0.0008069263263481481,0,0.019393311306487915,4,4,True,50.84322817815698,0.8040008992528469,0.00078792088126779,RELIABLE,RELIABLE,535.0592385968387,0.648830200237828,0.0006358535962330714,OOD,OOD,48.069512996793506,0.7392613555967122,0.000724476128484778,RELIABLE,RELIABLE,83.56933905856053,0.6766124033218719,0.0006630801552554344,UNRELIABLE,IDO,38.596956083217584,0.8233942105593348,0.0008069263263481481,RELIABLE,RELIABLE,10.4700365,-42.374657,977
978,4,Digit 4,4,Digit 4,max_nhat,RELIABLE,RELIABLE,48.94556504910905,0.7927253001452361,0.0007768707941423314,0,0.05473057784155144,4,4,True,98.51894588108104,0.7379947223036847,0.0007232348278576109,OOD,OOD,1271.3881321104911,0.6922882870699115,0.0006784425213285133,OOD,OOD,191.12692308967027,0.7105279240545883,0.0006963173655734965,OOD,OOD,178.87329665467604,0.706644519786764,0.0006925116293910287,OOD,OOD,48.94556504910905,0.7927253001452361,0.0007768707941423314,RELIABLE,RELIABLE,3.3347263,-36.28564,978
979,4,Digit 4,4,Digit 4,max_nhat,RELIABLE,RELIABLE,32.4877225582822,0.8224506352293703,0.0008060016225247829,1,0.023475966144102633,4,4,True,95.97567153165531,0.6928805628552888,0.000679022951598183,OOD,OOD,357.34931798320144,0.7989746690852677,0.0007829951757035624,OOD,OOD,94.9339141291509,0.7312219122100092,0.000716597473965809,OOD,OOD,52.75321655371204,0.7565334824679126,0.0007414028128185544,RELIABLE,RELIABLE,32.4877225582822,0.8224506352293703,0.0008060016225247829,RELIABLE,RELIABLE,-14.161577,-25.003052,979
980,4,Digit 4,1,Digit 1,max_nhat,RELIABLE,RELIABLE,24.0599355412721,0.8779271990846981,0.0008603686551030041,4,0.024076101046036746,1,4,False,64.89328479098096,0.7436917808494811,0.0007288179452324914,UNRELIABLE,IDO,24.0599355412721,0.8779271990846981,0.0008603686551030041,RELIABLE,RELIABLE,25.405397877314268,0.8343370169235159,0.0008176502765850456,RELIABLE,RELIABLE,31.936921522793934,0.834931018794439,0.0008182323984185502,RELIABLE,RELIABLE,23.41765697099908,0.8538510980386613,0.0008367740760778881,RELIABLE,RELIABLE,-33.66099,-4.730072,980
981,4,Digit 4,2,Digit 2,max_nhat,UNRELIABLE,IDO,62.37327695812698,0.7805588146196681,0.0007649476383272748,4,0.05366258939053681,2,2,True,66.43962155352575,0.7070648000646281,0.0006929235040633356,UNRELIABLE,IDO,817.3233685684455,0.6621445940533057,0.0006489017021722396,OOD,OOD,62.37327695812698,0.7805588146196681,0.0007649476383272748,UNRELIABLE,IDO,110.0548034630545,0.7022427607408436,0.0006881979055260267,OOD,OOD,162.31700424473095,0.7268962252291313,0.0007123583007245486,OOD,OOD,-3.8789387,-19.011536,981
982,4,Digit 4,4,Digit 4,max_nhat,RELIABLE,RELIABLE,21.64308806241828,0.8459645155522912,0.0008290452252412454,3,0.077441918900227,4,4,True,69.08305868952964,0.719794880409301,0.0007053989828011149,UNRELIABLE,IDO,396.1404973978813,0.6412069008653989,0.0006283827628480909,OOD,OOD,82.66650509806345,0.7351482836926407,0.0007204453180187878,UNRELIABLE,IDO,92.4745061861934,0.7685225966520642,0.0007531521447190229,OOD,OOD,21.64308806241828,0.8459645155522912,0.0008290452252412454,RELIABLE,RELIABLE,0.052695375,-47.573566,982
983,4,Digit 4,0,Digit 0,max_nhat,RELIABLE,RELIABLE,46.29393264860293,0.7928364814924572,0.0007769797518626081,4,0.008287547471885648,0,0,True,46.29393264860293,0.7928364814924572,0.0007769797518626081,RELIABLE,RELIABLE,1093.51651594146,0.7039606101070228,0.0006898813979048824,OOD,OOD,72.60972570531315,0.7667225853729424,0.0007513881336654835,UNRELIABLE,IDO,108.00083698310158,0.7049132722449104,0.0006908150068000122,OOD,OOD,50.10814627461077,0.7845489340205716,0.0007688579553401601,RELIABLE,RELIABLE,-3.4097652,-18.928848,983
984,4,Digit 4,4,Digit 4,max_nhat,RELIABLE,RELIABLE,10.010159396639626,0.9189633326490648,0.0009005840659960834,0,0.13326409467147304,4,4,True,48.07963476527859,0.7856992379775918,0.0007699852532180399,RELIABLE,RELIABLE,179.793035473809,0.7097715462147477,0.0006955761152904527,OOD,OOD,38.52082649608496,0.7804030990806015,0.0007647950370989894,RELIABLE,RELIABLE,41.837010679968145,0.7849615012644481,0.0007692622712391591,RELIABLE,RELIABLE,10.010159396639626,0.9189633326490648,0.0009005840659960834,RELIABLE,RELIABLE,0.46147123,-41.304855,984
985,4,Digit 4,4,Digit 4,max_nhat,RELIABLE,RELIABLE,10.049931318084635,0.9159349169311896,0.0008976162185925658,1,0.08997205401758346,4,4,True,57.07117413945576,0.7410831386901524,0.0007262614759163494,RELIABLE,RELIABLE,195.76677329171986,0.8259628629136061,0.0008094436056553339,OOD,OOD,51.99391796850803,0.8143256174078116,0.0007980391050596554,RELIABLE,RELIABLE,38.651960979189994,0.8048578743730461,0.0007887607168855852,RELIABLE,RELIABLE,10.049931318084635,0.9159349169311896,0.0008976162185925658,RELIABLE,RELIABLE,-7.358201,-33.198864,985
986,4,Digit 4,4,Digit 4,max_nhat,OOD,OOD,117.03820428325115,0.7337010698417139,0.0007190270484448796,0,0.004224833164164665,4,0,False,95.52465269520641,0.7294762366775492,0.0007148867119439982,OOD,OOD,1163.1487767675212,0.6537376502556623,0.0006406628972505491,OOD,OOD,121.78472089184717,0.6907357625946853,0.0006769210473427915,OOD,OOD,195.70002997922376,0.6703524863983076,0.0006569454366703414,OOD,OOD,117.03820428325115,0.7337010698417139,0.0007190270484448796,OOD,OOD,10.383928,-34.939907,986
987,4,Digit 4,4,Digit 4,max_nhat,RELIABLE,RELIABLE,39.326535138273584,0.8140780345751382,0.0007977964738836354,0,0.05179693983385392,4,4,True,76.86477557491074,0.7622810947412842,0.0007470354728464586,UNRELIABLE,IDO,697.3189738694141,0.7275790736425367,0.000713027492169686,OOD,OOD,70.36121037732532,0.7548708209057517,0.0007397734044876367,UNRELIABLE,IDO,112.64307248762344,0.7164637400527057,0.0007021344652516516,OOD,OOD,39.326535138273584,0.8140780345751382,0.0007977964738836354,RELIABLE,RELIABLE,-11.195339,-36.40548,987
988,4,Digit 4,4,Digit 4,max_nhat,RELIABLE,RELIABLE,23.8165743163077,0.8535347824942547,0.0008364640868443696,2,0.0817608640875257,4,4,True,68.60857730042693,0.7352308559331475,0.0007205262388144846,UNRELIABLE,IDO,362.2725419354786,0.7486714069097795,0.0007336979787715839,OOD,OOD,47.978390664997505,0.771773918406729,0.0007563384400385944,RELIABLE,RELIABLE,57.49466497360789,0.7519361740755363,0.0007368974505940256,RELIABLE,RELIABLE,23.8165743163077,0.8535347824942547,0.0008364640868443696,RELIABLE,RELIABLE,-2.8412294,-43.66049,988
989,4,Digit 4,4,Digit 4,max_nhat,RELIABLE,RELIABLE,35.993131373454176,0.7817451853877214,0.000766110281679967,2,0.05321163809107066,4,4,True,62.33584764722154,0.7252924173004159,0.0007107865689544076,UNRELIABLE,IDO,762.1442301447571,0.6539314980167975,0.0006408528680564616,OOD,OOD,99.50435531745954,0.7285335472966508,0.0007139628763507177,OOD,OOD,180.46500529190354,0.6830986021304015,0.0006694366300877935,OOD,OOD,35.993131373454176,0.7817451853877214,0.000766110281679967,RELIABLE,RELIABLE,8.617633,-36.05993,989
990,4,Digit 4,4,Digit 4,max_nhat,RELIABLE,RELIABLE,46.29647806383154,0.8021756720288572,0.00078613215858828,2,0.042941880294909196,4,4,True,61.928039946928834,0.7526590996596006,0.0007376059176664086,RELIABLE,RELIABLE,887.8537422060039,0.6617403186463242,0.0006485055122733977,OOD,OOD,53.624228139645794,0.759233791733948,0.000744049115899269,RELIABLE,RELIABLE,73.22287952351343,0.7425901964384003,0.0007277383925096322,UNRELIABLE,IDO,46.29647806383154,0.8021756720288572,0.00078613215858828,RELIABLE,RELIABLE,0.32370877,-20.599287,990
991,4,Digit 4,4,Digit 4,max_nhat,RELIABLE,RELIABLE,19.025387082754843,0.8645940003493029,0.0008473021203423168,2,0.08653734298446192,4,4,True,58.876615948787986,0.7602675711244937,0.0007450622197020038,RELIABLE,RELIABLE,270.75445338179287,0.6587557088248034,0.0006455805946483072,OOD,OOD,42.282310098775966,0.778056657364841,0.0007624955242175441,RELIABLE,RELIABLE,69.39119383263667,0.7311116861581525,0.0007164894524349894,UNRELIABLE,IDO,19.025387082754843,0.8645940003493029,0.0008473021203423168,RELIABLE,RELIABLE,2.1708982,-43.52673,991
992,4,Digit 4,4,Digit 4,max_nhat,UNRELIABLE,IDO,85.31123485880481,0.843096009977441,0.0008262340897778922,2,0.0676813694358882,4,4,True,121.40391593541281,0.731735697038929,0.0007171009830981504,OOD,OOD,316.6147695309864,0.7262984978970178,0.0007117725279390775,OOD,OOD,110.92153364676383,0.7754146405415528,0.0007599063477307218,OOD,OOD,135.6461937858569,0.7281038113423635,0.0007135417351155161,OOD,OOD,85.31123485880481,0.843096009977441,0.0008262340897778922,UNRELIABLE,IDO,8.415829,-33.256844,992
993,4,Digit 4,4,Digit 4,max_nhat,UNRELIABLE,IDO,71.7202762667846,0.7135739824812249,0.0006993025028316004,0,0.00545978477746456,4,4,True,103.08089024402233,0.7081141977037604,0.0006939519137496851,OOD,OOD,1456.789908758621,0.6091845129728468,0.0005970008227133899,OOD,OOD,161.99438841107948,0.6705855605891178,0.0006571738493773354,OOD,OOD,264.8437337645586,0.6396511535078192,0.0006268581304376628,OOD,OOD,71.7202762667846,0.7135739824812249,0.0006993025028316004,UNRELIABLE,IDO,3.8466773,-42.52891,993
994,4,Digit 4,4,Digit 4,max_nhat,RELIABLE,RELIABLE,22.724226366225906,0.8605569249413962,0.0008433457864425683,0,0.08241294399296784,4,4,True,41.07303526321975,0.7781439809484284,0.0007625811013294598,RELIABLE,RELIABLE,607.7110619430514,0.7451708404742465,0.0007302674236647616,OOD,OOD,76.1947403976924,0.7687187525208484,0.0007533443774704314,UNRELIABLE,IDO,136.274918608292,0.7581395785557299,0.0007429767869846153,OOD,OOD,22.724226366225906,0.8605569249413962,0.0008433457864425683,RELIABLE,RELIABLE,7.043479,-34.912716,994
995,4,Digit 4,4,Digit 4,max_nhat,OOD,OOD,129.56947960719762,0.7191155462041612,0.0007047332352800779,2,0.033324842390915155,4,4,True,185.54725090746783,0.6489622126777665,0.0006359829684242112,OOD,OOD,2187.6596686810353,0.6275183854740478,0.0006149680177645669,OOD,OOD,147.93848030006242,0.685790703813246,0.0006720748897369811,OOD,OOD,247.33586792933792,0.6273655854256898,0.0006148182737171759,OOD,OOD,129.56947960719762,0.7191155462041612,0.0007047332352800779,OOD,OOD,2.6181502,-51.06202,995
996,4,Digit 4,4,Digit 4,max_nhat,RELIABLE,RELIABLE,28.539876129907356,0.8074931414384381,0.0007913432786096693,0,0.01812181128200341,4,4,True,53.404300509265454,0.7893713301564347,0.000773583903553306,RELIABLE,RELIABLE,592.7104579220272,0.6563891058514425,0.0006432613237344136,OOD,OOD,68.1003280507445,0.7289085097736779,0.0007143303395782043,UNRELIABLE,IDO,124.57721814922844,0.6967349130980843,0.0006828002148361226,OOD,OOD,28.539876129907356,0.8074931414384381,0.0007913432786096693,RELIABLE,RELIABLE,7.9514747,-37.81738,996
997,4,Digit 4,4,Digit 4,max_nhat,RELIABLE,RELIABLE,15.959101663969676,0.8773114561890474,0.0008597652270652664,1,0.008645979408601234,4,4,True,74.75039146968167,0.7180659470193238,0.0007037046280789373,UNRELIABLE,IDO,253.3120579625327,0.8686654767804461,0.0008512921672448371,OOD,OOD,49.62335492207558,0.7720738033994174,0.000756632327331429,RELIABLE,RELIABLE,44.22326471652461,0.79870136391941,0.0007827273366410218,RELIABLE,RELIABLE,15.959101663969676,0.8773114561890474,0.0008597652270652664,RELIABLE,RELIABLE,-10.787738,-32.507473,997
998,4,Digit 4,2,Digit 2,max_nhat,RELIABLE,RELIABLE,31.078897661512364,0.8348559037519884,0.0008181587856769486,4,0.0252134799713577,2,2,True,100.93505882429588,0.7178276012024898,0.00070347104917844,OOD,OOD,160.44687547134328,0.7879207584600834,0.0007721623432908817,OOD,OOD,31.078897661512364,0.8348559037519884,0.0008181587856769486,RELIABLE,RELIABLE,82.20647443911145,0.7912484563705381,0.0007754234872431273,UNRELIABLE,IDO,102.43751007114575,0.8096424237806307,0.000793449575305018,OOD,OOD,-5.9264736,-17.413902,998
999,4,Digit 4,4,Digit 4,max_nhat,RELIABLE,RELIABLE,21.537632784691745,0.8793726208645337,0.000861785168447243,3,0.07727147110014254,4,4,True,63.852909709214565,0.7197567081407973,0.0007053615739779813,UNRELIABLE,IDO,349.71493837572905,0.7461475048936566,0.0007312245547957834,OOD,OOD,52.22582123377269,0.769759092797063,0.0007543639109411218,RELIABLE,RELIABLE,61.13352793647839,0.8021011497643912,0.0007860591267691033,RELIABLE,RELIABLE,21.537632784691745,0.8793726208645337,0.000861785168447243,RELIABLE,RELIABLE,-2.96434,-45.756477,999
