sample_index,true_label,true_class_name,pred_label,pred_class_name,winner_rule,status,status_legacy,best_d2,best_N_hat,best_I_ML,second_label,winner_margin,winner_by_nhat,winner_by_d2,winner_agreement,class_0_d2,class_0_N_hat,class_0_I_ML,class_0_zone,class_0_status_legacy,class_1_d2,class_1_N_hat,class_1_I_ML,class_1_zone,class_1_status_legacy,class_2_d2,class_2_N_hat,class_2_I_ML,class_2_zone,class_2_status_legacy,class_3_d2,class_3_N_hat,class_3_I_ML,class_3_zone,class_3_status_legacy,tsne_1,tsne_2
0,0,Cross,0,Cross,max_nhat,RELIABLE,RELIABLE,27.250463034944477,0.8634488467296498,0.0014246905971039222,2,0.2935716067216012,0,0,True,27.250463034944477,0.8634488467296498,0.0014246905971039222,RELIABLE,RELIABLE,179.45520213529565,0.5046830852385833,0.0008327270906436625,OOD,OOD,108.78531233115481,0.5698772400080486,0.0009402974460132802,OOD,OOD,2569.316841859936,0.30261602393757087,0.0004993164394969919,OOD,OOD,-32.5666,-2.7264085
1,0,Cross,0,Cross,max_nhat,RELIABLE,RELIABLE,27.453197092016925,0.866091218063464,0.0014290505098047157,2,0.14723626996704764,0,0,True,27.453197092016925,0.866091218063464,0.0014290505098047157,RELIABLE,RELIABLE,128.39617124387038,0.5771421428547724,0.0009522845357103744,OOD,OOD,62.8974849189884,0.7188549480964164,0.001186110664359087,OOD,OOD,2824.29633741115,0.19610224818834576,0.0003235687095107705,OOD,OOD,-20.280453,-0.20977722
2,0,Cross,0,Cross,max_nhat,UNRELIABLE,IDO,44.07830716020476,0.8650040628261569,0.001427256703663159,2,0.22228973953212428,0,0,True,44.07830716020476,0.8650040628261569,0.001427256703663159,UNRELIABLE,IDO,146.05773203211854,0.567951868708068,0.0009371205833683122,OOD,OOD,96.73404580777601,0.6427143232940327,0.0010604786334351538,OOD,OOD,2667.133767744487,0.2614754176060311,0.00043143443904995136,OOD,OOD,-18.810068,-2.3222468
3,0,Cross,0,Cross,max_nhat,RELIABLE,RELIABLE,18.77523109421111,0.8741590398847789,0.0014423624158098852,2,0.2216556084279715,0,0,True,18.77523109421111,0.8741590398847789,0.0014423624158098852,RELIABLE,RELIABLE,138.03404581549597,0.5194353275281312,0.0008570682904214164,OOD,OOD,93.50718176785077,0.6525034314568074,0.0010766306619037322,OOD,OOD,2466.671362588602,0.30635023982203186,0.0005054778957063526,OOD,OOD,-25.539412,-0.84524477
4,0,Cross,0,Cross,max_nhat,RELIABLE,RELIABLE,22.61266159047428,0.8584621509333277,0.0014164625490399906,2,0.2962658187722971,0,0,True,22.61266159047428,0.8584621509333277,0.0014164625490399906,RELIABLE,RELIABLE,147.53384941351297,0.4866983626336275,0.0008030522983454853,OOD,OOD,119.03692502716947,0.5621963321610306,0.0009276239480657005,OOD,OOD,2282.923277435826,0.31106153794117003,0.0005132515376029305,OOD,OOD,-25.729338,-2.8901074
5,0,Cross,0,Cross,max_nhat,RELIABLE,RELIABLE,24.6108475404474,0.8623459942645231,0.001422870890536463,2,0.21267336339697696,0,0,True,24.6108475404474,0.8623459942645231,0.001422870890536463,RELIABLE,RELIABLE,143.83582878258417,0.5152973755061179,0.0008502406695850946,OOD,OOD,92.43889901873928,0.6496726308675461,0.0010719598409314511,OOD,OOD,2405.160241153526,0.2765613072907338,0.00045632615702971075,OOD,OOD,-20.59633,-5.012072
6,0,Cross,0,Cross,max_nhat,RELIABLE,RELIABLE,23.62023248732024,0.8763810835015797,0.0014460287877776066,2,0.22272417347945495,0,0,True,23.62023248732024,0.8763810835015797,0.0014460287877776066,RELIABLE,RELIABLE,138.8762887532866,0.5151445087517882,0.0008499884394404506,OOD,OOD,98.03778271609848,0.6536569100221248,0.0010785339015365058,OOD,OOD,2346.0532741323764,0.31770517707058377,0.0005242135421664632,OOD,OOD,-23.293415,1.373292
7,0,Cross,0,Cross,max_nhat,RELIABLE,RELIABLE,23.05871318701748,0.8693004740746754,0.0014343457822232144,2,0.22462111417710273,0,0,True,23.05871318701748,0.8693004740746754,0.0014343457822232144,RELIABLE,RELIABLE,149.30036116137475,0.6024661352455872,0.0009940691231552189,OOD,OOD,80.77644840502043,0.6446793598975726,0.001063720943830995,OOD,OOD,1780.4036653748979,0.2458207986618646,0.00040560431779207656,OOD,OOD,-27.40343,3.3741722
8,0,Cross,0,Cross,max_nhat,RELIABLE,RELIABLE,36.24356134585927,0.8702146322897913,0.0014358541432781557,2,0.292323974334168,0,0,True,36.24356134585927,0.8702146322897913,0.0014358541432781557,RELIABLE,RELIABLE,165.4633883638142,0.5029621131473517,0.0008298874866931303,OOD,OOD,116.33215668376663,0.5778906579556233,0.0009535195856267785,OOD,OOD,2652.2539004477107,0.26596310166865766,0.0004388391177532851,OOD,OOD,-21.917578,-8.771564
9,0,Cross,0,Cross,max_nhat,RELIABLE,RELIABLE,37.08204322151188,0.8647007356791871,0.0014267562138706588,2,0.22441531977905904,0,0,True,37.08204322151188,0.8647007356791871,0.0014267562138706588,RELIABLE,RELIABLE,110.14188960867101,0.6303275937978778,0.0010400405297664984,OOD,OOD,96.01988994200265,0.6402854159001281,0.0010564709362352114,OOD,OOD,2487.689949631985,0.26333461637633465,0.00043450211702095214,OOD,OOD,-20.591969,-2.3878171
10,0,Cross,0,Cross,max_nhat,RELIABLE,RELIABLE,27.48535095166987,0.865064124929,0.0014273558061328499,2,0.2956879316808424,0,0,True,27.48535095166987,0.865064124929,0.0014273558061328499,RELIABLE,RELIABLE,150.96544711044982,0.4966404791738515,0.000819456790636855,OOD,OOD,110.72298082588978,0.5693761932481576,0.00093947071885946,OOD,OOD,2567.9634500015327,0.3144831073942759,0.0005188971272005551,OOD,OOD,-25.576767,-5.572211
11,0,Cross,0,Cross,max_nhat,RELIABLE,RELIABLE,23.80176048144883,0.871291566857586,0.001437631085315017,2,0.23053762791115184,0,0,True,23.80176048144883,0.871291566857586,0.001437631085315017,RELIABLE,RELIABLE,144.77931613411818,0.5687398505335637,0.0009384207533803801,OOD,OOD,101.79143517131357,0.6407539389464342,0.0010572439992616164,OOD,OOD,3131.2502411675546,0.20882687966873784,0.0003445643514534174,OOD,OOD,-29.799887,1.7206829
12,0,Cross,0,Cross,max_nhat,UNRELIABLE,IDO,49.86808970899008,0.8674530194004079,0.001431297482010673,2,0.22073121748194557,0,0,True,49.86808970899008,0.8674530194004079,0.001431297482010673,UNRELIABLE,IDO,109.68538891095582,0.5798069546674703,0.000956681475201326,OOD,OOD,88.86061757352803,0.6467218019184623,0.0010670909731654628,OOD,OOD,3031.480058661728,0.24656588137323054,0.0004068337042658304,OOD,OOD,-27.113338,-8.736697
13,0,Cross,0,Cross,max_nhat,UNRELIABLE,IDO,39.36542949917542,0.8596030384491506,0.0014183450134410986,2,0.29485115006227314,0,0,True,39.36542949917542,0.8596030384491506,0.0014183450134410986,UNRELIABLE,IDO,145.86986994663022,0.5525459190981628,0.0009117007665119686,OOD,OOD,120.49521345963838,0.5647518883868775,0.000931840615838348,OOD,OOD,2340.0903339897186,0.32803672106391435,0.0005412605897554587,OOD,OOD,-22.792511,-2.5185065
14,0,Cross,0,Cross,max_nhat,RELIABLE,RELIABLE,24.375015158501125,0.8521375848911106,0.0014060270150703324,2,0.29213674591632444,0,0,True,24.375015158501125,0.8521375848911106,0.0014060270150703324,RELIABLE,RELIABLE,158.6233471453982,0.4977179861506419,0.0008212346771485591,OOD,OOD,117.41082511818213,0.5600008389747861,0.0009240013843083972,OOD,OOD,2818.779422896952,0.2829586724192429,0.00046688180949175075,OOD,OOD,-28.75323,-10.307281
15,0,Cross,0,Cross,max_nhat,RELIABLE,RELIABLE,21.47386035526441,0.8632502374347429,0.0014243628917673258,2,0.22146113913039478,0,0,True,21.47386035526441,0.8632502374347429,0.0014243628917673258,RELIABLE,RELIABLE,132.80848011180356,0.5839075587968995,0.0009634474720148841,OOD,OOD,83.6941561377958,0.6417890983043482,0.0010589520122021745,OOD,OOD,2257.551546983149,0.26757290797811173,0.00044149529816388434,OOD,OOD,-28.465933,1.1050663
16,0,Cross,0,Cross,max_nhat,RELIABLE,RELIABLE,19.559778627208132,0.874438829067609,0.0014428240679615547,2,0.2339509226562949,0,0,True,19.559778627208132,0.874438829067609,0.0014428240679615547,RELIABLE,RELIABLE,133.3639287171011,0.5689418240872843,0.0009387540097440192,OOD,OOD,96.82619258128986,0.640487906411314,0.001056805045578668,OOD,OOD,1890.4140040539505,0.2448650275157232,0.0004040272954009433,OOD,OOD,-29.81486,0.60146195
17,0,Cross,0,Cross,max_nhat,RELIABLE,RELIABLE,24.968269462240087,0.8755698124631045,0.0014446901905641224,1,0.3028497334250352,0,0,True,24.968269462240087,0.8755698124631045,0.0014446901905641224,RELIABLE,RELIABLE,136.03673085415093,0.5727200790380693,0.0009449881304128143,OOD,OOD,107.35801654969164,0.5714188440010932,0.0009428410926018039,OOD,OOD,2335.7466324146617,0.29393309685343366,0.00048498960980816557,OOD,OOD,-22.632317,-7.4598794
18,0,Cross,0,Cross,max_nhat,RELIABLE,RELIABLE,23.156784950850646,0.8720470049715255,0.001438877558203017,2,0.22640540377997376,0,0,True,23.156784950850646,0.8720470049715255,0.001438877558203017,RELIABLE,RELIABLE,134.61567478468262,0.5105500309405632,0.0008424075510519292,OOD,OOD,85.1564277010503,0.6456416011915518,0.0010653086419660604,OOD,OOD,2590.909064317805,0.22151636666352198,0.0003655020049948113,OOD,OOD,-21.72418,1.3717577
19,0,Cross,0,Cross,max_nhat,RELIABLE,RELIABLE,36.973545136957206,0.8574819681663953,0.0014148452474745522,1,0.2847795916127497,0,0,True,36.973545136957206,0.8574819681663953,0.0014148452474745522,RELIABLE,RELIABLE,137.87912860526907,0.5727023765536456,0.0009449589213135153,OOD,OOD,115.80647712026455,0.5611414986528948,0.0009258834727772763,OOD,OOD,2285.916173769397,0.3279316920178612,0.000541087291829471,OOD,OOD,-19.779432,-6.9286075
20,0,Cross,0,Cross,max_nhat,UNRELIABLE,IDO,38.29563537265922,0.85920038328436,0.001417680632419194,2,0.22467736526950077,0,0,True,38.29563537265922,0.85920038328436,0.001417680632419194,UNRELIABLE,IDO,165.3609804279865,0.5065698337380495,0.0008358402256677817,OOD,OOD,90.26535054043839,0.6345230180148592,0.0010469629797245177,OOD,OOD,2770.6843327742395,0.2554957576781157,0.00042156800016889093,OOD,OOD,-18.937315,-5.7659483
21,0,Cross,0,Cross,max_nhat,RELIABLE,RELIABLE,26.594424746114345,0.8638852482639294,0.0014254106596354836,1,0.29130581135190126,0,0,True,26.594424746114345,0.8638852482639294,0.0014254106596354836,RELIABLE,RELIABLE,126.56970235931816,0.5725794369120282,0.0009447560709048465,OOD,OOD,111.80331725133745,0.5658407642029846,0.0009336372609349246,OOD,OOD,2113.963053164121,0.3420408401885776,0.0005643673863111531,OOD,OOD,-22.9116,2.8393204
22,0,Cross,0,Cross,max_nhat,RELIABLE,RELIABLE,20.017601486367095,0.8718185751712616,0.0014385006490325817,2,0.14913458437825944,0,0,True,20.017601486367095,0.8718185751712616,0.0014385006490325817,RELIABLE,RELIABLE,156.12975032215726,0.5106627190972896,0.0008425934865105278,OOD,OOD,71.01040831579196,0.7226839907930022,0.0011924285848084536,OOD,OOD,2285.989480277247,0.2398157821290704,0.00039569604051296615,OOD,OOD,-28.674887,1.7799335
23,0,Cross,0,Cross,max_nhat,RELIABLE,RELIABLE,33.24116847038859,0.879029035822637,0.001450397909107351,2,0.22628276874205244,0,0,True,33.24116847038859,0.879029035822637,0.001450397909107351,RELIABLE,RELIABLE,167.98737559171857,0.5197323510105033,0.0008575583791673305,OOD,OOD,88.8847524711196,0.6527462670805846,0.0010770313406829645,OOD,OOD,2414.2457928111085,0.32756586121160647,0.0005404836709991507,OOD,OOD,-24.282936,-0.8867896
24,0,Cross,0,Cross,max_nhat,RELIABLE,RELIABLE,17.129277897837213,0.8691477691133016,0.0014340938190369476,1,0.2874505408957121,0,0,True,17.129277897837213,0.8691477691133016,0.0014340938190369476,RELIABLE,RELIABLE,141.223023946649,0.5816972282175895,0.0009598004265590227,OOD,OOD,100.00939043558436,0.5699095022084698,0.0009403506786439752,OOD,OOD,2523.903078021335,0.25266532654163165,0.00041689778879369226,OOD,OOD,-30.824173,-3.274142
25,0,Cross,0,Cross,max_nhat,RELIABLE,RELIABLE,31.662339631904917,0.8642935779397068,0.0014260844036005163,1,0.2255044891665685,0,0,True,31.662339631904917,0.8642935779397068,0.0014260844036005163,RELIABLE,RELIABLE,104.82185426000188,0.6387890887731383,0.0010540019964756782,OOD,OOD,90.15750593621634,0.6386538793881266,0.0010537789009904088,OOD,OOD,3222.406749105475,0.2202171307524426,0.0003633582657415303,OOD,OOD,-20.66985,-1.1843569
26,0,Cross,0,Cross,max_nhat,RELIABLE,RELIABLE,22.05873061148391,0.8648083044514224,0.001426933702344847,2,0.22113086030321294,0,0,True,22.05873061148391,0.8648083044514224,0.001426933702344847,RELIABLE,RELIABLE,97.6072203248821,0.6406869013092016,0.0010571333871601826,OOD,OOD,88.78006715991303,0.6436774441482095,0.0010620677828445456,OOD,OOD,4181.699136761984,0.19996758593857283,0.0003299465167986452,OOD,OOD,-28.131226,-3.2692606
27,0,Cross,0,Cross,max_nhat,RELIABLE,RELIABLE,22.889638403980566,0.8660073959380735,0.0014289122032978213,2,0.29518637783189017,0,0,True,22.889638403980566,0.8660073959380735,0.0014289122032978213,RELIABLE,RELIABLE,110.74775379334267,0.5687123570114964,0.000938375389068969,OOD,OOD,107.9058152970102,0.5708210181061834,0.0009418546798752025,OOD,OOD,2231.156405725478,0.2807464053249475,0.00046323156878616333,OOD,OOD,-26.279154,-7.9010324
28,0,Cross,0,Cross,max_nhat,RELIABLE,RELIABLE,22.87993584359249,0.8726244281990786,0.0014398303065284797,2,0.3005768459711057,0,0,True,22.87993584359249,0.8726244281990786,0.0014398303065284797,RELIABLE,RELIABLE,142.91477557986502,0.5707270177194176,0.000941699579237039,OOD,OOD,107.93370562108215,0.5720475822279729,0.0009438785106761552,OOD,OOD,2227.9611657583428,0.28860797176020353,0.0004762031534043358,OOD,OOD,-30.061192,-2.804529
29,0,Cross,0,Cross,max_nhat,RELIABLE,RELIABLE,21.98210224689692,0.8693922400558406,0.001434497196092137,2,0.2998956067597416,0,0,True,21.98210224689692,0.8693922400558406,0.001434497196092137,RELIABLE,RELIABLE,145.66423139235206,0.5011512969597106,0.0008268996399835224,OOD,OOD,103.54549681829074,0.569496633296099,0.0009396694449385634,OOD,OOD,2486.142089809037,0.2447328794457365,0.0004038092510854652,OOD,OOD,-25.475706,-5.6477695
30,0,Cross,0,Cross,max_nhat,RELIABLE,RELIABLE,20.379603336222903,0.876465156985614,0.0014461675090262631,2,0.3044964525819257,0,0,True,20.379603336222903,0.876465156985614,0.0014461675090262631,RELIABLE,RELIABLE,154.85840946362572,0.5162572512992335,0.0008518244646437353,OOD,OOD,108.96106216682934,0.5719687044036883,0.0009437483622660857,OOD,OOD,2575.7659455435205,0.21879309140179792,0.00036100860081296655,OOD,OOD,-32.215153,-4.6095166
31,0,Cross,0,Cross,max_nhat,UNRELIABLE,IDO,43.42284714985865,0.8597033486402507,0.0014185105252564137,2,0.21999861301111878,0,0,True,43.42284714985865,0.8597033486402507,0.0014185105252564137,UNRELIABLE,IDO,143.08883984177203,0.5486992357881552,0.000905353739050456,OOD,OOD,97.31548938616915,0.6397047356291319,0.0010555128137880675,OOD,OOD,2785.454611977379,0.2743888695592019,0.0004527416347726831,OOD,OOD,-18.807344,-2.3375256
32,0,Cross,0,Cross,max_nhat,RELIABLE,RELIABLE,20.068877890259806,0.8679911497230255,0.0014321853970429921,1,0.21649412984832672,0,0,True,20.068877890259806,0.8679911497230255,0.0014321853970429921,RELIABLE,RELIABLE,84.41509563248731,0.6514970198746988,0.001074970082793253,OOD,OOD,108.26150515240701,0.5689009084263252,0.0009386864989034366,OOD,OOD,2694.384529466755,0.2635687112406144,0.0004348883735470137,OOD,OOD,-26.396248,-8.432125
33,0,Cross,0,Cross,max_nhat,RELIABLE,RELIABLE,21.58149203219494,0.8732265410828357,0.001440823792786679,2,0.22668124295236847,0,0,True,21.58149203219494,0.8732265410828357,0.001440823792786679,RELIABLE,RELIABLE,115.32353924693545,0.5855660822050275,0.0009661840356382953,OOD,OOD,87.58319952902856,0.6465452981304672,0.001066799741915271,OOD,OOD,3064.0441350707283,0.18952495229573166,0.0003127161712879572,OOD,OOD,-28.979927,-5.1951814
34,0,Cross,0,Cross,max_nhat,RELIABLE,RELIABLE,24.798459391752512,0.8739441481241359,0.0014420078444048242,2,0.3000515344268362,0,0,True,24.798459391752512,0.8739441481241359,0.0014420078444048242,RELIABLE,RELIABLE,128.88200881061226,0.5659300876158069,0.0009337846445660814,OOD,OOD,114.81169070305005,0.5738926136972997,0.0009469228126005445,OOD,OOD,2302.4237138063,0.2873463281505717,0.0004741214414484433,OOD,OOD,-25.761518,-3.9989862
35,0,Cross,0,Cross,max_nhat,RELIABLE,RELIABLE,23.52394304967774,0.8671247329257484,0.001430755809327485,2,0.15174530846893142,0,0,True,23.52394304967774,0.8671247329257484,0.001430755809327485,RELIABLE,RELIABLE,144.75668102554917,0.5162958224580412,0.0008518881070557679,OOD,OOD,62.142771147986934,0.715379424456817,0.001180376050353748,OOD,OOD,2930.495086362924,0.2668437315568178,0.00044029215706874934,OOD,OOD,-24.936543,0.25605038
36,0,Cross,0,Cross,max_nhat,RELIABLE,RELIABLE,23.223954865470496,0.8685644352485433,0.0014331313181600964,2,0.22575334381443513,0,0,True,23.223954865470496,0.8685644352485433,0.0014331313181600964,RELIABLE,RELIABLE,118.73560360424871,0.5748413915786827,0.0009484882961048266,OOD,OOD,91.85629411693397,0.6428110914341082,0.0010606383008662785,OOD,OOD,3628.908740149823,0.2111861012428837,0.0003484570670507581,OOD,OOD,-22.14492,0.817222
37,0,Cross,0,Cross,max_nhat,UNRELIABLE,IDO,48.09372205489905,0.8638139304458954,0.0014252929852357273,2,0.15527537623553211,0,0,True,48.09372205489905,0.8638139304458954,0.0014252929852357273,UNRELIABLE,IDO,159.24355195583084,0.5048892972936229,0.0008330673405344777,OOD,OOD,71.40794773274799,0.7085385542103633,0.0011690886144470993,OOD,OOD,2911.257341096121,0.21560520107567,0.0003557485817748555,OOD,OOD,-27.389935,1.8345095
38,0,Cross,0,Cross,max_nhat,UNRELIABLE,IDO,49.1647288228869,0.8766351017689786,0.0014464479179188148,2,0.15118154882882573,0,0,True,49.1647288228869,0.8766351017689786,0.0014464479179188148,UNRELIABLE,IDO,141.18910739458724,0.5176896463221794,0.0008541879164315959,OOD,OOD,60.82421357664147,0.7254535529401529,0.0011969983623512522,OOD,OOD,3164.5939757143137,0.22777633187098914,0.0003758309475871321,OOD,OOD,-26.162209,1.1507956
39,0,Cross,0,Cross,max_nhat,RELIABLE,RELIABLE,18.355823168971042,0.8697261743755551,0.001435048187719666,1,0.28578426361552356,0,0,True,18.355823168971042,0.8697261743755551,0.001435048187719666,RELIABLE,RELIABLE,134.0842112199852,0.5839419107600315,0.000963504152754052,OOD,OOD,102.5176844021017,0.5723831459068118,0.0009444321907462396,OOD,OOD,2213.0245063297907,0.29626731904121834,0.0004888410764180102,OOD,OOD,-24.24508,-6.3636136
40,0,Cross,0,Cross,max_nhat,RELIABLE,RELIABLE,28.734216008520615,0.8598632611146251,0.0014187743808391313,2,0.20906676609213914,0,0,True,28.734216008520615,0.8598632611146251,0.0014187743808391313,RELIABLE,RELIABLE,131.41808251025446,0.5721158680619008,0.0009439911823021363,OOD,OOD,85.0635025483813,0.6507964950224859,0.0010738142167871017,OOD,OOD,2699.131944402266,0.24104490008401785,0.00039772408513862945,OOD,OOD,-19.73647,-1.4582072
41,0,Cross,0,Cross,max_nhat,RELIABLE,RELIABLE,21.863116372635897,0.8608361216128928,0.0014203796006612731,1,0.29659998413941646,0,0,True,21.863116372635897,0.8608361216128928,0.0014203796006612731,RELIABLE,RELIABLE,132.24338654520753,0.5642361374734763,0.0009309896268312359,OOD,OOD,112.27112251792448,0.5588910085404837,0.000922170164091798,OOD,OOD,2603.2063264756857,0.2835193391160534,0.00046780690954148816,OOD,OOD,-24.421642,-5.2703586
42,0,Cross,0,Cross,max_nhat,RELIABLE,RELIABLE,22.58769445266007,0.8709486547188384,0.0014370652802860834,2,0.22626186574554574,0,0,True,22.58769445266007,0.8709486547188384,0.0014370652802860834,RELIABLE,RELIABLE,111.0869346529656,0.5882869270845412,0.0009706734296894931,OOD,OOD,80.97191143636013,0.6446867889732927,0.001063733201805933,OOD,OOD,2453.8064138997893,0.2469993202437166,0.00040754887840213237,OOD,OOD,-25.197433,-8.702835
43,0,Cross,0,Cross,max_nhat,UNRELIABLE,IDO,49.143801391359084,0.8563681848814231,0.0014130075050543481,2,0.21381733253797497,0,0,True,49.143801391359084,0.8563681848814231,0.0014130075050543481,UNRELIABLE,IDO,120.3224878829419,0.5721054248036639,0.0009439739509260453,OOD,OOD,92.49139480538986,0.6425508523434481,0.0010602089063666894,OOD,OOD,3336.821635823773,0.23839814668358733,0.0003933569420279191,OOD,OOD,-26.987194,0.46430644
44,0,Cross,0,Cross,max_nhat,RELIABLE,RELIABLE,33.7615987468702,0.8587274001891225,0.001416900210312052,2,0.2933063745760106,0,0,True,33.7615987468702,0.8587274001891225,0.001416900210312052,RELIABLE,RELIABLE,174.68823952018406,0.4931279929597314,0.0008136611883835568,OOD,OOD,122.5565589555844,0.5654210256131119,0.0009329446922616347,OOD,OOD,2441.003059307888,0.27876924984586765,0.0004599692622456816,OOD,OOD,-24.31204,-1.7701716
45,0,Cross,0,Cross,max_nhat,RELIABLE,RELIABLE,21.08499181330807,0.8632703881416838,0.0014243961404337782,2,0.2220126151444971,0,0,True,21.08499181330807,0.8632703881416838,0.0014243961404337782,RELIABLE,RELIABLE,140.53380506829788,0.5068060155090921,0.000836229925590002,OOD,OOD,89.30122585401902,0.6412577729971867,0.001058075325445358,OOD,OOD,2690.101618090769,0.19046987006076002,0.00031427528560025404,OOD,OOD,-30.032114,-7.8502016
46,0,Cross,0,Cross,max_nhat,RELIABLE,RELIABLE,22.75446461170693,0.8750619086399417,0.0014438521492559039,2,0.23443007731536225,0,0,True,22.75446461170693,0.8750619086399417,0.0014438521492559039,RELIABLE,RELIABLE,145.42709438755472,0.5752066198928117,0.0009490909228231394,OOD,OOD,85.69191077535149,0.6406318313245795,0.001057042521685556,OOD,OOD,1865.9509478172179,0.2848107838636899,0.00046993779337508836,OOD,OOD,-27.430414,3.3832037
47,0,Cross,0,Cross,max_nhat,RELIABLE,RELIABLE,19.40965906906025,0.8824129128567492,0.0014559813062136361,1,0.2230231786028175,0,0,True,19.40965906906025,0.8824129128567492,0.0014559813062136361,RELIABLE,RELIABLE,86.96771287740923,0.6593897342539317,0.0010879930615189872,OOD,OOD,107.61338202768502,0.5746675723774486,0.0009482014944227902,OOD,OOD,2025.7293132066152,0.2962606712223473,0.000488830107516873,OOD,OOD,-26.735247,-7.380162
48,0,Cross,0,Cross,max_nhat,RELIABLE,RELIABLE,33.473228235098475,0.8641455865663885,0.001425840217834541,2,0.2997300155656919,0,0,True,33.473228235098475,0.8641455865663885,0.001425840217834541,RELIABLE,RELIABLE,155.72909367552788,0.500583728030235,0.0008259631512498877,OOD,OOD,123.41425309187039,0.5644155710006966,0.0009312856921511494,OOD,OOD,2700.789956353443,0.31427589795308214,0.0005185552316225856,OOD,OOD,-29.905972,-10.415575
49,0,Cross,0,Cross,max_nhat,RELIABLE,RELIABLE,37.01294853618926,0.8669521349572025,0.001430471022679384,2,0.2357664945284329,0,0,True,37.01294853618926,0.8669521349572025,0.001430471022679384,RELIABLE,RELIABLE,112.96386980846823,0.6223978777381406,0.001026956498267932,OOD,OOD,103.34176535300178,0.6311856404287696,0.0010414563067074698,OOD,OOD,3780.374476496969,0.18643837882283046,0.00030762332505767027,OOD,OOD,-19.249691,-0.16912745
50,0,Cross,0,Cross,max_nhat,RELIABLE,RELIABLE,33.37719027946418,0.8791653360321118,0.0014506228044529844,2,0.2293395487874268,0,0,True,33.37719027946418,0.8791653360321118,0.0014506228044529844,RELIABLE,RELIABLE,133.9658237009602,0.5812713310555969,0.000959097696241735,OOD,OOD,92.85452276488739,0.649825787244685,0.0010722125489537303,OOD,OOD,3769.8358643334345,0.22475215911030305,0.00037084106253200004,OOD,OOD,-18.412384,-4.443126
51,0,Cross,0,Cross,max_nhat,RELIABLE,RELIABLE,19.30288540839141,0.8647976924449368,0.0014269161925341456,2,0.20906980341856185,0,0,True,19.30288540839141,0.8647976924449368,0.0014269161925341456,RELIABLE,RELIABLE,156.24498624457922,0.5087876791946352,0.0008394996706711481,OOD,OOD,80.80107108157193,0.6557278890263749,0.0010819510168935185,OOD,OOD,2542.344001450516,0.2504479457639569,0.00041323911051052893,OOD,OOD,-30.665354,-4.893925
52,0,Cross,0,Cross,max_nhat,RELIABLE,RELIABLE,26.19376153794701,0.8608950834410094,0.0014204768876776655,2,0.2254540615659376,0,0,True,26.19376153794701,0.8608950834410094,0.0014204768876776655,RELIABLE,RELIABLE,117.46199096767216,0.5652888979465561,0.0009327266816118176,OOD,OOD,93.03981710480033,0.6354410218750718,0.0010484776860938685,OOD,OOD,2835.964814990949,0.2968941492330584,0.0004898753462345463,OOD,OOD,-26.907509,-0.509298
53,0,Cross,0,Cross,max_nhat,RELIABLE,RELIABLE,18.399944146645385,0.8628178904228884,0.0014236495191977659,2,0.21795677086312537,0,0,True,18.399944146645385,0.8628178904228884,0.0014236495191977659,RELIABLE,RELIABLE,143.5181399104534,0.5721026400845229,0.0009439693561394629,OOD,OOD,89.25813598922284,0.644861119559763,0.0010640208472736089,OOD,OOD,3615.062861825139,0.2125418168941507,0.00035069399787534866,OOD,OOD,-31.067516,-2.557168
54,0,Cross,0,Cross,max_nhat,RELIABLE,RELIABLE,23.0079042365034,0.8636226381794764,0.001424977352996136,1,0.29494109682725256,0,0,True,23.0079042365034,0.8636226381794764,0.001424977352996136,RELIABLE,RELIABLE,118.08440253637536,0.5686815413522238,0.0009383245432311693,OOD,OOD,110.25034489926354,0.5673573594315062,0.0009361396430619853,OOD,OOD,2413.7343689085733,0.2919247917977334,0.0004816759064662601,OOD,OOD,-25.991228,-9.582476
55,0,Cross,0,Cross,max_nhat,RELIABLE,RELIABLE,33.181321329328085,0.8621875018709243,0.001422609378087025,1,0.2912301788809626,0,0,True,33.181321329328085,0.8621875018709243,0.001422609378087025,RELIABLE,RELIABLE,164.18186337480978,0.5709573229899617,0.0009420795829334368,OOD,OOD,113.09512302814043,0.557872087334423,0.0009204889441017978,OOD,OOD,2547.2251166747888,0.2938016497077823,0.0004847727220178407,OOD,OOD,-22.06894,-3.2648785
56,0,Cross,0,Cross,max_nhat,RELIABLE,RELIABLE,18.89608666220784,0.8719554920877207,0.0014387265619447392,2,0.2966932791423448,0,0,True,18.89608666220784,0.8719554920877207,0.0014387265619447392,RELIABLE,RELIABLE,135.34270047060122,0.5041060993586158,0.0008317750639417161,OOD,OOD,99.19058939458685,0.5752622129453759,0.0009491826513598704,OOD,OOD,2460.2490371401045,0.31366305752860624,0.0005175440449222003,OOD,OOD,-23.894634,-6.654634
57,0,Cross,0,Cross,max_nhat,OOD,OOD,57.691761064385716,0.8757205887243031,0.0014449389713951002,2,0.23078774686157755,0,0,True,57.691761064385716,0.8757205887243031,0.0014449389713951002,OOD,OOD,187.40455480021888,0.524652502666194,0.00086567662939922,OOD,OOD,82.73609603884788,0.6449328418627256,0.0010641391890734973,OOD,OOD,3162.2387875993177,0.25928263108427385,0.00042781634128905184,OOD,OOD,-25.223965,1.84577
58,0,Cross,0,Cross,max_nhat,RELIABLE,RELIABLE,27.38259301432389,0.8587141574597932,0.0014168783598086587,2,0.2970388406380219,0,0,True,27.38259301432389,0.8587141574597932,0.0014168783598086587,RELIABLE,RELIABLE,128.9610788356887,0.5607580380609902,0.0009252507628006339,OOD,OOD,119.6814558153793,0.5616753168217713,0.0009267642727559227,OOD,OOD,2068.216953209211,0.29112174448314165,0.00048035087839718376,OOD,OOD,-22.910624,2.8502443
59,0,Cross,0,Cross,max_nhat,RELIABLE,RELIABLE,21.353672177443332,0.8711275143511741,0.0014373603986794373,2,0.22885763200656328,0,0,True,21.353672177443332,0.8711275143511741,0.0014373603986794373,RELIABLE,RELIABLE,143.3789418617126,0.5062124119206195,0.0008352504796690222,OOD,OOD,95.43462831808151,0.6422698823446108,0.0010597453058686077,OOD,OOD,2660.0012470502393,0.2906494030450485,0.00047957151502432997,OOD,OOD,-30.385633,-8.957461
60,0,Cross,0,Cross,max_nhat,RELIABLE,RELIABLE,20.920278298439708,0.866834949600963,0.0014302776668415889,2,0.22770394816241946,0,0,True,20.920278298439708,0.866834949600963,0.0014302776668415889,RELIABLE,RELIABLE,111.47616863587061,0.6346459959318193,0.0010471658932875018,OOD,OOD,92.68213921643282,0.6391310014385435,0.0010545661523735969,OOD,OOD,3779.233847588231,0.23536173850843112,0.00038834686853891134,OOD,OOD,-24.490532,-3.6651726
61,0,Cross,0,Cross,max_nhat,RELIABLE,RELIABLE,30.93686825876684,0.8617271266326685,0.001421849758943903,1,0.2876802443671994,0,0,True,30.93686825876684,0.8617271266326685,0.001421849758943903,RELIABLE,RELIABLE,129.2921958191582,0.5740468822654691,0.000947177355738024,OOD,OOD,112.79846343762073,0.5646355286497023,0.0009316486222720089,OOD,OOD,2669.8548339798017,0.32039928063825807,0.0005286588130531258,OOD,OOD,-27.011677,-1.9201807
62,0,Cross,0,Cross,max_nhat,RELIABLE,RELIABLE,27.85855725039865,0.8739728097861401,0.0014420551361471311,1,0.29445301530674506,0,0,True,27.85855725039865,0.8739728097861401,0.0014420551361471311,RELIABLE,RELIABLE,149.90247897062972,0.5795197944793951,0.0009562076608910019,OOD,OOD,126.67592239348342,0.5704178189438017,0.0009411894012572728,OOD,OOD,3868.4818644497404,0.24724660840627086,0.0004079569038703469,OOD,OOD,-32.696674,-3.9234917
63,0,Cross,0,Cross,max_nhat,RELIABLE,RELIABLE,23.144518906841054,0.8716312873929005,0.0014381916241982858,2,0.22102445251864444,0,0,True,23.144518906841054,0.8716312873929005,0.0014381916241982858,RELIABLE,RELIABLE,152.2937909055802,0.5024485484688143,0.0008290401049735436,OOD,OOD,87.69025936251559,0.6506068348742561,0.0010735012775425225,OOD,OOD,2676.6761169768256,0.26358064753181293,0.0004349080684274913,OOD,OOD,-28.76021,-6.6731286
64,0,Cross,0,Cross,max_nhat,RELIABLE,RELIABLE,19.027166729278164,0.8792002555063503,0.0014506804215854779,2,0.30823388936733276,0,0,True,19.027166729278164,0.8792002555063503,0.0014506804215854779,RELIABLE,RELIABLE,131.9769781756707,0.5104641415585207,0.0008422658335715592,OOD,OOD,109.22995887602782,0.5709663661390175,0.0009420945041293788,OOD,OOD,2485.608501536981,0.28744863651298,0.000474290250246417,OOD,OOD,-29.563707,-8.981969
65,0,Cross,0,Cross,max_nhat,RELIABLE,RELIABLE,31.23030584222285,0.8684781937470798,0.0014329890196826817,2,0.3037903224052525,0,0,True,31.23030584222285,0.8684781937470798,0.0014329890196826817,RELIABLE,RELIABLE,175.06874754664878,0.5029104472311777,0.0008298022379314432,OOD,OOD,107.96760155383838,0.5646878713418273,0.0009317349877140151,OOD,OOD,2510.226053373607,0.30271326161692547,0.000499476881667927,OOD,OOD,-22.861513,0.9790086
66,0,Cross,0,Cross,max_nhat,RELIABLE,RELIABLE,20.369166722519363,0.8713290886049636,0.0014376929961981899,2,0.1595070595261967,0,0,True,20.369166722519363,0.8713290886049636,0.0014376929961981899,RELIABLE,RELIABLE,155.6771775303509,0.5036253799401379,0.0008309818769012275,OOD,OOD,65.23748622823722,0.7118220290787669,0.0011745063479799654,OOD,OOD,2225.889601904014,0.19849354980566133,0.0003275143571793412,OOD,OOD,-28.59969,2.813277
67,0,Cross,0,Cross,max_nhat,RELIABLE,RELIABLE,27.72667011507853,0.8665679277497809,0.0014298370807871385,2,0.22989351022228754,0,0,True,27.72667011507853,0.8665679277497809,0.0014298370807871385,RELIABLE,RELIABLE,152.60878112774353,0.5778087904948139,0.0009533845043164429,OOD,OOD,107.1272832332035,0.6366744175274933,0.001050512788920364,OOD,OOD,3431.5607742190987,0.23559832880759596,0.00038873724253253334,OOD,OOD,-29.887255,1.7606299
68,0,Cross,0,Cross,max_nhat,RELIABLE,RELIABLE,29.501540117180117,0.8689581172600475,0.0014337808934790782,2,0.22535419797680356,0,0,True,29.501540117180117,0.8689581172600475,0.0014337808934790782,RELIABLE,RELIABLE,121.8047160046671,0.5832736738780232,0.0009624015618987384,OOD,OOD,90.33544446120642,0.6436039192832439,0.0010619464668173524,OOD,OOD,2523.107803025892,0.26829550950498776,0.0004426875906832298,OOD,OOD,-21.62622,-4.435438
69,0,Cross,0,Cross,max_nhat,RELIABLE,RELIABLE,34.27109617467014,0.8621117004673063,0.0014224843057710555,2,0.22413871677328345,0,0,True,34.27109617467014,0.8621117004673063,0.0014224843057710555,RELIABLE,RELIABLE,126.80442994971068,0.5588399221196876,0.0009220858714974844,OOD,OOD,93.080402250596,0.6379729836940229,0.0010526554230951377,OOD,OOD,2419.3521478318453,0.2559929425620622,0.0004223883552274026,OOD,OOD,-20.560976,0.42930445
70,0,Cross,0,Cross,max_nhat,RELIABLE,RELIABLE,20.95740119495713,0.8733444673174574,0.0014410183710738048,2,0.22807812990382703,0,0,True,20.95740119495713,0.8733444673174574,0.0014410183710738048,RELIABLE,RELIABLE,110.094271354832,0.5863953497708215,0.0009675523271218555,OOD,OOD,84.49693233577443,0.6452663374136304,0.0010646894567324901,OOD,OOD,2305.598796759111,0.21550977544334693,0.00035559112948152245,OOD,OOD,-27.777693,-7.3678446
71,0,Cross,0,Cross,max_nhat,RELIABLE,RELIABLE,21.43591257718036,0.872283229578033,0.0014392673288037543,2,0.14352287986983148,0,0,True,21.43591257718036,0.872283229578033,0.0014392673288037543,RELIABLE,RELIABLE,136.31394963503575,0.501387215574879,0.0008272889056985504,OOD,OOD,70.72606920338556,0.7287603497082015,0.0012024545770185325,OOD,OOD,2595.1415253060068,0.25301141276282,0.000417468831058653,OOD,OOD,-29.314175,-6.109732
72,0,Cross,0,Cross,max_nhat,RELIABLE,RELIABLE,20.284177002948546,0.8733936135005665,0.0014410994622759347,1,0.2935103101955856,0,0,True,20.284177002948546,0.8733936135005665,0.0014410994622759347,RELIABLE,RELIABLE,106.57282142515389,0.579883303304981,0.0009568074504532186,OOD,OOD,105.28785680571761,0.576425385261887,0.0009511018856821136,OOD,OOD,2241.0005866779857,0.29299856379965045,0.00048344763026942326,OOD,OOD,-25.448055,-7.438975
73,0,Cross,0,Cross,max_nhat,RELIABLE,RELIABLE,27.07556154270547,0.8662833150997752,0.001429367469914629,2,0.2277678484265162,0,0,True,27.07556154270547,0.8662833150997752,0.001429367469914629,RELIABLE,RELIABLE,169.89614180192362,0.5134067283072451,0.0008471211017069544,OOD,OOD,79.1916040857378,0.638515466673259,0.0010535505200108773,OOD,OOD,2669.9628522793473,0.21598217275422668,0.000356370585044474,OOD,OOD,-28.212946,-5.6485357
74,0,Cross,0,Cross,max_nhat,RELIABLE,RELIABLE,33.32735945203536,0.8476649351637308,0.0013986471430201557,2,0.19945419308809165,0,0,True,33.32735945203536,0.8476649351637308,0.0013986471430201557,RELIABLE,RELIABLE,179.96715680576935,0.5090831428545227,0.0008399871857099625,OOD,OOD,90.04057016685317,0.6482107420756391,0.0010695477244248046,OOD,OOD,2156.3358282098925,0.24571987540126877,0.0004054377944120935,OOD,OOD,-24.031689,-1.1209836
75,0,Cross,0,Cross,max_nhat,RELIABLE,RELIABLE,29.002656329039176,0.8708745991697372,0.0014369430886300664,1,0.2925450734394025,0,0,True,29.002656329039176,0.8708745991697372,0.0014369430886300664,RELIABLE,RELIABLE,123.23485546844307,0.5783295257303347,0.0009542437174550523,OOD,OOD,122.64325043819234,0.5739270564677983,0.0009469796431718671,OOD,OOD,2427.8984906708215,0.32989193952942997,0.0005443217002235594,OOD,OOD,-30.89066,-9.353232
76,0,Cross,0,Cross,max_nhat,RELIABLE,RELIABLE,27.49469896673237,0.8655754928400724,0.0014281995631861195,1,0.22471904109145113,0,0,True,27.49469896673237,0.8655754928400724,0.0014281995631861195,RELIABLE,RELIABLE,100.19185012503597,0.6408564517486213,0.001057413145385225,OOD,OOD,122.33124149899582,0.5656705286380238,0.0009333563722527394,OOD,OOD,3546.834623757424,0.2501315826087684,0.00041271711130446787,OOD,OOD,-27.94533,-0.17249164
77,0,Cross,0,Cross,max_nhat,RELIABLE,RELIABLE,18.6392181149016,0.8698874483115734,0.001435314289714096,1,0.297218226756099,0,0,True,18.6392181149016,0.8698874483115734,0.001435314289714096,RELIABLE,RELIABLE,111.63651433237212,0.5726692215554744,0.0009449042155665328,OOD,OOD,115.23576305305089,0.5716267455063904,0.000943184130085544,OOD,OOD,2351.411533854694,0.2909429678693017,0.0004800558969843478,OOD,OOD,-28.845173,-9.060565
78,0,Cross,0,Cross,max_nhat,RELIABLE,RELIABLE,27.43329285134719,0.8630401738820631,0.0014240162869054041,1,0.28406061429186835,0,0,True,27.43329285134719,0.8630401738820631,0.0014240162869054041,RELIABLE,RELIABLE,123.80534749102469,0.5789795595901948,0.0009553162733238214,OOD,OOD,109.37499087804925,0.5702770215625342,0.0009409570855781816,OOD,OOD,2512.595774686303,0.28454532540013866,0.00046949978691022883,OOD,OOD,-22.403568,-5.0932913
79,0,Cross,0,Cross,max_nhat,RELIABLE,RELIABLE,29.07278687832026,0.8640205195491147,0.0014256338572560393,2,0.3000585901104088,0,0,True,29.07278687832026,0.8640205195491147,0.0014256338572560393,RELIABLE,RELIABLE,129.02977010206183,0.563728821928266,0.0009301525561816389,OOD,OOD,133.72982296148615,0.5639619294387059,0.0009305371835738647,OOD,OOD,3578.7336152518756,0.2077327615935404,0.00034275905662934167,OOD,OOD,-21.630816,2.4319081
80,0,Cross,0,Cross,max_nhat,RELIABLE,RELIABLE,36.90311097856,0.877238587727562,0.0014474436697504774,2,0.22884424313354879,0,0,True,36.90311097856,0.877238587727562,0.0014474436697504774,RELIABLE,RELIABLE,152.13568693428678,0.5198901477499954,0.0008578187437874924,OOD,OOD,88.47677559173218,0.6483943445940132,0.0010698506685801218,OOD,OOD,2713.078528298119,0.1589215704933167,0.0002622205913139726,OOD,OOD,-18.917189,-5.727755
81,0,Cross,0,Cross,max_nhat,RELIABLE,RELIABLE,24.713880780618982,0.8785338872041488,0.0014495809138868455,1,0.28570205035178353,0,0,True,24.713880780618982,0.8785338872041488,0.0014495809138868455,RELIABLE,RELIABLE,133.88064130567568,0.5928318368523653,0.0009781725308064028,OOD,OOD,101.41502225109038,0.5795166571870212,0.000956202484358585,OOD,OOD,2258.811261056058,0.32357387006989213,0.000533896885615322,OOD,OOD,-22.680574,-7.4261394
82,0,Cross,0,Cross,max_nhat,RELIABLE,RELIABLE,21.215452872599183,0.8540604716701519,0.0014091997782557505,2,0.21580377775323745,0,0,True,21.215452872599183,0.8540604716701519,0.0014091997782557505,RELIABLE,RELIABLE,165.54889617717913,0.49928040084719844,0.0008238126613978774,OOD,OOD,81.07922366213795,0.6382566939169144,0.0010531235449629088,OOD,OOD,2706.115157359361,0.20869506863776838,0.0003443468632523178,OOD,OOD,-30.662157,-4.948685
83,0,Cross,0,Cross,max_nhat,RELIABLE,RELIABLE,27.06551818323427,0.8628558542134087,0.0014237121594521244,2,0.22843551070947532,0,0,True,27.06551818323427,0.8628558542134087,0.0014237121594521244,RELIABLE,RELIABLE,128.9963301712814,0.5722454533869397,0.0009442049980884505,OOD,OOD,84.94604879720738,0.6344203435039334,0.00104679356678149,OOD,OOD,2390.1804343614413,0.2602928129255639,0.0004294831413271804,OOD,OOD,-20.707174,-5.7108064
84,0,Cross,0,Cross,max_nhat,RELIABLE,RELIABLE,27.640779966652254,0.8686149331449297,0.0014332146396891338,1,0.21912380558121292,0,0,True,27.640779966652254,0.8686149331449297,0.0014332146396891338,RELIABLE,RELIABLE,109.52053087831429,0.6494911275637167,0.0010716603604801326,OOD,OOD,115.37402505768002,0.5635287826532452,0.0009298224913778546,OOD,OOD,2347.2850047976626,0.3473530823153796,0.0005731325858203763,OOD,OOD,-22.883957,-4.009941
85,0,Cross,0,Cross,max_nhat,UNRELIABLE,IDO,52.55715329726706,0.8739189388070114,0.0014419662490315688,2,0.22707672439893622,0,0,True,52.55715329726706,0.8739189388070114,0.0014419662490315688,UNRELIABLE,IDO,128.3767927621747,0.5777196131020254,0.0009532373616183418,OOD,OOD,85.61552718384249,0.6468422144080752,0.001067289653773324,OOD,OOD,2812.2714745022877,0.21326253513817625,0.0003518831829779908,OOD,OOD,-25.860025,2.646226
86,0,Cross,0,Cross,max_nhat,RELIABLE,RELIABLE,33.485851095499044,0.8657705538388552,0.001428521413834111,2,0.22113666287428746,0,0,True,33.485851095499044,0.8657705538388552,0.001428521413834111,RELIABLE,RELIABLE,150.42295015692744,0.5681607937225078,0.000937465309642138,OOD,OOD,96.38156620784319,0.6446338909645677,0.0010636459200915366,OOD,OOD,3701.1180188697217,0.23515133724416504,0.0003879997064528723,OOD,OOD,-23.894354,-2.2251005
87,0,Cross,0,Cross,max_nhat,RELIABLE,RELIABLE,25.798064598742535,0.8554094515119277,0.0014114255949946807,1,0.22218314676384043,0,0,True,25.798064598742535,0.8554094515119277,0.0014114255949946807,RELIABLE,RELIABLE,94.23710545054342,0.6332263047480873,0.001044823402834344,OOD,OOD,116.80139602959733,0.5591972804840789,0.0009226755127987302,OOD,OOD,3230.9490992619203,0.24294607480164754,0.00040086102342271843,OOD,OOD,-28.070072,-1.3670632
88,0,Cross,0,Cross,max_nhat,RELIABLE,RELIABLE,24.737007132208625,0.8627373963148087,0.0014235167039194343,2,0.22275040829800663,0,0,True,24.737007132208625,0.8627373963148087,0.0014235167039194343,RELIABLE,RELIABLE,146.4275384419277,0.5656441634604563,0.0009333128697097528,OOD,OOD,89.2027751993414,0.6399869880168021,0.0010559785302277234,OOD,OOD,2581.236855501087,0.2789285841102239,0.0004602321637818695,OOD,OOD,-31.301405,-3.5348477
89,0,Cross,0,Cross,max_nhat,RELIABLE,RELIABLE,20.32795067802121,0.8797653667064269,0.0014516128550656044,1,0.21934913600731432,0,0,True,20.32795067802121,0.8797653667064269,0.0014516128550656044,RELIABLE,RELIABLE,101.72391243494283,0.6604162306991126,0.0010896867806535358,OOD,OOD,105.89996655238045,0.5795404462334768,0.0009562417362852366,OOD,OOD,2754.113665469212,0.1879934467415469,0.0003101891871235524,OOD,OOD,-27.946848,-3.5239742
90,0,Cross,0,Cross,max_nhat,RELIABLE,RELIABLE,36.98054445603652,0.8822043494592741,0.0014556371766078022,2,0.3035422916586744,0,0,True,36.98054445603652,0.8822043494592741,0.0014556371766078022,RELIABLE,RELIABLE,203.37891555946763,0.5144547341087699,0.0008488503112794703,OOD,OOD,102.87199246429898,0.5786620578005996,0.0009547923953709894,OOD,OOD,2446.467946547423,0.31598632830567575,0.000521377441704365,OOD,OOD,-23.103432,-1.38379
91,0,Cross,0,Cross,max_nhat,RELIABLE,RELIABLE,24.771568090009236,0.8692225311734746,0.001434217176436233,2,0.22872030042990443,0,0,True,24.771568090009236,0.8692225311734746,0.001434217176436233,RELIABLE,RELIABLE,156.1505986580853,0.5100346640541946,0.0008415571956894212,OOD,OOD,84.2702092127875,0.6405022307435702,0.0010568286807268908,OOD,OOD,2854.8292325684747,0.21182277729159588,0.0003495075825311332,OOD,OOD,-23.76345,-9.227433
92,0,Cross,0,Cross,max_nhat,RELIABLE,RELIABLE,22.61364009280039,0.8660930785112535,0.0014290535795435683,1,0.2909398395341425,0,0,True,22.61364009280039,0.8660930785112535,0.0014290535795435683,RELIABLE,RELIABLE,112.4512070164554,0.575153238977111,0.0009490028443122332,OOD,OOD,119.48856347370946,0.5611986942990709,0.0009259778455934669,OOD,OOD,3227.5716485331914,0.2022520001498162,0.00033371580024719674,OOD,OOD,-30.965773,-8.091749
93,0,Cross,0,Cross,max_nhat,RELIABLE,RELIABLE,28.308798898352293,0.8749996340782555,0.0014437493962291216,2,0.3043054281936215,0,0,True,28.308798898352293,0.8749996340782555,0.0014437493962291216,RELIABLE,RELIABLE,146.42766927350246,0.5012758036257333,0.00082710507598246,OOD,OOD,114.08708215607037,0.570694205884634,0.0009416454397096461,OOD,OOD,2807.5007129120395,0.2822423991349942,0.0004656999585727404,OOD,OOD,-29.86481,-10.307746
94,0,Cross,0,Cross,max_nhat,RELIABLE,RELIABLE,26.507253366824763,0.8771882266067806,0.001447360573901188,2,0.2975344157409222,0,0,True,26.507253366824763,0.8771882266067806,0.001447360573901188,RELIABLE,RELIABLE,130.2724616628051,0.5672387011113691,0.0009359438568337591,OOD,OOD,107.45820114882389,0.5796538108658584,0.0009564287879286665,OOD,OOD,2024.1952774458896,0.299434938990943,0.0004940676493350559,OOD,OOD,-26.615536,-3.3408356
95,0,Cross,0,Cross,max_nhat,RELIABLE,RELIABLE,20.294335703526976,0.8835370286648289,0.0014578360972969677,2,0.23324564308399698,0,0,True,20.294335703526976,0.8835370286648289,0.0014578360972969677,RELIABLE,RELIABLE,178.16499991770874,0.5167824792345608,0.0008526910907370254,OOD,OOD,86.65516918341409,0.6502913855808319,0.0010729807862083726,OOD,OOD,1993.3068128977784,0.29329140513654334,0.00048393081847529647,OOD,OOD,-31.260944,-0.9964571
96,0,Cross,0,Cross,max_nhat,RELIABLE,RELIABLE,23.598503499330796,0.8611024398916923,0.0014208190258212924,2,0.2929679789726146,0,0,True,23.598503499330796,0.8611024398916923,0.0014208190258212924,RELIABLE,RELIABLE,160.6283574477294,0.5066259559788372,0.0008359328273650813,OOD,OOD,112.17703350598443,0.5681344609190777,0.0009374218605164782,OOD,OOD,2414.670243779778,0.24362015772722395,0.0004019732602499195,OOD,OOD,-31.824318,-2.4818673
97,0,Cross,0,Cross,max_nhat,RELIABLE,RELIABLE,19.45236104205246,0.8769922540492421,0.0014470372191812495,2,0.3009862990652731,0,0,True,19.45236104205246,0.8769922540492421,0.0014470372191812495,RELIABLE,RELIABLE,163.3171240872835,0.5072909355288507,0.0008370300436226038,OOD,OOD,101.5617999844539,0.576005954983969,0.0009504098257235489,OOD,OOD,2481.04094466017,0.3248494487377669,0.0005360015904173153,OOD,OOD,-31.783215,-3.5204859
98,0,Cross,0,Cross,max_nhat,RELIABLE,RELIABLE,32.37772991074599,0.8542993346844041,0.0014095939022292668,2,0.22184938609980953,0,0,True,32.37772991074599,0.8542993346844041,0.0014095939022292668,RELIABLE,RELIABLE,179.37133377649263,0.48961993321781416,0.0008078728898093933,OOD,OOD,97.67637556242364,0.6324499485845946,0.001043542415164581,OOD,OOD,2307.857323555751,0.29452789431322013,0.0004859710256168132,OOD,OOD,-29.435904,3.00565
99,0,Cross,0,Cross,max_nhat,RELIABLE,RELIABLE,22.469032014993388,0.8707324848993934,0.001436708600083999,2,0.29722538001590226,0,0,True,22.469032014993388,0.8707324848993934,0.001436708600083999,RELIABLE,RELIABLE,115.79471798593576,0.5721971697156759,0.0009441253300308652,OOD,OOD,109.53841029188598,0.5735071048834911,0.0009462867230577603,OOD,OOD,2295.7553498837224,0.2720652199714322,0.00044890761295286307,OOD,OOD,-25.926159,-9.589757
100,1,Circle,1,Circle,max_nhat,RELIABLE,RELIABLE,37.285184748198745,0.8168014011188068,0.0013477223118460312,0,0.20708627813639213,1,1,True,116.69774450321944,0.6097151229824147,0.0010060299529209842,OOD,OOD,37.285184748198745,0.8168014011188068,0.0013477223118460312,RELIABLE,RELIABLE,163.15390775056377,0.45990632833362155,0.0007588454417504756,OOD,OOD,3649.683414001568,0.3086481057359174,0.0005092693744642637,OOD,OOD,-3.0983913,-40.56854
101,1,Circle,1,Circle,max_nhat,RELIABLE,RELIABLE,33.735883789062946,0.8110674054043857,0.0013382612189172364,0,0.28211077490505676,1,1,True,139.1265062921827,0.528956630499329,0.0008727784403238927,OOD,OOD,33.735883789062946,0.8110674054043857,0.0013382612189172364,RELIABLE,RELIABLE,168.5476910104318,0.4502736162312188,0.0007429514667815111,OOD,OOD,4031.580895660048,0.38849919063434174,0.0006410236645466639,OOD,OOD,-0.8399327,-31.403543
102,1,Circle,1,Circle,max_nhat,UNRELIABLE,IDO,44.848608215484376,0.8137267762973618,0.0013426491808906469,0,0.28165238879891774,1,1,True,143.70007790912626,0.532074387498444,0.0008779227393724326,OOD,OOD,44.848608215484376,0.8137267762973618,0.0013426491808906469,UNRELIABLE,IDO,196.39899406914867,0.3760516489278882,0.0006204852207310155,OOD,OOD,3608.1976590701183,0.3735224550988232,0.0006163120509130583,OOD,OOD,5.5293603,-42.402298
103,1,Circle,1,Circle,max_nhat,RELIABLE,RELIABLE,21.64195396551667,0.8132960002360724,0.0013419384003895195,0,0.20361266792962252,1,1,True,140.79421230179466,0.6096833323064499,0.0010059774983056423,OOD,OOD,21.64195396551667,0.8132960002360724,0.0013419384003895195,RELIABLE,RELIABLE,148.5077735867313,0.5304472287943958,0.000875237927510753,OOD,OOD,5205.314108037939,0.21355523788175973,0.00035236614250490356,OOD,OOD,5.388243,-35.706043
104,1,Circle,1,Circle,max_nhat,RELIABLE,RELIABLE,25.495146427397323,0.8223280582914951,0.001356841296180967,0,0.14028757400033987,1,1,True,88.21869439031234,0.6820404842911553,0.0011253667990804063,OOD,OOD,25.495146427397323,0.8223280582914951,0.001356841296180967,RELIABLE,RELIABLE,159.44018618200028,0.45368225854127175,0.0007485757265930984,OOD,OOD,3393.6469331889307,0.2848626557272594,0.000470023381949978,OOD,OOD,0.17971809,-39.917786
105,1,Circle,1,Circle,max_nhat,UNRELIABLE,IDO,45.70343760524109,0.8090973930694488,0.0013350106985645905,0,0.2000510346804425,1,1,True,105.41149730109079,0.6090463583890063,0.0010049264913418604,OOD,OOD,45.70343760524109,0.8090973930694488,0.0013350106985645905,UNRELIABLE,IDO,148.4618483406399,0.5338944992730043,0.0008809259238004571,OOD,OOD,3505.820817737112,0.33489707683296494,0.0005525801767743921,OOD,OOD,2.3447464,-37.1465
106,1,Circle,1,Circle,max_nhat,OOD,OOD,73.88378104636969,0.8132696326790035,0.0013418948939203559,0,0.2847448306771415,1,1,True,138.54504190254423,0.528524802001862,0.0008720659233030723,OOD,OOD,73.88378104636969,0.8132696326790035,0.0013418948939203559,OOD,OOD,186.75517834038135,0.3861602715562441,0.0006371644480678028,OOD,OOD,3909.230663594639,0.38218197012605876,0.0006306002507079969,OOD,OOD,-4.8163166,-39.90387
107,1,Circle,1,Circle,max_nhat,RELIABLE,RELIABLE,33.51993914130847,0.7973956546824373,0.0013157028302260216,0,0.12257022079942326,1,1,True,82.47669379083592,0.6748254338830141,0.0011134619659069732,OOD,OOD,33.51993914130847,0.7973956546824373,0.0013157028302260216,RELIABLE,RELIABLE,170.9081962996994,0.44810045954522487,0.000739365758249621,OOD,OOD,4291.356007189949,0.28987468356130197,0.00047829322787614826,OOD,OOD,-4.228101,-37.078712
108,1,Circle,1,Circle,max_nhat,RELIABLE,RELIABLE,20.94172902132562,0.81415340124406,0.001343353112052699,0,0.28232316206004904,1,1,True,158.39516908888695,0.531830239184011,0.000877519894653618,OOD,OOD,20.94172902132562,0.81415340124406,0.001343353112052699,RELIABLE,RELIABLE,149.66580479643375,0.5282167388640353,0.0008715576191256583,OOD,OOD,4414.600831038518,0.3089505196650011,0.0005097683574472518,OOD,OOD,5.4465146,-34.199112
109,1,Circle,1,Circle,max_nhat,RELIABLE,RELIABLE,32.708180235049284,0.8018477738608383,0.0013230488268703832,0,0.13296479569850428,1,1,True,81.61708209639642,0.668882978162334,0.001103656913967851,OOD,OOD,32.708180235049284,0.8018477738608383,0.0013230488268703832,RELIABLE,RELIABLE,137.4545929365026,0.5329831809217258,0.0008794222485208476,OOD,OOD,3913.039063296631,0.3137986612329243,0.0005177677910343251,OOD,OOD,2.0781817,-41.493908
110,1,Circle,1,Circle,max_nhat,RELIABLE,RELIABLE,29.257666216158412,0.8127171716627882,0.0013409833332436005,0,0.28458309193586495,1,1,True,131.1869648020234,0.5281340797269233,0.0008714212315494233,OOD,OOD,29.257666216158412,0.8127171716627882,0.0013409833332436005,RELIABLE,RELIABLE,158.82831439123413,0.45344810638415295,0.0007481893755338524,OOD,OOD,4137.122688672713,0.30805003093837835,0.0005082825510483242,OOD,OOD,-3.8885415,-40.119118
111,1,Circle,1,Circle,max_nhat,UNRELIABLE,IDO,43.681980483956565,0.8120738288558816,0.0013399218176122047,0,0.13241646797603068,1,1,True,85.28257064954273,0.679657360879851,0.001121434645451754,OOD,OOD,43.681980483956565,0.8120738288558816,0.0013399218176122047,UNRELIABLE,IDO,131.18034286654358,0.5299656905534483,0.0008744433894131898,OOD,OOD,3504.6799043466704,0.2646089795587693,0.0004366048162719693,OOD,OOD,0.68448514,-33.3002
112,1,Circle,1,Circle,max_nhat,RELIABLE,RELIABLE,31.87708070713713,0.8150798766803126,0.0013448817965225157,0,0.2783109092623792,1,1,True,135.19626182108544,0.5367689674179333,0.00088566879623959,OOD,OOD,31.87708070713713,0.8150798766803126,0.0013448817965225157,RELIABLE,RELIABLE,164.42352904708483,0.4575101559067649,0.0007548917572461621,OOD,OOD,4047.552705167429,0.3146869625948387,0.0005192334882814838,OOD,OOD,-4.771941,-41.267853
113,1,Circle,1,Circle,max_nhat,UNRELIABLE,IDO,38.635498314843055,0.8254684259041309,0.001362022902741816,0,0.28735500975949624,1,1,True,116.85560935469617,0.5381134161446347,0.0008878871366386472,OOD,OOD,38.635498314843055,0.8254684259041309,0.001362022902741816,UNRELIABLE,IDO,151.05544236005093,0.4558122329540291,0.0007520901843741481,OOD,OOD,3615.5232408409292,0.30177929325389014,0.0004979358338689187,OOD,OOD,3.3869197,-37.434635
114,1,Circle,1,Circle,max_nhat,RELIABLE,RELIABLE,29.377746035249313,0.8084270695297956,0.0013339046647241628,0,0.2049762292215751,1,1,True,95.23595705219655,0.6034508403082205,0.0009956938865085638,OOD,OOD,29.377746035249313,0.8084270695297956,0.0013339046647241628,RELIABLE,RELIABLE,156.44975958337227,0.4489227751793476,0.0007407225790459235,OOD,OOD,4409.924766991588,0.32768066359814585,0.0005406730949369407,OOD,OOD,8.692914,-34.990616
115,1,Circle,1,Circle,max_nhat,RELIABLE,RELIABLE,21.496204714097164,0.8220453943754413,0.0013563749007194782,0,0.22010857364299952,1,1,True,104.92390797111123,0.6019368207324418,0.000993195754208529,OOD,OOD,21.496204714097164,0.8220453943754413,0.0013563749007194782,RELIABLE,RELIABLE,131.6074629180174,0.5347329701786978,0.0008823094007948514,OOD,OOD,2937.7875516016234,0.2943406059993198,0.00048566199989887775,OOD,OOD,2.3598833,-32.585663
116,1,Circle,1,Circle,max_nhat,UNRELIABLE,IDO,38.20248049684102,0.7993996088459211,0.0013190093545957697,0,0.12356609030164933,1,1,True,83.90759930796877,0.6758335185442718,0.0011151253055980484,OOD,OOD,38.20248049684102,0.7993996088459211,0.0013190093545957697,UNRELIABLE,IDO,132.93048029556027,0.5272965030033872,0.0008700392299555888,OOD,OOD,4071.634082550036,0.2833408816185817,0.0004675124546706598,OOD,OOD,3.243705,-40.480927
117,1,Circle,1,Circle,max_nhat,RELIABLE,RELIABLE,19.04344428265068,0.8359807903310034,0.0013793683040461556,0,0.2156014722832308,1,1,True,107.5168824593365,0.6203793180477726,0.0010236258747788247,OOD,OOD,19.04344428265068,0.8359807903310034,0.0013793683040461556,RELIABLE,RELIABLE,129.10006061817083,0.5338370069045453,0.0008808310613924997,OOD,OOD,3108.182439650956,0.3321141401803361,0.0005479883312975545,OOD,OOD,1.3663086,-31.551573
118,1,Circle,1,Circle,max_nhat,RELIABLE,RELIABLE,22.712456662420706,0.8095924760006615,0.0013358275854010915,0,0.20542922693463106,1,1,True,113.9246073960871,0.6041632490660305,0.0009968693609589503,OOD,OOD,22.712456662420706,0.8095924760006615,0.0013358275854010915,RELIABLE,RELIABLE,174.10969955983316,0.45050552119507564,0.0007433341099718748,OOD,OOD,4446.187561318343,0.29884097123602527,0.0004930876025394416,OOD,OOD,8.0875,-36.0515
119,1,Circle,1,Circle,max_nhat,RELIABLE,RELIABLE,23.239861564504416,0.8078298083567639,0.0013329191837886604,0,0.20355457245625652,1,1,True,106.19876349108569,0.6042752359005074,0.000997054139235837,OOD,OOD,23.239861564504416,0.8078298083567639,0.0013329191837886604,RELIABLE,RELIABLE,146.635615307803,0.5322071786780147,0.0008781418448187243,OOD,OOD,4393.447960451009,0.22010426643535258,0.00036317203961833177,OOD,OOD,9.156693,-38.44453
120,1,Circle,1,Circle,max_nhat,RELIABLE,RELIABLE,32.03170138301284,0.8355072901062132,0.0013785870286752518,0,0.22176646005061573,1,1,True,104.62973163204809,0.6137408300555974,0.0010126723695917357,OOD,OOD,32.03170138301284,0.8355072901062132,0.0013785870286752518,RELIABLE,RELIABLE,132.38419887405223,0.5367542621298511,0.0008856445325142544,OOD,OOD,4235.921302729632,0.24638368700399238,0.0004065330835565874,OOD,OOD,0.07084107,-34.42314
121,1,Circle,1,Circle,max_nhat,UNRELIABLE,IDO,41.225531048467005,0.830288754010041,0.0013699764441165677,0,0.22321768062527914,1,1,True,93.46882298605384,0.6070710733847619,0.001001667271084857,OOD,OOD,41.225531048467005,0.830288754010041,0.0013699764441165677,UNRELIABLE,IDO,171.57738192672844,0.3788199104284217,0.0006250528522068958,OOD,OOD,3483.7630649511,0.3313563913586937,0.0005467380457418446,OOD,OOD,3.817962,-30.52169
122,1,Circle,1,Circle,max_nhat,RELIABLE,RELIABLE,25.941262959012253,0.8115158658071802,0.0013390011785818473,0,0.2038359880698014,1,1,True,109.88881815464448,0.6076798777373787,0.0010026717982666749,OOD,OOD,25.941262959012253,0.8115158658071802,0.0013390011785818473,RELIABLE,RELIABLE,161.98303848899914,0.4594545716366729,0.0007581000432005103,OOD,OOD,3165.569212235693,0.36129246988199115,0.0005961325753052854,OOD,OOD,-2.0989208,-34.860367
123,1,Circle,1,Circle,max_nhat,RELIABLE,RELIABLE,21.322290916346038,0.8119160013727015,0.0013396614022649575,0,0.2116276979434143,1,1,True,109.27572048310407,0.6002883034292872,0.0009904757006583239,OOD,OOD,21.322290916346038,0.8119160013727015,0.0013396614022649575,RELIABLE,RELIABLE,178.28747213140232,0.4520287956858668,0.0007458475128816802,OOD,OOD,4509.276946232757,0.3256168162915401,0.0005372677468810412,OOD,OOD,1.2151146,-40.529675
124,1,Circle,1,Circle,max_nhat,RELIABLE,RELIABLE,31.23593253032345,0.8307568536554515,0.001370748808531495,0,0.2872830634949486,1,1,True,125.10236039550888,0.5434737901605029,0.0008967317537648297,OOD,OOD,31.23593253032345,0.8307568536554515,0.001370748808531495,RELIABLE,RELIABLE,160.18050195794396,0.46007371297125643,0.0007591216264025731,OOD,OOD,3819.4366530860284,0.35565960103909283,0.0005868383417145032,OOD,OOD,-1.1738526,-36.50104
125,1,Circle,1,Circle,max_nhat,RELIABLE,RELIABLE,31.27520970483417,0.8178757747812857,0.0013494950283891214,0,0.21810907948967384,1,1,True,110.79044898296388,0.5997666952916119,0.0009896150472311596,OOD,OOD,31.27520970483417,0.8178757747812857,0.0013494950283891214,RELIABLE,RELIABLE,164.5484565727474,0.4554769067638016,0.0007515368961602726,OOD,OOD,3565.2992065982053,0.350303910737492,0.0005780014527168618,OOD,OOD,1.3697405,-42.66822
126,1,Circle,1,Circle,max_nhat,RELIABLE,RELIABLE,23.861945918766715,0.8191419505309526,0.0013515842183760719,0,0.13925901054618361,1,1,True,85.65145260847426,0.679882939984769,0.0011218068509748688,OOD,OOD,23.861945918766715,0.8191419505309526,0.0013515842183760719,RELIABLE,RELIABLE,189.29420027384214,0.37947790932396736,0.0006261385503845461,OOD,OOD,3107.2925074747113,0.36383598547933693,0.0006003293760409059,OOD,OOD,-3.2233791,-36.484756
127,1,Circle,1,Circle,max_nhat,RELIABLE,RELIABLE,21.683253630010626,0.8209133830432385,0.0013545070820213435,0,0.21648729395443156,1,1,True,130.09442411732093,0.6044260890888069,0.0009973030469965314,OOD,OOD,21.683253630010626,0.8209133830432385,0.0013545070820213435,RELIABLE,RELIABLE,130.44122640534016,0.5399557684264745,0.0008909270179036829,OOD,OOD,3407.818908484597,0.32351323912329755,0.000533796844553441,OOD,OOD,4.3413663,-33.889957
128,1,Circle,1,Circle,max_nhat,OOD,OOD,52.63044447745226,0.8181112059641423,0.0013498834898408349,0,0.22530496852630788,1,1,True,120.07737337433865,0.5928062374378344,0.0009781302917724268,OOD,OOD,52.63044447745226,0.8181112059641423,0.0013498834898408349,OOD,OOD,176.4507784652759,0.37624182218282126,0.0006207990066016551,OOD,OOD,2767.076783618893,0.27980892923787015,0.0004616847332424858,OOD,OOD,7.218216,-41.82524
129,1,Circle,1,Circle,max_nhat,UNRELIABLE,IDO,47.931121834971876,0.8354394917226171,0.0013784751613423183,0,0.2968554623626336,1,1,True,137.98718357222614,0.5385840293599835,0.0008886636484439727,OOD,OOD,47.931121834971876,0.8354394917226171,0.0013784751613423183,UNRELIABLE,IDO,159.09562442245425,0.4555614048616995,0.0007516763180218042,OOD,OOD,4117.699011239666,0.2896027571740024,0.00047784454933710396,OOD,OOD,8.088053,-40.227093
130,1,Circle,1,Circle,max_nhat,RELIABLE,RELIABLE,30.373206725912926,0.8214907241344896,0.001355459694821908,0,0.21389520074419266,1,1,True,101.18751815874535,0.607595523390297,0.00100253261359399,OOD,OOD,30.373206725912926,0.8214907241344896,0.001355459694821908,RELIABLE,RELIABLE,179.07423080475982,0.3837998006356448,0.0006332696710488138,OOD,OOD,3753.6206923795585,0.36508088343203093,0.000602383457662851,OOD,OOD,-4.244678,-36.241776
131,1,Circle,1,Circle,max_nhat,RELIABLE,RELIABLE,24.71298274597055,0.8099835055099237,0.001336472784091374,0,0.12739482359067933,1,1,True,92.00738536320955,0.6825886819192444,0.0011262713251667532,OOD,OOD,24.71298274597055,0.8099835055099237,0.001336472784091374,RELIABLE,RELIABLE,163.06500863442295,0.45307069068505257,0.0007475666396303367,OOD,OOD,3283.1328447899014,0.28275119742580584,0.0004665394757525796,OOD,OOD,0.24324259,-39.93835
132,1,Circle,1,Circle,max_nhat,UNRELIABLE,IDO,45.72376467730172,0.8079312521832536,0.0013330865661023684,0,0.20892756817899005,1,1,True,120.45131164761261,0.5990036840042635,0.0009883560786070349,OOD,OOD,45.72376467730172,0.8079312521832536,0.0013330865661023684,UNRELIABLE,IDO,174.69880712075962,0.45238773035427626,0.0007464397550845559,OOD,OOD,4515.884485154475,0.3103915769453078,0.0005121461019597578,OOD,OOD,-1.4299936,-32.98991
133,1,Circle,1,Circle,max_nhat,RELIABLE,RELIABLE,28.756746099756434,0.8239729236577994,0.001359555324035369,0,0.21078632815450282,1,1,True,102.03079800422722,0.6131865955032966,0.0010117578825804394,OOD,OOD,28.756746099756434,0.8239729236577994,0.001359555324035369,RELIABLE,RELIABLE,160.76986234558228,0.4562819009312561,0.0007528651365365725,OOD,OOD,4067.7795360685955,0.3143590239425132,0.0005186923895051467,OOD,OOD,8.745946,-34.966106
134,1,Circle,1,Circle,max_nhat,RELIABLE,RELIABLE,32.754865595678574,0.7995926904371506,0.0013193279392212985,0,0.2709346998681563,1,1,True,122.59014156380778,0.5286579905689943,0.0008722856844388406,OOD,OOD,32.754865595678574,0.7995926904371506,0.0013193279392212985,RELIABLE,RELIABLE,189.19943751952414,0.37806060928779117,0.0006238000053248554,OOD,OOD,3921.508803322628,0.3593329127667321,0.000592899306065108,OOD,OOD,-2.793174,-41.860256
135,1,Circle,1,Circle,max_nhat,RELIABLE,RELIABLE,33.59653277065318,0.8035709161199811,0.0013258920115979689,0,0.27741243138040717,1,1,True,136.44521213699022,0.5261584847395739,0.000868161499820297,OOD,OOD,33.59653277065318,0.8035709161199811,0.0013258920115979689,RELIABLE,RELIABLE,195.12674276621365,0.37835134480305105,0.0006242797189250342,OOD,OOD,3745.041898540885,0.3538594423226212,0.000583868079832325,OOD,OOD,-1.0035051,-37.980003
136,1,Circle,1,Circle,max_nhat,RELIABLE,RELIABLE,22.837947749688237,0.7998384792513176,0.001319733490764674,0,0.27312787206739353,1,1,True,126.96183780296907,0.526710607183924,0.0008690725018534747,OOD,OOD,22.837947749688237,0.7998384792513176,0.001319733490764674,RELIABLE,RELIABLE,191.24074334496302,0.3774338243556482,0.0006227658101868195,OOD,OOD,4206.035853704068,0.34405247754094526,0.0005676865879425596,OOD,OOD,10.012651,-34.901516
137,1,Circle,1,Circle,max_nhat,RELIABLE,RELIABLE,30.526444360120365,0.8290034332535442,0.001367855664868348,0,0.2190903881302123,1,1,True,103.87008323954988,0.6099130451233319,0.0010063565244534977,OOD,OOD,30.526444360120365,0.8290034332535442,0.001367855664868348,RELIABLE,RELIABLE,158.42630518480794,0.46301501375199866,0.0007639747726907978,OOD,OOD,3013.3303835813913,0.3821149203758563,0.0006304896186201629,OOD,OOD,3.0818179,-43.204372
138,1,Circle,1,Circle,max_nhat,RELIABLE,RELIABLE,36.44921401648554,0.8160294560186983,0.001346448602430852,0,0.2088944119649414,1,1,True,99.8450493349091,0.6071350440537568,0.0010017728226886988,OOD,OOD,36.44921401648554,0.8160294560186983,0.001346448602430852,RELIABLE,RELIABLE,150.14817642277237,0.4648680406480469,0.0007670322670692773,OOD,OOD,2934.6214884624633,0.3501894079719597,0.0005778125231537335,OOD,OOD,3.2010531,-31.886559
139,1,Circle,1,Circle,max_nhat,UNRELIABLE,IDO,43.54280071238962,0.8094014455494726,0.0013355123851566298,0,0.2745707631681914,1,1,True,132.87265572010523,0.5348306823812812,0.000882470625929114,OOD,OOD,43.54280071238962,0.8094014455494726,0.0013355123851566298,UNRELIABLE,IDO,197.7053644547642,0.38142635294930194,0.0006293534823663482,OOD,OOD,4132.305541186435,0.36777514779329484,0.0006068289938589365,OOD,OOD,7.6929336,-32.181866
140,1,Circle,1,Circle,max_nhat,RELIABLE,RELIABLE,27.799524651683523,0.8208831660385422,0.0013544572239635945,0,0.20975327621262063,1,1,True,133.730084715459,0.6111298898259215,0.0010083643182127705,OOD,OOD,27.799524651683523,0.8208831660385422,0.0013544572239635945,RELIABLE,RELIABLE,137.41945046425047,0.5319702427085463,0.0008777509004691015,OOD,OOD,4899.642075903715,0.23854032582313425,0.0003935915376081715,OOD,OOD,6.1108646,-35.23478
141,1,Circle,1,Circle,max_nhat,UNRELIABLE,IDO,39.291155449499115,0.8055190449353633,0.0013291064241433494,0,0.20287553765118538,1,1,True,106.32086881260365,0.6026435072841779,0.0009943617870188937,OOD,OOD,39.291155449499115,0.8055190449353633,0.0013291064241433494,UNRELIABLE,IDO,144.5691926538987,0.5260469124004112,0.0008679774054606786,OOD,OOD,3573.2134829185966,0.2921086143768659,0.00048197921372182876,OOD,OOD,4.3820343,-37.07621
142,1,Circle,1,Circle,max_nhat,OOD,OOD,79.69583897477482,0.7941696970152343,0.0013103800000751366,0,0.27067960988279394,1,1,True,134.55513039302286,0.5234900871324404,0.0008637586437685267,OOD,OOD,79.69583897477482,0.7941696970152343,0.0013103800000751366,OOD,OOD,185.16483330357482,0.37533779674049594,0.0006193073646218183,OOD,OOD,4277.068780712856,0.3612633978394503,0.000596084606435093,OOD,OOD,5.5179462,-30.48842
143,1,Circle,1,Circle,max_nhat,RELIABLE,RELIABLE,37.081500481727176,0.8221439728879991,0.0013565375552651985,0,0.28444170668383617,1,1,True,129.73699579428694,0.537702266204163,0.0008872087392368688,OOD,OOD,37.081500481727176,0.8221439728879991,0.0013565375552651985,RELIABLE,RELIABLE,144.7539346535845,0.53550555217546,0.0008835841610895091,OOD,OOD,3622.536531411004,0.2932598499803089,0.0004838787524675097,OOD,OOD,4.3507495,-37.995487
144,1,Circle,1,Circle,max_nhat,RELIABLE,RELIABLE,35.178572883019,0.8115016301176057,0.0013389776896940494,0,0.2032853465002088,1,1,True,99.13781288748035,0.6082162836173969,0.0010035568679687048,OOD,OOD,35.178572883019,0.8115016301176057,0.0013389776896940494,RELIABLE,RELIABLE,128.7344588361659,0.5320505204849483,0.0008778833588001646,OOD,OOD,2418.5369275047997,0.31062136985918837,0.0005125252602676608,OOD,OOD,2.8093827,-34.716793
145,1,Circle,1,Circle,max_nhat,RELIABLE,RELIABLE,23.374955931381443,0.8001252989645874,0.0013202067432915691,0,0.20232041884055385,1,1,True,109.4827296401787,0.5978048801240335,0.0009863780522046553,OOD,OOD,23.374955931381443,0.8001252989645874,0.0013202067432915691,RELIABLE,RELIABLE,139.4774462532703,0.519534213436855,0.0008572314521708107,OOD,OOD,4418.355250065598,0.26432012097467017,0.0004361281996082058,OOD,OOD,7.7997217,-37.66658
146,1,Circle,1,Circle,max_nhat,UNRELIABLE,IDO,43.41019272772916,0.8114017817966461,0.001338812939964466,0,0.2820981413945921,1,1,True,121.14698181386653,0.529303640402054,0.0008733510066633891,OOD,OOD,43.41019272772916,0.8114017817966461,0.001338812939964466,UNRELIABLE,IDO,155.81911465694066,0.4562869676411403,0.0007528734966078815,OOD,OOD,3732.830796526773,0.34065152172727525,0.0005620750108500042,OOD,OOD,2.6129012,-30.582415
147,1,Circle,1,Circle,max_nhat,RELIABLE,RELIABLE,27.585010111455542,0.8040727926024114,0.0013267201077939788,0,0.2006802542395606,1,1,True,114.49370333047412,0.6033925383628508,0.0009955976882987038,OOD,OOD,27.585010111455542,0.8040727926024114,0.0013267201077939788,RELIABLE,RELIABLE,172.7917841063994,0.45104777388848377,0.0007442288269159982,OOD,OOD,3344.9607246760916,0.33508396615972375,0.0005528885441635442,OOD,OOD,3.0823572,-43.19604
148,1,Circle,1,Circle,max_nhat,RELIABLE,RELIABLE,25.387930352966965,0.8266502621595528,0.0013639729325632623,0,0.21846101030391396,1,1,True,99.36260981536547,0.6081892518556389,0.0010035122655618041,OOD,OOD,25.387930352966965,0.8266502621595528,0.0013639729325632623,RELIABLE,RELIABLE,167.62111794542096,0.456480215349508,0.0007531923553266882,OOD,OOD,4046.8223950176107,0.2906095985176426,0.0004795058375541103,OOD,OOD,-0.29122108,-41.495823
149,1,Circle,1,Circle,max_nhat,RELIABLE,RELIABLE,19.11916966414312,0.843860670695691,0.0013923701066478902,0,0.30612233416345724,1,1,True,122.24415482209169,0.5377383365322338,0.0008872682552781858,OOD,OOD,19.11916966414312,0.843860670695691,0.0013923701066478902,RELIABLE,RELIABLE,193.86762496855016,0.38233820101281835,0.0006308580316711503,OOD,OOD,3780.331820449867,0.39187523907198785,0.0006465941444687799,OOD,OOD,9.200842,-33.985245
150,1,Circle,1,Circle,max_nhat,RELIABLE,RELIABLE,26.675670097217328,0.8488167371275677,0.0014005476162604867,0,0.22677673612698201,1,1,True,103.3325404595319,0.6220400010005857,0.0010263660016509664,OOD,OOD,26.675670097217328,0.8488167371275677,0.0014005476162604867,RELIABLE,RELIABLE,130.08306996386617,0.5446449117850523,0.0008986641044453363,OOD,OOD,4334.679087743931,0.2282775461206801,0.00037665795109912217,OOD,OOD,4.303743,-39.26508
151,1,Circle,1,Circle,max_nhat,OOD,OOD,58.18712513536789,0.8288425708952385,0.0013675902419771435,0,0.2246039507585782,1,1,True,121.71664910194217,0.6042386201366603,0.0009969937232254895,OOD,OOD,58.18712513536789,0.8288425708952385,0.0013675902419771435,OOD,OOD,168.9416173037514,0.45570429163553827,0.0007519120811986382,OOD,OOD,4236.627992124108,0.2707688457461137,0.0004467685954810876,OOD,OOD,-1.4119323,-33.040363
152,1,Circle,1,Circle,max_nhat,UNRELIABLE,IDO,52.085161516559424,0.8051147325390848,0.00132843930868949,0,0.20324263240382578,1,1,True,112.36452049282461,0.601872100135259,0.0009930889652231775,OOD,OOD,52.085161516559424,0.8051147325390848,0.00132843930868949,UNRELIABLE,IDO,161.37628198400236,0.4504963288542681,0.0007433189426095424,OOD,OOD,4215.337637683817,0.28026188702264654,0.0004624321135873668,OOD,OOD,-0.5985386,-35.892315
153,1,Circle,1,Circle,max_nhat,UNRELIABLE,IDO,47.71272600148809,0.8229786751831373,0.0013579148140521766,0,0.28567948355855444,1,1,True,170.62759630971794,0.5372991916245828,0.0008865436661805617,OOD,OOD,47.71272600148809,0.8229786751831373,0.0013579148140521766,UNRELIABLE,IDO,169.9520710078476,0.46174778403085565,0.0007618838436509118,OOD,OOD,4561.989102736174,0.31738855766197605,0.0005236911201422605,OOD,OOD,7.0280213,-39.793007
154,1,Circle,1,Circle,max_nhat,OOD,OOD,80.21293457363764,0.8274683050941102,0.0013653227034052817,0,0.28944591929621144,1,1,True,130.48238973270506,0.5380223857978987,0.000887736936566533,OOD,OOD,80.21293457363764,0.8274683050941102,0.0013653227034052817,OOD,OOD,163.36750979826223,0.4590126032310747,0.0007573707953312732,OOD,OOD,3388.9595992433115,0.34615890223813967,0.0005711621886929305,OOD,OOD,3.2111638,-36.796326
155,1,Circle,1,Circle,max_nhat,UNRELIABLE,IDO,48.72743614064313,0.8238742110189746,0.001359392448181308,0,0.14699251310669326,1,1,True,88.8237699714369,0.6768816979122814,0.0011168548015552642,OOD,OOD,48.72743614064313,0.8238742110189746,0.001359392448181308,UNRELIABLE,IDO,157.07211515671318,0.45187158010157746,0.0007455881071676029,OOD,OOD,3169.912869142977,0.31773111685673394,0.000524256342813611,OOD,OOD,-1.5167922,-34.484776
156,1,Circle,1,Circle,max_nhat,UNRELIABLE,IDO,43.872949578734385,0.8150740970669125,0.0013448722601604056,0,0.207478216603882,1,1,True,108.0015347778439,0.6075958804630305,0.0010025332027640004,OOD,OOD,43.872949578734385,0.8150740970669125,0.0013448722601604056,UNRELIABLE,IDO,168.09616086962785,0.46288962583417287,0.0007637678826263852,OOD,OOD,4347.671155816405,0.31124081726533626,0.0005135473484878049,OOD,OOD,4.6767106,-31.374245
157,1,Circle,1,Circle,max_nhat,RELIABLE,RELIABLE,25.199670580485716,0.8128179299055149,0.0013411495843440996,0,0.28772118431543536,1,1,True,128.6708401906562,0.5250967455900796,0.0008664096302236313,OOD,OOD,25.199670580485716,0.8128179299055149,0.0013411495843440996,RELIABLE,RELIABLE,206.00774462320337,0.37840292083530835,0.0006243648193782588,OOD,OOD,3702.2374757876905,0.34435750445848035,0.0005681898823564925,OOD,OOD,0.41999444,-44.03083
158,1,Circle,1,Circle,max_nhat,UNRELIABLE,IDO,47.62746680356424,0.8079289827700527,0.001333082821570587,0,0.28075187968111814,1,1,True,140.423908379901,0.5271771030889345,0.000869842220096742,OOD,OOD,47.62746680356424,0.8079289827700527,0.001333082821570587,UNRELIABLE,IDO,163.67400582751884,0.4497862441751958,0.0007421473028890731,OOD,OOD,3765.2527189588636,0.30881169234235434,0.0005095392923648846,OOD,OOD,5.806569,-40.39277
159,1,Circle,1,Circle,max_nhat,UNRELIABLE,IDO,42.169487555523574,0.7955405713426681,0.0013126419427154023,0,0.1920223540707242,1,1,True,109.80853677096577,0.6035182172719439,0.0009958050584987074,OOD,OOD,42.169487555523574,0.7955405713426681,0.0013126419427154023,UNRELIABLE,IDO,168.14267913848713,0.4523698387057065,0.0007464102338644158,OOD,OOD,4302.539682122718,0.31606110991236214,0.0005215008313553975,OOD,OOD,1.013192,-37.715694
160,1,Circle,1,Circle,max_nhat,RELIABLE,RELIABLE,22.49314253184342,0.8185889897446355,0.0013506718330786485,0,0.2787914016048517,1,1,True,124.08074293934921,0.5397975881397837,0.0008906660204306431,OOD,OOD,22.49314253184342,0.8185889897446355,0.0013506718330786485,RELIABLE,RELIABLE,166.29504649686902,0.4624692564303308,0.0007630742731100458,OOD,OOD,3813.801473403333,0.2774989754204343,0.00045787330944371655,OOD,OOD,9.846506,-36.527393
161,1,Circle,1,Circle,max_nhat,RELIABLE,RELIABLE,25.215287017188942,0.8158410848610407,0.001346137790020717,0,0.28438103644193524,1,1,True,131.68829760585047,0.5314600484191054,0.0008769090798915239,OOD,OOD,25.215287017188942,0.8158410848610407,0.001346137790020717,RELIABLE,RELIABLE,173.0718781420461,0.4531336343717191,0.0007476704967133366,OOD,OOD,3881.743787473133,0.3066728483036415,0.0005060101997010084,OOD,OOD,-0.84023046,-43.29598
162,1,Circle,1,Circle,max_nhat,RELIABLE,RELIABLE,19.33748121739456,0.8215016779018278,0.001355477768538016,0,0.287778249021173,1,1,True,147.56671411424,0.5337234288806548,0.0008806436576530805,OOD,OOD,19.33748121739456,0.8215016779018278,0.001355477768538016,RELIABLE,RELIABLE,166.0484097633908,0.4599344785042094,0.0007588918895319454,OOD,OOD,4629.459363792647,0.3159156306830258,0.0005212607906269925,OOD,OOD,7.0737944,-34.548676
163,1,Circle,1,Circle,max_nhat,RELIABLE,RELIABLE,22.832490020208994,0.8196454189073247,0.0013524149411970857,0,0.3004218950132125,1,1,True,123.76609308490082,0.5192235238941122,0.000856718814425285,OOD,OOD,22.832490020208994,0.8196454189073247,0.0013524149411970857,RELIABLE,RELIABLE,182.82303559706946,0.38109472041490616,0.0006288062886845952,OOD,OOD,3841.974064186982,0.3456816225394774,0.0005703746771901376,OOD,OOD,0.16962586,-42.53047
164,1,Circle,1,Circle,max_nhat,UNRELIABLE,IDO,37.87094159719861,0.8147650277615266,0.0013443622958065188,0,0.2821646152284918,1,1,True,126.98457459340298,0.5326004125330348,0.0008787906806795074,OOD,OOD,37.87094159719861,0.8147650277615266,0.0013443622958065188,UNRELIABLE,IDO,134.56807867366444,0.5237033396982006,0.0008641105105020309,OOD,OOD,3449.40082417916,0.3215839874812042,0.0005306135793439869,OOD,OOD,2.8602667,-35.986584
165,1,Circle,1,Circle,max_nhat,RELIABLE,RELIABLE,23.80336146306258,0.7967410695854942,0.0013146227648160654,0,0.26828245220843927,1,1,True,130.07562344362665,0.5284586173770549,0.0008719567186721406,OOD,OOD,23.80336146306258,0.7967410695854942,0.0013146227648160654,RELIABLE,RELIABLE,174.23497484302595,0.4492996550108466,0.000741344430767897,OOD,OOD,4146.308166303913,0.30911391249459796,0.0005100379556160867,OOD,OOD,9.839848,-36.53799
166,1,Circle,1,Circle,max_nhat,OOD,OOD,78.88410295317038,0.8107190253793722,0.0013376863918759642,0,0.279904501985063,1,1,True,134.9586613772208,0.5308145233943092,0.0008758439636006102,OOD,OOD,78.88410295317038,0.8107190253793722,0.0013376863918759642,OOD,OOD,185.69730467155958,0.37974834624076,0.000626584771297254,OOD,OOD,3993.5300510991474,0.34491560964957035,0.000569110755921791,OOD,OOD,5.5087876,-30.487024
167,1,Circle,1,Circle,max_nhat,RELIABLE,RELIABLE,25.790214693779635,0.8140215524866898,0.0013431355616030382,0,0.2812911774673448,1,1,True,135.714594302638,0.5327303750193451,0.0008790051187819193,OOD,OOD,25.790214693779635,0.8140215524866898,0.0013431355616030382,RELIABLE,RELIABLE,205.81106405726547,0.3772332776228657,0.0006224349080777284,OOD,OOD,3384.9410879907527,0.3293843506632472,0.000543484178594358,OOD,OOD,0.441287,-44.0494
168,1,Circle,1,Circle,max_nhat,RELIABLE,RELIABLE,25.214716963660276,0.819316473800604,0.0013518721817709965,0,0.20882137102190834,1,1,True,105.9791616628527,0.6104951027786957,0.0010073169195848478,OOD,OOD,25.214716963660276,0.819316473800604,0.0013518721817709965,RELIABLE,RELIABLE,183.80803381024745,0.37836809869558247,0.000624307362847711,OOD,OOD,4100.481894061032,0.37376987946081863,0.0006167203011103507,OOD,OOD,-3.9521027,-38.512157
169,1,Circle,1,Circle,max_nhat,RELIABLE,RELIABLE,34.003551260336586,0.8005130767587555,0.0013208465766519465,0,0.2726085093182453,1,1,True,130.2774021816348,0.5279045674405102,0.0008710425362768418,OOD,OOD,34.003551260336586,0.8005130767587555,0.0013208465766519465,RELIABLE,RELIABLE,193.63951644653844,0.384884793843248,0.0006350599098413591,OOD,OOD,3697.857003947577,0.3482390453007377,0.0005745944247462171,OOD,OOD,-2.7677653,-41.990402
170,1,Circle,1,Circle,max_nhat,UNRELIABLE,IDO,45.75666640296398,0.8223565959449524,0.0013568883833091714,0,0.2870156923971524,1,1,True,138.50722832008248,0.5353409035478,0.00088331249085387,OOD,OOD,45.75666640296398,0.8223565959449524,0.0013568883833091714,UNRELIABLE,IDO,182.98193266934095,0.3836185014898475,0.0006329705274582484,OOD,OOD,4094.046262284068,0.3313984986455975,0.0005468075227652359,OOD,OOD,6.7822423,-40.926315
171,1,Circle,1,Circle,max_nhat,RELIABLE,RELIABLE,30.662561649007813,0.8238811421181675,0.0013594038844949765,0,0.28730280678063413,1,1,True,163.60611893418744,0.5365783353375334,0.0008853542533069301,OOD,OOD,30.662561649007813,0.8238811421181675,0.0013594038844949765,RELIABLE,RELIABLE,157.86360100112108,0.45369282769061,0.0007485931656895065,OOD,OOD,4544.782574356713,0.30983821008203616,0.0005112330466353597,OOD,OOD,-3.9744275,-41.08143
172,1,Circle,1,Circle,max_nhat,RELIABLE,RELIABLE,31.88748060260099,0.8122183135835374,0.0013401602174128366,0,0.2791677516528197,1,1,True,132.80701880067406,0.5330505619307176,0.0008795334271856841,OOD,OOD,31.88748060260099,0.8122183135835374,0.0013401602174128366,RELIABLE,RELIABLE,164.75586906275862,0.45594100795202713,0.0007523026631208447,OOD,OOD,4203.6362735533785,0.2981715415965845,0.0004919830436343644,OOD,OOD,-0.45510238,-37.369602
173,1,Circle,1,Circle,max_nhat,RELIABLE,RELIABLE,34.66557883367236,0.8158536929970713,0.0013461585934451676,0,0.20078579359760074,1,1,True,100.38299649506939,0.6150678993994706,0.0010148620340091265,OOD,OOD,34.66557883367236,0.8158536929970713,0.0013461585934451676,RELIABLE,RELIABLE,128.46663289248465,0.5392956901050696,0.0008898378886733649,OOD,OOD,2523.0891794675063,0.33791488538621534,0.0005575595608872553,OOD,OOD,2.8111153,-34.748302
174,1,Circle,1,Circle,max_nhat,UNRELIABLE,IDO,39.66265214630919,0.822799521534711,0.0013576192105322733,0,0.13155827072769466,1,1,True,83.79482689725629,0.6912412508070164,0.001140548063831577,OOD,OOD,39.66265214630919,0.822799521534711,0.0013576192105322733,UNRELIABLE,IDO,136.00138623428705,0.5337783103991733,0.0008807342121586359,OOD,OOD,4388.973596425504,0.27048045684791233,0.0004462927537990554,OOD,OOD,2.6497107,-38.967327
175,1,Circle,1,Circle,max_nhat,RELIABLE,RELIABLE,36.8288427568715,0.818440771708445,0.0013504272733189343,0,0.2876518446341858,1,1,True,141.18877079643707,0.5307889270742592,0.0008758017296725276,OOD,OOD,36.8288427568715,0.818440771708445,0.0013504272733189343,RELIABLE,RELIABLE,169.34988838758565,0.4511725970016495,0.0007444347850527217,OOD,OOD,4321.953530616285,0.3247932867454632,0.0005359089231300142,OOD,OOD,-0.892373,-31.369637
176,1,Circle,1,Circle,max_nhat,RELIABLE,RELIABLE,37.16902009347679,0.8356716814228007,0.0013788582743476212,0,0.30532037102176635,1,1,True,123.37594735179347,0.5303513104010343,0.0008750796621617067,OOD,OOD,37.16902009347679,0.8356716814228007,0.0013788582743476212,RELIABLE,RELIABLE,174.35641970573897,0.37166556359321284,0.0006132481799288012,OOD,OOD,4037.1819670262216,0.3712622882406388,0.000612582775597054,OOD,OOD,-2.438751,-38.734158
177,1,Circle,1,Circle,max_nhat,RELIABLE,RELIABLE,27.344155018022157,0.8066732675570478,0.0013310108914691289,0,0.13132813063976567,1,1,True,89.5099914433412,0.6753451369172822,0.0011143194759135155,OOD,OOD,27.344155018022157,0.8066732675570478,0.0013310108914691289,RELIABLE,RELIABLE,153.89597913907187,0.4547052003543484,0.0007502635805846749,OOD,OOD,1909.4464699122204,0.35672483964064816,0.0005885959854070694,OOD,OOD,1.98443,-33.51431
178,1,Circle,1,Circle,max_nhat,UNRELIABLE,IDO,45.471087251692424,0.7946658633143059,0.0013111986744686046,0,0.20001820391186798,1,1,True,142.37879092092433,0.5946476594024379,0.0009811686380140226,OOD,OOD,45.471087251692424,0.7946658633143059,0.0013111986744686046,UNRELIABLE,IDO,145.66556542650932,0.5179096847648177,0.0008545509798619492,OOD,OOD,5159.729110738508,0.24922622739746456,0.0004112232752058165,OOD,OOD,0.8376329,-35.03152
179,1,Circle,1,Circle,max_nhat,OOD,OOD,66.06648939585303,0.8117419265207465,0.0013393741787592318,0,0.20506161965107517,1,1,True,108.63009803765564,0.6066803068696713,0.0010010225063349578,OOD,OOD,66.06648939585303,0.8117419265207465,0.0013393741787592318,OOD,OOD,150.8898516179635,0.45148523935385304,0.0007449506449338575,OOD,OOD,3847.4288746979246,0.32755335004998987,0.0005404630275824833,OOD,OOD,2.5108159,-41.92191
180,1,Circle,1,Circle,max_nhat,UNRELIABLE,IDO,41.744483849945276,0.8086136308337198,0.0013342124908756376,0,0.28753630581550604,1,1,True,124.188069601161,0.5210773250182138,0.0008597775862800528,OOD,OOD,41.744483849945276,0.8086136308337198,0.0013342124908756376,UNRELIABLE,IDO,190.7701151495906,0.3750862488400285,0.000618892310586047,OOD,OOD,4280.759417532932,0.3383232292967633,0.0005582333283396594,OOD,OOD,7.6321583,-32.1699
181,1,Circle,1,Circle,max_nhat,RELIABLE,RELIABLE,23.533354832702976,0.8274547572233014,0.0013653003494184474,0,0.2276421361437605,1,1,True,101.05542697686057,0.5998126210795409,0.0009896908247812425,OOD,OOD,23.533354832702976,0.8274547572233014,0.0013653003494184474,RELIABLE,RELIABLE,192.26232752789764,0.3775562515687937,0.0006229678150885096,OOD,OOD,4075.644193592042,0.30098171702015564,0.0004966198330832568,OOD,OOD,-2.0307605,-43.301495
182,1,Circle,1,Circle,max_nhat,RELIABLE,RELIABLE,33.14845686510964,0.8074907570147574,0.0013323597490743496,0,0.198767311246964,1,1,True,115.73881169844888,0.6087234457677934,0.0010043936855168591,OOD,OOD,33.14845686510964,0.8074907570147574,0.0013323597490743496,RELIABLE,RELIABLE,170.52511231874647,0.4554702972644627,0.0007515259904863635,OOD,OOD,4710.852237335057,0.2876462395567551,0.00047461629526864593,OOD,OOD,-0.32108295,-38.584816
183,1,Circle,1,Circle,max_nhat,RELIABLE,RELIABLE,21.133787697374856,0.832525711193955,0.0013736674234700258,0,0.2306051547175615,1,1,True,105.14861931730162,0.6019205564763935,0.0009931689181860493,OOD,OOD,21.133787697374856,0.832525711193955,0.0013736674234700258,RELIABLE,RELIABLE,154.80208541815318,0.4577564719792308,0.0007552981787657308,OOD,OOD,2856.6399078231852,0.34508866631711466,0.0005693962994232391,OOD,OOD,3.068527,-33.235695
184,1,Circle,1,Circle,max_nhat,RELIABLE,RELIABLE,20.86411758928287,0.8234635991274958,0.0013587149385603681,0,0.2109225218920271,1,1,True,101.1353028076678,0.6125410772354687,0.0010106927774385234,OOD,OOD,20.86411758928287,0.8234635991274958,0.0013587149385603681,RELIABLE,RELIABLE,184.99735944199253,0.38990903511722136,0.0006433499079434152,OOD,OOD,4164.529095195118,0.31233233213698247,0.0005153483480260211,OOD,OOD,-3.8792937,-38.328747
185,1,Circle,1,Circle,max_nhat,RELIABLE,RELIABLE,21.562938905301596,0.8141221299752017,0.0013433015144590828,0,0.21500281610071925,1,1,True,106.09250414843613,0.5991193138744825,0.000988546867892896,OOD,OOD,21.562938905301596,0.8141221299752017,0.0013433015144590828,RELIABLE,RELIABLE,128.89545676947427,0.5301035326455641,0.0008746708288651808,OOD,OOD,4060.967579716323,0.18703552770143123,0.0003086086207073615,OOD,OOD,6.608444,-37.415558
186,1,Circle,1,Circle,max_nhat,RELIABLE,RELIABLE,27.76696270446871,0.8248824079881351,0.0013610559731804229,0,0.28733725447223846,1,1,True,123.27138210809899,0.5375451535158966,0.0008869495033012294,OOD,OOD,27.76696270446871,0.8248824079881351,0.0013610559731804229,RELIABLE,RELIABLE,183.32078676728113,0.3811282101706741,0.0006288615467816123,OOD,OOD,3588.104073452875,0.327017996823322,0.0005395796947584813,OOD,OOD,-2.7338426,-41.73702
187,1,Circle,1,Circle,max_nhat,RELIABLE,RELIABLE,28.906258433470587,0.8271954128629594,0.001364872431223883,0,0.20930717986071212,1,1,True,100.08587222734754,0.6178882330022473,0.001019515584453708,OOD,OOD,28.906258433470587,0.8271954128629594,0.001364872431223883,RELIABLE,RELIABLE,175.55925291963368,0.39132065898503077,0.0006456790873253008,OOD,OOD,3936.506743642051,0.3174104972327214,0.0005237273204339903,OOD,OOD,-2.2702625,-37.64217
188,1,Circle,1,Circle,max_nhat,RELIABLE,RELIABLE,37.525544834169175,0.800907509459539,0.0013214973906082394,0,0.19731917587226488,1,1,True,112.19557326560562,0.6035883335872742,0.0009959207504190023,OOD,OOD,37.525544834169175,0.800907509459539,0.0013214973906082394,RELIABLE,RELIABLE,170.83394573337915,0.44982474744178635,0.0007422108332789475,OOD,OOD,4249.420305140759,0.3149244918973611,0.0005196254116306458,OOD,OOD,1.9744924,-38.41135
189,1,Circle,1,Circle,max_nhat,RELIABLE,RELIABLE,21.44762030561401,0.8197867533183402,0.0013526481429752613,0,0.22239194541479979,1,1,True,112.11407524409479,0.5973948079035404,0.0009857014330408415,OOD,OOD,21.44762030561401,0.8197867533183402,0.0013526481429752613,RELIABLE,RELIABLE,143.9193278902851,0.5247342409678367,0.0008658114975969306,OOD,OOD,4136.660456308622,0.24377313753036636,0.0004022256769251045,OOD,OOD,5.215567,-38.543865
190,1,Circle,1,Circle,max_nhat,RELIABLE,RELIABLE,20.92175192448994,0.8430473919573023,0.0013910281967295488,0,0.23634556264766338,1,1,True,130.7699447985856,0.6067018293096389,0.0010010580183609041,OOD,OOD,20.92175192448994,0.8430473919573023,0.0013910281967295488,RELIABLE,RELIABLE,133.39420996856342,0.5305347788003199,0.0008753823850205278,OOD,OOD,4911.058858012367,0.24120757990745592,0.00039799250684730225,OOD,OOD,6.5500045,-36.66693
191,1,Circle,1,Circle,max_nhat,RELIABLE,RELIABLE,35.1788068187306,0.8325024031705992,0.0013736289652314887,0,0.2990111952802106,1,1,True,136.05081178947788,0.5334912078903886,0.0008802604930191413,OOD,OOD,35.1788068187306,0.8325024031705992,0.0013736289652314887,RELIABLE,RELIABLE,139.59657034930433,0.5325709702317466,0.0008787421008823819,OOD,OOD,3419.1256311297147,0.29530226341658444,0.0004872487346373643,OOD,OOD,3.6127853,-36.01483
192,1,Circle,1,Circle,max_nhat,RELIABLE,RELIABLE,35.573662966712156,0.8174700681092552,0.001348825612380271,0,0.28877979210734106,1,1,True,143.41329897032875,0.5286902760019141,0.0008723389554031582,OOD,OOD,35.573662966712156,0.8174700681092552,0.001348825612380271,RELIABLE,RELIABLE,198.58462325410343,0.3828545250833062,0.0006317099663874552,OOD,OOD,4014.4174880783075,0.33729284573645074,0.0005565331954651438,OOD,OOD,8.258774,-33.565186
193,1,Circle,1,Circle,max_nhat,RELIABLE,RELIABLE,29.57509172559452,0.7897272923328108,0.0013030500323491377,0,0.1895106673304764,1,1,True,112.9041936941089,0.6002166250023344,0.0009903574312538517,OOD,OOD,29.57509172559452,0.7897272923328108,0.0013030500323491377,RELIABLE,RELIABLE,194.98991534794544,0.381471366611632,0.0006294277549091928,OOD,OOD,2691.681350363467,0.366618510441905,0.0006049205422291433,OOD,OOD,-1.1348368,-42.246666
194,1,Circle,1,Circle,max_nhat,UNRELIABLE,IDO,40.01151906249192,0.7993223138453989,0.0013188818178449082,0,0.11500351174995438,1,1,True,83.8628324595774,0.6843188020954445,0.0011291260234574834,OOD,OOD,40.01151906249192,0.7993223138453989,0.0013188818178449082,UNRELIABLE,IDO,127.12665474182133,0.5336956386916033,0.0008805978038411454,OOD,OOD,3439.9351678541207,0.30527480956328745,0.0005037034357794242,OOD,OOD,0.7352506,-33.259327
195,1,Circle,1,Circle,max_nhat,OOD,OOD,87.37791814977044,0.8320982770965772,0.0013729621572093524,0,0.2924190898022393,1,1,True,146.58079135133096,0.539679187294338,0.0008904706590356576,OOD,OOD,87.37791814977044,0.8320982770965772,0.0013729621572093524,OOD,OOD,184.44573315220003,0.3947500740762077,0.0006513376222257427,OOD,OOD,3828.9894061288283,0.3679139541812226,0.0006070580243990173,OOD,OOD,6.178483,-41.483932
196,1,Circle,1,Circle,max_nhat,UNRELIABLE,IDO,42.24778842071022,0.8181125910084968,0.0013498857751640197,0,0.2809695614852842,1,1,True,161.90934596867262,0.5371430295232126,0.0008862859987133008,OOD,OOD,42.24778842071022,0.8181125910084968,0.0013498857751640197,UNRELIABLE,IDO,164.81154928685774,0.46595234260737173,0.0007688213653021633,OOD,OOD,4443.755111407086,0.2883166654297651,0.0004757224979591124,OOD,OOD,7.0271983,-39.793964
197,1,Circle,1,Circle,max_nhat,RELIABLE,RELIABLE,19.08199690489705,0.8266356061984842,0.0013639487502274989,0,0.3004638905538001,1,1,True,154.83438621534705,0.5261717156446841,0.0008681833308137288,OOD,OOD,19.08199690489705,0.8266356061984842,0.0013639487502274989,RELIABLE,RELIABLE,158.8757516169352,0.45269275194893516,0.000746943040715743,OOD,OOD,4285.441550690544,0.30366954526671974,0.0005010547496900876,OOD,OOD,5.332187,-35.032837
198,1,Circle,1,Circle,max_nhat,RELIABLE,RELIABLE,35.67951210553118,0.8214235936898068,0.001355348929588181,0,0.2156113204015826,1,1,True,110.63319018253263,0.6058122732882242,0.0009995902509255699,OOD,OOD,35.67951210553118,0.8214235936898068,0.001355348929588181,RELIABLE,RELIABLE,177.70330284192724,0.3792073228008697,0.000625692082621435,OOD,OOD,2597.1707771079778,0.3561264688231109,0.000587608673558133,OOD,OOD,-2.793941,-39.911247
199,1,Circle,1,Circle,max_nhat,UNRELIABLE,IDO,43.299718394532455,0.8276807988391837,0.001365673318084653,0,0.21945332943726137,1,1,True,116.83602654813001,0.6082274694019223,0.0010035753245131718,OOD,OOD,43.299718394532455,0.8276807988391837,0.001365673318084653,UNRELIABLE,IDO,161.2361196495541,0.45826234853590714,0.0007561328750842468,OOD,OOD,3917.6175729736697,0.3468122969222773,0.0005722402899217575,OOD,OOD,3.4365618,-41.6563
200,2,Triangle,2,Triangle,max_nhat,RELIABLE,RELIABLE,25.574283307489154,0.8635509762453392,0.0014248591108048097,0,0.28965588345415916,2,2,True,135.15218839597213,0.57389509279118,0.0009469269031054469,OOD,OOD,165.30290576389058,0.4250438391183031,0.0007013223345452001,OOD,OOD,25.574283307489154,0.8635509762453392,0.0014248591108048097,RELIABLE,RELIABLE,3060.4252299050167,0.18589910900142181,0.000306733529852346,OOD,OOD,-13.874567,35.596355
201,2,Triangle,2,Triangle,max_nhat,UNRELIABLE,IDO,41.16011754391513,0.8639067832804119,0.0014254461924126797,0,0.2975647481673608,2,2,True,152.19038864749658,0.5663420351130511,0.0009344643579365343,OOD,OOD,186.89161423528319,0.4194267204826637,0.0006920540887963951,OOD,OOD,41.16011754391513,0.8639067832804119,0.0014254461924126797,UNRELIABLE,IDO,5041.385670181401,0.1452822186750358,0.00023971566081380907,OOD,OOD,-6.02059,30.21434
202,2,Triangle,2,Triangle,max_nhat,RELIABLE,RELIABLE,19.54299073553005,0.8727876219116398,0.0014400995761542057,0,0.29692913662951936,2,2,True,134.46084028124102,0.5758584852821205,0.0009501665007154988,OOD,OOD,123.6077401443151,0.5087221095164055,0.0008393914807020691,OOD,OOD,19.54299073553005,0.8727876219116398,0.0014400995761542057,RELIABLE,RELIABLE,3092.913626741206,0.19020704358990553,0.00031384162192334413,OOD,OOD,-13.178034,36.002323
203,2,Triangle,2,Triangle,max_nhat,RELIABLE,RELIABLE,35.51709841470569,0.8679078020971258,0.0014320478734602576,0,0.29321853142298626,2,2,True,132.67924796322447,0.5746892706741396,0.0009482372966123302,OOD,OOD,158.2433870479973,0.4430231754824912,0.0007309882395461105,OOD,OOD,35.51709841470569,0.8679078020971258,0.0014320478734602576,RELIABLE,RELIABLE,4047.9554544583243,0.14099385938317482,0.00023263986798223847,OOD,OOD,-9.077151,37.983597
204,2,Triangle,2,Triangle,max_nhat,RELIABLE,RELIABLE,22.760914942537074,0.8719291108663193,0.0014386830329294268,0,0.22038259178625696,2,2,True,114.81301681485051,0.6515465190800623,0.001075051756482103,OOD,OOD,146.09898134572597,0.49979663921586914,0.0008246644547061841,OOD,OOD,22.760914942537074,0.8719291108663193,0.0014386830329294268,RELIABLE,RELIABLE,3626.7908680239307,0.1847504578097084,0.00030483825538601885,OOD,OOD,-13.506448,33.328022
205,2,Triangle,2,Triangle,max_nhat,RELIABLE,RELIABLE,24.30504594524978,0.8710594494010933,0.001437248091511804,0,0.2241607852188644,2,2,True,117.12712758436876,0.6468986641822289,0.0010673827959006776,OOD,OOD,138.5154242835817,0.5031286289449067,0.0008301622377590961,OOD,OOD,24.30504594524978,0.8710594494010933,0.001437248091511804,RELIABLE,RELIABLE,4236.836865086211,0.15188071109875967,0.00025060317331295347,OOD,OOD,-10.321755,42.97522
206,2,Triangle,2,Triangle,max_nhat,RELIABLE,RELIABLE,26.432881623735366,0.864780013459581,0.0014268870222083087,0,0.22498634598756828,2,2,True,112.58516604896063,0.6397936674720127,0.001055659551328821,OOD,OOD,149.39690493185594,0.5021865994350052,0.0008286078890677586,OOD,OOD,26.432881623735366,0.864780013459581,0.0014268870222083087,RELIABLE,RELIABLE,4526.2972861513435,0.12535476661699738,0.00020683536491804567,OOD,OOD,-11.242321,33.945354
207,2,Triangle,2,Triangle,max_nhat,RELIABLE,RELIABLE,30.996912688682873,0.8666493549685035,0.0014299714356980308,0,0.29702120023597756,2,2,True,136.7151387748071,0.5696281547325259,0.0009398864553086678,OOD,OOD,151.47199185585796,0.43711253769674013,0.0007212356871996212,OOD,OOD,30.996912688682873,0.8666493549685035,0.0014299714356980308,RELIABLE,RELIABLE,3403.5595786888175,0.1997715440687732,0.0003296230477134758,OOD,OOD,-8.484037,40.39986
208,2,Triangle,2,Triangle,max_nhat,RELIABLE,RELIABLE,28.474857606579175,0.8732832548855899,0.0014409173705612233,0,0.22699562711817367,2,2,True,114.8512805064633,0.6462876277674162,0.0010663745858162368,OOD,OOD,160.25440764789658,0.42415493322974196,0.0006998556398290743,OOD,OOD,28.474857606579175,0.8732832548855899,0.0014409173705612233,RELIABLE,RELIABLE,3871.6502320577197,0.17264928510245744,0.0002848713204190548,OOD,OOD,-2.3320665,33.79801
209,2,Triangle,2,Triangle,max_nhat,RELIABLE,RELIABLE,22.890219506268437,0.8716980095983254,0.001438301715837237,0,0.22652468806446857,2,2,True,88.37216862568482,0.6451733215338569,0.0010645359805308639,OOD,OOD,170.360407888111,0.4276851408850606,0.00070568048246035,OOD,OOD,22.890219506268437,0.8716980095983254,0.001438301715837237,RELIABLE,RELIABLE,3376.234368984985,0.23569223999333014,0.00038889219598899473,OOD,OOD,-16.387875,33.76519
210,2,Triangle,2,Triangle,max_nhat,RELIABLE,RELIABLE,27.584802805987373,0.8631546059956124,0.0014242050998927605,0,0.2196042868252912,2,2,True,121.8829682538953,0.6435503191703212,0.00106185802663103,OOD,OOD,164.34694151477015,0.42569330287673757,0.000702393949746617,OOD,OOD,27.584802805987373,0.8631546059956124,0.0014242050998927605,RELIABLE,RELIABLE,3882.1746355447212,0.13841420032578347,0.0002283834305375427,OOD,OOD,-8.807736,39.73796
211,2,Triangle,2,Triangle,max_nhat,RELIABLE,RELIABLE,24.97976679693607,0.85945041203008,0.001418093179849632,0,0.1438628430454213,2,2,True,84.95973947467245,0.7155875689846587,0.0011807194888246869,OOD,OOD,150.10379350806608,0.5070591784903659,0.0008366476445091037,OOD,OOD,24.97976679693607,0.85945041203008,0.001418093179849632,RELIABLE,RELIABLE,3869.618767342067,0.11231813031037216,0.00018532491501211407,OOD,OOD,-6.6448026,39.01239
212,2,Triangle,2,Triangle,max_nhat,RELIABLE,RELIABLE,29.328158666431836,0.865531366676591,0.0014281267550163752,0,0.2276783853502835,2,2,True,112.56065621329726,0.6378529813263075,0.0010524574191884074,OOD,OOD,157.27499490396383,0.4238963967212665,0.0006994290545900897,OOD,OOD,29.328158666431836,0.865531366676591,0.0014281267550163752,RELIABLE,RELIABLE,4397.173835171014,0.14650075124239445,0.00024172623954995084,OOD,OOD,-10.21632,30.07087
213,2,Triangle,2,Triangle,max_nhat,RELIABLE,RELIABLE,23.542699465984498,0.8672010201456524,0.0014308816832403265,0,0.22299822870886388,2,2,True,119.73362995042538,0.6442027914367885,0.001062934605870701,OOD,OOD,195.05700215177416,0.43835362804862055,0.0007232834862802239,OOD,OOD,23.542699465984498,0.8672010201456524,0.0014308816832403265,RELIABLE,RELIABLE,3906.2860619996845,0.21205972913935373,0.00034989855307993365,OOD,OOD,-5.476545,35.94043
214,2,Triangle,2,Triangle,max_nhat,RELIABLE,RELIABLE,29.176300778036214,0.8599600265171514,0.0014189340437532998,0,0.2190465137867763,2,2,True,120.83045652843516,0.6409135127303751,0.001057507296005119,OOD,OOD,169.29025476374605,0.41955108107692884,0.0006922592837769326,OOD,OOD,29.176300778036214,0.8599600265171514,0.0014189340437532998,RELIABLE,RELIABLE,3906.8454738690434,0.2097139782571585,0.00034602806412431156,OOD,OOD,-2.3469124,33.79671
215,2,Triangle,2,Triangle,max_nhat,RELIABLE,RELIABLE,23.72832345814799,0.8779923742087365,0.0014486874174444153,0,0.22983166324458848,2,2,True,115.83361524213768,0.6481607109641481,0.0010694651730908443,OOD,OOD,193.75181111422017,0.4433745551955467,0.000731568016072652,OOD,OOD,23.72832345814799,0.8779923742087365,0.0014486874174444153,RELIABLE,RELIABLE,3590.200903380848,0.23638016824607422,0.00039002727760602246,OOD,OOD,-13.65529,30.58112
216,2,Triangle,2,Triangle,max_nhat,RELIABLE,RELIABLE,36.3297770037225,0.8625465386881545,0.0014232017888354549,0,0.29415483617967564,2,2,True,156.12922445056765,0.5683917025084788,0.00093784630913899,OOD,OOD,180.5450504805773,0.4235441895335957,0.0006988479127304328,OOD,OOD,36.3297770037225,0.8625465386881545,0.0014232017888354549,RELIABLE,RELIABLE,3829.66453953781,0.1935454947366255,0.0003193500663154321,OOD,OOD,-7.411848,35.264603
217,2,Triangle,2,Triangle,max_nhat,RELIABLE,RELIABLE,19.978676681672944,0.8707674927126846,0.0014367663629759296,0,0.2235545482060287,2,2,True,114.26371593795231,0.6472129445066559,0.0010679013584359823,OOD,OOD,130.6621945353801,0.516574468918733,0.0008523478737159096,OOD,OOD,19.978676681672944,0.8707674927126846,0.0014367663629759296,RELIABLE,RELIABLE,4684.5797178228795,0.08370320062328435,0.00013811028102841917,OOD,OOD,-9.75042,34.70796
218,2,Triangle,2,Triangle,max_nhat,RELIABLE,RELIABLE,23.93314042518633,0.8828288328180462,0.0014566675741497764,0,0.3030234438175249,2,2,True,114.59532591525405,0.5798053890005214,0.0009566788918508603,OOD,OOD,157.21605146566992,0.4573110284560626,0.0007545631969525032,OOD,OOD,23.93314042518633,0.8828288328180462,0.0014566675741497764,RELIABLE,RELIABLE,3340.2605499594824,0.2091009377065084,0.00034501654721573883,OOD,OOD,-9.976826,44.234367
219,2,Triangle,2,Triangle,max_nhat,RELIABLE,RELIABLE,25.256304185251857,0.8743288635675978,0.0014426426248865362,0,0.29490178393229094,2,2,True,133.16910036112589,0.5794270796353068,0.0009560546813982562,OOD,OOD,121.1237329426554,0.5225418588662224,0.000862194067129267,OOD,OOD,25.256304185251857,0.8743288635675978,0.0014426426248865362,RELIABLE,RELIABLE,4427.974012290604,0.10786930816636327,0.0001779843584744994,OOD,OOD,-9.855591,33.591625
220,2,Triangle,2,Triangle,max_nhat,RELIABLE,RELIABLE,32.564176612568765,0.8557499086782033,0.0014119873493190355,0,0.2908653278999813,2,2,True,139.787516154344,0.564884580778222,0.0009320595582840663,OOD,OOD,179.840896578878,0.42528155094351605,0.0007017145590568015,OOD,OOD,32.564176612568765,0.8557499086782033,0.0014119873493190355,RELIABLE,RELIABLE,3271.8311849618626,0.17000383666179056,0.0002805063304919544,OOD,OOD,-14.099253,35.45318
221,2,Triangle,2,Triangle,max_nhat,RELIABLE,RELIABLE,30.21600843384667,0.869303074388157,0.001434350072740459,0,0.2949325368317164,2,2,True,125.05202481206608,0.5743705375564406,0.0009477113869681271,OOD,OOD,199.2714896757042,0.3683086495099103,0.000607709271691352,OOD,OOD,30.21600843384667,0.869303074388157,0.001434350072740459,RELIABLE,RELIABLE,3617.906464909726,0.17535576337115225,0.0002893370095624012,OOD,OOD,-15.795014,34.600765
222,2,Triangle,2,Triangle,max_nhat,RELIABLE,RELIABLE,34.927613584058584,0.8714632833784143,0.0014379144175743835,0,0.2943345626977436,2,2,True,135.1437473369207,0.5771287206806707,0.0009522623891231066,OOD,OOD,169.56828109158164,0.43292684802804604,0.000714329299246276,OOD,OOD,34.927613584058584,0.8714632833784143,0.0014379144175743835,RELIABLE,RELIABLE,3422.544939445625,0.21907697288307146,0.0003614770052570679,OOD,OOD,-12.519495,42.63525
223,2,Triangle,2,Triangle,max_nhat,RELIABLE,RELIABLE,30.656757663505015,0.8670293889321413,0.0014305984917380333,0,0.2958833863935415,2,2,True,141.27838054267806,0.5711460025385998,0.0009423909041886897,OOD,OOD,131.38012660456448,0.5013058554480704,0.0008271546614893161,OOD,OOD,30.656757663505015,0.8670293889321413,0.0014305984917380333,RELIABLE,RELIABLE,4227.854493276363,0.12436097068131544,0.00020519560162417046,OOD,OOD,-9.257548,36.33331
224,2,Triangle,2,Triangle,max_nhat,RELIABLE,RELIABLE,29.807573250380596,0.8651203143723166,0.0014274485187143224,0,0.15165938842568294,2,2,True,93.77505245803378,0.7134609259466337,0.0011772105278119456,OOD,OOD,160.05712015659483,0.48839182601272363,0.000805846512920994,OOD,OOD,29.807573250380596,0.8651203143723166,0.0014274485187143224,RELIABLE,RELIABLE,4015.332233652827,0.1514907639313633,0.00024995976048674943,OOD,OOD,-11.078083,38.906513
225,2,Triangle,2,Triangle,max_nhat,RELIABLE,RELIABLE,19.902865634275514,0.8756457462177679,0.001444815481259317,0,0.22510816176874882,2,2,True,122.4548231793318,0.6505375844490191,0.0010733870143408814,OOD,OOD,198.74106562126,0.4490782687495056,0.0007409791434366843,OOD,OOD,19.902865634275514,0.8756457462177679,0.001444815481259317,RELIABLE,RELIABLE,3906.8688483873184,0.23400201542366586,0.0003861033254490487,OOD,OOD,-4.1040683,39.791664
226,2,Triangle,2,Triangle,max_nhat,RELIABLE,RELIABLE,23.054092049297434,0.8778905532783408,0.0014485194129092622,0,0.22511937569843743,2,2,True,116.60434516704704,0.6527711775799033,0.0010770724430068405,OOD,OOD,164.91315061717555,0.4423777499448904,0.0007299232874090691,OOD,OOD,23.054092049297434,0.8778905532783408,0.0014485194129092622,RELIABLE,RELIABLE,4024.275624590003,0.17834166973749252,0.00029426375506686267,OOD,OOD,-2.7499566,36.853096
227,2,Triangle,2,Triangle,max_nhat,RELIABLE,RELIABLE,23.385264559277008,0.8621123262281425,0.001422485338276435,0,0.2249710412622581,2,2,True,114.9510593886799,0.6371412849658844,0.0010512831201937092,OOD,OOD,137.27768012676245,0.502277337560111,0.000828757606974183,OOD,OOD,23.385264559277008,0.8621123262281425,0.001422485338276435,RELIABLE,RELIABLE,3727.2761379985204,0.2100483881953664,0.00034657984052235453,OOD,OOD,-4.823007,38.016796
228,2,Triangle,2,Triangle,max_nhat,RELIABLE,RELIABLE,24.32596854114123,0.8684182814859887,0.0014328901644518812,0,0.23006055619662824,2,2,True,123.45026597261773,0.6383577252893604,0.0010532902467274446,OOD,OOD,211.7879704330422,0.4316352502959639,0.0007121981629883404,OOD,OOD,24.32596854114123,0.8684182814859887,0.0014328901644518812,RELIABLE,RELIABLE,4022.438973999755,0.19162468424824422,0.00031618072900960295,OOD,OOD,-3.999967,39.87923
229,2,Triangle,2,Triangle,max_nhat,RELIABLE,RELIABLE,33.94957770085684,0.8655768223325482,0.0014282017568487044,0,0.29746579015823993,2,2,True,131.44292941565135,0.5681110321743083,0.0009373832030876085,OOD,OOD,172.375409990879,0.4344889109530879,0.000716906703072595,OOD,OOD,33.94957770085684,0.8655768223325482,0.0014282017568487044,RELIABLE,RELIABLE,3519.0083438633023,0.20583771399150924,0.00033963222808599023,OOD,OOD,-9.412463,41.713177
230,2,Triangle,2,Triangle,max_nhat,RELIABLE,RELIABLE,21.539198532970055,0.8691602923581145,0.001434114482390889,0,0.22637748490296095,2,2,True,109.06577522733315,0.6427828074551536,0.0010605916323010035,OOD,OOD,207.4625366754788,0.35717534027083775,0.0005893393114468823,OOD,OOD,21.539198532970055,0.8691602923581145,0.001434114482390889,RELIABLE,RELIABLE,2703.099953771356,0.22887542070103814,0.00037764444415671293,OOD,OOD,-16.142536,37.351448
231,2,Triangle,2,Triangle,max_nhat,UNRELIABLE,IDO,39.07200167270681,0.8699617843659032,0.0014354369442037404,0,0.2975078120269464,2,2,True,133.0502176151161,0.5724539723389568,0.0009445490543592787,OOD,OOD,184.14749354868465,0.4289200384455914,0.0007077180634352258,OOD,OOD,39.07200167270681,0.8699617843659032,0.0014354369442037404,UNRELIABLE,IDO,5054.096807306523,0.10606857670393278,0.0001750131515614891,OOD,OOD,-6.9587092,29.571302
232,2,Triangle,2,Triangle,max_nhat,RELIABLE,RELIABLE,28.215960594943766,0.8658312331776074,0.001428621534743052,0,0.22167618834247627,2,2,True,114.96959659927396,0.6441550448351311,0.0010628558239779663,OOD,OOD,142.02906317173193,0.5174979895876733,0.000853871682819661,OOD,OOD,28.215960594943766,0.8658312331776074,0.001428621534743052,RELIABLE,RELIABLE,4487.153699963654,0.1017230650107471,0.00016784305726773272,OOD,OOD,-6.6380982,37.287773
233,2,Triangle,2,Triangle,max_nhat,RELIABLE,RELIABLE,27.40011215141606,0.8616877976946102,0.001421784866196107,0,0.21838752705279618,2,2,True,118.50689120269017,0.643300270641814,0.0010614454465589932,OOD,OOD,191.66196610281352,0.4135565616031724,0.0006823683266452344,OOD,OOD,27.40011215141606,0.8616877976946102,0.001421784866196107,RELIABLE,RELIABLE,3876.9498179252046,0.18096730440493722,0.0002985960522681464,OOD,OOD,-14.731118,37.8403
234,2,Triangle,2,Triangle,max_nhat,RELIABLE,RELIABLE,37.337811467193205,0.8598900027062538,0.0014188185044653188,0,0.2970679701041742,2,2,True,141.97272764484782,0.5628220326020796,0.0009286563537934313,OOD,OOD,203.7044886388271,0.3557471666950884,0.0005869828250468958,OOD,OOD,37.337811467193205,0.8598900027062538,0.0014188185044653188,RELIABLE,RELIABLE,4052.5236496957796,0.1711530916593464,0.00028240260123792155,OOD,OOD,-7.332686,33.7893
235,2,Triangle,2,Triangle,max_nhat,RELIABLE,RELIABLE,24.98098185169046,0.8619974147391536,0.0014222957343196035,0,0.22453088377010144,2,2,True,112.44254660586735,0.6374665309690521,0.001051819776098936,OOD,OOD,182.0739604189856,0.4283187786179895,0.0007067259847196827,OOD,OOD,24.98098185169046,0.8619974147391536,0.0014222957343196035,RELIABLE,RELIABLE,3811.6134638269996,0.21968610973146555,0.00036248208105691814,OOD,OOD,-4.307375,36.328224
236,2,Triangle,2,Triangle,max_nhat,RELIABLE,RELIABLE,22.272059046181873,0.8702854163660173,0.0014359709370039286,0,0.22404842622435628,2,2,True,113.00416678528549,0.646236990141661,0.0010662910337337407,OOD,OOD,163.3722555125233,0.4292928324380088,0.0007083331735227145,OOD,OOD,22.272059046181873,0.8702854163660173,0.0014359709370039286,RELIABLE,RELIABLE,4091.2595551395766,0.18292893821443595,0.00030183274805381933,OOD,OOD,-2.6595159,36.80547
237,2,Triangle,2,Triangle,max_nhat,RELIABLE,RELIABLE,32.66894754227655,0.8575036184188455,0.001414880970391095,0,0.2971518172747233,2,2,True,134.78046609444377,0.5603518011441222,0.0009245804718878017,OOD,OOD,167.19642563482827,0.42612590899284974,0.0007031077498382021,OOD,OOD,32.66894754227655,0.8575036184188455,0.001414880970391095,RELIABLE,RELIABLE,3627.0642844187632,0.20479703312542355,0.00033791510465694884,OOD,OOD,-9.563112,41.88446
238,2,Triangle,2,Triangle,max_nhat,RELIABLE,RELIABLE,24.94122885536351,0.8588121151845383,0.0014170399900544882,0,0.22163006587242517,2,2,True,116.1573288665325,0.6371820493121131,0.0010513503813649866,OOD,OOD,145.02170121455774,0.5086299404531639,0.0008392394017477205,OOD,OOD,24.94122885536351,0.8588121151845383,0.0014170399900544882,RELIABLE,RELIABLE,3694.8467378677915,0.20832915396559232,0.0003437431040432273,OOD,OOD,-11.348244,32.180065
239,2,Triangle,2,Triangle,max_nhat,RELIABLE,RELIABLE,25.85702891528308,0.8632944322155777,0.001424435813155703,0,0.23016342968498305,2,2,True,109.89208372947921,0.6331310025305946,0.001044666154175481,OOD,OOD,162.95894905617658,0.43116122064544987,0.0007114160140649923,OOD,OOD,25.85702891528308,0.8632944322155777,0.001424435813155703,RELIABLE,RELIABLE,3280.3721689024846,0.11954265120718985,0.00019724537449186325,OOD,OOD,-10.84365,35.39911
240,2,Triangle,2,Triangle,max_nhat,RELIABLE,RELIABLE,22.17677588058292,0.8581244065113675,0.0014159052707437563,0,0.2923983782049866,2,2,True,136.827418836026,0.5657260283063809,0.0009334479467055283,OOD,OOD,220.97385323267486,0.3628947230074864,0.0005987762929623525,OOD,OOD,22.17677588058292,0.8581244065113675,0.0014159052707437563,RELIABLE,RELIABLE,3565.344915332233,0.20723463604106687,0.00034193714946776033,OOD,OOD,-16.594662,36.091652
241,2,Triangle,2,Triangle,max_nhat,RELIABLE,RELIABLE,29.38730564160333,0.8648100293257047,0.0014269365483874127,0,0.3009208412448905,2,2,True,133.3919096995136,0.5638891880808142,0.0009304171603333434,OOD,OOD,155.18472925302166,0.43109266973475774,0.0007113029050623503,OOD,OOD,29.38730564160333,0.8648100293257047,0.0014269365483874127,RELIABLE,RELIABLE,4071.9860675226,0.19580292517727035,0.0003230748265424961,OOD,OOD,-8.3225565,32.58077
242,2,Triangle,2,Triangle,max_nhat,RELIABLE,RELIABLE,34.95147468389476,0.8644443970018963,0.001426333255053129,0,0.2236078951184447,2,2,True,123.84164143144969,0.6408365018834516,0.0010573802281076952,OOD,OOD,144.67392857138148,0.5061899899832313,0.0008352134834723316,OOD,OOD,34.95147468389476,0.8644443970018963,0.001426333255053129,RELIABLE,RELIABLE,5492.052891906199,0.07807080703920777,0.00012881683161469282,OOD,OOD,-8.335767,29.39349
243,2,Triangle,2,Triangle,max_nhat,RELIABLE,RELIABLE,27.556888293440213,0.8621671791877598,0.0014225758456598036,0,0.21898054109723097,2,2,True,115.30557357778243,0.6431866380905288,0.0010612579528493725,OOD,OOD,148.50398506579072,0.5202807241552007,0.0008584631948560811,OOD,OOD,27.556888293440213,0.8621671791877598,0.0014225758456598036,RELIABLE,RELIABLE,4540.337893505382,0.15590032322192882,0.00025723553331618253,OOD,OOD,-6.5768876,37.272358
244,2,Triangle,2,Triangle,max_nhat,RELIABLE,RELIABLE,29.90709685980745,0.8617303580734037,0.0014218550908211161,0,0.2963792685390503,2,2,True,135.76779817576292,0.5653510895343534,0.0009328292977316832,OOD,OOD,174.5453955645645,0.4315005134025285,0.000711975847114172,OOD,OOD,29.90709685980745,0.8617303580734037,0.0014218550908211161,RELIABLE,RELIABLE,3549.009125421577,0.22985235321987635,0.00037925638281279596,OOD,OOD,-14.032257,35.529526
245,2,Triangle,2,Triangle,max_nhat,RELIABLE,RELIABLE,22.827890317678296,0.8665437699156991,0.0014297972203609036,0,0.22420385480557503,2,2,True,107.31807970405849,0.6423399151101241,0.0010598608599317048,OOD,OOD,204.3792277244346,0.3637137906236754,0.0006001277545290644,OOD,OOD,22.827890317678296,0.8665437699156991,0.0014297972203609036,RELIABLE,RELIABLE,4082.9820392932106,0.1669410898311772,0.00027545279822144237,OOD,OOD,-14.43982,39.32561
246,2,Triangle,2,Triangle,max_nhat,RELIABLE,RELIABLE,26.654338893840993,0.8745918817572457,0.0014430766048994553,0,0.2287710425762428,2,2,True,130.5936227646716,0.6458208391810029,0.0010656043846486547,OOD,OOD,208.7495793238443,0.3704500342513144,0.0006112425565146688,OOD,OOD,26.654338893840993,0.8745918817572457,0.0014430766048994553,RELIABLE,RELIABLE,2693.4717703418296,0.199456551339306,0.0003291033097098549,OOD,OOD,-15.325088,29.854525
247,2,Triangle,2,Triangle,max_nhat,RELIABLE,RELIABLE,23.35618291270039,0.8632331103014558,0.001424334631997402,0,0.29666544266241945,2,2,True,143.69910870429706,0.5665676676390363,0.0009348366516044098,OOD,OOD,224.92322591884965,0.3588287020638131,0.0005920673584052916,OOD,OOD,23.35618291270039,0.8632331103014558,0.001424334631997402,RELIABLE,RELIABLE,3796.5654191529707,0.11092022462339475,0.00018301837062860134,OOD,OOD,-7.844209,41.957397
248,2,Triangle,2,Triangle,max_nhat,RELIABLE,RELIABLE,30.368225256817258,0.8705668821181572,0.0014364353554949594,0,0.22202949980400188,2,2,True,111.81784635963687,0.6485373823141554,0.0010700866808183564,OOD,OOD,158.78890741043514,0.43621515039450126,0.0007197549981509271,OOD,OOD,30.368225256817258,0.8705668821181572,0.0014364353554949594,RELIABLE,RELIABLE,3597.8966365662054,0.20232989863981932,0.00033384433275570187,OOD,OOD,-13.042245,40.09838
249,2,Triangle,2,Triangle,max_nhat,RELIABLE,RELIABLE,21.51443781411252,0.872056824534128,0.0014388937604813113,0,0.14868214461796359,2,2,True,97.85544935217506,0.7233746799161644,0.0011935682218616713,OOD,OOD,176.27066901551004,0.44399407010072856,0.0007325902156662021,OOD,OOD,21.51443781411252,0.872056824534128,0.0014388937604813113,RELIABLE,RELIABLE,2863.8620571461583,0.14247997027596973,0.00023509195095535007,OOD,OOD,-11.980263,37.964806
250,2,Triangle,2,Triangle,max_nhat,RELIABLE,RELIABLE,34.04105469258333,0.859911270281617,0.0014188535959646679,0,0.22181861588236407,2,2,True,118.34813657716806,0.6380926543992529,0.0010528528797587673,OOD,OOD,181.65315035709457,0.42925631394729125,0.0007082729180130305,OOD,OOD,34.04105469258333,0.859911270281617,0.0014188535959646679,RELIABLE,RELIABLE,3750.465998231595,0.20995327597147376,0.0003464229053529317,OOD,OOD,-4.1931753,37.11463
251,2,Triangle,2,Triangle,max_nhat,RELIABLE,RELIABLE,30.618323308572666,0.8589315100741739,0.001417236991622387,0,0.28832853840781203,2,2,True,153.14573160185046,0.5706029716663619,0.0009414949032494971,OOD,OOD,197.9724441811205,0.42681452019569427,0.0007042439583228956,OOD,OOD,30.618323308572666,0.8589315100741739,0.001417236991622387,RELIABLE,RELIABLE,3863.37529477115,0.18372858913524195,0.00030315217207314924,OOD,OOD,-11.248098,43.92409
252,2,Triangle,2,Triangle,max_nhat,RELIABLE,RELIABLE,30.97810576513815,0.8694271710826448,0.001434554832286364,0,0.22352467338549908,2,2,True,113.87298572021001,0.6459024976971457,0.0010657391212002905,OOD,OOD,173.6019608001117,0.4370306814472561,0.0007211006243879725,OOD,OOD,30.97810576513815,0.8694271710826448,0.001434554832286364,RELIABLE,RELIABLE,4099.894669328271,0.18937862161611918,0.00031247472566659667,OOD,OOD,-11.977419,31.576176
253,2,Triangle,2,Triangle,max_nhat,RELIABLE,RELIABLE,30.114198651456814,0.8628320860296431,0.0014236729419489112,0,0.29359734119885716,2,2,True,155.4760426843792,0.569234744830786,0.0009392373289707968,OOD,OOD,214.42349078180968,0.35836756069643305,0.0005913064751491145,OOD,OOD,30.114198651456814,0.8628320860296431,0.0014236729419489112,RELIABLE,RELIABLE,3912.4206112584197,0.20999732424922096,0.0003464955850112146,OOD,OOD,-5.3213305,33.3557
254,2,Triangle,2,Triangle,max_nhat,RELIABLE,RELIABLE,21.02124344931812,0.869424502774875,0.001434550429578544,0,0.2960543030198931,2,2,True,136.05491929754115,0.5733701997549819,0.0009460608295957202,OOD,OOD,160.7962321034388,0.43643799700545005,0.0007201226950589926,OOD,OOD,21.02124344931812,0.869424502774875,0.001434550429578544,RELIABLE,RELIABLE,3757.290370749792,0.1716753969524905,0.00028326440497160934,OOD,OOD,-16.83276,34.578663
255,2,Triangle,2,Triangle,max_nhat,RELIABLE,RELIABLE,37.24651194299826,0.8652999897859255,0.001427744983146777,0,0.3022973325245465,2,2,True,138.9280718928527,0.563002657261379,0.0009289543844812753,OOD,OOD,175.8588343175477,0.4285890928734245,0.0007071720032411505,OOD,OOD,37.24651194299826,0.8652999897859255,0.001427744983146777,RELIABLE,RELIABLE,4982.9798668618905,0.15103232283790197,0.00024920333268253823,OOD,OOD,-5.1654797,31.26471
256,2,Triangle,2,Triangle,max_nhat,RELIABLE,RELIABLE,28.398749759349325,0.8743648368707208,0.0014427019808366892,0,0.22279149782413543,2,2,True,110.08785616911432,0.6515733390465853,0.0010750960094268657,OOD,OOD,149.7299639625959,0.5060723219335189,0.0008350193311903063,OOD,OOD,28.398749759349325,0.8743648368707208,0.0014427019808366892,RELIABLE,RELIABLE,3366.02838963048,0.19721120306544782,0.0003253984850579889,OOD,OOD,-13.596229,37.098495
257,2,Triangle,2,Triangle,max_nhat,RELIABLE,RELIABLE,21.1162589594573,0.8590049140727356,0.0014173581082200138,0,0.14207499186741168,2,2,True,99.8740151428484,0.7169299222053239,0.0011829343716387845,OOD,OOD,138.78596951189445,0.49380577776562107,0.0008147795333132748,OOD,OOD,21.1162589594573,0.8590049140727356,0.0014173581082200138,RELIABLE,RELIABLE,4625.612512139003,0.10321618053402895,0.00017030669788114776,OOD,OOD,-11.523231,30.757336
258,2,Triangle,2,Triangle,max_nhat,RELIABLE,RELIABLE,26.360854525523,0.8633363957372364,0.00142450505296644,0,0.29722418887564994,2,2,True,141.55301580510545,0.5661122068615865,0.0009340851413216177,OOD,OOD,217.94072455300943,0.4296326259213281,0.0007088938327701914,OOD,OOD,26.360854525523,0.8633363957372364,0.00142450505296644,RELIABLE,RELIABLE,3823.054565188241,0.17596611507899376,0.0002903440898803397,OOD,OOD,-8.839374,43.190475
259,2,Triangle,2,Triangle,max_nhat,RELIABLE,RELIABLE,27.980076752371772,0.863702052423107,0.0014251083864981267,0,0.22383121537490336,2,2,True,120.40938710940499,0.6398708370482037,0.001055786881129536,OOD,OOD,155.63789323781475,0.4226434690007484,0.0006973617238512349,OOD,OOD,27.980076752371772,0.863702052423107,0.0014251083864981267,RELIABLE,RELIABLE,4503.365376386132,0.14232981480595777,0.0002348441944298303,OOD,OOD,-9.325787,30.749014
260,2,Triangle,2,Triangle,max_nhat,RELIABLE,RELIABLE,32.03526285911883,0.8689099166536756,0.0014337013624785646,0,0.29315894819116683,2,2,True,135.66568600060305,0.5757509684625087,0.0009499890979631395,OOD,OOD,149.73466517067496,0.436241026139881,0.0007197976931308037,OOD,OOD,32.03526285911883,0.8689099166536756,0.0014337013624785646,RELIABLE,RELIABLE,3585.28653638166,0.16392542452336686,0.0002704769504635553,OOD,OOD,-9.552592,32.36562
261,2,Triangle,2,Triangle,max_nhat,RELIABLE,RELIABLE,22.34561540366131,0.8568265668121827,0.0014137638352401014,0,0.22144889971636117,2,2,True,123.23477573412278,0.6353776670958216,0.0010483731507081055,OOD,OOD,166.82333334871285,0.41949118359223686,0.0006921604529271908,OOD,OOD,22.34561540366131,0.8568265668121827,0.0014137638352401014,RELIABLE,RELIABLE,4651.2803785173965,0.10536010846915839,0.00017384417897411134,OOD,OOD,-9.667073,29.032902
262,2,Triangle,2,Triangle,max_nhat,RELIABLE,RELIABLE,34.84708646635004,0.8706415142365599,0.0014365584984903238,0,0.2954818181636285,2,2,True,137.58283418259103,0.5751596960729314,0.0009490134985203367,OOD,OOD,142.4789624217875,0.5325438302729947,0.0008786973199504411,OOD,OOD,34.84708646635004,0.8706415142365599,0.0014365584984903238,RELIABLE,RELIABLE,4620.045194849549,0.14487212826680468,0.0002390390116402277,OOD,OOD,-7.402762,31.389153
263,2,Triangle,2,Triangle,max_nhat,RELIABLE,RELIABLE,27.23693001701144,0.8681723207487346,0.001432484329235412,0,0.29453551713627657,2,2,True,151.41446133797174,0.5736368036124581,0.0009465007259605557,OOD,OOD,220.39488005028812,0.3629579654344018,0.0005988806429667629,OOD,OOD,27.23693001701144,0.8681723207487346,0.001432484329235412,RELIABLE,RELIABLE,3987.3561431775206,0.16673119393441388,0.0002751064699917829,OOD,OOD,-6.4689913,34.544575
264,2,Triangle,2,Triangle,max_nhat,UNRELIABLE,IDO,38.774308579792695,0.8786007812098682,0.0014496912889962825,0,0.30496159167724557,2,2,True,132.71026638678896,0.5736391895326226,0.0009465046627288273,OOD,OOD,169.07006827173825,0.44291278662329064,0.0007308060979284295,OOD,OOD,38.774308579792695,0.8786007812098682,0.0014496912889962825,UNRELIABLE,IDO,5125.944547911226,0.15244052023115914,0.00025152685838141257,OOD,OOD,-3.7733548,31.34251
265,2,Triangle,2,Triangle,max_nhat,RELIABLE,RELIABLE,25.1542130183361,0.8710033739726174,0.0014371555670548188,0,0.2235532742974039,2,2,True,105.53532773082598,0.6474500996752135,0.0010682926644641022,OOD,OOD,141.47408031243774,0.5151764886575455,0.00085004120628495,OOD,OOD,25.1542130183361,0.8710033739726174,0.0014371555670548188,RELIABLE,RELIABLE,4364.274529332836,0.0699922352561873,0.00011548718817270902,OOD,OOD,-10.551402,37.556347
266,2,Triangle,2,Triangle,max_nhat,RELIABLE,RELIABLE,34.440552818344194,0.8562491759683983,0.0014128111403478572,0,0.21931374821215222,2,2,True,120.49297814664699,0.6369354277562461,0.0010509434557978061,OOD,OOD,176.93079607601933,0.4288339965654699,0.0007075760943330253,OOD,OOD,34.440552818344194,0.8562491759683983,0.0014128111403478572,RELIABLE,RELIABLE,4164.482928780428,0.20361246790450047,0.00033596057204242575,OOD,OOD,-5.2949934,37.29283
267,2,Triangle,2,Triangle,max_nhat,RELIABLE,RELIABLE,25.196471660467132,0.8677956594387178,0.0014318628380738845,0,0.3008369807339607,2,2,True,129.654860759359,0.5669586787047571,0.0009354818198628493,OOD,OOD,170.75414860157855,0.4310494336967206,0.000711231565599589,OOD,OOD,25.196471660467132,0.8677956594387178,0.0014318628380738845,RELIABLE,RELIABLE,3834.5621942909693,0.2229616342749727,0.00036788669655370495,OOD,OOD,-9.935585,44.251316
268,2,Triangle,2,Triangle,max_nhat,RELIABLE,RELIABLE,22.720617771778553,0.8628441618327516,0.00142369286702404,0,0.22690971428182394,2,2,True,110.76111271284294,0.6359344475509277,0.0010492918384590307,OOD,OOD,193.46543882644133,0.42626251304924173,0.0007033331465312488,OOD,OOD,22.720617771778553,0.8628441618327516,0.00142369286702404,RELIABLE,RELIABLE,3886.625022944912,0.20273494956130647,0.0003345126667761557,OOD,OOD,-12.578144,32.699924
269,2,Triangle,2,Triangle,max_nhat,RELIABLE,RELIABLE,19.55369664742711,0.8660246321837398,0.0014289406431031706,0,0.22298944511425867,2,2,True,105.55119533400467,0.6430351870694812,0.001061008058664644,OOD,OOD,168.4833618896249,0.4431791508873134,0.0007312455989640671,OOD,OOD,19.55369664742711,0.8660246321837398,0.0014289406431031706,RELIABLE,RELIABLE,3685.7560856307173,0.16050220425099537,0.0002648286370141424,OOD,OOD,-13.409431,39.124653
270,2,Triangle,2,Triangle,max_nhat,RELIABLE,RELIABLE,32.280813601471856,0.868193674797115,0.0014325195634152397,0,0.22477451628165224,2,2,True,119.10600469523676,0.6434191585154627,0.0010616416115505135,OOD,OOD,146.82747698596577,0.49624172179663084,0.0008187988409644409,OOD,OOD,32.280813601471856,0.868193674797115,0.0014325195634152397,RELIABLE,RELIABLE,3718.3799495676726,0.2175551268310744,0.00035896595927127276,OOD,OOD,-5.2696905,39.176098
271,2,Triangle,2,Triangle,max_nhat,RELIABLE,RELIABLE,24.995516106934627,0.8653544563567127,0.001427834852988576,0,0.2292499158935445,2,2,True,120.16779658289882,0.6361045404631682,0.0010495724917642276,OOD,OOD,193.7545722432353,0.43027196667265094,0.0007099487450098741,OOD,OOD,24.995516106934627,0.8653544563567127,0.001427834852988576,RELIABLE,RELIABLE,3783.936515542207,0.22652015523324603,0.00037375825613485597,OOD,OOD,-13.568625,30.665028
272,2,Triangle,2,Triangle,max_nhat,RELIABLE,RELIABLE,26.244675372921566,0.863315100594497,0.00142446991598092,0,0.2939506877771654,2,2,True,141.97379482393418,0.5693644128173316,0.0009394512811485972,OOD,OOD,140.8991372121029,0.49679164261445713,0.0008197062103138542,OOD,OOD,26.244675372921566,0.863315100594497,0.00142446991598092,RELIABLE,RELIABLE,4121.899101730151,0.15080865242308825,0.0002488342764980956,OOD,OOD,-12.026611,35.996555
273,2,Triangle,2,Triangle,max_nhat,RELIABLE,RELIABLE,22.883470773370092,0.8707703550355995,0.0014367710858087391,0,0.22650259924127913,2,2,True,107.66422972534149,0.6442677557943204,0.0010630417970606287,OOD,OOD,154.03404143052174,0.5073831435697522,0.0008371821868900911,OOD,OOD,22.883470773370092,0.8707703550355995,0.0014367710858087391,RELIABLE,RELIABLE,3737.600840187384,0.19279651258592412,0.0003181142457667748,OOD,OOD,-13.468058,33.278725
274,2,Triangle,2,Triangle,max_nhat,RELIABLE,RELIABLE,29.1628126819933,0.8657467122199464,0.0014284820751629115,0,0.22108789782588978,2,2,True,120.2722968325567,0.6446588143940566,0.0010636870437501934,OOD,OOD,133.98536134882724,0.5099262363798339,0.000841378290026726,OOD,OOD,29.1628126819933,0.8657467122199464,0.0014284820751629115,RELIABLE,RELIABLE,3333.3861620564107,0.2366311385996729,0.0003904413786894603,OOD,OOD,-5.290893,39.137093
275,2,Triangle,2,Triangle,max_nhat,RELIABLE,RELIABLE,27.971111233704864,0.8652238760716575,0.001427619395518235,0,0.2190844800140882,2,2,True,108.78856653135921,0.6461393960575693,0.0010661300034949894,OOD,OOD,171.00806514537354,0.44811621549778147,0.0007393917555713394,OOD,OOD,27.971111233704864,0.8652238760716575,0.001427619395518235,RELIABLE,RELIABLE,3819.761372408135,0.15590906215078765,0.00025724995254879963,OOD,OOD,-11.249619,42.575386
276,2,Triangle,2,Triangle,max_nhat,RELIABLE,RELIABLE,33.44094359401462,0.8717670622964372,0.0014384156527891213,0,0.22572090395187683,2,2,True,121.94653446195525,0.6460461583445604,0.0010659761612685245,OOD,OOD,139.69689919274373,0.5160553479825027,0.0008514913241711295,OOD,OOD,33.44094359401462,0.8717670622964372,0.0014384156527891213,RELIABLE,RELIABLE,5545.092586722812,0.07940284225274435,0.0001310146897170282,OOD,OOD,-8.387156,29.396143
277,2,Triangle,2,Triangle,max_nhat,RELIABLE,RELIABLE,34.18231741208947,0.868254866432788,0.0014326205296141003,0,0.29813693690871035,2,2,True,140.79105960636448,0.5701179295240777,0.0009406945837147282,OOD,OOD,133.37993451424114,0.4863020730013829,0.0008023984204522818,OOD,OOD,34.18231741208947,0.868254866432788,0.0014326205296141003,RELIABLE,RELIABLE,4006.133967714908,0.1500356239232096,0.00024755877947329585,OOD,OOD,-9.256499,36.41741
278,2,Triangle,2,Triangle,max_nhat,RELIABLE,RELIABLE,33.511621280219984,0.8725835737857018,0.001439762896746408,0,0.29737220030048106,2,2,True,138.84801588327673,0.5752113734852208,0.0009490987662506143,OOD,OOD,145.37226434667255,0.5070698760817719,0.0008366652955349237,OOD,OOD,33.511621280219984,0.8725835737857018,0.001439762896746408,RELIABLE,RELIABLE,3666.9047833534332,0.20161659548238411,0.00033266738254593376,OOD,OOD,-11.668916,41.574543
279,2,Triangle,2,Triangle,max_nhat,RELIABLE,RELIABLE,30.06001323910189,0.8638979831345548,0.0014254316721720153,0,0.21025622666559318,2,2,True,115.43669269171795,0.6536417564689616,0.0010785088981737866,OOD,OOD,140.95760438587516,0.5149532400646223,0.0008496728461066268,OOD,OOD,30.06001323910189,0.8638979831345548,0.0014254316721720153,RELIABLE,RELIABLE,3377.016879975642,0.18772448444912088,0.00030974539934104943,OOD,OOD,-12.816825,31.786098
280,2,Triangle,2,Triangle,max_nhat,RELIABLE,RELIABLE,25.33304898108241,0.8712086156838819,0.001437494215878405,0,0.3022801451965087,2,2,True,153.21886059940485,0.5689284704873732,0.0009387319763041657,OOD,OOD,210.2769018812244,0.36406243863618926,0.0006007030237497122,OOD,OOD,25.33304898108241,0.8712086156838819,0.001437494215878405,RELIABLE,RELIABLE,3746.8550817594746,0.221204206259083,0.0003649869403274869,OOD,OOD,-13.873883,29.511686
281,2,Triangle,2,Triangle,max_nhat,UNRELIABLE,IDO,37.93407859594123,0.865354275473224,0.0014278345545308195,0,0.29306956625539526,2,2,True,127.39014463840853,0.5722847092178287,0.0009442697702094174,OOD,OOD,180.23210637555152,0.36415429294777385,0.0006008545833638268,OOD,OOD,37.93407859594123,0.865354275473224,0.0014278345545308195,UNRELIABLE,IDO,3699.975313416411,0.19827568604004592,0.00032715488196607577,OOD,OOD,-8.508407,38.97328
282,2,Triangle,2,Triangle,max_nhat,RELIABLE,RELIABLE,21.63482292998176,0.8653886467753718,0.0014278912671793634,0,0.14819161960100036,2,2,True,86.51853064503862,0.7171970271743714,0.0011833750948377127,OOD,OOD,166.464260629396,0.43586637308852744,0.0007191795155960703,OOD,OOD,21.63482292998176,0.8653886467753718,0.0014278912671793634,RELIABLE,RELIABLE,3950.409051405598,0.11317630400914391,0.00018674090161508746,OOD,OOD,-11.94218,39.135227
283,2,Triangle,2,Triangle,max_nhat,RELIABLE,RELIABLE,30.613609254771898,0.858996316103104,0.0014173439215701216,0,0.2925201668825357,2,2,True,136.7636970586797,0.5664761492205683,0.0009346856462139378,OOD,OOD,163.93413402401967,0.4310037398150097,0.000711156170694766,OOD,OOD,30.613609254771898,0.858996316103104,0.0014173439215701216,RELIABLE,RELIABLE,4459.265948561216,0.13800263275715824,0.0002277043440493111,OOD,OOD,-8.9670315,34.67214
284,2,Triangle,2,Triangle,max_nhat,RELIABLE,RELIABLE,26.568750201262944,0.8762013017776771,0.0014457321479331672,0,0.2324221315006787,2,2,True,122.87861598659269,0.6437791702769984,0.0010622356309570474,OOD,OOD,208.6623013917296,0.3578877354452979,0.0005905147634847416,OOD,OOD,26.568750201262944,0.8762013017776771,0.0014457321479331672,RELIABLE,RELIABLE,2712.298028123276,0.18208063789162074,0.0003004330525211742,OOD,OOD,-15.290183,29.872053
285,2,Triangle,2,Triangle,max_nhat,RELIABLE,RELIABLE,25.330069858342828,0.8552515501157743,0.0014111650576910276,0,0.14553397117350586,2,2,True,68.24035523186157,0.7097175789422684,0.0011710340052547429,OOD,OOD,162.2863916988209,0.4840510525317469,0.0007986842366773824,OOD,OOD,25.330069858342828,0.8552515501157743,0.0014111650576910276,RELIABLE,RELIABLE,3554.7737494991807,0.1860397701940521,0.000306965620820186,OOD,OOD,-14.113098,32.04274
286,2,Triangle,2,Triangle,max_nhat,RELIABLE,RELIABLE,21.907543869316715,0.8674124589459195,0.0014312305572607672,0,0.2990586732548638,2,2,True,138.7255920859187,0.5683537856910557,0.0009377837463902419,OOD,OOD,199.37208759959287,0.3689318135991027,0.0006087374924385195,OOD,OOD,21.907543869316715,0.8674124589459195,0.0014312305572607672,RELIABLE,RELIABLE,3665.7284656936245,0.2234938894368747,0.00036876491757084325,OOD,OOD,-3.6552708,33.163246
287,2,Triangle,2,Triangle,max_nhat,RELIABLE,RELIABLE,33.82183974010244,0.857805493214638,0.0014153790638041525,0,0.28809286142817814,2,2,True,121.45476527847858,0.5697126317864598,0.0009400258424476588,OOD,OOD,161.39173483703837,0.44335499050017774,0.0007315357343252932,OOD,OOD,33.82183974010244,0.857805493214638,0.0014153790638041525,RELIABLE,RELIABLE,3589.4757444644824,0.19635931811558047,0.0003239928748907078,OOD,OOD,-9.520941,32.276382
288,2,Triangle,2,Triangle,max_nhat,RELIABLE,RELIABLE,23.071102619432487,0.860378848406372,0.0014196250998705139,0,0.214559840684322,2,2,True,110.65450494024425,0.64581900772205,0.0010656013627413825,OOD,OOD,164.84687555546935,0.44261093390506073,0.0007303080409433502,OOD,OOD,23.071102619432487,0.860378848406372,0.0014196250998705139,RELIABLE,RELIABLE,3311.2266638395,0.12557662183818488,0.00020720142603300505,OOD,OOD,-10.846017,35.285934
289,2,Triangle,2,Triangle,max_nhat,UNRELIABLE,IDO,41.446504242664815,0.8673360719522822,0.0014311045187212657,0,0.2960321440887196,2,2,True,144.60463943423366,0.5713039278635627,0.0009426514809748784,OOD,OOD,145.40402179847587,0.5091408008940158,0.0008400823214751262,OOD,OOD,41.446504242664815,0.8673360719522822,0.0014311045187212657,UNRELIABLE,IDO,5090.65547800035,0.14401457152147148,0.00023762404301042796,OOD,OOD,-7.2850175,31.306269
290,2,Triangle,2,Triangle,max_nhat,RELIABLE,RELIABLE,28.324311031393524,0.8750447432373418,0.001443823826341614,0,0.23161343106976373,2,2,True,106.4398829423382,0.6434313121675781,0.0010616616650765038,OOD,OOD,172.4566327222308,0.4278075158995596,0.0007058824012342734,OOD,OOD,28.324311031393524,0.8750447432373418,0.001443823826341614,RELIABLE,RELIABLE,3627.485928643207,0.18113695701820146,0.0002988759790800324,OOD,OOD,-4.012507,33.851376
291,2,Triangle,2,Triangle,max_nhat,RELIABLE,RELIABLE,34.42127077190178,0.8643651495105331,0.0014262024966923796,0,0.3001495398219285,2,2,True,131.8325365662413,0.5642156096886046,0.0009309557559861976,OOD,OOD,170.48951962343176,0.42678659456152085,0.0007041978810265094,OOD,OOD,34.42127077190178,0.8643651495105331,0.0014262024966923796,RELIABLE,RELIABLE,3694.1068747178433,0.22627152984278442,0.0003733480242405943,OOD,OOD,-9.49307,41.814632
292,2,Triangle,2,Triangle,max_nhat,RELIABLE,RELIABLE,25.92155726680454,0.8598749668379567,0.0014187936952826286,0,0.22468853997632676,2,2,True,120.30240130321408,0.63518642686163,0.0010480576043216895,OOD,OOD,145.52100855124908,0.4995064160438899,0.0008241855864724183,OOD,OOD,25.92155726680454,0.8598749668379567,0.0014187936952826286,RELIABLE,RELIABLE,4063.950848670388,0.21607181017732016,0.00035651848679257826,OOD,OOD,-3.4678097,38.523026
293,2,Triangle,2,Triangle,max_nhat,RELIABLE,RELIABLE,21.3818269871711,0.8677123029767444,0.0014317252999116283,0,0.22084428979006987,2,2,True,119.95073086523595,0.6468680131866745,0.001067332221758013,OOD,OOD,214.69735600410968,0.3668058184924694,0.0006052296005125746,OOD,OOD,21.3818269871711,0.8677123029767444,0.0014317252999116283,RELIABLE,RELIABLE,2805.2059180905308,0.15882310752655876,0.00026205812741882193,OOD,OOD,-16.15464,37.365665
294,2,Triangle,2,Triangle,max_nhat,RELIABLE,RELIABLE,23.23190256175762,0.8589988965562191,0.0014173481793177615,0,0.21926382151883061,2,2,True,116.10839575046435,0.6397350750373885,0.0010555628738116909,OOD,OOD,169.12629772445084,0.43016123461296973,0.0007097660371114,OOD,OOD,23.23190256175762,0.8589988965562191,0.0014173481793177615,RELIABLE,RELIABLE,4103.701424720791,0.1792620827341687,0.00029578243651137833,OOD,OOD,-2.826485,36.866203
295,2,Triangle,2,Triangle,max_nhat,RELIABLE,RELIABLE,31.40173905032864,0.872143286115374,0.001439036422090367,0,0.29627505194156534,2,2,True,140.9238668337674,0.5758682341738086,0.0009501825863867842,OOD,OOD,141.83413901514083,0.5042201579861344,0.0008319632606771217,OOD,OOD,31.40173905032864,0.872143286115374,0.001439036422090367,RELIABLE,RELIABLE,3573.702046301971,0.17385563019281552,0.00028686178981814564,OOD,OOD,-11.6777,41.489998
296,2,Triangle,2,Triangle,max_nhat,RELIABLE,RELIABLE,36.38545963843966,0.8573337073593849,0.001414600617142985,0,0.21864100455430135,2,2,True,119.3381846065448,0.6386927028050835,0.0010538429596283878,OOD,OOD,176.4195216785113,0.42740470465038577,0.0007052177626731365,OOD,OOD,36.38545963843966,0.8573337073593849,0.001414600617142985,RELIABLE,RELIABLE,3742.789521650435,0.19037012727333197,0.00031411071000099776,OOD,OOD,-9.56082,39.7716
297,2,Triangle,2,Triangle,max_nhat,UNRELIABLE,IDO,42.47026787638334,0.8599927723504944,0.0014189880743783157,0,0.29918726966117815,2,2,True,147.6454456583762,0.5608055026893163,0.0009253290794373718,OOD,OOD,182.70689703795725,0.41791818860788,0.000689565011203002,OOD,OOD,42.47026787638334,0.8599927723504944,0.0014189880743783157,UNRELIABLE,IDO,5216.934412002675,0.14283652767008517,0.00023568027065564053,OOD,OOD,-5.096997,31.290642
298,2,Triangle,2,Triangle,max_nhat,RELIABLE,RELIABLE,27.20891254307468,0.8758331908350234,0.0014451247648777886,0,0.21873742811777708,2,2,True,90.23882296821388,0.6570957627172463,0.0010842080084834565,OOD,OOD,142.46277993165788,0.5216900418079651,0.0008607885689831424,OOD,OOD,27.20891254307468,0.8758331908350234,0.0014451247648777886,RELIABLE,RELIABLE,3793.0166582807897,0.15563563955631257,0.00025679880526791575,OOD,OOD,-10.255806,36.237583
299,2,Triangle,2,Triangle,max_nhat,RELIABLE,RELIABLE,23.258451935647624,0.8641781698890514,0.0014258939803169347,0,0.22065774737902355,2,2,True,121.77360385211239,0.6435204225100278,0.001061808697141546,OOD,OOD,153.94439818792503,0.5016444030458228,0.0008277132650256076,OOD,OOD,23.258451935647624,0.8641781698890514,0.0014258939803169347,RELIABLE,RELIABLE,3707.884682214235,0.18191577048519972,0.00030016102130057953,OOD,OOD,-3.8170068,38.12464
300,3,Square,3,Square,max_nhat,OOD,OOD,364.92203023294604,0.6571076225445383,0.0010842275771984881,0,0.2746451328020907,3,0,False,178.95791747462712,0.38246248974244756,0.0006310631080750385,OOD,OOD,250.91962729528112,0.3228396999112288,0.0005326855048535276,OOD,OOD,227.472216619089,0.23615654142602133,0.0003896582933529352,OOD,OOD,364.92203023294604,0.6571076225445383,0.0010842275771984881,OOD,OOD,29.590437,6.5270467
301,3,Square,3,Square,max_nhat,OOD,OOD,134.8462279666241,0.6991690615641973,0.0011536289515809257,1,0.3778863309128761,3,3,True,216.56370776275958,0.3052303999384431,0.0005036301598984311,OOD,OOD,259.1830066496107,0.32128273065132124,0.0005301165055746801,OOD,OOD,240.51040369292522,0.22830715076821403,0.00037670679876755317,OOD,OOD,134.8462279666241,0.6991690615641973,0.0011536289515809257,OOD,OOD,36.386467,8.500196
302,3,Square,3,Square,max_nhat,OOD,OOD,138.08238423344667,0.6602069494337311,0.0010893414665656563,0,0.3491243826793933,3,3,True,199.08906605409436,0.3110825667543379,0.0005132862351446575,OOD,OOD,299.19031682695646,0.2656408355885899,0.0004383073787211733,OOD,OOD,220.64608202333125,0.23529210948697113,0.00038823198065350236,OOD,OOD,138.08238423344667,0.6602069494337311,0.0010893414665656563,OOD,OOD,24.197575,3.6698842
303,3,Square,3,Square,max_nhat,OOD,OOD,187.0961858137021,0.7431273871164505,0.0012261601887421435,1,0.42473383407072424,3,3,True,215.6155256873107,0.30551307824381974,0.0005040965791023026,OOD,OOD,278.1289699618072,0.3183935530457263,0.0005253493625254484,OOD,OOD,231.76656014795998,0.2354983551386356,0.0003885722859787487,OOD,OOD,187.0961858137021,0.7431273871164505,0.0012261601887421435,OOD,OOD,31.52677,-0.2682905
304,3,Square,3,Square,max_nhat,OOD,OOD,904.0740155095766,0.6478698680414401,0.0010689852822683762,1,0.3227427237174259,3,0,False,200.07774560724042,0.30219558985113915,0.0004986227232543796,OOD,OOD,253.37967358636922,0.3251271443240142,0.0005364597881346234,OOD,OOD,258.60418602855833,0.15269579723872204,0.00025194806544389135,OOD,OOD,904.0740155095766,0.6478698680414401,0.0010689852822683762,OOD,OOD,31.13668,7.9268956
305,3,Square,3,Square,max_nhat,OOD,OOD,1210.650526091622,0.6750682398503683,0.0011138625957531078,1,0.2781331826103201,3,0,False,215.14248235749156,0.30567542758847155,0.000504364455520978,OOD,OOD,267.9313714961839,0.39693505724004824,0.0006549428444460796,OOD,OOD,291.6674576369548,0.08102494712944272,0.0001336911627635805,OOD,OOD,1210.650526091622,0.6750682398503683,0.0011138625957531078,OOD,OOD,32.57988,3.0095773
306,3,Square,3,Square,max_nhat,RELIABLE,RELIABLE,33.503315439053566,0.6891910686272754,0.0011371652632350044,1,0.3127685082060467,3,3,True,215.27989414768712,0.3070809826970339,0.0005066836214501059,OOD,OOD,260.6627540409502,0.37642256042122874,0.0006210972246950274,OOD,OOD,225.11929123591068,0.23244073715697036,0.0003835272163090011,OOD,OOD,33.503315439053566,0.6891910686272754,0.0011371652632350044,RELIABLE,RELIABLE,24.338478,9.448014
307,3,Square,3,Square,max_nhat,OOD,OOD,200.82595633642154,0.6265457716871459,0.0010338005232837907,0,0.24004197562751506,3,0,False,168.07476644897656,0.3865037960596308,0.0006377312634983909,OOD,OOD,269.14800659667134,0.3278604006074573,0.0005409696610023045,OOD,OOD,220.8946090050986,0.23500071883405826,0.00038775118607619615,OOD,OOD,200.82595633642154,0.6265457716871459,0.0010338005232837907,OOD,OOD,23.267756,-2.1587727
308,3,Square,3,Square,max_nhat,OOD,OOD,304.53440688537927,0.7451510784192502,0.0012294992793917628,1,0.3612017090616268,3,0,False,176.58933333187375,0.3783804507503116,0.0006243277437380141,OOD,OOD,218.9997291713335,0.3839493693576234,0.0006335164594400786,OOD,OOD,231.72127565651573,0.22926253216696635,0.0003782831780754945,OOD,OOD,304.53440688537927,0.7451510784192502,0.0012294992793917628,OOD,OOD,30.508814,11.052817
309,3,Square,3,Square,max_nhat,OOD,OOD,422.96108690818994,0.7209271137991631,0.0011895297377686191,0,0.3376129088957535,3,0,False,187.62309625450254,0.38331420490340956,0.0006324684380906258,OOD,OOD,289.93455912814096,0.31638857311259466,0.0005220411456357812,OOD,OOD,235.49643271510436,0.22842841039124187,0.0003769068771455491,OOD,OOD,422.96108690818994,0.7209271137991631,0.0011895297377686191,OOD,OOD,27.925596,2.1900163
310,3,Square,3,Square,max_nhat,OOD,OOD,594.6761118836674,0.6686112130794356,0.0011032085015810688,0,0.30346140639536656,3,0,False,178.30441841838692,0.36514980668406904,0.000602497181028714,OOD,OOD,259.73531481790076,0.3432346640345256,0.0005663371956569673,OOD,OOD,222.45399086439673,0.23389181343080273,0.0003859214921608245,OOD,OOD,594.6761118836674,0.6686112130794356,0.0011032085015810688,OOD,OOD,22.526842,-1.381983
311,3,Square,3,Square,max_nhat,OOD,OOD,422.90559757407226,0.6963599087241158,0.0011489938493947911,0,0.30941828006027067,3,0,False,180.1207791882567,0.3869416286638451,0.0006384536872953444,OOD,OOD,259.19472714262673,0.31161156029799036,0.0005141590744916841,OOD,OOD,228.62637352825251,0.22959403902415543,0.00037883016438985647,OOD,OOD,422.90559757407226,0.6963599087241158,0.0011489938493947911,OOD,OOD,29.051903,1.4412438
312,3,Square,3,Square,max_nhat,OOD,OOD,150.8136195665522,0.7185824890696987,0.0011856611069650028,1,0.4634376653940558,3,3,True,230.99187289706387,0.2288552005103231,0.00037761108084203313,OOD,OOD,296.6867117823854,0.2551448236756429,0.0004209889590648108,OOD,OOD,230.61616578287277,0.23012061128965797,0.00037969900862793566,OOD,OOD,150.8136195665522,0.7185824890696987,0.0011856611069650028,OOD,OOD,24.136751,5.172759
313,3,Square,3,Square,max_nhat,UNRELIABLE,IDO,43.86670544626093,0.6308981652763054,0.001040981972705904,1,0.23257371274343747,3,3,True,172.25482513518722,0.3844664949218926,0.0006343697166211228,OOD,OOD,231.014116725944,0.3983244525328679,0.000657235346679232,OOD,OOD,226.88948240668293,0.23993715653018538,0.0003958963082748059,OOD,OOD,43.86670544626093,0.6308981652763054,0.001040981972705904,UNRELIABLE,IDO,27.20174,11.823707
314,3,Square,3,Square,max_nhat,OOD,OOD,101.1315052716584,0.7319327171239107,0.0012076889832544526,1,0.39059656926983594,3,3,True,208.46414871409115,0.29434250859425504,0.0004856651391805208,OOD,OOD,269.0845867860002,0.3413361478540748,0.0005632046439592234,OOD,OOD,224.41858656508813,0.23692080282028033,0.0003909193246534625,OOD,OOD,101.1315052716584,0.7319327171239107,0.0012076889832544526,OOD,OOD,34.138508,8.221814
315,3,Square,3,Square,max_nhat,OOD,OOD,306.0754649565441,0.7249443430363367,0.0011961581660099555,1,0.3381079811262053,3,0,False,182.4159245062808,0.38103388558424656,0.0006287059112140068,OOD,OOD,225.9066224424387,0.3868363619101314,0.0006382799971517167,OOD,OOD,232.51105124589756,0.23202169683160598,0.00038283579977214986,OOD,OOD,306.0754649565441,0.7249443430363367,0.0011961581660099555,OOD,OOD,30.887716,11.236647
316,3,Square,3,Square,max_nhat,OOD,OOD,991.7539922603819,0.7374859674541018,0.001216851846299268,1,0.33731512017280324,3,0,False,199.58758674104607,0.3101102207651308,0.0005116818642624658,OOD,OOD,242.80786176929212,0.40017084728129854,0.0006602818980141426,OOD,OOD,236.11834998129837,0.23473950224542445,0.00038732017870495033,OOD,OOD,991.7539922603819,0.7374859674541018,0.001216851846299268,OOD,OOD,24.714006,-2.5966156
317,3,Square,3,Square,max_nhat,OOD,OOD,1342.0509403453955,0.6858974330739583,0.0011317307645720312,1,0.3656691219143786,3,0,False,228.27098116060938,0.23030108683642875,0.0003799967932801074,OOD,OOD,266.34358423716805,0.3202283111595797,0.0005283767134133065,OOD,OOD,262.07976654238354,0.154249745150028,0.0002545120794975462,OOD,OOD,1342.0509403453955,0.6858974330739583,0.0011317307645720312,OOD,OOD,21.691278,4.5036287
318,3,Square,3,Square,max_nhat,OOD,OOD,243.53368782721634,0.67930658449858,0.001120855864422657,0,0.36409749570959193,3,0,False,200.25059324922486,0.315209088788988,0.0005200949965018302,OOD,OOD,274.96287794606025,0.2409312422650661,0.0003975365497373591,OOD,OOD,225.3444768795269,0.24384168062283923,0.00040233877302768475,OOD,OOD,243.53368782721634,0.67930658449858,0.001120855864422657,OOD,OOD,31.862135,-1.4944258
319,3,Square,3,Square,max_nhat,OOD,OOD,424.19989354694275,0.6975393844000857,0.0011509399842601414,0,0.3185381899387506,3,0,False,189.59570085829915,0.37900119446133507,0.0006253519708612029,OOD,OOD,288.30474116230386,0.31542859367648873,0.0005204571795662064,OOD,OOD,258.39677637992503,0.153711550626305,0.00025362405853340326,OOD,OOD,424.19989354694275,0.6975393844000857,0.0011509399842601414,OOD,OOD,29.926224,1.0699425
320,3,Square,3,Square,max_nhat,OOD,OOD,557.1347457278737,0.7205761165342773,0.0011889505922815576,1,0.31801650893199845,3,0,False,187.7074993373368,0.3852064451769131,0.0006355906345419067,OOD,OOD,243.43439115377737,0.4025596076022789,0.0006642233525437602,OOD,OOD,265.4555503864419,0.0828420792273934,0.0001366894307251991,OOD,OOD,557.1347457278737,0.7205761165342773,0.0011889505922815576,OOD,OOD,34.381844,1.963967
321,3,Square,3,Square,max_nhat,OOD,OOD,283.9474404066306,0.717044666213373,0.0011831236992520654,1,0.3300312323576549,3,0,False,192.75375384262074,0.37517496559294783,0.000619038693228364,OOD,OOD,255.80078348246926,0.3870134338557181,0.0006385721658619349,OOD,OOD,222.5625965462038,0.230577226065159,0.00038045242300751235,OOD,OOD,283.9474404066306,0.717044666213373,0.0011831236992520654,OOD,OOD,24.169327,10.305156
322,3,Square,3,Square,max_nhat,RELIABLE,RELIABLE,35.69687093726122,0.7183912889164875,0.0011853456267122045,1,0.45914234506012797,3,3,True,217.601034404776,0.23311152208011246,0.00038463401143218557,OOD,OOD,275.22813552538025,0.25924894385635955,0.00042776075736299324,OOD,OOD,224.60592982836567,0.23487157880648774,0.00038753810503070477,OOD,OOD,35.69687093726122,0.7183912889164875,0.0011853456267122045,RELIABLE,RELIABLE,35.255447,8.854264
323,3,Square,3,Square,max_nhat,OOD,OOD,161.18255308625479,0.7547400219672574,0.0012453210362459747,1,0.43815940022641225,3,3,True,204.5664854479133,0.3040924037222259,0.0005017524661416727,OOD,OOD,254.6740506541865,0.31658062174084517,0.0005223580258723945,OOD,OOD,238.23953886578872,0.2287697838452224,0.00037747014334461697,OOD,OOD,161.18255308625479,0.7547400219672574,0.0012453210362459747,OOD,OOD,35.775265,7.0683603
324,3,Square,3,Square,max_nhat,RELIABLE,RELIABLE,27.97410980598021,0.7364201760627691,0.001215093290503569,1,0.42033423433671135,3,3,True,221.62438981108332,0.23414547061737925,0.00038634002651867576,OOD,OOD,261.28366702290305,0.31608594172605775,0.0005215418038479953,OOD,OOD,222.67298089068228,0.23547649798343392,0.000388536221672666,OOD,OOD,27.97410980598021,0.7364201760627691,0.001215093290503569,RELIABLE,RELIABLE,26.509735,6.330948
325,3,Square,3,Square,max_nhat,OOD,OOD,336.04819838559956,0.6491066892505907,0.0010710260372634745,1,0.2647990189878843,3,0,False,183.55568857917913,0.38365901213116466,0.0006330373700164217,OOD,OOD,256.9668494349473,0.38430767026270635,0.0006341076559334655,OOD,OOD,226.86910443687745,0.2312166711343073,0.000381507507371607,OOD,OOD,336.04819838559956,0.6491066892505907,0.0010710260372634745,OOD,OOD,32.79007,11.289353
326,3,Square,3,Square,max_nhat,OOD,OOD,84.8707186671876,0.7495774171943272,0.00123680273837064,0,0.36988018285722596,3,3,True,189.57888595047035,0.3796972343371013,0.0006265004366562171,OOD,OOD,293.109715722691,0.3214307274126532,0.0005303607002308778,OOD,OOD,237.01446718225378,0.22976522696504037,0.0003791126244923166,OOD,OOD,84.8707186671876,0.7495774171943272,0.00123680273837064,OOD,OOD,26.678085,3.0263298
327,3,Square,3,Square,max_nhat,RELIABLE,RELIABLE,23.45349481966657,0.7695534629185333,0.00126976321381558,0,0.38238032715494064,3,3,True,187.77429477558275,0.3871731357635927,0.000638835674009928,OOD,OOD,282.6352625580871,0.3223438925560579,0.0005318674227174956,OOD,OOD,223.36872151222317,0.2362961940552744,0.00038988872019120275,OOD,OOD,23.45349481966657,0.7695534629185333,0.00126976321381558,RELIABLE,RELIABLE,23.630245,8.480333
328,3,Square,3,Square,max_nhat,OOD,OOD,667.3396426667971,0.759325511064172,0.0012528870932558838,1,0.4399973843557537,3,0,False,235.52605343387233,0.3040489679339987,0.0005016807970910979,OOD,OOD,279.13150575390404,0.3193281267084183,0.0005268914090688902,OOD,OOD,238.1735934589831,0.22982810349626065,0.00037921637076883006,OOD,OOD,667.3396426667971,0.759325511064172,0.0012528870932558838,OOD,OOD,25.88113,2.2493107
329,3,Square,3,Square,max_nhat,OOD,OOD,1124.5021853847625,0.720452346026981,0.0011887463709445187,1,0.4038631718386752,3,0,False,231.46077752517857,0.22986922348994646,0.00037928421875841164,OOD,OOD,269.2123694752381,0.31658917418830584,0.0005223721374107047,OOD,OOD,237.81199244214764,0.23068344385175268,0.00038062768235539194,OOD,OOD,1124.5021853847625,0.720452346026981,0.0011887463709445187,OOD,OOD,37.48204,7.2280655
330,3,Square,3,Square,max_nhat,OOD,OOD,301.9734031194439,0.6633372108727646,0.0010945063979400616,1,0.27168077218743336,3,0,False,191.31966877110108,0.3847209167839309,0.0006347895126934859,OOD,OOD,266.71669888760294,0.3916564386853313,0.0006462331238307966,OOD,OOD,226.27828726453228,0.23402367315831488,0.00038613906071121955,OOD,OOD,301.9734031194439,0.6633372108727646,0.0010945063979400616,OOD,OOD,29.739805,13.51155
331,3,Square,3,Square,max_nhat,OOD,OOD,457.52440214684333,0.715454570558278,0.0011805000414211587,1,0.31649821679350176,3,0,False,186.46477537031384,0.37169481000613247,0.0006132964365101186,OOD,OOD,255.47092618747183,0.39895635376477623,0.0006582779837118808,OOD,OOD,213.90077930478606,0.23474122714570167,0.00038732302479040776,OOD,OOD,457.52440214684333,0.715454570558278,0.0011805000414211587,OOD,OOD,30.437834,12.570377
332,3,Square,3,Square,max_nhat,OOD,OOD,151.01367105735446,0.7722272607962815,0.0012741749803138645,1,0.37919118636850613,3,3,True,216.5853774957945,0.3058821481639187,0.0005047055444704658,OOD,OOD,260.66894497563584,0.39303607442777533,0.0006485095228058292,OOD,OOD,238.2509123600171,0.23001300275641437,0.0003795214545480837,OOD,OOD,151.01367105735446,0.7722272607962815,0.0012741749803138645,OOD,OOD,23.355425,-0.38491878
333,3,Square,3,Square,max_nhat,OOD,OOD,1798.9617577715321,0.7386383457148111,0.0012187532704294383,1,0.41402303994978584,3,2,False,259.09467116000343,0.23424840593954216,0.0003865098698002446,OOD,OOD,279.062578297383,0.3246153057650253,0.0005356152545122917,OOD,OOD,232.8479428787407,0.22816325934498868,0.0003764693779192313,OOD,OOD,1798.9617577715321,0.7386383457148111,0.0012187532704294383,OOD,OOD,27.361181,-2.352162
334,3,Square,3,Square,max_nhat,OOD,OOD,1733.5927666389994,0.6733068970737556,0.0011109563801716966,1,0.2809777078374054,3,0,False,205.00701833682382,0.3100888688741817,0.0005116466336423998,OOD,OOD,239.31764006948288,0.3923291892363502,0.0006473431622399778,OOD,OOD,248.76522213725252,0.15801179012906455,0.0002607194537129565,OOD,OOD,1733.5927666389994,0.6733068970737556,0.0011109563801716966,OOD,OOD,35.59766,1.1967653
335,3,Square,3,Square,max_nhat,RELIABLE,RELIABLE,31.753644625399602,0.6819657435959469,0.0011252434769333122,1,0.27829521332614265,3,3,True,171.9951878426136,0.382089273996538,0.0006304473020942878,OOD,OOD,230.54035639854615,0.4036705302698042,0.000666056374945177,OOD,OOD,220.90129996596596,0.22713164225568694,0.00037476720972188344,OOD,OOD,31.753644625399602,0.6819657435959469,0.0011252434769333122,RELIABLE,RELIABLE,27.227863,11.830846
336,3,Square,3,Square,max_nhat,OOD,OOD,223.86533531540124,0.695558660438984,0.0011476717897243235,1,0.29605874679039845,3,0,False,187.98659931654504,0.39256183257528976,0.0006477270237492281,OOD,OOD,233.11067291080516,0.3994999136485855,0.0006591748575201661,OOD,OOD,234.63193097514704,0.2338983022102895,0.0003859321986469777,OOD,OOD,223.86533531540124,0.695558660438984,0.0011476717897243235,OOD,OOD,23.822355,-1.1973188
337,3,Square,3,Square,max_nhat,OOD,OOD,388.5152752194409,0.7538355019591608,0.0012438285782326154,0,0.44775810203807453,3,0,False,192.38690732979228,0.3060773999210863,0.0005050277098697924,OOD,OOD,283.9673764165965,0.25358541213831637,0.00041841593002822197,OOD,OOD,212.7804113242921,0.2320023133428091,0.000382803817015635,OOD,OOD,388.5152752194409,0.7538355019591608,0.0012438285782326154,OOD,OOD,22.704662,5.451554
338,3,Square,3,Square,max_nhat,OOD,OOD,757.2243917181942,0.7184889731756446,0.0011855068057398136,0,0.3342929547423105,3,0,False,179.53846705865683,0.3841960184333341,0.0006339234304150013,OOD,OOD,245.53757657471294,0.34492616758762723,0.0005691281765195849,OOD,OOD,232.08904690716278,0.15809513320975616,0.00026085696979609766,OOD,OOD,757.2243917181942,0.7184889731756446,0.0011855068057398136,OOD,OOD,33.259476,-1.0864902
339,3,Square,3,Square,max_nhat,UNRELIABLE,IDO,42.58107781836891,0.6808137718561758,0.00112334272356269,1,0.2827806752842282,3,3,True,183.28161474598627,0.3825123835294949,0.0006311454328236666,OOD,OOD,247.1723316691011,0.3980330965719476,0.0006567546093437135,OOD,OOD,239.5247630165969,0.16378565281925206,0.0002702463271517659,OOD,OOD,42.58107781836891,0.6808137718561758,0.00112334272356269,UNRELIABLE,IDO,34.401127,4.1588664
340,3,Square,3,Square,max_nhat,OOD,OOD,242.0430524468052,0.6960680492846709,0.001148512281319707,1,0.29877623321192365,3,0,False,203.34441165397325,0.3102079747136955,0.0005118431582775975,OOD,OOD,236.24599239863673,0.3972918160727473,0.000655531496520033,OOD,OOD,217.68874306519976,0.23764051354741017,0.0003921068473532268,OOD,OOD,242.0430524468052,0.6960680492846709,0.001148512281319707,OOD,OOD,27.916363,7.6699
341,3,Square,3,Square,max_nhat,RELIABLE,RELIABLE,28.196124971209006,0.7212128465299913,0.0011900011967744856,1,0.4028755968701751,3,3,True,206.1286797378604,0.30413071171810574,0.0005018156743348745,OOD,OOD,269.7546519834948,0.3183372496598162,0.0005252564619386967,OOD,OOD,250.5293173795082,0.15803534859873933,0.00026075832518791987,OOD,OOD,28.196124971209006,0.7212128465299913,0.0011900011967744856,RELIABLE,RELIABLE,35.153492,5.579111
342,3,Square,3,Square,max_nhat,OOD,OOD,1206.535334481223,0.704424493376832,0.0011623004140717728,1,0.3774975202136035,3,2,False,228.3087323054277,0.21587277393485232,0.00035619007699250633,OOD,OOD,264.9772014426177,0.3269269731632285,0.000539429505719327,OOD,OOD,226.31227046695986,0.22834087977679954,0.0003767624516317192,OOD,OOD,1206.535334481223,0.704424493376832,0.0011623004140717728,OOD,OOD,37.50489,6.916003
343,3,Square,3,Square,max_nhat,OOD,OOD,88.78461112054894,0.6842769791285257,0.0011290570155620674,1,0.36196830312819156,3,3,True,193.54505472878935,0.3057966594928927,0.0005045644881632729,OOD,OOD,262.07144017407825,0.32230867600033414,0.0005318093154005513,OOD,OOD,225.74534461771955,0.22751127841148244,0.00037539360937894603,OOD,OOD,88.78461112054894,0.6842769791285257,0.0011290570155620674,OOD,OOD,26.935555,4.123678
344,3,Square,3,Square,max_nhat,OOD,OOD,1189.5840219458837,0.719754914501493,0.0011875956089274634,1,0.39145847088705665,3,0,False,226.35042289761404,0.23761289763025437,0.0003920612810899197,OOD,OOD,269.67746566087027,0.32829644361443633,0.0005416891319638199,OOD,OOD,233.95669983563425,0.23379214479097316,0.0003857570389051057,OOD,OOD,1189.5840219458837,0.719754914501493,0.0011875956089274634,OOD,OOD,37.521225,6.895505
345,3,Square,3,Square,max_nhat,OOD,OOD,129.54066884769352,0.732752889077064,0.0012090422669771557,1,0.4094049893665168,3,3,True,231.76315692637766,0.22501702356863704,0.0003712780888882511,OOD,OOD,274.57207961916754,0.3233478997105472,0.0005335240345224029,OOD,OOD,230.83543766143544,0.23114623746765153,0.00038139129182162505,OOD,OOD,129.54066884769352,0.732752889077064,0.0012090422669771557,OOD,OOD,22.824312,4.1080437
346,3,Square,3,Square,max_nhat,OOD,OOD,981.439716531641,0.6957282518500186,0.0011479516155525307,0,0.31632215955754717,3,0,False,186.43940247533092,0.37940609229247146,0.0006260200522825779,OOD,OOD,253.7523518859399,0.321802086950433,0.0005309734434682144,OOD,OOD,250.01035907300718,0.1577228921548993,0.00026024277205558385,OOD,OOD,981.439716531641,0.6957282518500186,0.0011479516155525307,OOD,OOD,35.174973,0.13947827
347,3,Square,3,Square,max_nhat,OOD,OOD,596.6755040406989,0.7624184574434812,0.001257990454781744,0,0.38449033773614294,3,0,False,191.26706636886766,0.3779281197073383,0.0006235813975171082,OOD,OOD,313.0342019722203,0.24172310541336348,0.00039884312393204975,OOD,OOD,234.67461714647317,0.22691233860482574,0.00037440535869796246,OOD,OOD,596.6755040406989,0.7624184574434812,0.001257990454781744,OOD,OOD,30.38306,-0.75802135
348,3,Square,3,Square,max_nhat,OOD,OOD,1320.0332613889864,0.6451957863158754,0.0010645730474211944,1,0.23777444528812164,3,0,False,181.5490937240432,0.31352257532646216,0.0005173122492886625,OOD,OOD,218.98465294956384,0.40742134102775374,0.0006722452126957936,OOD,OOD,218.99945248373578,0.2404277912716898,0.0003967058555982882,OOD,OOD,1320.0332613889864,0.6451957863158754,0.0010645730474211944,OOD,OOD,24.992851,-2.7602243
349,3,Square,3,Square,max_nhat,RELIABLE,RELIABLE,36.660502411420474,0.7076573337547025,0.0011676346006952592,1,0.2970945226689642,3,3,True,173.0709006659673,0.3774439254562951,0.000622782477002887,OOD,OOD,209.2179237472859,0.41056281108573833,0.0006774286382914683,OOD,OOD,225.52567561189719,0.23354895123330474,0.00038535576953495284,OOD,OOD,36.660502411420474,0.7076573337547025,0.0011676346006952592,RELIABLE,RELIABLE,29.199492,9.979923
350,3,Square,3,Square,max_nhat,OOD,OOD,446.3179156995343,0.6911287510962921,0.001140362439308882,1,0.28353091286124144,3,0,False,183.84158422027272,0.39025277413541387,0.0006439170773234328,OOD,OOD,237.67259423895646,0.4075978382350507,0.0006725364330878337,OOD,OOD,216.609352262743,0.22329285329929233,0.00036843320794383233,OOD,OOD,446.3179156995343,0.6911287510962921,0.001140362439308882,OOD,OOD,32.872486,12.380226
351,3,Square,3,Square,max_nhat,OOD,OOD,482.3899422088155,0.714794902424114,0.0011794115889997882,1,0.40185310493524384,3,0,False,228.03351286687726,0.30385765319325814,0.0005013651277688759,OOD,OOD,268.36924613226967,0.3129417974888702,0.0005163539658566358,OOD,OOD,258.37256513309575,0.15817992943297815,0.00026099688356441396,OOD,OOD,482.3899422088155,0.714794902424114,0.0011794115889997882,OOD,OOD,33.025806,3.905453
352,3,Square,3,Square,max_nhat,OOD,OOD,807.3055040431346,0.5884106019093605,0.0009708774931504448,1,0.24905522241554306,3,0,False,192.7763075390918,0.30234477449545266,0.0004988688779174969,OOD,OOD,274.3962644991694,0.3393553794938174,0.0005599363761647987,OOD,OOD,243.208520550509,0.15817029030454102,0.0002609809790024927,OOD,OOD,807.3055040431346,0.5884106019093605,0.0009708774931504448,OOD,OOD,29.42091,-0.10643075
353,3,Square,3,Square,max_nhat,OOD,OOD,1049.215070249044,0.7586404321772203,0.0012517567130924136,1,0.38518403483218644,3,0,False,244.9600241471572,0.22667079268823798,0.00037400680793559264,OOD,OOD,260.43722979734105,0.3734563973450339,0.0006162030556193059,OOD,OOD,275.13833700009195,0.15386335689756234,0.00025387453888097783,OOD,OOD,1049.215070249044,0.7586404321772203,0.0012517567130924136,OOD,OOD,30.53283,4.2421207
354,3,Square,3,Square,max_nhat,OOD,OOD,148.89498849114892,0.7409108305368864,0.0012225028703858627,1,0.4891583419338066,3,3,True,234.92873172854092,0.22921482005396213,0.0003782044530890375,OOD,OOD,301.96982475600396,0.25175248860307986,0.00041539160619508174,OOD,OOD,235.21609592411392,0.2282380131010006,0.00037659272161665096,OOD,OOD,148.89498849114892,0.7409108305368864,0.0012225028703858627,OOD,OOD,24.178373,5.204005
355,3,Square,3,Square,max_nhat,OOD,OOD,458.9120563384672,0.7525950151708305,0.0012417817750318702,0,0.36797052605186154,3,0,False,171.14732808028808,0.38462448911896896,0.0006346304070462988,OOD,OOD,272.04477822166996,0.32526788225239356,0.0005366920057164494,OOD,OOD,211.56331881486454,0.234521312542245,0.00038696016569470426,OOD,OOD,458.9120563384672,0.7525950151708305,0.0012417817750318702,OOD,OOD,31.23894,12.187853
356,3,Square,3,Square,max_nhat,OOD,OOD,250.86678846072613,0.6469330376588923,0.0010674395121371724,1,0.2532128668426545,3,0,False,183.80767374556402,0.3842192762330983,0.0006339618057846123,OOD,OOD,238.50013403554755,0.39372017081623784,0.0006496382818467924,OOD,OOD,239.51556016064504,0.22268547570846445,0.00036743103491896636,OOD,OOD,250.86678846072613,0.6469330376588923,0.0010674395121371724,OOD,OOD,27.565742,3.6474533
357,3,Square,3,Square,max_nhat,RELIABLE,RELIABLE,25.780020110106854,0.7521485936443729,0.0012410451795132154,1,0.43920111976624926,3,3,True,206.3902043391286,0.3039219457552184,0.0005014712104961104,OOD,OOD,265.64780335175914,0.31294747387812366,0.000516363331898904,OOD,OOD,251.68418820257278,0.1529125358284959,0.0002523056841170182,OOD,OOD,25.780020110106854,0.7521485936443729,0.0012410451795132154,RELIABLE,RELIABLE,35.176365,5.6408887
358,3,Square,3,Square,max_nhat,UNRELIABLE,IDO,45.79345449529495,0.646830879376877,0.001067270950971847,1,0.25245373404081795,3,3,True,179.15153690337377,0.39127080065854725,0.0006455968210866029,OOD,OOD,195.98578888227289,0.39437714533605905,0.0006507222898044974,OOD,OOD,236.46668346656907,0.23885690628929612,0.0003941138953773386,OOD,OOD,45.79345449529495,0.646830879376877,0.001067270950971847,UNRELIABLE,IDO,27.775755,10.862531
359,3,Square,3,Square,max_nhat,OOD,OOD,623.2230833173563,0.7408738967031178,0.0012224419295601442,1,0.3496486081610607,3,0,False,206.03673714340337,0.3061139849789105,0.0005050880752152023,OOD,OOD,244.98194719001327,0.39122528854205707,0.0006455217260943942,OOD,OOD,253.13874098267982,0.15849649444823327,0.0002615192158395849,OOD,OOD,623.2230833173563,0.7408738967031178,0.0012224419295601442,OOD,OOD,31.513971,10.556864
360,3,Square,3,Square,max_nhat,OOD,OOD,479.7170319822058,0.715146244736723,0.001179991303815593,1,0.38667275298366416,3,0,False,227.14213541185538,0.3043264251187778,0.0005021386014459834,OOD,OOD,279.5792259167271,0.3284734917530588,0.000541981261392547,OOD,OOD,229.15620890974716,0.23173938323412324,0.00038236998233630336,OOD,OOD,479.7170319822058,0.715146244736723,0.001179991303815593,OOD,OOD,24.633886,8.262164
361,3,Square,3,Square,max_nhat,OOD,OOD,302.74918935896966,0.715723231232868,0.0011809433315342322,1,0.38610476063031324,3,0,False,206.1421884548696,0.30242348929395274,0.000498998757335022,OOD,OOD,285.18862156248184,0.3296184706025547,0.0005438704764942153,OOD,OOD,230.3431735184645,0.22858947606601038,0.00037717263550891714,OOD,OOD,302.74918935896966,0.715723231232868,0.0011809433315342322,OOD,OOD,31.847992,12.25251
362,3,Square,3,Square,max_nhat,OOD,OOD,1164.5322827673583,0.7209905515725651,0.0011896344100947324,1,0.32848782158030004,3,0,False,209.38441394962663,0.3077099508690993,0.0005077214189340138,OOD,OOD,249.24155245855337,0.39250272999226504,0.0006476295044872373,OOD,OOD,269.16543461447037,0.15454953303764937,0.00025500672951212145,OOD,OOD,1164.5322827673583,0.7209905515725651,0.0011896344100947324,OOD,OOD,24.152754,-1.5795846
363,3,Square,3,Square,max_nhat,OOD,OOD,1208.5465551529016,0.707973497957433,0.0011681562716297645,1,0.302919652143103,3,0,False,203.0328459156773,0.3081272216652901,0.0005084099157477287,OOD,OOD,256.8972403957826,0.40505384581433,0.0006683388455936446,OOD,OOD,232.19174964310642,0.22891850754592677,0.0003777155374507792,OOD,OOD,1208.5465551529016,0.707973497957433,0.0011681562716297645,OOD,OOD,24.822128,-2.715565
364,3,Square,3,Square,max_nhat,OOD,OOD,459.4703386627659,0.7266389058822731,0.0011989541947057506,1,0.32472471070527187,3,0,False,210.22972208858636,0.31031191920755613,0.0005120146666924676,OOD,OOD,252.77583673281185,0.4019141951770012,0.000663158422042052,OOD,OOD,250.079171722557,0.15598572691511972,0.00025737644940994754,OOD,OOD,459.4703386627659,0.7266389058822731,0.0011989541947057506,OOD,OOD,25.642887,8.991569
365,3,Square,3,Square,max_nhat,OOD,OOD,667.5939129925005,0.6987177971874093,0.0011528843653592254,1,0.37171527558641837,3,0,False,210.53721081799515,0.3047381617311357,0.000502817966856374,OOD,OOD,258.2359507287335,0.32700252160099097,0.0005395541606416351,OOD,OOD,254.23721578718065,0.16372029753601786,0.00027013849093442946,OOD,OOD,667.5939129925005,0.6987177971874093,0.0011528843653592254,OOD,OOD,34.347275,0.98012954
366,3,Square,3,Square,max_nhat,OOD,OOD,1562.7515990281727,0.6920830405880934,0.0011419370169703541,1,0.3008926162838836,3,0,False,217.8463803218729,0.3054347177459425,0.0005039672842808051,OOD,OOD,240.37145650671383,0.39119042430420986,0.0006454642001019463,OOD,OOD,289.85667087979164,0.0804629573712681,0.00013276387966259238,OOD,OOD,1562.7515990281727,0.6920830405880934,0.0011419370169703541,OOD,OOD,33.28014,1.3371166
367,3,Square,3,Square,max_nhat,RELIABLE,RELIABLE,36.894786491727764,0.652118634182391,0.0010759957464009451,1,0.25756627631311974,3,3,True,190.97975251523312,0.3179279263178266,0.000524581078424414,OOD,OOD,227.18071186345253,0.3945523578692713,0.0006510113904842976,OOD,OOD,218.33024943305,0.24140360073507636,0.00039831594121287597,OOD,OOD,36.894786491727764,0.652118634182391,0.0010759957464009451,RELIABLE,RELIABLE,28.095207,8.696905
368,3,Square,3,Square,max_nhat,OOD,OOD,1183.1903295256975,0.7465171992539391,0.0012317533787689996,1,0.43228779468434947,3,0,False,238.63899531767964,0.23039474353195086,0.00038015132682771893,OOD,OOD,280.1383171756108,0.31422940456958964,0.0005184785175398229,OOD,OOD,241.38719923735212,0.2257673820234469,0.0003725161803386874,OOD,OOD,1183.1903295256975,0.7465171992539391,0.0012317533787689996,OOD,OOD,37.594784,7.1557565
369,3,Square,3,Square,max_nhat,OOD,OOD,535.1664971016589,0.6888032615288934,0.0011365253815226741,1,0.29455835298407496,3,0,False,204.6352201738904,0.3054439176387387,0.0005039824641039189,OOD,OOD,224.88265774532638,0.3942449085448184,0.0006505040990989504,OOD,OOD,262.1848660941984,0.15902775525876836,0.0002623957961769678,OOD,OOD,535.1664971016589,0.6888032615288934,0.0011365253815226741,OOD,OOD,30.43902,7.949275
370,3,Square,3,Square,max_nhat,OOD,OOD,304.81932341961226,0.7601651348409543,0.0012542724724875745,1,0.36983413550212124,3,0,False,170.36686522339542,0.3836981781944055,0.0006331019940207691,OOD,OOD,234.47563731691534,0.39033099933883303,0.0006440461489090745,OOD,OOD,207.46633822456772,0.23397318189504807,0.0003860557501268293,OOD,OOD,304.81932341961226,0.7601651348409543,0.0012542724724875745,OOD,OOD,29.65205,13.558618
371,3,Square,3,Square,max_nhat,OOD,OOD,309.61695212955635,0.7443105539374948,0.0012281124139968665,1,0.3558957147271307,3,0,False,176.31009492164029,0.3822175667669834,0.0006306589851655226,OOD,OOD,251.27869715955774,0.38841483921036407,0.0006408844846971007,OOD,OOD,218.25967988522567,0.22939486461192157,0.0003785015266096706,OOD,OOD,309.61695212955635,0.7443105539374948,0.0012281124139968665,OOD,OOD,29.616365,11.966809
372,3,Square,3,Square,max_nhat,OOD,OOD,283.0854517300963,0.7107908661909599,0.0011728049292150837,1,0.3114576054927248,3,0,False,189.58147603256072,0.3744939708043248,0.0006179150518271359,OOD,OOD,252.53420427210196,0.3993332606982351,0.0006588998801520879,OOD,OOD,225.64162717527756,0.22868188005922313,0.00037732510209771816,OOD,OOD,283.0854517300963,0.7107908661909599,0.0011728049292150837,OOD,OOD,26.005402,12.462932
373,3,Square,3,Square,max_nhat,OOD,OOD,168.39407417688946,0.6762439941443127,0.001115802590338116,1,0.2856258701376391,3,3,True,178.52735362879582,0.38440111717014047,0.0006342618433307317,OOD,OOD,229.5685662513248,0.39061812400667356,0.0006445199046110114,OOD,OOD,256.8647510319708,0.1617061114744313,0.00026681508393281165,OOD,OOD,168.39407417688946,0.6762439941443127,0.001115802590338116,OOD,OOD,33.228226,4.592378
374,3,Square,3,Square,max_nhat,OOD,OOD,783.3581593468575,0.6758527848633011,0.001115157095024447,1,0.3494135409311356,3,0,False,225.68091526683926,0.31093282837360964,0.0005130391668164559,OOD,OOD,255.4476918625267,0.32643924393216556,0.0005386247524880732,OOD,OOD,229.2820675434662,0.23323056534559433,0.0003848304328202306,OOD,OOD,783.3581593468575,0.6758527848633011,0.001115157095024447,OOD,OOD,24.941595,-0.88475573
375,3,Square,3,Square,max_nhat,OOD,OOD,460.6286551212176,0.7213547563409043,0.0011902353479624921,1,0.31700224542468475,3,0,False,191.75521060590472,0.3091617599591535,0.0005101169039326033,OOD,OOD,200.1599664325437,0.40435251091621954,0.0006671816430117622,OOD,OOD,250.84903214659388,0.1611876413849481,0.00026595960828516434,OOD,OOD,460.6286551212176,0.7213547563409043,0.0011902353479624921,OOD,OOD,30.758745,9.078295
376,3,Square,3,Square,max_nhat,UNRELIABLE,IDO,37.934703444972826,0.6533247673947972,0.0010779858662014153,1,0.2430580907037132,3,3,True,183.31604949545041,0.38179001832399034,0.000629953530234584,OOD,OOD,237.40737194314167,0.41026667669108396,0.0006769400165402886,OOD,OOD,219.8092463721956,0.23100604262368982,0.0003811599703290882,OOD,OOD,37.934703444972826,0.6533247673947972,0.0010779858662014153,UNRELIABLE,IDO,25.55654,11.009534
377,3,Square,3,Square,max_nhat,RELIABLE,RELIABLE,35.2178124723977,0.6930285727374954,0.0011434971450168675,1,0.3086337941693639,3,3,True,183.99123106049774,0.3795737604635717,0.0006262967047648933,OOD,OOD,238.58993989800675,0.38439477856813153,0.000634251384637417,OOD,OOD,229.55534744314727,0.2335474530160514,0.0003853532974764848,OOD,OOD,35.2178124723977,0.6930285727374954,0.0011434971450168675,RELIABLE,RELIABLE,25.538754,11.030917
378,3,Square,3,Square,max_nhat,OOD,OOD,64.66321038730617,0.7354078488773144,0.0012134229506475687,1,0.39966705020091764,3,3,True,210.96828933159256,0.31135863531219304,0.0005137417482651186,OOD,OOD,278.7814363460441,0.3357407986763967,0.0005539723178160546,OOD,OOD,235.34029064551518,0.23329384983662896,0.0003849348522304378,OOD,OOD,64.66321038730617,0.7354078488773144,0.0012134229506475687,OOD,OOD,34.315044,8.120794
379,3,Square,3,Square,max_nhat,OOD,OOD,1445.8250392575496,0.6987709387801996,0.0011529720489873293,1,0.3711207758326249,3,0,False,208.4110203345463,0.30660113398520755,0.0005058918710755925,OOD,OOD,274.1959828126416,0.32765016294757465,0.0005406227688634982,OOD,OOD,261.81074452923787,0.1607676233174291,0.00026526657847375805,OOD,OOD,1445.8250392575496,0.6987709387801996,0.0011529720489873293,OOD,OOD,29.990734,4.2814655
380,3,Square,3,Square,max_nhat,OOD,OOD,409.9196640952078,0.7749362102891083,0.0012786447469770286,1,0.4616713759672685,3,0,False,217.06178189734445,0.3012735520266583,0.0004971013608439862,OOD,OOD,305.1145045421553,0.3132648343218398,0.0005168869766310357,OOD,OOD,239.86439316665755,0.23071477168642784,0.0003806793732826059,OOD,OOD,409.9196640952078,0.7749362102891083,0.0012786447469770286,OOD,OOD,29.414412,0.79890317
381,3,Square,3,Square,max_nhat,RELIABLE,RELIABLE,24.972089398800918,0.721200881002058,0.0011899814536533958,1,0.4008194736224906,3,3,True,228.82752408919583,0.2324206324712815,0.00038349404357761446,OOD,OOD,269.6667466656596,0.32038140737956744,0.0005286293221762863,OOD,OOD,229.6682103138106,0.23210245589509368,0.0003829690522269046,OOD,OOD,24.972089398800918,0.721200881002058,0.0011899814536533958,RELIABLE,RELIABLE,26.4986,6.3791947
382,3,Square,3,Square,max_nhat,RELIABLE,RELIABLE,15.59201585865731,0.8267661083108907,0.0013641640787129697,1,0.5001908649026767,3,3,True,226.57032526275586,0.2303882147059928,0.0003801405542648881,OOD,OOD,266.5590902898834,0.3265752434082139,0.000538849151623553,OOD,OOD,232.57934607275672,0.2326999334317318,0.00038395489016235744,OOD,OOD,15.59201585865731,0.8267661083108907,0.0013641640787129697,RELIABLE,RELIABLE,34.966568,6.86258
383,3,Square,3,Square,max_nhat,RELIABLE,RELIABLE,33.70150803180849,0.6981431829682105,0.0011519362518975474,1,0.2939582762589376,3,3,True,172.52557866663963,0.38506291934493136,0.0006353538169191368,OOD,OOD,215.1950001390053,0.40418490670927293,0.0006669050960703003,OOD,OOD,243.10942318810433,0.15871548922137155,0.00026188055721526306,OOD,OOD,33.70150803180849,0.6981431829682105,0.0011519362518975474,RELIABLE,RELIABLE,32.29938,5.8534613
384,3,Square,3,Square,max_nhat,OOD,OOD,834.2779633489589,0.6828748219858711,0.0011267434562766874,0,0.38139241241974603,3,2,False,243.2351866473689,0.3014824095661251,0.0004974459757841064,OOD,OOD,293.40669254421425,0.24859685282506053,0.00041018480716134987,OOD,OOD,239.0742497760791,0.23162256897135688,0.00038217723880273885,OOD,OOD,834.2779633489589,0.6828748219858711,0.0011267434562766874,OOD,OOD,30.898865,-2.4566326
385,3,Square,3,Square,max_nhat,OOD,OOD,288.89588524991467,0.7146363688711997,0.0011791500086374795,1,0.40028998875528427,3,0,False,216.0352805562307,0.3055370908600845,0.0005041361999191395,OOD,OOD,279.8951965149419,0.3143463801159155,0.0005186715271912605,OOD,OOD,228.92572982700136,0.2266637499985323,0.0003739951874975783,OOD,OOD,288.89588524991467,0.7146363688711997,0.0011791500086374795,OOD,OOD,29.629293,5.2776628
386,3,Square,3,Square,max_nhat,OOD,OOD,1593.0479387406333,0.686611086467945,0.0011329082926721092,1,0.36458741278547213,3,0,False,211.71143836050766,0.29308514261101676,0.00048359048530817765,OOD,OOD,273.0127648460733,0.32202367368247287,0.0005313390615760802,OOD,OOD,272.7712322713689,0.15515809203300604,0.00025601085185445995,OOD,OOD,1593.0479387406333,0.686611086467945,0.0011329082926721092,OOD,OOD,31.08895,3.0151603
387,3,Square,3,Square,max_nhat,OOD,OOD,303.2871294943904,0.6512719804949271,0.0010745987678166297,1,0.2509163557423123,3,0,False,185.3686080495897,0.38461548854563143,0.0006346155561002918,OOD,OOD,251.25937786104151,0.40035562475261477,0.0006605867808418144,OOD,OOD,230.75966687820514,0.23621444699584968,0.00038975383754315197,OOD,OOD,303.2871294943904,0.6512719804949271,0.0010745987678166297,OOD,OOD,31.24774,13.07523
388,3,Square,3,Square,max_nhat,RELIABLE,RELIABLE,19.055108920324702,0.744894794730747,0.0012290764113057327,1,0.3546257236906095,3,3,True,206.416801782659,0.30661229599031636,0.000505910288384022,OOD,OOD,245.42565757839776,0.3902690710401375,0.0006439439672162269,OOD,OOD,251.02330009936006,0.16105211595790495,0.00026573599133054317,OOD,OOD,19.055108920324702,0.744894794730747,0.0012290764113057327,RELIABLE,RELIABLE,32.129772,4.66951
389,3,Square,3,Square,max_nhat,OOD,OOD,653.7169746896758,0.6781323987467209,0.0011189184579320896,0,0.36970688810881175,3,2,False,224.77160018848176,0.3084255106379092,0.0005089020925525501,OOD,OOD,302.73739855607243,0.25720591068729975,0.00042438975263404456,OOD,OOD,224.20318934663763,0.23229646387624805,0.0003832891653958093,OOD,OOD,653.7169746896758,0.6781323987467209,0.0011189184579320896,OOD,OOD,25.510532,1.5820935
390,3,Square,3,Square,max_nhat,OOD,OOD,149.26933304993068,0.7443734701831364,0.001228216225802175,1,0.41998884178355445,3,3,True,215.69835435810924,0.3058116408409173,0.0005045892073875135,OOD,OOD,284.1874759436938,0.32438462839958193,0.0005352346368593102,OOD,OOD,224.89988875018167,0.22803467740839478,0.0003762572177238514,OOD,OOD,149.26933304993068,0.7443734701831364,0.001228216225802175,OOD,OOD,22.548004,6.881054
391,3,Square,3,Square,max_nhat,OOD,OOD,434.3214654493063,0.6510307555286192,0.0010742007466222217,0,0.263589430905194,3,0,False,187.4157179206343,0.38744132462342523,0.0006392781856286516,OOD,OOD,291.03552621037454,0.32212145896802263,0.0005315004072972373,OOD,OOD,234.09284233267712,0.2355622126856557,0.00038867765093133187,OOD,OOD,434.3214654493063,0.6510307555286192,0.0010742007466222217,OOD,OOD,27.946829,2.1256268
392,3,Square,3,Square,max_nhat,OOD,OOD,429.99991151398467,0.6053762936777101,0.0009988708845682216,0,0.21753485143310675,3,0,False,185.9318459615411,0.3878414422446033,0.0006399383797035954,OOD,OOD,274.06817325766616,0.3197747164152156,0.0005276282820851057,OOD,OOD,226.19565666336516,0.2318819791117537,0.0003826052655343936,OOD,OOD,429.99991151398467,0.6053762936777101,0.0009988708845682216,OOD,OOD,28.38644,0.6254226
393,3,Square,3,Square,max_nhat,OOD,OOD,154.1684038722847,0.6976341810078889,0.0011510963986630166,1,0.37434394411071176,3,3,True,210.59788125060447,0.30207589217681063,0.0004984252220917375,OOD,OOD,284.7574951669798,0.3232902368971771,0.0005334288908803422,OOD,OOD,222.22052959410928,0.22966309811552663,0.00037894411189061893,OOD,OOD,154.1684038722847,0.6976341810078889,0.0011510963986630166,OOD,OOD,22.547096,6.8791437
394,3,Square,3,Square,max_nhat,OOD,OOD,1003.9822438851197,0.7348801219114277,0.0012125522011538557,0,0.432961067354105,3,0,False,237.59300418838754,0.3019190545573227,0.0004981664400195825,OOD,OOD,314.8395794881879,0.24563540770338155,0.00040529842271057955,OOD,OOD,238.1796132439585,0.228194796060123,0.0003765214134992029,OOD,OOD,1003.9822438851197,0.7348801219114277,0.0012125522011538557,OOD,OOD,28.216286,-0.5634576
395,3,Square,3,Square,max_nhat,RELIABLE,RELIABLE,28.28790660742923,0.7132079599236333,0.001176793133873995,0,0.3364693127439082,3,3,True,188.01025631725852,0.3767386471797251,0.0006216187678465464,OOD,OOD,298.5433166481096,0.32011640961899596,0.0005281920758713433,OOD,OOD,225.5296597189902,0.22804844030390375,0.0003762799265014412,OOD,OOD,28.28790660742923,0.7132079599236333,0.001176793133873995,RELIABLE,RELIABLE,23.540628,8.509521
396,3,Square,3,Square,max_nhat,RELIABLE,RELIABLE,26.439731459348824,0.7096543877204896,0.0011709297397388078,0,0.4034649061118038,3,3,True,204.58696794372977,0.3061894816086858,0.0005052126446543315,OOD,OOD,306.07747545505975,0.2502848210086819,0.0004129699546643251,OOD,OOD,234.96854097401217,0.23504707880197775,0.00038782768002326327,OOD,OOD,26.439731459348824,0.7096543877204896,0.0011709297397388078,RELIABLE,RELIABLE,25.684324,5.424048
397,3,Square,3,Square,max_nhat,OOD,OOD,377.16735849218145,0.7005911778890386,0.0011559754435169136,0,0.3128860599048742,3,0,False,172.86451294894053,0.38770511798416435,0.0006397134446738712,OOD,OOD,258.3634358337188,0.328699952221773,0.0005423549211659254,OOD,OOD,227.33021471791574,0.23628749841413674,0.00038987437238332563,OOD,OOD,377.16735849218145,0.7005911778890386,0.0011559754435169136,OOD,OOD,28.689606,5.761625
398,3,Square,3,Square,max_nhat,RELIABLE,RELIABLE,33.766603411061794,0.6999180714974428,0.0011548648179707805,1,0.3708201692222291,3,3,True,208.41453100943298,0.2989276278269054,0.0004932305859143939,OOD,OOD,269.4528149371752,0.3290979022752137,0.0005430115387541026,OOD,OOD,237.02203038995972,0.23638780252805025,0.0003900398741712829,OOD,OOD,33.766603411061794,0.6999180714974428,0.0011548648179707805,RELIABLE,RELIABLE,35.147503,7.6142416
399,3,Square,3,Square,max_nhat,OOD,OOD,758.9444294380475,0.7027175317809291,0.001159483927438533,1,0.43677849208629677,3,2,False,257.6733437322604,0.23622257770212232,0.0003897672532085018,OOD,OOD,289.79049450334037,0.26593903969463234,0.0004387994154961433,OOD,OOD,227.91838486647478,0.23526149161776833,0.0003881814611693177,OOD,OOD,758.9444294380475,0.7027175317809291,0.001159483927438533,OOD,OOD,23.363241,2.7603145
400,3,Square,3,Square,max_nhat,OOD,OOD,1610.8667025778009,0.6880221726384683,0.0011352365848534727,1,0.3710221888493928,3,0,False,214.50483739151113,0.306093370375658,0.0005050540611198357,OOD,OOD,289.9677310015027,0.3169999837890755,0.0005230499732519746,OOD,OOD,276.6853823403642,0.15797664888075238,0.00026066147065324145,OOD,OOD,1610.8667025778009,0.6880221726384683,0.0011352365848534727,OOD,OOD,30.233065,1.5500358
401,3,Square,3,Square,max_nhat,OOD,OOD,623.8807408052693,0.674670155337439,0.0011132057563067743,0,0.3641298864104829,3,0,False,218.41073010465942,0.31054026892695613,0.0005123914437294776,OOD,OOD,272.5987256434252,0.2580678766437077,0.00042581199646211774,OOD,OOD,230.93048056706184,0.23403694754763193,0.0003861609634535927,OOD,OOD,623.8807408052693,0.674670155337439,0.0011132057563067743,OOD,OOD,31.080353,-2.3153512
402,3,Square,3,Square,max_nhat,OOD,OOD,500.22922524836827,0.7154494193289074,0.0011804915418926973,1,0.3197913244892946,3,0,False,195.62521037766982,0.38626878426940026,0.0006373434940445104,OOD,OOD,247.46202529571846,0.3956580948396128,0.0006528358564853611,OOD,OOD,275.6031372941913,0.08421738900355881,0.00013895869185587202,OOD,OOD,500.22922524836827,0.7154494193289074,0.0011804915418926973,OOD,OOD,34.305813,2.1223414
403,3,Square,3,Square,max_nhat,OOD,OOD,160.90667310556665,0.7110210310402604,0.0011731847012164296,1,0.3829168949875542,3,3,True,235.8874017172811,0.2188776054147385,0.0003611480489343185,OOD,OOD,277.6888087031032,0.32810413605270616,0.0005413718244869652,OOD,OOD,227.4506380574384,0.23174906290747005,0.0003823859537973256,OOD,OOD,160.90667310556665,0.7110210310402604,0.0011731847012164296,OOD,OOD,22.814596,4.0041265
404,3,Square,3,Square,max_nhat,OOD,OOD,748.934574683577,0.7208231232083251,0.0011893581532937364,0,0.3403469438266086,3,0,False,197.54867904163677,0.3804761793817165,0.0006277856959798322,OOD,OOD,267.88188633319095,0.3204087068200296,0.0005286743662530489,OOD,OOD,252.21992687588747,0.1570231577323003,0.0002590882102582955,OOD,OOD,748.934574683577,0.7208231232083251,0.0011893581532937364,OOD,OOD,33.19083,-1.099872
405,3,Square,3,Square,max_nhat,OOD,OOD,322.20194183631247,0.6962013798825839,0.0011487322768062634,1,0.29608706843902716,3,0,False,176.37303812527463,0.36966413173801427,0.0006099458173677235,OOD,OOD,220.32586373771994,0.40011431144355675,0.0006601886138818687,OOD,OOD,223.91043724194694,0.23048283524248364,0.000380296678150098,OOD,OOD,322.20194183631247,0.6962013798825839,0.0011487322768062634,OOD,OOD,30.624094,11.091666
406,3,Square,3,Square,max_nhat,OOD,OOD,579.1788319878151,0.7291718547658387,0.0012031335603636339,0,0.3539617478236233,3,0,False,186.82916597442662,0.3752101069422154,0.0006190966764546554,OOD,OOD,258.36150276872223,0.32396122676574374,0.0005345360241634772,OOD,OOD,235.5098685274985,0.23100769084261571,0.00038116268989031593,OOD,OOD,579.1788319878151,0.7291718547658387,0.0012031335603636339,OOD,OOD,22.497787,-1.3205961
407,3,Square,3,Square,max_nhat,OOD,OOD,490.22125197224136,0.684974636504449,0.0011302081502323408,0,0.30489862209262203,3,0,False,185.894097888865,0.380076014411827,0.0006271254237795145,OOD,OOD,273.54081759346695,0.31648792378064833,0.0005222050742380698,OOD,OOD,224.0566142565698,0.2320908075652282,0.00038294983248262656,OOD,OOD,490.22125197224136,0.684974636504449,0.0011302081502323408,OOD,OOD,32.13063,13.084231
408,3,Square,3,Square,max_nhat,OOD,OOD,134.3900741019298,0.6459352660677552,0.001065793189011796,1,0.32470214035585493,3,3,True,198.8443201350564,0.3092129440370408,0.0005102013576611174,OOD,OOD,253.1260790069089,0.32123312571190027,0.0005300346574246354,OOD,OOD,238.54969761500672,0.238367484144686,0.0003933063488387319,OOD,OOD,134.3900741019298,0.6459352660677552,0.001065793189011796,OOD,OOD,27.092382,5.4184923
409,3,Square,3,Square,max_nhat,OOD,OOD,168.94251597310688,0.7019008177325288,0.0011581363492586725,1,0.29722663169851843,3,3,True,175.53770744691136,0.3877062412149339,0.0006397152980046409,OOD,OOD,209.08411371100158,0.40467418603401034,0.000667712406956117,OOD,OOD,229.28492715263616,0.22732940468477447,0.00037509351772987786,OOD,OOD,168.94251597310688,0.7019008177325288,0.0011581363492586725,OOD,OOD,23.360373,-2.9409962
410,3,Square,3,Square,max_nhat,OOD,OOD,314.29342759182566,0.7607734804241459,0.0012552762426998407,0,0.3823614551401884,3,0,False,178.97563503084703,0.37841202528395756,0.0006243798417185299,OOD,OOD,275.7415485901748,0.30937585741747226,0.0005104701647388292,OOD,OOD,227.2527577381146,0.22890578945747322,0.0003776945526048308,OOD,OOD,314.29342759182566,0.7607734804241459,0.0012552762426998407,OOD,OOD,28.09777,4.350246
411,3,Square,3,Square,max_nhat,OOD,OOD,1317.4911793826823,0.7400441636709482,0.0012210728700570645,1,0.414312909228228,3,0,False,206.40132757979418,0.3119911128700132,0.0005147853362355218,OOD,OOD,286.6206786355931,0.32573125444272016,0.0005374565698304883,OOD,OOD,235.95956492319513,0.23014455695752847,0.000379738518979922,OOD,OOD,1317.4911793826823,0.7400441636709482,0.0012210728700570645,OOD,OOD,28.775633,0.3490578
412,3,Square,3,Square,max_nhat,RELIABLE,RELIABLE,27.636924398037333,0.7123336202081614,0.0011753504733434663,1,0.3237276592478304,3,3,True,186.26344891255326,0.3828434853117968,0.0006316917507644647,OOD,OOD,226.43236038017932,0.38860596096033095,0.0006411998355845461,OOD,OOD,256.10996002190626,0.15269521609988315,0.0002519471065648072,OOD,OOD,27.636924398037333,0.7123336202081614,0.0011753504733434663,RELIABLE,RELIABLE,32.340603,5.917575
413,3,Square,3,Square,max_nhat,OOD,OOD,793.6309074007555,0.7576532214336279,0.001250127815365486,1,0.36857192351402945,3,0,False,192.45750569162394,0.37207273437771005,0.0006139200117232216,OOD,OOD,243.88184272399687,0.38908129791959845,0.0006419841415673375,OOD,OOD,248.02146795777972,0.15479512769248258,0.00025541196069259626,OOD,OOD,793.6309074007555,0.7576532214336279,0.001250127815365486,OOD,OOD,34.299232,-0.07440662
414,3,Square,3,Square,max_nhat,OOD,OOD,383.96470330653864,0.7075935781476076,0.0011675294039435525,0,0.3210905000543722,3,0,False,188.7340379725561,0.3865030780932354,0.0006377300788538385,OOD,OOD,321.13683389300576,0.2498341368504241,0.00041222632580319976,OOD,OOD,236.36155484991545,0.23713282210405137,0.00039126915647168475,OOD,OOD,383.96470330653864,0.7075935781476076,0.0011675294039435525,OOD,OOD,27.218609,1.0042338
