sample_index,true_label,true_class_name,pred_label,pred_class_name,winner_rule,status,status_legacy,best_d2,best_N_hat,best_I_ML,second_label,winner_margin,winner_by_nhat,winner_by_d2,winner_agreement,class_0_d2,class_0_N_hat,class_0_I_ML,class_0_zone,class_0_status_legacy,class_1_d2,class_1_N_hat,class_1_I_ML,class_1_zone,class_1_status_legacy,class_2_d2,class_2_N_hat,class_2_I_ML,class_2_zone,class_2_status_legacy,class_3_d2,class_3_N_hat,class_3_I_ML,class_3_zone,class_3_status_legacy,class_4_d2,class_4_N_hat,class_4_I_ML,class_4_zone,class_4_status_legacy,class_7_d2,class_7_N_hat,class_7_I_ML,class_7_zone,class_7_status_legacy
0,0,Digit 0,0,Digit 0,max_nhat,RELIABLE,RELIABLE,17.403057919099297,0.8692999586711333,0.0008519139594977106,4,0.11711145089087538,0,0,True,17.403057919099297,0.8692999586711333,0.0008519139594977106,RELIABLE,RELIABLE,814.115665880241,0.696437670139587,0.0006825089167367953,OOD,OOD,59.29593325468864,0.7069782022698263,0.0006928386382244298,RELIABLE,RELIABLE,64.71238800281846,0.7256312599004466,0.0007111186347024377,UNRELIABLE,IDO,343.7963666150432,0.7521885077802579,0.0007371447376246528,OOD,OOD,709.7053287822962,0.6731126695244554,0.0006596504161339663,OOD,OOD
1,0,Digit 0,0,Digit 0,max_nhat,RELIABLE,RELIABLE,20.19989457198643,0.8600471388079781,0.0008428461960318186,2,0.09985861236638527,0,0,True,20.19989457198643,0.8600471388079781,0.0008428461960318186,RELIABLE,RELIABLE,585.9482618433341,0.6325310966243176,0.0006198804746918313,OOD,OOD,48.491420092330245,0.7601885264415928,0.000744984755912761,RELIABLE,RELIABLE,49.36835356377323,0.7505760421803315,0.0007355645213367248,RELIABLE,RELIABLE,111.63369568373766,0.7584769199123212,0.0007433073815140748,OOD,OOD,284.57758915300604,0.7042918036973841,0.0006902059676234364,OOD,OOD
2,0,Digit 0,0,Digit 0,max_nhat,RELIABLE,RELIABLE,34.210558020284076,0.8186021059003517,0.0008022300637823446,3,0.09407204483280407,0,0,True,34.210558020284076,0.8186021059003517,0.0008022300637823446,RELIABLE,RELIABLE,1575.4893065765214,0.6063051173275323,0.0005941790149809816,OOD,OOD,92.06103034574788,0.704123569097354,0.0006900410977154069,OOD,OOD,135.23918541393186,0.7245300610675476,0.0007100394598461966,OOD,OOD,137.5525265135486,0.654193543524682,0.0006411096726541883,OOD,OOD,456.1452930329673,0.6137006033457971,0.0006014265912788812,OOD,OOD
3,0,Digit 0,0,Digit 0,max_nhat,RELIABLE,RELIABLE,17.946550917849166,0.8726474677473027,0.0008551945183923567,2,0.03611167707164631,0,0,True,17.946550917849166,0.8726474677473027,0.0008551945183923567,RELIABLE,RELIABLE,322.33667355241795,0.6478181940422042,0.0006348618301613601,OOD,OOD,32.195972917984676,0.8365357906756564,0.0008198050748621432,RELIABLE,RELIABLE,43.08382938803969,0.8061232951421273,0.0007900008292392848,RELIABLE,RELIABLE,51.175816257915876,0.7876804357731004,0.0007719268270576384,RELIABLE,RELIABLE,139.37376402183298,0.6912151261281522,0.0006773908236055892,OOD,OOD
4,0,Digit 0,0,Digit 0,max_nhat,RELIABLE,RELIABLE,24.6779023505197,0.838964448557261,0.0008221851595861158,2,0.0075470188217586776,0,0,True,24.6779023505197,0.838964448557261,0.0008221851595861158,RELIABLE,RELIABLE,236.41138067523983,0.7489053482159821,0.0007339272412516624,OOD,OOD,28.66587585226415,0.8314174297355024,0.0008147890811407923,RELIABLE,RELIABLE,30.186093462510165,0.8274364423806582,0.000810887713533045,RELIABLE,RELIABLE,47.45625318396411,0.8215859756207194,0.000805154256108305,RELIABLE,RELIABLE,70.04147407465396,0.7736884217514685,0.000758214653316439,UNRELIABLE,IDO
5,0,Digit 0,0,Digit 0,max_nhat,RELIABLE,RELIABLE,14.169029172939371,0.8843840264573347,0.000866696345928188,3,0.10122993437619654,0,0,True,14.169029172939371,0.8843840264573347,0.000866696345928188,RELIABLE,RELIABLE,619.7594866124713,0.6600583615689336,0.0006468571943375549,OOD,OOD,41.80405245457521,0.7717596949216162,0.0007563245010231838,RELIABLE,RELIABLE,46.59931937470828,0.7831540920811382,0.0007674910102395154,RELIABLE,RELIABLE,212.901145836141,0.7510420618688127,0.0007360212206314364,OOD,OOD,386.06238219373216,0.7076214857703402,0.0006934690560549334,OOD,OOD
6,0,Digit 0,0,Digit 0,max_nhat,OOD,OOD,89.27502059757128,0.7611951911855767,0.0007459712873618651,4,0.05801668827832496,0,2,False,89.27502059757128,0.7611951911855767,0.0007459712873618651,OOD,OOD,1310.0937954715919,0.6609624663493644,0.0006477432170223771,OOD,OOD,85.69470779901181,0.6606133330078932,0.0006474010663477353,OOD,OOD,171.0175291801695,0.6609428729924064,0.0006477240155325582,OOD,OOD,440.9845201657043,0.7031785029072517,0.0006891149328491067,OOD,OOD,1081.7326247859992,0.6409904993128248,0.0006281706893265683,OOD,OOD
7,0,Digit 0,0,Digit 0,max_nhat,RELIABLE,RELIABLE,31.566775728479627,0.856589503887177,0.0008394577138094335,2,0.14084954351818313,0,0,True,31.566775728479627,0.856589503887177,0.0008394577138094335,RELIABLE,RELIABLE,861.9191367420807,0.6683695963074067,0.0006550022043812585,OOD,OOD,61.10360282149038,0.7157399603689939,0.000701425161161614,RELIABLE,RELIABLE,82.39597169356006,0.714748812951932,0.0007004538366928934,UNRELIABLE,IDO,222.9063489771502,0.695201590149026,0.0006812975583460455,OOD,OOD,568.9582077114579,0.6454924954202742,0.0006325826455118687,OOD,OOD
8,0,Digit 0,2,Digit 2,max_nhat,RELIABLE,RELIABLE,39.260609732104186,0.8264694235044994,0.0008099400350344094,0,0.020790595826400526,2,0,False,37.989512264756044,0.8056788276780988,0.0007895652511245368,RELIABLE,RELIABLE,408.8317575939501,0.6771834053820239,0.0006636397372743834,OOD,OOD,39.260609732104186,0.8264694235044994,0.0008099400350344094,RELIABLE,RELIABLE,45.91043119342094,0.7742958933284657,0.0007588099754618964,RELIABLE,RELIABLE,54.28436443782612,0.761160354539435,0.0007459371474486463,RELIABLE,RELIABLE,99.51094921780766,0.6988760439414942,0.0006848985230626642,OOD,OOD
9,0,Digit 0,2,Digit 2,max_nhat,RELIABLE,RELIABLE,23.820703072918892,0.8472593838232433,0.0008303141961467784,4,0.0009743567046864854,2,2,True,37.66012064468795,0.7906345299621589,0.0007748218393629157,RELIABLE,RELIABLE,127.08126347156448,0.8105536641695963,0.0007943425908862043,OOD,OOD,23.820703072918892,0.8472593838232433,0.0008303141961467784,RELIABLE,RELIABLE,32.83682587612631,0.812933220446018,0.0007966745560370976,RELIABLE,RELIABLE,25.14600296878485,0.8462850271185568,0.0008293593265761857,RELIABLE,RELIABLE,33.002483163083944,0.8268826358594196,0.0008103449831422311,RELIABLE,RELIABLE
10,0,Digit 0,0,Digit 0,max_nhat,RELIABLE,RELIABLE,17.602894066809753,0.8636373476009034,0.0008463646006488853,2,0.08917960189659035,0,0,True,17.602894066809753,0.8636373476009034,0.0008463646006488853,RELIABLE,RELIABLE,802.1610186474577,0.6753455861769369,0.0006618386744533981,OOD,OOD,46.17667250668557,0.774457745704313,0.0007589685907902267,RELIABLE,RELIABLE,64.0946502813147,0.7667192494269335,0.0007513848644383948,UNRELIABLE,IDO,91.0451972270495,0.75768203403745,0.0007425283933567011,OOD,OOD,193.44762971491878,0.6802269503347952,0.0006666224113280993,OOD,OOD
11,0,Digit 0,3,Digit 3,max_nhat,RELIABLE,RELIABLE,18.69667420594304,0.86238513706708,0.0008451374343257384,7,0.0024868812019327446,3,3,True,37.97321248849552,0.7952643454681405,0.0007793590585587777,RELIABLE,RELIABLE,85.42091695507428,0.8045225538102853,0.0007884321027340795,OOD,OOD,24.168053193240517,0.8346805450093852,0.0008179869341091975,RELIABLE,RELIABLE,18.69667420594304,0.86238513706708,0.0008451374343257384,RELIABLE,RELIABLE,24.91371479468893,0.8494592076731504,0.0008324700235196874,RELIABLE,RELIABLE,25.63607091591082,0.8598982558651472,0.0008427002907478442,RELIABLE,RELIABLE
12,0,Digit 0,0,Digit 0,max_nhat,RELIABLE,RELIABLE,29.787599824459512,0.8055409008545772,0.0007894300828374856,2,0.06063594674702255,0,0,True,29.787599824459512,0.8055409008545772,0.0007894300828374856,RELIABLE,RELIABLE,806.259695850578,0.6457847680265064,0.0006328690726659763,OOD,OOD,68.62744554295196,0.7449049541075546,0.0007300068550254035,UNRELIABLE,IDO,87.7566834690646,0.7299912502133676,0.0007153914252091003,OOD,OOD,148.01250024922115,0.7231555584227894,0.0007086924472543336,OOD,OOD,351.78094880193527,0.6504848926154291,0.0006374751947631204,OOD,OOD
13,0,Digit 0,0,Digit 0,max_nhat,RELIABLE,RELIABLE,18.52986627505363,0.8615596452485658,0.0008443284523435944,3,0.04736635146018475,0,0,True,18.52986627505363,0.8615596452485658,0.0008443284523435944,RELIABLE,RELIABLE,277.6303714970316,0.7200969088943506,0.0007056949707164636,OOD,OOD,36.4143569043676,0.8009056749446489,0.0007848875614457559,RELIABLE,RELIABLE,35.0531487138919,0.814193293788381,0.0007979094279126134,RELIABLE,RELIABLE,97.96951658228343,0.766617119002026,0.0007512847766219854,OOD,OOD,213.914018519891,0.7130577211316703,0.0006987965667090369,OOD,OOD
14,0,Digit 0,0,Digit 0,max_nhat,UNRELIABLE,IDO,68.47863286006341,0.7504196469915904,0.0007354112540517585,4,0.0052566870063112114,0,0,True,68.47863286006341,0.7504196469915904,0.0007354112540517585,UNRELIABLE,IDO,2368.332055482217,0.6731508552291398,0.0006596878381245569,OOD,OOD,93.34651393002052,0.7078678597998629,0.0006937105026038656,OOD,OOD,210.5129514707355,0.710746057444053,0.0006965311362951719,OOD,OOD,211.7181169548705,0.7451629599852791,0.0007302597007855736,OOD,OOD,1088.3968288046856,0.6889020015718288,0.0006751239615403921,OOD,OOD
15,0,Digit 0,0,Digit 0,max_nhat,RELIABLE,RELIABLE,40.63501905217565,0.786106631183061,0.0007703844985593998,2,0.07559512258634848,0,0,True,40.63501905217565,0.786106631183061,0.0007703844985593998,RELIABLE,RELIABLE,1872.729031264421,0.5944392349450384,0.0005825504502461376,OOD,OOD,88.76746294833568,0.7105115085967125,0.0006963012784247782,OOD,OOD,180.58902159579029,0.6905324327082776,0.000676721784054112,OOD,OOD,152.69591402157567,0.6400262264406943,0.0006272257019118804,OOD,OOD,628.0466205208193,0.6222442276412967,0.0006097993430884708,OOD,OOD
16,0,Digit 0,0,Digit 0,max_nhat,RELIABLE,RELIABLE,18.97991032860556,0.8694017857612683,0.0008520137500460428,2,0.10426576352223149,0,0,True,18.97991032860556,0.8694017857612683,0.0008520137500460428,RELIABLE,RELIABLE,657.6214932037179,0.642436145772226,0.0006295874228567814,OOD,OOD,50.65215531212793,0.7651360222390368,0.000749833301794256,RELIABLE,RELIABLE,53.825639795192686,0.7525433886462067,0.0007374925208732826,RELIABLE,RELIABLE,141.17556618093892,0.7326800331593906,0.0007180264324962028,OOD,OOD,327.74157708245104,0.6720316523241282,0.0006585910192776456,OOD,OOD
17,0,Digit 0,0,Digit 0,max_nhat,RELIABLE,RELIABLE,26.359706250354776,0.8448688783326316,0.000827971500765979,4,0.12170214185264017,0,0,True,26.359706250354776,0.8448688783326316,0.000827971500765979,RELIABLE,RELIABLE,1076.8357861373845,0.697147893303574,0.0006832049354375025,OOD,OOD,85.71418148812306,0.6809450784780329,0.0006673261769084722,OOD,OOD,103.6356626237652,0.7050691857666984,0.0006909678020513645,OOD,OOD,493.7384093948669,0.7231667364799914,0.0007087034017503916,OOD,OOD,996.6277437826956,0.6808233456499084,0.0006672068787369102,OOD,OOD
18,0,Digit 0,0,Digit 0,max_nhat,RELIABLE,RELIABLE,18.792455705095847,0.8771017317506102,0.000859559697115598,3,0.1226674862683208,0,0,True,18.792455705095847,0.8771017317506102,0.000859559697115598,RELIABLE,RELIABLE,822.7141269958022,0.6521584153796102,0.0006391152470720179,OOD,OOD,51.2893550102669,0.7364029451348437,0.0007216748862321469,RELIABLE,RELIABLE,64.60655339589981,0.7544342454822894,0.0007393455605726436,UNRELIABLE,IDO,108.84139279403556,0.6774167740397794,0.0006638684385589838,OOD,OOD,288.64367569213584,0.6170587423896193,0.000604717567541827,OOD,OOD
19,0,Digit 0,0,Digit 0,max_nhat,RELIABLE,RELIABLE,44.457796632595475,0.7629927871445491,0.0007477329314016581,2,0.04077840257884213,0,0,True,44.457796632595475,0.7629927871445491,0.0007477329314016581,RELIABLE,RELIABLE,1276.6060650789764,0.6403807598770963,0.0006275731446795543,OOD,OOD,88.61195034047795,0.722214384565707,0.0007077700968743928,OOD,OOD,182.48924583390237,0.6976067724948911,0.0006836546370449933,OOD,OOD,126.99816896845718,0.6365050287462191,0.0006237749281712946,OOD,OOD,581.4298033135237,0.6109719468872978,0.0005987525079495518,OOD,OOD
20,0,Digit 0,0,Digit 0,max_nhat,RELIABLE,RELIABLE,24.05427567210991,0.8342576296066442,0.0008175724770145112,3,0.021084456775637306,0,0,True,24.05427567210991,0.8342576296066442,0.0008175724770145112,RELIABLE,RELIABLE,370.43277548361084,0.695322386932173,0.0006814159391935295,OOD,OOD,40.58321252324576,0.808997046312635,0.0007928171053863823,RELIABLE,RELIABLE,41.68641484328202,0.8131731728310069,0.0007969097093743868,RELIABLE,RELIABLE,60.040847465936245,0.7922372172826242,0.0007763924729369717,RELIABLE,RELIABLE,92.78374791527159,0.758603903934029,0.0007434318258553484,OOD,OOD
21,0,Digit 0,0,Digit 0,max_nhat,RELIABLE,RELIABLE,16.578941556509502,0.8723124145847613,0.000854866166293066,2,0.1093915982976138,0,0,True,16.578941556509502,0.8723124145847613,0.000854866166293066,RELIABLE,RELIABLE,845.6325154535161,0.657730179277963,0.0006445755756924037,OOD,OOD,59.84308825200098,0.7629208162871475,0.0007476623999614044,RELIABLE,RELIABLE,79.63796056633004,0.7471111252912991,0.0007321689027854731,UNRELIABLE,IDO,100.50190452757815,0.7091379078581521,0.000694955149700989,OOD,OOD,234.1013314912641,0.6085287916493772,0.0005963582158163897,OOD,OOD
22,0,Digit 0,0,Digit 0,max_nhat,UNRELIABLE,IDO,67.02610606170157,0.8242319941812871,0.0008077473542976613,2,0.07936789718045267,0,0,True,67.02610606170157,0.8242319941812871,0.0008077473542976613,UNRELIABLE,IDO,981.4017067643576,0.6721868286700664,0.0006587430920966651,OOD,OOD,195.00358496398403,0.7448640970008344,0.0007299668150608177,OOD,OOD,261.73728675599364,0.6932422212238506,0.0006793773767993736,OOD,OOD,204.8676205173582,0.6985926073517796,0.000684620755204744,OOD,OOD,462.14897537474064,0.7019467939388586,0.0006879078580600814,OOD,OOD
23,0,Digit 0,0,Digit 0,max_nhat,RELIABLE,RELIABLE,27.114436653259695,0.8379076858990284,0.0008211495321810478,4,0.10293121417102347,0,0,True,27.114436653259695,0.8379076858990284,0.0008211495321810478,RELIABLE,RELIABLE,640.5639392920465,0.7197131298676561,0.000705318867270303,OOD,OOD,68.49441235433808,0.7239659347252272,0.0007094866160307226,UNRELIABLE,IDO,73.69026205003303,0.7285473939736653,0.0007139764460941919,UNRELIABLE,IDO,272.12198030981256,0.734976471728005,0.0007202769422934448,OOD,OOD,607.4579924866749,0.6995274425902567,0.0006855368937384516,OOD,OOD
24,0,Digit 0,0,Digit 0,max_nhat,RELIABLE,RELIABLE,40.29390748497589,0.8189905558964408,0.0008026107447785119,4,0.07244211625988262,0,0,True,40.29390748497589,0.8189905558964408,0.0008026107447785119,RELIABLE,RELIABLE,966.063693596478,0.6813297231934534,0.0006677031287295844,OOD,OOD,91.8371769927012,0.7420133294200012,0.0007271730628316012,OOD,OOD,174.48561329845393,0.6808083213385642,0.0006671921549117929,OOD,OOD,107.37258339425011,0.7465484396365581,0.000731617470843827,OOD,OOD,495.28725829972404,0.6858056671429995,0.0006720895538001395,OOD,OOD
25,0,Digit 0,0,Digit 0,max_nhat,RELIABLE,RELIABLE,23.93550301713659,0.8448539249405702,0.0008279568464417588,3,0.025441316633785238,0,0,True,23.93550301713659,0.8448539249405702,0.0008279568464417588,RELIABLE,RELIABLE,320.7946528938561,0.7251677544014499,0.0007106643993134208,OOD,OOD,38.35063392806189,0.8000725986574019,0.0007840711466842538,RELIABLE,RELIABLE,40.646940268850514,0.819412608306785,0.0008030243561406493,RELIABLE,RELIABLE,76.14800077200059,0.776336289891991,0.0007608095640941512,UNRELIABLE,IDO,110.69537741958555,0.7363713489820901,0.0007216439220024482,OOD,OOD
26,0,Digit 0,0,Digit 0,max_nhat,RELIABLE,RELIABLE,27.245106298303867,0.8454377384869229,0.0008285289837171845,3,0.10070888469649797,0,0,True,27.245106298303867,0.8454377384869229,0.0008285289837171845,RELIABLE,RELIABLE,1441.410460760946,0.6682610134328439,0.0006548957931641871,OOD,OOD,86.94703534301105,0.7292672832519471,0.0007146819375869082,OOD,OOD,165.62841193316208,0.744728853790425,0.0007298342767146164,OOD,OOD,134.47364915045594,0.7011751914468544,0.0006871516876179172,OOD,OOD,565.764772719415,0.7112946301267339,0.0006970687375241992,OOD,OOD
27,0,Digit 0,0,Digit 0,max_nhat,RELIABLE,RELIABLE,28.289516586760847,0.8158603961333347,0.000799543188210668,3,0.11551963826009004,0,0,True,28.289516586760847,0.8158603961333347,0.000799543188210668,RELIABLE,RELIABLE,1535.3551798702047,0.7002877298808328,0.0006862819752832161,OOD,OOD,85.64300667234171,0.6801906599726333,0.0006665868467731806,OOD,OOD,114.81736382711279,0.7003407578732447,0.0006863339427157798,OOD,OOD,450.000547892285,0.6897185129537938,0.000675924142694718,OOD,OOD,1067.4382737787985,0.6424258125652048,0.0006295772963139007,OOD,OOD
28,0,Digit 0,0,Digit 0,max_nhat,RELIABLE,RELIABLE,49.423668281303705,0.7782907952598155,0.0007627249793546191,4,0.012407859047773306,0,0,True,49.423668281303705,0.7782907952598155,0.0007627249793546191,RELIABLE,RELIABLE,1150.2527104745718,0.6810262982224358,0.000667405772257987,OOD,OOD,69.69398192489993,0.72563571725643,0.0007111230029113013,UNRELIABLE,IDO,140.59384800070512,0.6591109198283028,0.0006459287014317367,OOD,OOD,94.03762791457174,0.7658829362120422,0.0007505652774878013,OOD,OOD,566.6091196560915,0.648104036745563,0.0006351419560106518,OOD,OOD
29,0,Digit 0,0,Digit 0,max_nhat,RELIABLE,RELIABLE,16.939435177889827,0.890004613785734,0.0008722045215100193,2,0.13240832606106723,0,0,True,16.939435177889827,0.890004613785734,0.0008722045215100193,RELIABLE,RELIABLE,596.738172993684,0.6798093211922155,0.0006662131347683712,OOD,OOD,57.02061877051694,0.7575962877246668,0.0007424443619701734,RELIABLE,RELIABLE,79.37536676578802,0.7513730711243914,0.0007363456097019036,UNRELIABLE,IDO,68.02552031530377,0.7349074342446661,0.0007202092855597727,UNRELIABLE,IDO,283.4999934482596,0.6659909372328165,0.0006526711184881602,OOD,OOD
30,0,Digit 0,0,Digit 0,max_nhat,RELIABLE,RELIABLE,10.236805491717748,0.9100799799692504,0.0008918783803698653,3,0.17063503432334393,0,0,True,10.236805491717748,0.9100799799692504,0.0008918783803698653,RELIABLE,RELIABLE,1178.669402871796,0.6631121246446855,0.0006498498821517918,OOD,OOD,60.7022831688675,0.6951979279586693,0.0006812939693994959,RELIABLE,RELIABLE,84.86952945683007,0.7394449456459065,0.0007246560467329883,UNRELIABLE,IDO,202.11610044812502,0.7148726909715528,0.0007005752371521218,OOD,OOD,557.7694012766201,0.6504996805416728,0.0006374896869308393,OOD,OOD
31,0,Digit 0,0,Digit 0,max_nhat,RELIABLE,RELIABLE,24.395236722761844,0.8426577066429163,0.000825804552510058,3,0.11737279688354918,0,0,True,24.395236722761844,0.8426577066429163,0.000825804552510058,RELIABLE,RELIABLE,2333.9508513598275,0.6070022000502484,0.0005948621560492434,OOD,OOD,94.71286580924722,0.6861696725356856,0.0006724462790849719,OOD,OOD,182.33865043406144,0.7252849097593671,0.0007107792115641797,OOD,OOD,263.9510987987128,0.6776173407051499,0.0006640649938910468,OOD,OOD,1008.7717038153806,0.6099310723054104,0.0005977324508593022,OOD,OOD
32,0,Digit 0,0,Digit 0,max_nhat,RELIABLE,RELIABLE,17.30779795925434,0.8679606933567998,0.0008506014794896638,3,0.032793930036635,0,0,True,17.30779795925434,0.8679606933567998,0.0008506014794896638,RELIABLE,RELIABLE,243.0931479509442,0.7422693215558958,0.0007274239351247778,OOD,OOD,29.381363900790884,0.828149257382424,0.0008115862722347754,RELIABLE,RELIABLE,29.394708688100827,0.8351667633201648,0.0008184634280537614,RELIABLE,RELIABLE,50.06340662243442,0.8019149511204744,0.0007858766520980649,RELIABLE,RELIABLE,103.03004148380334,0.7373171720074626,0.0007225708285673134,OOD,OOD
33,0,Digit 0,0,Digit 0,max_nhat,RELIABLE,RELIABLE,40.80791924765205,0.7748083357299859,0.0007593121690153862,2,0.08153094060102006,0,0,True,40.80791924765205,0.7748083357299859,0.0007593121690153862,RELIABLE,RELIABLE,2018.751193106395,0.5982282711062499,0.0005862637056841249,OOD,OOD,98.06500872943067,0.6932773951289658,0.0006794118472263865,OOD,OOD,187.03495743624939,0.6777891917364106,0.0006642334079016823,OOD,OOD,187.32494171432788,0.6340768315290402,0.0006213952948984593,OOD,OOD,707.2446881472337,0.5974347198612113,0.0005854860254639871,OOD,OOD
34,0,Digit 0,0,Digit 0,max_nhat,RELIABLE,RELIABLE,25.58833353913662,0.8734910225619014,0.0008560212021106633,3,0.13584572595792344,0,0,True,25.58833353913662,0.8734910225619014,0.0008560212021106633,RELIABLE,RELIABLE,816.5217321678438,0.6317784240795147,0.0006191428555979244,OOD,OOD,72.18867962341952,0.7054002978015523,0.0006912922918455213,UNRELIABLE,IDO,74.56414312307601,0.7376452966039779,0.0007228923906718983,UNRELIABLE,IDO,113.88469402024533,0.6957685924149907,0.0006818532205666908,OOD,OOD,410.4585527149302,0.6573680267966873,0.0006442206662607535,OOD,OOD
35,0,Digit 0,0,Digit 0,max_nhat,RELIABLE,RELIABLE,56.38420395182254,0.7341171160282611,0.0007194347737076959,2,0.048310424840323996,0,0,True,56.38420395182254,0.7341171160282611,0.0007194347737076959,RELIABLE,RELIABLE,2505.4062881831464,0.5890945772758338,0.0005773126857303171,OOD,OOD,130.67603532168368,0.6858066911879371,0.0006720905573641783,OOD,OOD,270.99550697725834,0.6677531109578405,0.0006543980487386837,OOD,OOD,190.8678039684719,0.6313502770692935,0.0006187232715279076,OOD,OOD,740.122570446172,0.600910582387374,0.0005888923707396265,OOD,OOD
36,0,Digit 0,0,Digit 0,max_nhat,RELIABLE,RELIABLE,10.45796306971593,0.9105120386510628,0.0008923017978780415,3,0.11519039577557222,0,0,True,10.45796306971593,0.9105120386510628,0.0008923017978780415,RELIABLE,RELIABLE,975.3258906690963,0.6728366049937463,0.0006593798728938714,OOD,OOD,57.11328162000799,0.7419448062252259,0.0007271059101007213,RELIABLE,RELIABLE,86.28746696977595,0.7953216428754906,0.0007794152100179808,OOD,OOD,187.60944625203956,0.7119316578669869,0.0006976930247096471,OOD,OOD,529.7087051491353,0.6475123298603824,0.0006345620832631748,OOD,OOD
37,0,Digit 0,0,Digit 0,max_nhat,RELIABLE,RELIABLE,49.893765623779075,0.7877740727434625,0.0007720185912885931,2,0.035695757801485595,0,0,True,49.893765623779075,0.7877740727434625,0.0007720185912885931,RELIABLE,RELIABLE,1173.8142826577503,0.654768242524251,0.0006416728776737659,OOD,OOD,73.96167611024963,0.7520783149419769,0.0007370367486431373,UNRELIABLE,IDO,135.70103721406542,0.7230456598659126,0.0007085847466685943,OOD,OOD,123.77049395063928,0.7113951641424175,0.0006971672608595691,OOD,OOD,274.9047077542558,0.6228063719786189,0.0006103502445390465,OOD,OOD
38,0,Digit 0,0,Digit 0,max_nhat,RELIABLE,RELIABLE,24.3884888802065,0.8474657597075484,0.0008305164445133974,3,0.09004370349693702,0,0,True,24.3884888802065,0.8474657597075484,0.0008305164445133974,RELIABLE,RELIABLE,1013.1848334016519,0.6866266971336475,0.0006728941631909746,OOD,OOD,63.0382476196128,0.7135663377790752,0.0006992950110234937,UNRELIABLE,IDO,74.1117661442509,0.7574220562106114,0.0007422736150863991,UNRELIABLE,IDO,431.02405319859434,0.7305004003009848,0.0007158903922949651,OOD,OOD,830.1127625015357,0.7065530081185508,0.0006924219479561797,OOD,OOD
39,0,Digit 0,0,Digit 0,max_nhat,RELIABLE,RELIABLE,34.4552059262191,0.8084878981954118,0.0007923181402315036,2,0.09505617815908984,0,0,True,34.4552059262191,0.8084878981954118,0.0007923181402315036,RELIABLE,RELIABLE,2389.5256048166157,0.6237843599708143,0.0006113086727713979,OOD,OOD,109.08833928221615,0.7134317200363219,0.0006991630856355954,OOD,OOD,243.40924235969356,0.6975632688322108,0.0006836120034555666,OOD,OOD,186.835327708996,0.6884762344035986,0.0006747067097155267,OOD,OOD,997.8490279389976,0.653778230226958,0.0006407026656224189,OOD,OOD
40,0,Digit 0,0,Digit 0,max_nhat,RELIABLE,RELIABLE,17.369475852849867,0.872689639285034,0.0008552358464993333,3,0.1516184409575635,0,0,True,17.369475852849867,0.872689639285034,0.0008552358464993333,RELIABLE,RELIABLE,1288.1727536762232,0.6358598900878629,0.0006231426922861056,OOD,OOD,65.19373239771171,0.7190169095242541,0.000704636571333769,UNRELIABLE,IDO,92.53415842199132,0.7210711983274705,0.000706649774360921,OOD,OOD,148.81540268278485,0.6968132557492104,0.0006828769906342261,OOD,OOD,420.12248652555206,0.595375578108036,0.0005834680665458752,OOD,OOD
41,0,Digit 0,0,Digit 0,max_nhat,RELIABLE,RELIABLE,18.62985588696418,0.8599028542757485,0.0008427047971902335,3,0.02687567430862281,0,0,True,18.62985588696418,0.8599028542757485,0.0008427047971902335,RELIABLE,RELIABLE,341.66505192139743,0.711380128548803,0.0006971525259778269,OOD,OOD,35.24047498629662,0.8071753186256289,0.0007910318122531162,RELIABLE,RELIABLE,32.6234210595961,0.8330271799671257,0.0008163666363677831,RELIABLE,RELIABLE,53.14183184630477,0.7942627929632198,0.0007783775371039554,RELIABLE,RELIABLE,89.07252522059167,0.7501224169143542,0.0007351199685760671,OOD,OOD
42,0,Digit 0,0,Digit 0,max_nhat,RELIABLE,RELIABLE,33.56869567420876,0.804384371691831,0.0007882966842579943,4,0.13451001435214016,0,0,True,33.56869567420876,0.804384371691831,0.0007882966842579943,RELIABLE,RELIABLE,2661.5177306634228,0.6217478422065486,0.0006093128853624176,OOD,OOD,125.88964599462709,0.6543266812189926,0.0006412401475946127,OOD,OOD,248.30821887625353,0.6652448098255238,0.0006519399136290133,OOD,OOD,377.9088358018904,0.6698743573396908,0.0006564768701928969,OOD,OOD,1358.2612177651658,0.60285337092522,0.0005907963035067155,OOD,OOD
43,0,Digit 0,0,Digit 0,max_nhat,UNRELIABLE,IDO,84.0377884242547,0.6705914864924105,0.0006571796567625623,3,0.08927669342740752,0,0,True,84.0377884242547,0.6705914864924105,0.0006571796567625623,UNRELIABLE,IDO,2583.0181916240062,0.4942719421513017,0.00048438650330827565,OOD,OOD,211.34635454008605,0.5484131582853574,0.0005374448951196503,OOD,OOD,303.37191261809755,0.581314793065003,0.000569688497203703,OOD,OOD,404.9111340907639,0.5303845079179622,0.000519776817759603,OOD,OOD,1210.142149696061,0.5433267534653125,0.0005324602183960061,OOD,OOD
44,0,Digit 0,0,Digit 0,max_nhat,RELIABLE,RELIABLE,34.284906327524524,0.8269148729978812,0.0008103765755379235,2,0.09938322694419488,0,0,True,34.284906327524524,0.8269148729978812,0.0008103765755379235,RELIABLE,RELIABLE,2177.367822372902,0.6778682404466937,0.0006643108756377598,OOD,OOD,118.1497161230692,0.7275316460536864,0.0007129810131326126,OOD,OOD,236.2429008716064,0.7036405268517917,0.0006895677163147559,OOD,OOD,167.3045592848907,0.6799257338153334,0.0006663272191390267,OOD,OOD,771.5159795894438,0.6319713064163726,0.0006193318802880451,OOD,OOD
45,0,Digit 0,0,Digit 0,max_nhat,RELIABLE,RELIABLE,21.47242717171789,0.8496250370362811,0.0008326325362955554,3,0.09556304014673833,0,0,True,21.47242717171789,0.8496250370362811,0.0008326325362955554,RELIABLE,RELIABLE,1262.1952278941576,0.6297942285202206,0.0006171983439498161,OOD,OOD,76.82518498055373,0.7117836971496411,0.0006975480232066482,UNRELIABLE,IDO,100.06302210944784,0.7540619968895428,0.0007389807569517519,OOD,OOD,123.46655816193186,0.6792126944343346,0.000665628440545648,OOD,OOD,343.1784303956821,0.6359469182115826,0.0006232279798473509,OOD,OOD
46,0,Digit 0,0,Digit 0,max_nhat,RELIABLE,RELIABLE,13.508224769063732,0.9053892064549028,0.0008872814223258047,2,0.15517202057159163,0,0,True,13.508224769063732,0.9053892064549028,0.0008872814223258047,RELIABLE,RELIABLE,727.6731667559307,0.6436975010730513,0.0006308235510515903,OOD,OOD,54.89652065236253,0.7502171858833112,0.000735212842165645,RELIABLE,RELIABLE,69.33639966520057,0.7393003558872575,0.0007245143487695123,UNRELIABLE,IDO,76.5302758706519,0.720702125423539,0.0007062880829150682,UNRELIABLE,IDO,230.46266155632188,0.6131716368623034,0.0006009082041250573,OOD,OOD
47,0,Digit 0,3,Digit 3,max_nhat,RELIABLE,RELIABLE,37.077231741192904,0.8321037472739982,0.0008154616723285181,2,0.009008335918629817,3,0,False,29.268392855461144,0.8163226561227699,0.0007999962030003145,RELIABLE,RELIABLE,319.26711956136194,0.7160488065678454,0.0007017278304364885,OOD,OOD,34.31366853748036,0.8230954113553683,0.0008066335031282609,RELIABLE,RELIABLE,37.077231741192904,0.8321037472739982,0.0008154616723285181,RELIABLE,RELIABLE,45.96534933648701,0.7980572420176429,0.00078209609717729,RELIABLE,RELIABLE,73.45235555857201,0.7635615172656682,0.0007482902869203549,UNRELIABLE,IDO
48,0,Digit 0,0,Digit 0,max_nhat,RELIABLE,RELIABLE,39.7301492440063,0.8125477258009145,0.0007962967712848961,2,0.12831898962016364,0,0,True,39.7301492440063,0.8125477258009145,0.0007962967712848961,RELIABLE,RELIABLE,1969.7022332787374,0.6029595799829679,0.0005909003883833085,OOD,OOD,113.73075760016967,0.6842287361807509,0.0006705441614571358,OOD,OOD,158.74850678799038,0.6653437011497073,0.0006520368271267132,OOD,OOD,169.02301217252608,0.6430861633000405,0.0006302244400340397,OOD,OOD,485.28104671634867,0.5930505277389858,0.0005811895171842061,OOD,OOD
49,0,Digit 0,0,Digit 0,max_nhat,RELIABLE,RELIABLE,60.3168197273415,0.777221264186227,0.0007616768389025023,3,0.007976205787638246,0,2,False,60.3168197273415,0.777221264186227,0.0007616768389025023,RELIABLE,RELIABLE,523.4277990087115,0.6726866093013599,0.0006592328771153327,OOD,OOD,53.53729684811893,0.7682044329179661,0.0007528403442596068,RELIABLE,RELIABLE,93.56369274971654,0.7692450583985887,0.000753860157230617,OOD,OOD,115.06401146324033,0.7620382524335523,0.0007467974873848813,OOD,OOD,201.84714418495423,0.7125210482560292,0.0006982706272909086,OOD,OOD
50,0,Digit 0,1,Digit 1,max_nhat,RELIABLE,RELIABLE,59.163168008758035,0.8640841963770963,0.0008468025124495544,2,0.006071722592316142,1,3,False,34.05196537057661,0.793830142635507,0.0007779535397827969,RELIABLE,RELIABLE,59.163168008758035,0.8640841963770963,0.0008468025124495544,RELIABLE,RELIABLE,23.094239308038905,0.8580124737847802,0.0008408522243090846,RELIABLE,RELIABLE,21.094897913655437,0.852245188926945,0.0008352002851484061,RELIABLE,RELIABLE,26.80840712884754,0.8362935053673938,0.0008195676352600458,RELIABLE,RELIABLE,32.400255737817005,0.8234883955000293,0.0008070186275900286,RELIABLE,RELIABLE
51,0,Digit 0,0,Digit 0,max_nhat,RELIABLE,RELIABLE,30.567022495796,0.8277140407593411,0.0008111597599441543,2,0.029645562531650738,0,0,True,30.567022495796,0.8277140407593411,0.0008111597599441543,RELIABLE,RELIABLE,835.8893137706832,0.6637439152951222,0.0006504690369892197,OOD,OOD,43.74771728843431,0.7980684782276903,0.0007821071086631365,RELIABLE,RELIABLE,89.19990141915271,0.7585032920146176,0.0007433332261743252,OOD,OOD,80.52651537650382,0.7331060871391518,0.0007184439653963688,UNRELIABLE,IDO,294.6695112362885,0.6864008506753753,0.0006726728336618678,OOD,OOD
52,0,Digit 0,0,Digit 0,max_nhat,RELIABLE,RELIABLE,30.69233822037277,0.8017397521972499,0.0007857049571533049,4,0.012624946306115659,0,0,True,30.69233822037277,0.8017397521972499,0.0007857049571533049,RELIABLE,RELIABLE,695.0452196069168,0.6969305050213852,0.0006829918949209575,OOD,OOD,60.522117014841555,0.753365694663154,0.0007382983807698908,RELIABLE,RELIABLE,69.20451592396455,0.7130426025826258,0.0006987817505309732,UNRELIABLE,IDO,342.39472707301223,0.7891148058911343,0.0007733325097733115,OOD,OOD,714.939633885706,0.743397793831115,0.0007285298379544927,OOD,OOD
53,0,Digit 0,0,Digit 0,max_nhat,RELIABLE,RELIABLE,32.3095548475498,0.8025332876853556,0.0007864826219316485,3,0.11127885541861904,0,0,True,32.3095548475498,0.8025332876853556,0.0007864826219316485,RELIABLE,RELIABLE,2709.2967580004315,0.5955320771383579,0.0005836214355955907,OOD,OOD,115.00537193639303,0.6580462557672334,0.0006448853306518887,OOD,OOD,200.52379205558987,0.6912544322667366,0.0006774293436214018,OOD,OOD,366.27154679982215,0.665501060634308,0.0006521910394216219,OOD,OOD,1278.4227071058212,0.6040489105032242,0.0005919679322931597,OOD,OOD
54,0,Digit 0,0,Digit 0,max_nhat,RELIABLE,RELIABLE,20.763078718615994,0.8510912269066377,0.0008340694023685049,2,0.03376837139859701,0,0,True,20.763078718615994,0.8510912269066377,0.0008340694023685049,RELIABLE,RELIABLE,469.1023589374675,0.7054998843435238,0.0006913898866566533,OOD,OOD,40.27572130996043,0.8173228555080407,0.0008009763983978799,RELIABLE,RELIABLE,46.49411355368834,0.8111594942657222,0.0007949363043804077,RELIABLE,RELIABLE,71.79397675469967,0.7772950077631645,0.0007617491076079011,UNRELIABLE,IDO,129.63892697817334,0.7072425640529753,0.0006930977127719158,OOD,OOD
55,0,Digit 0,0,Digit 0,max_nhat,RELIABLE,RELIABLE,27.05981929268693,0.833156962578571,0.0008164938233269995,3,0.13730334428737356,0,0,True,27.05981929268693,0.833156962578571,0.0008164938233269995,RELIABLE,RELIABLE,1415.6451667079812,0.6703170989521252,0.0006569107569730827,OOD,OOD,99.62069107519102,0.64324780691543,0.0006303828507771215,OOD,OOD,131.22684313837684,0.6958536182911974,0.0006819365459253734,OOD,OOD,478.893651539022,0.6932483098671588,0.0006793833436698156,OOD,OOD,1149.9293736074915,0.6549670879363619,0.0006418677461776347,OOD,OOD
56,0,Digit 0,0,Digit 0,max_nhat,RELIABLE,RELIABLE,22.127209531696607,0.8551968414644061,0.0008380929046351179,2,0.07255722552709909,0,0,True,22.127209531696607,0.8551968414644061,0.0008380929046351179,RELIABLE,RELIABLE,676.4873573664902,0.682404192234325,0.0006687561083896385,OOD,OOD,42.63441170967427,0.782639615937307,0.0007669868236185608,RELIABLE,RELIABLE,73.10201907731923,0.7598462244348455,0.0007446492999461485,UNRELIABLE,IDO,80.12001087726796,0.7531984717977049,0.0007381345023617508,UNRELIABLE,IDO,154.66288289202802,0.6733648162407663,0.0006598975199159509,OOD,OOD
57,0,Digit 0,0,Digit 0,max_nhat,RELIABLE,RELIABLE,38.25287865560588,0.8029059752987366,0.0007868478557927619,2,0.06133367975271742,0,0,True,38.25287865560588,0.8029059752987366,0.0007868478557927619,RELIABLE,RELIABLE,1659.3094058688469,0.7252345863086407,0.0007107298945824679,OOD,OOD,105.04573300740446,0.7415722955460192,0.0007267408496350988,OOD,OOD,195.60019410673323,0.6670407938039631,0.0006536999779278838,OOD,OOD,129.50695833111828,0.7019964182339433,0.0006879564898692644,OOD,OOD,652.6297771637508,0.6380017585505938,0.0006252417233795819,OOD,OOD
58,0,Digit 0,0,Digit 0,max_nhat,RELIABLE,RELIABLE,32.38510099024653,0.8398371145254825,0.0008230403722349728,4,0.047240113954056584,0,0,True,32.38510099024653,0.8398371145254825,0.0008230403722349728,RELIABLE,RELIABLE,1078.3255772656748,0.7412782376390782,0.0007264526728862966,OOD,OOD,46.45189877234158,0.7571810511496996,0.0007420374301267056,RELIABLE,RELIABLE,115.36018278921199,0.7260393029612942,0.0007115185169020682,OOD,OOD,157.86012409802035,0.7925970005714259,0.0007767450605599974,OOD,OOD,643.681474706116,0.7083214614431675,0.0006941550322143042,OOD,OOD
59,0,Digit 0,0,Digit 0,max_nhat,RELIABLE,RELIABLE,43.11243333083893,0.8125814810295724,0.0007963298514089809,3,0.15180652603483458,0,0,True,43.11243333083893,0.8125814810295724,0.0007963298514089809,RELIABLE,RELIABLE,1192.1670166596673,0.5942438681726806,0.0005823589908092269,OOD,OOD,111.92010777058364,0.6511080896326801,0.0006380859278400264,OOD,OOD,160.28782699814212,0.6607749549947378,0.0006475594558948431,OOD,OOD,288.31434852852453,0.6552072512973397,0.0006421031062713929,OOD,OOD,626.595524885826,0.6025755224502231,0.0005905240120012185,OOD,OOD
60,0,Digit 0,0,Digit 0,max_nhat,RELIABLE,RELIABLE,20.690537340258004,0.8644581620815452,0.0008471689988399143,1,0.11717910339463078,0,0,True,20.690537340258004,0.8644581620815452,0.0008471689988399143,RELIABLE,RELIABLE,2223.572091410908,0.7472790586869145,0.0007323334775131762,OOD,OOD,78.07082295364249,0.7327739035984812,0.0007181184255265115,UNRELIABLE,IDO,182.30149130066212,0.7427965796512563,0.0007279406480582312,OOD,OOD,103.88380871221156,0.7414452593173861,0.0007266163541310384,OOD,OOD,840.585180805769,0.6959790434043606,0.0006820594625362733,OOD,OOD
61,0,Digit 0,0,Digit 0,max_nhat,UNRELIABLE,IDO,71.07378287795358,0.7263090994102398,0.0007117829174220349,3,0.04567000708765956,0,0,True,71.07378287795358,0.7263090994102398,0.0007117829174220349,UNRELIABLE,IDO,2407.633054351401,0.5908612079589661,0.0005790439837997868,OOD,OOD,117.71923847100778,0.6755718697195373,0.0006620604323251465,OOD,OOD,257.60737827979057,0.6806390923225802,0.0006670263104761286,OOD,OOD,192.94512524656284,0.5795357112666287,0.0005679449970412961,OOD,OOD,843.702851262606,0.6206067627832763,0.0006081946275276108,OOD,OOD
62,0,Digit 0,0,Digit 0,max_nhat,UNRELIABLE,IDO,68.16307785075895,0.7431981939549194,0.000728334230075821,3,0.0938550174299645,0,0,True,68.16307785075895,0.7431981939549194,0.000728334230075821,UNRELIABLE,IDO,2178.2013341936204,0.5513316723170442,0.0005403050388707032,OOD,OOD,134.14010233115357,0.6394338610956851,0.0006266451838737714,OOD,OOD,254.83938574196256,0.6493431765249549,0.0006363563129944558,OOD,OOD,224.9846637665544,0.5856882902527202,0.0005739745244476657,OOD,OOD,827.4507437108603,0.572859120178984,0.0005614019377754043,OOD,OOD
63,0,Digit 0,0,Digit 0,max_nhat,RELIABLE,RELIABLE,9.97165079197718,0.9133592568419443,0.0008950920717051054,3,0.15727398474930177,0,0,True,9.97165079197718,0.9133592568419443,0.0008950920717051054,RELIABLE,RELIABLE,813.2811393374761,0.6989212270018331,0.0006849428024617965,OOD,OOD,47.27916277423318,0.7367636520885421,0.0007220283790467713,RELIABLE,RELIABLE,59.38310297512429,0.7560852720926425,0.0007409635666507896,RELIABLE,RELIABLE,145.96001197400426,0.7335814267124254,0.0007189097981781769,OOD,OOD,372.6750369873581,0.6457083647260532,0.0006327941974315321,OOD,OOD
64,0,Digit 0,0,Digit 0,max_nhat,RELIABLE,RELIABLE,44.26809988531774,0.8351832621012781,0.0008184795968592526,4,0.1435215286556063,0,0,True,44.26809988531774,0.8351832621012781,0.0008184795968592526,RELIABLE,RELIABLE,1226.0211686928071,0.6365665124463157,0.0006238351821973893,OOD,OOD,96.7237829041837,0.6774997129888412,0.0006639497187290643,OOD,OOD,120.2807051292211,0.6789187948973697,0.0006653404189994223,OOD,OOD,445.1582138677645,0.6916617334456718,0.0006778284987767584,OOD,OOD,847.3471320799714,0.6235095138308274,0.0006110393235542108,OOD,OOD
65,0,Digit 0,0,Digit 0,max_nhat,RELIABLE,RELIABLE,38.17681104069137,0.8253233574846949,0.000808816890335001,4,0.14714554129086987,0,0,True,38.17681104069137,0.8253233574846949,0.000808816890335001,RELIABLE,RELIABLE,1167.161773742907,0.6338443446562197,0.0006211674577630954,OOD,OOD,111.19527100106632,0.6631094937876149,0.0006498473039118625,OOD,OOD,107.13887174807475,0.6647215857620339,0.0006514271540467932,OOD,OOD,406.85105438444924,0.678177816193825,0.0006646142598699485,OOD,OOD,732.4563611503175,0.6481515707671353,0.0006351885393517926,OOD,OOD
66,0,Digit 0,0,Digit 0,max_nhat,RELIABLE,RELIABLE,50.77256840197708,0.7407343954936582,0.000725919707583785,4,0.010138381315889067,0,0,True,50.77256840197708,0.7407343954936582,0.000725919707583785,RELIABLE,RELIABLE,1849.0610058760387,0.6955635921046596,0.0006816523202625664,OOD,OOD,100.92896934177654,0.7014126076368953,0.0006873843554841574,OOD,OOD,263.68383417577445,0.6217284835661876,0.0006092939138948639,OOD,OOD,115.83240056937265,0.7305960141777691,0.0007159840938942137,OOD,OOD,653.3908402793079,0.7135241233625897,0.0006992536408953379,OOD,OOD
67,0,Digit 0,0,Digit 0,max_nhat,RELIABLE,RELIABLE,17.501077998409688,0.877971319081869,0.0008604118927002316,3,0.12586715640977575,0,0,True,17.501077998409688,0.877971319081869,0.0008604118927002316,RELIABLE,RELIABLE,900.3316734652565,0.6680529379896426,0.0006546918792298497,OOD,OOD,58.1286598898801,0.7153117174568525,0.0007010054831077155,RELIABLE,RELIABLE,78.92514684158735,0.7521041626720932,0.0007370620794186514,UNRELIABLE,IDO,178.862660337161,0.7403596325609824,0.0007255524399097627,OOD,OOD,485.35523616416924,0.6994692131730385,0.0006854798289095777,OOD,OOD
68,0,Digit 0,0,Digit 0,max_nhat,RELIABLE,RELIABLE,19.60584561472458,0.8685148666639834,0.0008511445693307036,3,0.14910153657163916,0,0,True,19.60584561472458,0.8685148666639834,0.0008511445693307036,RELIABLE,RELIABLE,982.3344334509001,0.5864668994790679,0.0005747375614894866,OOD,OOD,68.95544416912995,0.695853919313036,0.0006819368409267752,UNRELIABLE,IDO,116.60975612400313,0.7194133300923442,0.0007050250634904973,OOD,OOD,214.81227357677358,0.6535651598871579,0.0006404938566894147,OOD,OOD,591.634918372737,0.6401098715871246,0.0006273076741553821,OOD,OOD
69,0,Digit 0,0,Digit 0,max_nhat,RELIABLE,RELIABLE,34.281708213774465,0.7905676361108064,0.0007747562833885902,2,0.04954653694957212,0,0,True,34.281708213774465,0.7905676361108064,0.0007747562833885902,RELIABLE,RELIABLE,1489.5688064769588,0.7018018628973859,0.0006877658256394381,OOD,OOD,78.72207400238908,0.7410210991612343,0.0007262006771780096,UNRELIABLE,IDO,208.31810140744403,0.7019207310386495,0.0006878823164178765,OOD,OOD,79.43954680253546,0.7387261248068027,0.0007239516023106666,UNRELIABLE,IDO,745.3556789705898,0.6948143624837697,0.0006809180752340943,OOD,OOD
70,0,Digit 0,0,Digit 0,max_nhat,RELIABLE,RELIABLE,29.032334804329,0.8263381258742796,0.000809811363356794,2,0.09278912759087488,0,0,True,29.032334804329,0.8263381258742796,0.000809811363356794,RELIABLE,RELIABLE,1310.5289408878973,0.6747739761401162,0.000661278496617314,OOD,OOD,80.80717146658979,0.7335489982834047,0.0007188780183177366,UNRELIABLE,IDO,170.80563831116913,0.7240377457567253,0.0007095569908415908,OOD,OOD,108.64034263833886,0.6834076879441483,0.0006697395341852653,OOD,OOD,540.2050231495596,0.6476055852241593,0.0006346534735196762,OOD,OOD
71,0,Digit 0,0,Digit 0,max_nhat,RELIABLE,RELIABLE,18.27189385232138,0.8974152371631744,0.0008794669324199109,4,0.1480583854620824,0,0,True,18.27189385232138,0.8974152371631744,0.0008794669324199109,RELIABLE,RELIABLE,817.0829728332624,0.6854969488939683,0.0006717870099160889,OOD,OOD,74.09898401074969,0.72488736541589,0.0007103896181075723,UNRELIABLE,IDO,80.94656169103824,0.7478107259442952,0.0007328545114254093,UNRELIABLE,IDO,187.19965857791271,0.749356851701092,0.0007343697146670701,OOD,OOD,557.4097670569806,0.6779298300734462,0.0006643712334719773,OOD,OOD
72,0,Digit 0,0,Digit 0,max_nhat,RELIABLE,RELIABLE,18.79155211709187,0.8673717932074614,0.0008500243573433122,2,0.11100498113255619,0,0,True,18.79155211709187,0.8673717932074614,0.0008500243573433122,RELIABLE,RELIABLE,560.322895986209,0.721963573285039,0.0007075243018193383,OOD,OOD,54.61246343604473,0.7563668120749052,0.0007412394758334071,RELIABLE,RELIABLE,62.64585775883211,0.7531723614776819,0.0007381089142481282,UNRELIABLE,IDO,184.52298952807388,0.7351222440587423,0.0007204197991775674,OOD,OOD,349.86499901296406,0.6732451264320898,0.000659780223903448,OOD,OOD
73,0,Digit 0,0,Digit 0,max_nhat,RELIABLE,RELIABLE,15.595797410752574,0.8920015740148698,0.0008741615425345723,3,0.1093998916429112,0,0,True,15.595797410752574,0.8920015740148698,0.0008741615425345723,RELIABLE,RELIABLE,851.642978236576,0.6553857967962979,0.0006422780808603719,OOD,OOD,63.39571206291724,0.7708329507245759,0.0007554162917100843,UNRELIABLE,IDO,74.41881466803815,0.7826016823719586,0.0007669496487245194,UNRELIABLE,IDO,117.49436923523223,0.723156473234867,0.0007086933437701696,OOD,OOD,226.5411578602148,0.7174185441281671,0.0007030701732456037,OOD,OOD
74,0,Digit 0,0,Digit 0,max_nhat,RELIABLE,RELIABLE,28.892002894529757,0.8215695258879361,0.0008051381353701774,4,0.0594738553788593,0,0,True,28.892002894529757,0.8215695258879361,0.0008051381353701774,RELIABLE,RELIABLE,1200.3405961309904,0.7207242364933777,0.0007063097517635101,OOD,OOD,73.20118933929754,0.7036469104156226,0.0006895739722073101,UNRELIABLE,IDO,105.49119484188739,0.6903023630061964,0.0006764963157460725,OOD,OOD,516.525782272874,0.7620956705090768,0.0007468537570988952,OOD,OOD,945.7794076627507,0.7051301783695204,0.00069102757480213,OOD,OOD
75,0,Digit 0,0,Digit 0,max_nhat,RELIABLE,RELIABLE,28.33927428383223,0.8298065212828364,0.0008132103908571796,1,0.05447983744591023,0,0,True,28.33927428383223,0.8298065212828364,0.0008132103908571796,RELIABLE,RELIABLE,373.9927928983877,0.7753266838369262,0.0007598201501601876,OOD,OOD,51.0333909642827,0.773351286886541,0.0007578842611488102,RELIABLE,RELIABLE,57.04498617414654,0.7590803465966017,0.0007438987396646697,RELIABLE,RELIABLE,219.93753679763114,0.7750791726493367,0.0007595775891963499,OOD,OOD,384.3394073399729,0.724091764628435,0.0007096099293358663,OOD,OOD
76,0,Digit 0,0,Digit 0,max_nhat,RELIABLE,RELIABLE,9.127053936857365,0.91891064245015,0.000900532429601147,3,0.16322351009163016,0,0,True,9.127053936857365,0.91891064245015,0.000900532429601147,RELIABLE,RELIABLE,1030.3998225317291,0.686723889744321,0.0006729894119494346,OOD,OOD,58.27967727418865,0.7273794740613194,0.000712831884580093,RELIABLE,RELIABLE,83.73953908496817,0.7556871323585198,0.0007405733897113494,UNRELIABLE,IDO,103.17523126284533,0.7277750393952735,0.0007132195386073681,OOD,OOD,369.8374040095716,0.6457525378128862,0.0006328374870566285,OOD,OOD
77,0,Digit 0,0,Digit 0,max_nhat,UNRELIABLE,IDO,62.70725175305263,0.7666105557455806,0.0007512783446306689,2,0.052612877214820664,0,0,True,62.70725175305263,0.7666105557455806,0.0007512783446306689,UNRELIABLE,IDO,2162.294258117915,0.5998797971821257,0.0005878822012384832,OOD,OOD,106.4977016788498,0.7139976785307599,0.0006997177249601446,OOD,OOD,281.0184316620475,0.7038166703785711,0.0006897403369709996,OOD,OOD,167.63612222119386,0.6462828250445211,0.0006333571685436306,OOD,OOD,748.4327128627891,0.6476162164307441,0.0006346638921021292,OOD,OOD
78,0,Digit 0,0,Digit 0,max_nhat,RELIABLE,RELIABLE,13.776747750802912,0.8887439807723959,0.0008709691011569479,2,0.1303950825006367,0,0,True,13.776747750802912,0.8887439807723959,0.0008709691011569479,RELIABLE,RELIABLE,830.1243995319087,0.6550968795551919,0.000641994941964088,OOD,OOD,57.73351929819314,0.7583488982717592,0.000743181920306324,RELIABLE,RELIABLE,70.57492723299931,0.7568062347322856,0.0007416701100376399,UNRELIABLE,IDO,104.621182699331,0.7265030664942551,0.00071197300516437,OOD,OOD,211.81621919126127,0.6743311499967134,0.0006608445269967791,OOD,OOD
79,0,Digit 0,0,Digit 0,max_nhat,RELIABLE,RELIABLE,26.7957120581368,0.8380951189247157,0.0008213332165462213,2,0.06431267714888766,0,0,True,26.7957120581368,0.8380951189247157,0.0008213332165462213,RELIABLE,RELIABLE,1268.782479557071,0.7479833194596426,0.0007330236530704497,OOD,OOD,46.027179293277904,0.773782441775828,0.0007583067929403114,RELIABLE,RELIABLE,96.30873175504763,0.7271561752940061,0.0007126130517881259,OOD,OOD,89.7774658377179,0.7691617139315361,0.0007537784796529054,OOD,OOD,593.8521593606376,0.6839434211656218,0.0006702645527423093,OOD,OOD
80,0,Digit 0,0,Digit 0,max_nhat,RELIABLE,RELIABLE,26.28257124851987,0.8351768693949411,0.0008184733320070422,3,0.052015726175885124,0,0,True,26.28257124851987,0.8351768693949411,0.0008184733320070422,RELIABLE,RELIABLE,276.61588789095055,0.7359172240887959,0.00072119887960702,OOD,OOD,49.90991439388832,0.7752867085901657,0.0007597809744183623,RELIABLE,RELIABLE,55.199223258007514,0.7831611432190559,0.0007674979203546748,RELIABLE,RELIABLE,56.61326725997775,0.7594246310644236,0.0007442361384431351,RELIABLE,RELIABLE,153.2430107519881,0.7162279318204184,0.0007019033731840101,OOD,OOD
81,0,Digit 0,0,Digit 0,max_nhat,RELIABLE,RELIABLE,35.97391209085666,0.7840858220323158,0.0007684041055916695,2,0.038035278443463216,0,0,True,35.97391209085666,0.7840858220323158,0.0007684041055916695,RELIABLE,RELIABLE,855.1282695608388,0.6780838690903156,0.0006645221917085093,OOD,OOD,58.61038583730825,0.7460505435888526,0.0007311295327170755,RELIABLE,RELIABLE,103.6284731780205,0.682881991535271,0.0006692243517045655,OOD,OOD,250.59488197742053,0.7278076995872719,0.0007132515455955264,OOD,OOD,613.0351610202243,0.6677125093586405,0.0006543582591714677,OOD,OOD
82,0,Digit 0,0,Digit 0,max_nhat,RELIABLE,RELIABLE,15.465326476724822,0.8790021446978257,0.0008614221018038691,2,0.05135122392251945,0,0,True,15.465326476724822,0.8790021446978257,0.0008614221018038691,RELIABLE,RELIABLE,276.7984750124655,0.7281922825973046,0.0007136284369453585,OOD,OOD,32.0402442978529,0.8276509207753062,0.0008110979023598,RELIABLE,RELIABLE,28.942857886422743,0.825978830456812,0.0008094592538476757,RELIABLE,RELIABLE,70.90677948161971,0.7871787826983495,0.0007714352070443825,UNRELIABLE,IDO,142.19824876574162,0.7106805016902313,0.0006964668916564267,OOD,OOD
83,0,Digit 0,2,Digit 2,max_nhat,UNRELIABLE,IDO,65.87335633108496,0.7777569093085532,0.0007622017711223821,0,0.011989975457493585,2,2,True,71.72002637874067,0.7657669338510597,0.0007504515951740385,UNRELIABLE,IDO,1385.6475574599742,0.6456282925530701,0.0006327157267020086,OOD,OOD,65.87335633108496,0.7777569093085532,0.0007622017711223821,UNRELIABLE,IDO,185.93607869670967,0.7152429427753237,0.0007009380839198173,OOD,OOD,103.53253164066308,0.7048792313964877,0.0006907816467685579,OOD,OOD,359.09327164347076,0.693098263346856,0.0006792362980799189,OOD,OOD
84,0,Digit 0,0,Digit 0,max_nhat,RELIABLE,RELIABLE,27.99581376080473,0.8318884658543623,0.000815250696537275,4,0.0575767997982779,0,0,True,27.99581376080473,0.8318884658543623,0.000815250696537275,RELIABLE,RELIABLE,972.2171621036473,0.7212812169730949,0.000706855592633633,OOD,OOD,66.90541136173947,0.7277648804377315,0.0007132095828289768,UNRELIABLE,IDO,99.418438126488,0.7422170376729754,0.0007273726969195159,OOD,OOD,282.28537468642605,0.7743116660560844,0.0007588254327349626,OOD,OOD,753.6478458714329,0.731702548944444,0.000717068497965555,OOD,OOD
85,0,Digit 0,0,Digit 0,max_nhat,RELIABLE,RELIABLE,23.301286410550144,0.8471621998704734,0.0008302189558730638,3,0.054781790968793875,0,0,True,23.301286410550144,0.8471621998704734,0.0008302189558730638,RELIABLE,RELIABLE,717.7572418384716,0.6744563389354223,0.0006609672121567139,OOD,OOD,51.61452892631301,0.7468072394450731,0.0007318710946561716,RELIABLE,RELIABLE,70.39500603858168,0.7923804089016795,0.0007765328007236458,UNRELIABLE,IDO,92.5449140283985,0.7177892368140842,0.0007034334520778025,OOD,OOD,398.1580113034396,0.6887810906912725,0.000675005468877447,OOD,OOD
86,0,Digit 0,0,Digit 0,max_nhat,RELIABLE,RELIABLE,31.884041402083568,0.8183527537449323,0.0008019856986700337,3,0.08904267331747573,0,0,True,31.884041402083568,0.8183527537449323,0.0008019856986700337,RELIABLE,RELIABLE,2308.939766274782,0.6280614029098557,0.0006155001748516586,OOD,OOD,125.27449490271138,0.6623452733457412,0.0006490983678788263,OOD,OOD,217.58950913030424,0.7293100804274566,0.0007147238788189074,OOD,OOD,576.5933709442731,0.6717051267300976,0.0006582710241954956,OOD,OOD,1325.845041216803,0.6464224015537697,0.0006334939535226943,OOD,OOD
87,0,Digit 0,0,Digit 0,max_nhat,RELIABLE,RELIABLE,35.598931715093,0.8331385394693556,0.0008164757686799684,3,0.05996699607152589,0,0,True,35.598931715093,0.8331385394693556,0.0008164757686799684,RELIABLE,RELIABLE,1380.9693909294265,0.6457502260560075,0.0006328352215348873,OOD,OOD,72.68211404415338,0.7259443662341377,0.000711425478909455,UNRELIABLE,IDO,136.22266505367753,0.7731715433978297,0.0007577081125298731,OOD,OOD,158.69615817294448,0.6476082201193859,0.0006346560557169981,OOD,OOD,594.2475162583984,0.6199360964443991,0.0006075373745155111,OOD,OOD
88,0,Digit 0,0,Digit 0,max_nhat,RELIABLE,RELIABLE,24.555368675250005,0.8544866545434928,0.000837396921452623,3,0.133305081054933,0,0,True,24.555368675250005,0.8544866545434928,0.000837396921452623,RELIABLE,RELIABLE,2252.203091819676,0.6328083548772857,0.00062015218777974,OOD,OOD,87.98593102549397,0.6893598376033948,0.0006755726408513269,OOD,OOD,161.15850525909636,0.7211815734885598,0.0007067579420187886,OOD,OOD,255.68603489037272,0.6944108689853584,0.0006805226516056512,OOD,OOD,1162.0802203885983,0.6413646899255118,0.0006285373961270015,OOD,OOD
89,0,Digit 0,0,Digit 0,max_nhat,RELIABLE,RELIABLE,40.380064515024245,0.8011720018705092,0.000785148561833099,4,0.01777435874304023,0,0,True,40.380064515024245,0.8011720018705092,0.000785148561833099,RELIABLE,RELIABLE,1542.7486846998586,0.7486702906420638,0.0007336968848292225,OOD,OOD,49.02851049295817,0.757017291165684,0.0007418769453423703,RELIABLE,RELIABLE,116.2807417310885,0.6838881991243998,0.0006702104351419117,OOD,OOD,90.40260652043673,0.783397643127469,0.0007677296902649195,OOD,OOD,799.2519306766349,0.6986148328451259,0.0006846425361882234,OOD,OOD
90,0,Digit 0,4,Digit 4,max_nhat,UNRELIABLE,IDO,63.08044239327501,0.779303805622472,0.0007637177295100226,3,0.006694111630427435,4,0,False,44.43427166886605,0.7483781430018092,0.0007334105801417729,RELIABLE,RELIABLE,585.2496957276261,0.6954211401849439,0.000681512717381245,OOD,OOD,53.29551229405721,0.7696361665485383,0.0007542434432175675,RELIABLE,RELIABLE,69.64676405630425,0.7726096939920446,0.0007571575001122037,UNRELIABLE,IDO,63.08044239327501,0.779303805622472,0.0007637177295100226,UNRELIABLE,IDO,122.29994827769838,0.7525846903610808,0.0007375329965538591,OOD,OOD
91,0,Digit 0,0,Digit 0,max_nhat,RELIABLE,RELIABLE,44.72130252084135,0.7841214382738255,0.000768439009508349,2,0.025776541214517,0,0,True,44.72130252084135,0.7841214382738255,0.000768439009508349,RELIABLE,RELIABLE,725.4982962941758,0.7102090197421284,0.0006960048393472858,OOD,OOD,79.57358472081539,0.7583448970593085,0.0007431779991181224,UNRELIABLE,IDO,126.48608768195587,0.7521001004536934,0.0007370580984446195,OOD,OOD,138.21476909411547,0.7344957443141077,0.0007198058294278255,OOD,OOD,391.60891933791555,0.7157754482796715,0.0007014599393140781,OOD,OOD
92,0,Digit 0,0,Digit 0,max_nhat,RELIABLE,RELIABLE,15.278622972924246,0.8954003741842874,0.0008774923667006016,3,0.10821318782579226,0,0,True,15.278622972924246,0.8954003741842874,0.0008774923667006016,RELIABLE,RELIABLE,826.9962747767827,0.6902097710594548,0.0006764055756382657,OOD,OOD,61.04816500909104,0.7299199266979833,0.0007153215281640237,RELIABLE,RELIABLE,81.29844749964998,0.7871871863584952,0.0007714434426313253,UNRELIABLE,IDO,101.5676930955944,0.688633431199776,0.0006748607625757805,OOD,OOD,392.4172457618563,0.684009190516343,0.0006703290067060162,OOD,OOD
93,0,Digit 0,3,Digit 3,max_nhat,RELIABLE,RELIABLE,27.396064662563113,0.8716387513437703,0.0008542059763168949,2,0.013957097015549147,3,0,False,22.679934671849445,0.8523010043769425,0.0008352549842894036,RELIABLE,RELIABLE,158.96479221579543,0.8006580402100835,0.0007846448794058818,OOD,OOD,24.288362590035685,0.8576816543282212,0.0008405280212416568,RELIABLE,RELIABLE,27.396064662563113,0.8716387513437703,0.0008542059763168949,RELIABLE,RELIABLE,34.539732693135164,0.8392838474363182,0.0008224981704875919,RELIABLE,RELIABLE,55.90445414413122,0.7887930546941074,0.0007730171936002252,RELIABLE,RELIABLE
94,0,Digit 0,0,Digit 0,max_nhat,RELIABLE,RELIABLE,27.671525151481262,0.8426166232326989,0.0008257642907680449,3,0.12466458585517493,0,0,True,27.671525151481262,0.8426166232326989,0.0008257642907680449,RELIABLE,RELIABLE,804.0628922623482,0.619554615722895,0.0006071635234084371,OOD,OOD,70.87198046504945,0.7104861308647625,0.0006962764082474673,UNRELIABLE,IDO,110.46055519961405,0.717952037377524,0.0007035929966299735,OOD,OOD,175.43379891691615,0.6633755158783333,0.0006501080055607666,OOD,OOD,532.8613849141037,0.654350008262043,0.0006412630080968022,OOD,OOD
95,0,Digit 0,0,Digit 0,max_nhat,RELIABLE,RELIABLE,55.48746819497592,0.7366217586929785,0.0007218893235191189,3,0.06933671291959143,0,0,True,55.48746819497592,0.7366217586929785,0.0007218893235191189,RELIABLE,RELIABLE,1850.891355861229,0.5720299623602313,0.0005605893631130266,OOD,OOD,105.69060547446335,0.6466713612235041,0.000633737933999034,OOD,OOD,181.10201502426148,0.6672850457733871,0.0006539393448579193,OOD,OOD,188.32392014902794,0.5713813504716494,0.0005599537234622164,OOD,OOD,688.4921853132992,0.55465961162492,0.0005435664193924215,OOD,OOD
96,0,Digit 0,0,Digit 0,max_nhat,RELIABLE,RELIABLE,13.250229489086784,0.8905886012239767,0.0008727768291994971,3,0.0763881989927806,0,0,True,13.250229489086784,0.8905886012239767,0.0008727768291994971,RELIABLE,RELIABLE,418.22805040964255,0.7284464553726849,0.0007138775262652312,OOD,OOD,37.4557368214152,0.8056068510442178,0.0007894947140233335,RELIABLE,RELIABLE,48.128403627051334,0.814200402231196,0.0007979163941865721,RELIABLE,RELIABLE,59.28168374530124,0.779260664822758,0.0007636754515263028,RELIABLE,RELIABLE,127.28608434825077,0.7336611627349955,0.0007189879394802956,OOD,OOD
97,0,Digit 0,0,Digit 0,max_nhat,RELIABLE,RELIABLE,19.760903193661385,0.8637623372276307,0.0008464870904830781,2,0.11202601486317043,0,0,True,19.760903193661385,0.8637623372276307,0.0008464870904830781,RELIABLE,RELIABLE,991.5883424568912,0.6638119787775374,0.0006505357392019867,OOD,OOD,50.729488224684154,0.7517363223644603,0.0007367015959171711,RELIABLE,RELIABLE,93.81354251358256,0.7277875491418578,0.0007132317981590207,OOD,OOD,81.51617693953618,0.7065960491211551,0.000692464128138732,UNRELIABLE,IDO,331.2926081970178,0.6509411031694741,0.0006379222811060846,OOD,OOD
98,0,Digit 0,0,Digit 0,max_nhat,RELIABLE,RELIABLE,17.69221769087915,0.8658988097545857,0.0008485808335594939,2,0.10685698256339704,0,0,True,17.69221769087915,0.8658988097545857,0.0008485808335594939,RELIABLE,RELIABLE,595.1226570023816,0.7112050467114955,0.0006969809457772656,OOD,OOD,46.57791795896308,0.7590418271911886,0.0007438609906473649,RELIABLE,RELIABLE,56.282597790255636,0.7490601036900703,0.0007340789016162688,RELIABLE,RELIABLE,198.6679858174548,0.7559968120924773,0.0007408768758506277,OOD,OOD,367.00126390980535,0.67718648925258,0.0006636427594675283,OOD,OOD
99,0,Digit 0,0,Digit 0,max_nhat,RELIABLE,RELIABLE,52.079630506088975,0.7773310067189146,0.0007617843865845364,2,0.01872690352509976,0,0,True,52.079630506088975,0.7773310067189146,0.0007617843865845364,RELIABLE,RELIABLE,1266.5777013755069,0.6831444871064253,0.0006694815973642968,OOD,OOD,63.94370395905807,0.7586041031938149,0.0007434320211299385,UNRELIABLE,IDO,99.24504366373914,0.7543063650923426,0.0007392202377904957,OOD,OOD,129.5663307221828,0.646411415969984,0.0006334831876505843,OOD,OOD,431.867272979447,0.645773127052663,0.0006328576645116097,OOD,OOD
100,0,Digit 0,0,Digit 0,max_nhat,RELIABLE,RELIABLE,16.23897273389417,0.8769166465831056,0.0008593783136514435,3,0.051503216628508874,0,0,True,16.23897273389417,0.8769166465831056,0.0008593783136514435,RELIABLE,RELIABLE,380.5497681963078,0.6939410773302197,0.0006800622557836153,OOD,OOD,32.31492494564263,0.8239805962777403,0.0008075009843521855,RELIABLE,RELIABLE,39.513364554818544,0.8254134299545968,0.0008089051613555048,RELIABLE,RELIABLE,44.948565672424,0.8185084685085758,0.0008021382991384042,RELIABLE,RELIABLE,113.83927306373985,0.6983382451667867,0.0006843714802634509,OOD,OOD
101,0,Digit 0,0,Digit 0,max_nhat,RELIABLE,RELIABLE,16.921832778226353,0.8670055237518884,0.0008496654132768507,3,0.05435658450985281,0,0,True,16.921832778226353,0.8670055237518884,0.0008496654132768507,RELIABLE,RELIABLE,455.0036147744556,0.6800557752560374,0.0006664546597509167,OOD,OOD,40.44496449555523,0.8011994436441453,0.0007851754547712624,RELIABLE,RELIABLE,41.96228408847489,0.8126489392420356,0.0007963959604571949,RELIABLE,RELIABLE,73.5675604147354,0.7778197448121998,0.0007622633499159558,UNRELIABLE,IDO,161.27759520138042,0.7317184539112115,0.0007170840848329872,OOD,OOD
102,0,Digit 0,0,Digit 0,max_nhat,RELIABLE,RELIABLE,43.29889147809908,0.7979520778583814,0.0007819930363012138,2,0.01128972946904383,0,2,False,43.29889147809908,0.7979520778583814,0.0007819930363012138,RELIABLE,RELIABLE,788.5876670757767,0.7092060601974869,0.0006950219389935371,OOD,OOD,41.38962581298108,0.7866623483893376,0.0007709291014215508,RELIABLE,RELIABLE,61.224077356166575,0.7599987160814489,0.0007447987417598199,RELIABLE,RELIABLE,98.15078945385694,0.7546525551798335,0.0007395595040762368,OOD,OOD,299.81781522579934,0.7058699237328423,0.0006917525252581854,OOD,OOD
103,0,Digit 0,0,Digit 0,max_nhat,RELIABLE,RELIABLE,18.7684390142048,0.8601968668799598,0.0008429929295423606,4,0.054838454762029976,0,0,True,18.7684390142048,0.8601968668799598,0.0008429929295423606,RELIABLE,RELIABLE,320.19233656692916,0.7093094087253895,0.0006951232205508817,OOD,OOD,38.06522370861983,0.7985285870021573,0.0007825580152621142,RELIABLE,RELIABLE,43.748325745187685,0.7985440265290192,0.0007825731459984389,RELIABLE,RELIABLE,57.914003199380815,0.8053584121179298,0.0007892512438755711,RELIABLE,RELIABLE,111.82591814483459,0.7332672627844993,0.0007186019175288093,OOD,OOD
104,0,Digit 0,0,Digit 0,max_nhat,RELIABLE,RELIABLE,51.94513593995734,0.7755002524979009,0.0007599902474479429,2,0.053486900582000674,0,0,True,51.94513593995734,0.7755002524979009,0.0007599902474479429,RELIABLE,RELIABLE,1387.685883123973,0.6664298821523557,0.0006531012845093085,OOD,OOD,64.4850835212301,0.7220133519159002,0.0007075730848775821,UNRELIABLE,IDO,137.05538662715662,0.7039583565061145,0.0006898791893759922,OOD,OOD,128.8260544557765,0.6311474683688625,0.0006185245190014852,OOD,OOD,535.3045003015532,0.6164991650862611,0.0006041691817845359,OOD,OOD
105,0,Digit 0,0,Digit 0,max_nhat,OOD,OOD,139.81479885158345,0.7041377927524699,0.0006900550368974205,2,0.0027081230028500602,0,0,True,139.81479885158345,0.7041377927524699,0.0006900550368974205,OOD,OOD,1028.7695808223675,0.5641419093552874,0.0005528590711681816,OOD,OOD,225.25668179017296,0.7014296697496198,0.0006874010763546274,OOD,OOD,314.1039450749179,0.6945950434661529,0.0006807031425968298,OOD,OOD,312.03214273132073,0.6281579783297351,0.0006155948187631403,OOD,OOD,624.0266794413661,0.6057351464974419,0.0005936204435674931,OOD,OOD
106,0,Digit 0,2,Digit 2,max_nhat,OOD,OOD,181.55662126887296,0.6639326990080938,0.0006506540450279319,0,0.0016308884270529456,2,0,False,94.05247806064196,0.6623018105810409,0.00064905577436942,OOD,OOD,2824.016355964307,0.584792236846807,0.0005730963921098709,OOD,OOD,181.55662126887296,0.6639326990080938,0.0006506540450279319,OOD,OOD,349.60284516195003,0.6075569506674325,0.0005954058116540839,OOD,OOD,218.63845821192396,0.6127315688216364,0.0006004769374452037,OOD,OOD,695.667010872329,0.5906836911161785,0.0005788700172938549,OOD,OOD
107,0,Digit 0,0,Digit 0,max_nhat,RELIABLE,RELIABLE,51.404949037624014,0.8153521812216354,0.0007990451375972027,2,0.0903937194315454,0,0,True,51.404949037624014,0.8153521812216354,0.0007990451375972027,RELIABLE,RELIABLE,929.9157573917116,0.619269800491134,0.0006068844044813113,OOD,OOD,117.89353815148844,0.72495846179009,0.0007104592925542882,OOD,OOD,150.567029938603,0.7066277344249091,0.0006924951797364109,OOD,OOD,165.274477474273,0.6701953924271122,0.00065679148457857,OOD,OOD,335.68910899661535,0.5938701859599612,0.000581992782240762,OOD,OOD
108,0,Digit 0,0,Digit 0,max_nhat,RELIABLE,RELIABLE,26.214126828380497,0.8243970306163428,0.000807909090004016,3,0.01065536683707946,0,0,True,26.214126828380497,0.8243970306163428,0.000807909090004016,RELIABLE,RELIABLE,453.45331076681,0.7027123784756095,0.0006886581309060974,OOD,OOD,45.846278797720096,0.8029932284873428,0.0007869333639175959,RELIABLE,RELIABLE,51.62584228577732,0.8137416637792634,0.0007974668305036781,RELIABLE,RELIABLE,60.553280396640986,0.746053929101182,0.0007311328505191583,RELIABLE,RELIABLE,112.73283878240866,0.7271880387139102,0.000712644277939632,OOD,OOD
109,0,Digit 0,0,Digit 0,max_nhat,RELIABLE,RELIABLE,20.05365677797679,0.8592860533862512,0.0008421003323185261,2,0.03710781963741849,0,0,True,20.05365677797679,0.8592860533862512,0.0008421003323185261,RELIABLE,RELIABLE,364.6060239334687,0.6682279030523515,0.0006548633449913044,OOD,OOD,38.82804685512895,0.8221782337488327,0.000805734669073856,RELIABLE,RELIABLE,51.579147339261326,0.7945757052666227,0.0007786841911612902,RELIABLE,RELIABLE,39.96542812031011,0.7931043129199796,0.0007772422266615801,RELIABLE,RELIABLE,86.44589478545764,0.718897638745558,0.0007045196859706468,OOD,OOD
110,0,Digit 0,0,Digit 0,max_nhat,RELIABLE,RELIABLE,11.904672610855897,0.9110726155745636,0.0008928511632630724,3,0.12352229452478658,0,0,True,11.904672610855897,0.9110726155745636,0.0008928511632630724,RELIABLE,RELIABLE,680.7855779441504,0.6834569886296139,0.0006697878488570216,OOD,OOD,43.29293281595982,0.7836224512212234,0.0007679500021967989,RELIABLE,RELIABLE,58.1615270898257,0.7875503210497771,0.0007717993146287815,RELIABLE,RELIABLE,81.96112930506152,0.7382482309282533,0.0007234832663096882,UNRELIABLE,IDO,197.23144892547674,0.6695671225205986,0.0006561757800701866,OOD,OOD
111,0,Digit 0,2,Digit 2,max_nhat,RELIABLE,RELIABLE,25.640052996097527,0.8229915456918862,0.0008065317147780484,4,0.011593207735503097,2,2,True,38.00624191212359,0.8057834751887559,0.0007896678056849808,RELIABLE,RELIABLE,287.7122229662485,0.688199756709686,0.0006744357615754923,OOD,OOD,25.640052996097527,0.8229915456918862,0.0008065317147780484,RELIABLE,RELIABLE,56.84036314609471,0.7727472721859917,0.0007572923267422718,RELIABLE,RELIABLE,64.52990207373793,0.811398337956383,0.0007951703711972553,UNRELIABLE,IDO,141.42620409405595,0.7380847392194894,0.0007233230444350996,OOD,OOD
112,0,Digit 0,0,Digit 0,max_nhat,RELIABLE,RELIABLE,16.321000791168302,0.8762288888863093,0.0008587043111085831,3,0.09734475439921064,0,0,True,16.321000791168302,0.8762288888863093,0.0008587043111085831,RELIABLE,RELIABLE,801.6672221239778,0.6740623504660971,0.0006605811034567751,OOD,OOD,49.06723671345778,0.7604623104755481,0.0007452530642660371,RELIABLE,RELIABLE,62.872035700840584,0.7788841344870987,0.0007633064517973567,UNRELIABLE,IDO,89.29359357628238,0.7409736738461393,0.0007261542003692166,OOD,OOD,197.50947500153535,0.7000361544195097,0.0006860354313311195,OOD,OOD
113,0,Digit 0,2,Digit 2,max_nhat,RELIABLE,RELIABLE,43.11319200259711,0.8032852682248856,0.0007872195628603878,0,0.0003890327634744617,2,0,False,29.778127935663868,0.8028962354614111,0.0007868383107521829,RELIABLE,RELIABLE,369.02841722501955,0.6628832227368825,0.0006496255582821448,OOD,OOD,43.11319200259711,0.8032852682248856,0.0007872195628603878,RELIABLE,RELIABLE,55.06092445593351,0.8009444498974418,0.000784925560899493,RELIABLE,RELIABLE,72.0707583903112,0.7906504420861543,0.0007748374332444312,UNRELIABLE,IDO,126.36123196031772,0.6949792114389111,0.0006810796272101328,OOD,OOD
114,0,Digit 0,0,Digit 0,max_nhat,RELIABLE,RELIABLE,47.71125520922836,0.7716584966069739,0.0007562253266748344,2,0.03821224720027161,0,0,True,47.71125520922836,0.7716584966069739,0.0007562253266748344,RELIABLE,RELIABLE,838.0256171894428,0.6442396955210564,0.0006313549016106353,OOD,OOD,63.85820451866419,0.7334462494067023,0.0007187773244185683,UNRELIABLE,IDO,136.86703465306445,0.6875181437926803,0.0006737677809168267,OOD,OOD,96.24917100580092,0.6670352558629159,0.0006536945507456575,OOD,OOD,394.19439074465674,0.6165552262361005,0.0006042241217113785,OOD,OOD
115,0,Digit 0,0,Digit 0,max_nhat,RELIABLE,RELIABLE,24.54486315191489,0.8310427189945728,0.0008144218646146814,4,0.10879474056092198,0,0,True,24.54486315191489,0.8310427189945728,0.0008144218646146814,RELIABLE,RELIABLE,1248.300408677179,0.6875314814634538,0.0006737808518341847,OOD,OOD,77.9599880084654,0.6893390202361156,0.0006755522398313933,UNRELIABLE,IDO,132.10462305610537,0.6880044598883125,0.0006742443706905462,OOD,OOD,230.8981173122241,0.7222479784336509,0.0007078030188649778,OOD,OOD,785.0825167916746,0.6681741225096306,0.000654810640059438,OOD,OOD
116,0,Digit 0,0,Digit 0,max_nhat,RELIABLE,RELIABLE,16.918887415180777,0.874590057134542,0.0008570982559918511,3,0.07228502221573985,0,0,True,16.918887415180777,0.874590057134542,0.0008570982559918511,RELIABLE,RELIABLE,392.2898127302902,0.6402610679518337,0.000627455846592797,OOD,OOD,47.419648617234635,0.7995732524684681,0.0007835817874190988,RELIABLE,RELIABLE,42.90501548416235,0.8023050349188021,0.000786258934220426,RELIABLE,RELIABLE,86.37423462345252,0.7599998612051574,0.0007447998639810542,OOD,OOD,166.61931495592034,0.6649572047783486,0.0006516580606827817,OOD,OOD
117,0,Digit 0,0,Digit 0,max_nhat,RELIABLE,RELIABLE,48.77824697355143,0.766410934894652,0.0007510827161967589,2,0.07608099690246983,0,0,True,48.77824697355143,0.766410934894652,0.0007510827161967589,RELIABLE,RELIABLE,2112.4056215440423,0.6744612660433553,0.0006609720407224882,OOD,OOD,136.76678847086302,0.6903299379921821,0.0006765233392323385,OOD,OOD,299.3383148605267,0.6479712334745743,0.0006350118088050828,OOD,OOD,135.97261409621788,0.6792729633815991,0.0006656875041139671,OOD,OOD,603.8894658506545,0.6667015286936124,0.0006533674981197402,OOD,OOD
118,0,Digit 0,0,Digit 0,max_nhat,RELIABLE,RELIABLE,21.79990661893202,0.8771099344969203,0.0008595677358069819,3,0.09592518321580179,0,0,True,21.79990661893202,0.8771099344969203,0.0008595677358069819,RELIABLE,RELIABLE,335.00421542812455,0.7460834537575387,0.0007311617846823879,OOD,OOD,47.762137144136155,0.7639941185149323,0.0007487142361446336,RELIABLE,RELIABLE,42.75841887823336,0.7811847512811185,0.0007655610562554961,RELIABLE,RELIABLE,51.99887112554943,0.7631865928370438,0.0007479228609803029,RELIABLE,RELIABLE,91.61531119438295,0.7112658966208464,0.0006970405786884294,OOD,OOD
119,0,Digit 0,0,Digit 0,max_nhat,RELIABLE,RELIABLE,37.69775253995824,0.7832017716570386,0.0007675377362238978,2,0.09676177272635511,0,0,True,37.69775253995824,0.7832017716570386,0.0007675377362238978,RELIABLE,RELIABLE,2255.445009376468,0.5846419025015891,0.0005729490644515573,OOD,OOD,104.17960907193168,0.6864399989306835,0.0006727111989520699,OOD,OOD,194.08782166809164,0.6694723630285957,0.0006560829157680238,OOD,OOD,209.75279429975967,0.6620932527047493,0.0006488513876506543,OOD,OOD,702.3214656911656,0.5998959264161895,0.0005878980078878657,OOD,OOD
120,0,Digit 0,0,Digit 0,max_nhat,RELIABLE,RELIABLE,14.101729077470843,0.9009016676663247,0.0008828836343129982,2,0.1791086574287154,0,0,True,14.101729077470843,0.9009016676663247,0.0008828836343129982,RELIABLE,RELIABLE,1065.4919070274361,0.6447362379855253,0.0006318415132258148,OOD,OOD,66.82470288627836,0.7217930102376093,0.0007073571500328572,UNRELIABLE,IDO,91.86725129714604,0.7217798149218493,0.0007073442186234123,OOD,OOD,131.58489843456474,0.7121632422039967,0.0006979199773599168,OOD,OOD,324.07401402845574,0.6198576814568805,0.0006074605278277429,OOD,OOD
121,0,Digit 0,3,Digit 3,max_nhat,RELIABLE,RELIABLE,25.35140268910873,0.8745755451068885,0.0008570840342047507,2,0.041411985398439155,3,3,True,28.170445667499038,0.8078645847504978,0.0007917072930554879,RELIABLE,RELIABLE,150.1940831051138,0.733519069643983,0.0007188486882511033,OOD,OOD,28.88152197515834,0.8331635597084494,0.0008165002885142803,RELIABLE,RELIABLE,25.35140268910873,0.8745755451068885,0.0008570840342047507,RELIABLE,RELIABLE,48.83029761755558,0.7993534932675445,0.0007833664234021936,RELIABLE,RELIABLE,65.96440839859272,0.7748586592021166,0.0007593614860180743,UNRELIABLE,IDO
122,0,Digit 0,0,Digit 0,max_nhat,RELIABLE,RELIABLE,32.92889763559503,0.8390883647144182,0.0008223065974201298,3,0.07848833756947704,0,0,True,32.92889763559503,0.8390883647144182,0.0008223065974201298,RELIABLE,RELIABLE,449.3700116779692,0.697895286491374,0.0006839373807615464,OOD,OOD,63.23889905592854,0.7426080057224341,0.0007277558456079854,UNRELIABLE,IDO,54.74040420891019,0.7606000271449411,0.0007453880266020423,RELIABLE,RELIABLE,123.86289771521538,0.7416299351442885,0.0007267973364414028,OOD,OOD,187.08984980866052,0.6854187443446558,0.0006717103694577626,OOD,OOD
123,0,Digit 0,0,Digit 0,max_nhat,RELIABLE,RELIABLE,19.61273914273133,0.8576766048341903,0.0008405230727375065,2,0.08355453114198041,0,0,True,19.61273914273133,0.8576766048341903,0.0008405230727375065,RELIABLE,RELIABLE,855.4951559081533,0.6571462342567003,0.0006440033095715663,OOD,OOD,49.6397218897928,0.7741220736922099,0.0007586396322183656,RELIABLE,RELIABLE,60.86905272447654,0.7581017001345416,0.0007429396661318507,RELIABLE,RELIABLE,102.31566295828824,0.7591551860774961,0.0007439720823559461,OOD,OOD,225.76320342658627,0.6587220170165424,0.0006455475766762116,OOD,OOD
124,0,Digit 0,0,Digit 0,max_nhat,RELIABLE,RELIABLE,25.070240783163086,0.8445400013888474,0.0008276492013610705,3,0.0811192758808319,0,0,True,25.070240783163086,0.8445400013888474,0.0008276492013610705,RELIABLE,RELIABLE,837.9113732819342,0.6839119721560735,0.000670233732712952,OOD,OOD,51.1959902457369,0.7559480605703887,0.0007408290993589808,RELIABLE,RELIABLE,93.02540683208501,0.7634207255080155,0.0007481523109978552,OOD,OOD,90.0296309017601,0.6754526590601742,0.0006619436058789706,OOD,OOD,340.14442723383206,0.6462191534595751,0.0006332947703903836,OOD,OOD
125,0,Digit 0,0,Digit 0,max_nhat,OOD,OOD,123.9447973308195,0.7348737661068636,0.0007201762907847263,2,0.010414867275952644,0,2,False,123.9447973308195,0.7348737661068636,0.0007201762907847263,OOD,OOD,1260.9663118486822,0.6543597482293225,0.000641272553264736,OOD,OOD,51.61639128641,0.724458898830911,0.0007099697208542928,RELIABLE,RELIABLE,102.23169773723845,0.6866089399073013,0.0006728767611091553,OOD,OOD,125.41973360384239,0.7168946780233243,0.0007025567844628578,OOD,OOD,382.71443911785104,0.6867147958064636,0.0006729804998903343,OOD,OOD
126,0,Digit 0,0,Digit 0,max_nhat,RELIABLE,RELIABLE,13.731527992268965,0.8966293753179184,0.00087869678781156,3,0.12180321880047529,0,0,True,13.731527992268965,0.8966293753179184,0.00087869678781156,RELIABLE,RELIABLE,935.8016446645813,0.6635814845233983,0.0006503098548329303,OOD,OOD,57.68802617287128,0.7405901217240282,0.0007257783192895475,RELIABLE,RELIABLE,106.46727230615795,0.7748261565174431,0.0007593296333870943,OOD,OOD,123.35247055500884,0.711708693906789,0.0006974745200286532,OOD,OOD,529.7655775211012,0.6612485642252297,0.0006480235929407251,OOD,OOD
127,0,Digit 0,0,Digit 0,max_nhat,RELIABLE,RELIABLE,25.569284611661075,0.845906082173244,0.0008289879605297791,3,0.08861666935265933,0,0,True,25.569284611661075,0.845906082173244,0.0008289879605297791,RELIABLE,RELIABLE,1556.3776308550778,0.6976088830505004,0.0006836567053894904,OOD,OOD,73.38032489848935,0.7308660338346106,0.0007162487131579183,UNRELIABLE,IDO,167.98892540273508,0.7572894128205847,0.000742143624564173,OOD,OOD,118.96223062037198,0.7099526786539074,0.0006957536250808292,OOD,OOD,663.9519221136395,0.7096761854472671,0.0006954826617383217,OOD,OOD
128,0,Digit 0,0,Digit 0,max_nhat,RELIABLE,RELIABLE,36.7517233790212,0.7917433165246208,0.0007759084501941284,2,0.01695128025191439,0,0,True,36.7517233790212,0.7917433165246208,0.0007759084501941284,RELIABLE,RELIABLE,648.5628138172555,0.6508293896487258,0.0006378128018557513,OOD,OOD,39.611411133234796,0.7747920362727064,0.0007592961955472522,RELIABLE,RELIABLE,70.91356054352347,0.7044470778340902,0.0006903581362774084,UNRELIABLE,IDO,138.17064706012417,0.7243177398476938,0.0007098313850507398,OOD,OOD,302.7235990194656,0.6932741975356792,0.0006794087135849656,OOD,OOD
129,0,Digit 0,3,Digit 3,max_nhat,RELIABLE,RELIABLE,28.661475692469022,0.8597120125113193,0.000842517772261093,2,0.012842379852566532,3,0,False,23.777019172670073,0.8439487770917861,0.0008270698015499503,RELIABLE,RELIABLE,162.08433677937813,0.8188524464994622,0.000802475397569473,OOD,OOD,25.327062744195555,0.8468696326587528,0.0008299322400055777,RELIABLE,RELIABLE,28.661475692469022,0.8597120125113193,0.000842517772261093,RELIABLE,RELIABLE,26.515885242681897,0.8404212832845618,0.0008236128576188705,RELIABLE,RELIABLE,48.005621168253484,0.8170826743294471,0.0008007410208428581,RELIABLE,RELIABLE
130,0,Digit 0,4,Digit 4,max_nhat,OOD,OOD,85.96960631019047,0.8284263750632592,0.000811857847561994,2,0.007236602929195257,4,2,False,38.89281803776804,0.7974077789833818,0.0007814596234037141,RELIABLE,RELIABLE,612.1377478538686,0.7376157188536333,0.0007228634044765607,OOD,OOD,33.86892729748097,0.821189772134064,0.0008047659766913826,RELIABLE,RELIABLE,71.4032009486603,0.7519520010409245,0.000736912961020106,UNRELIABLE,IDO,85.96960631019047,0.8284263750632592,0.000811857847561994,OOD,OOD,292.27879078240517,0.7586959633098426,0.0007435220440436457,OOD,OOD
131,0,Digit 0,0,Digit 0,max_nhat,RELIABLE,RELIABLE,10.773680081439228,0.9209062683688738,0.0009024881430014963,2,0.11389198118737709,0,0,True,10.773680081439228,0.9209062683688738,0.0009024881430014963,RELIABLE,RELIABLE,459.89797599222504,0.656056829575813,0.0006429356929842968,OOD,OOD,33.359233534938745,0.8070142871814967,0.0007908740014378668,RELIABLE,RELIABLE,47.398577895511345,0.7965358330343062,0.00078060511637362,RELIABLE,RELIABLE,67.04051240849687,0.7904343222380713,0.0007746256357933098,UNRELIABLE,IDO,140.23721050761844,0.6781819312324894,0.0006646182926078396,OOD,OOD
132,0,Digit 0,0,Digit 0,max_nhat,UNRELIABLE,IDO,73.95521474141586,0.7054190917365423,0.0006913107099018114,3,0.06267945717684686,0,0,True,73.95521474141586,0.7054190917365423,0.0006913107099018114,UNRELIABLE,IDO,2933.7859457633276,0.5278775071783288,0.0005173199570347622,OOD,OOD,190.85362798108247,0.6050668492331117,0.0005929655122484495,OOD,OOD,335.13668338237756,0.6427396345596954,0.0006298848418685015,OOD,OOD,494.6627706507514,0.5904380325577584,0.0005786292719066032,OOD,OOD,1265.8383613818978,0.5782126741859654,0.0005666484207022462,OOD,OOD
133,0,Digit 0,2,Digit 2,max_nhat,RELIABLE,RELIABLE,21.82408103035921,0.8659325002022096,0.0008486138501981654,3,0.005048397657029358,2,2,True,27.12842927232638,0.8289338787535222,0.0008123552011784518,RELIABLE,RELIABLE,98.26564396882884,0.8259139168251365,0.0008093956384886337,OOD,OOD,21.82408103035921,0.8659325002022096,0.0008486138501981654,RELIABLE,RELIABLE,24.045253642574323,0.8608841025451802,0.0008436664204942766,RELIABLE,RELIABLE,33.12432354137857,0.844355613640444,0.0008274685013676351,RELIABLE,RELIABLE,48.822675968267774,0.788491951178287,0.0007727221121547212,RELIABLE,RELIABLE
134,0,Digit 0,0,Digit 0,max_nhat,RELIABLE,RELIABLE,31.294524700754526,0.8148399014278582,0.000798543103399301,4,0.033269816488216586,0,0,True,31.294524700754526,0.8148399014278582,0.000798543103399301,RELIABLE,RELIABLE,1046.3857430492183,0.7264742091504763,0.0007119447249674668,OOD,OOD,57.019346338217666,0.7298265252642842,0.0007152299947589984,RELIABLE,RELIABLE,102.73868514182234,0.694750502879506,0.0006808554928219158,OOD,OOD,124.48129736808572,0.7815700849396416,0.0007659386832408487,OOD,OOD,663.8092980127224,0.6977481085120049,0.0006837931463417647,OOD,OOD
135,0,Digit 0,0,Digit 0,max_nhat,RELIABLE,RELIABLE,34.195913026193466,0.8013567567537848,0.0007853296216187091,4,0.01731965966873783,0,0,True,34.195913026193466,0.8013567567537848,0.0007853296216187091,RELIABLE,RELIABLE,579.8884309857682,0.7249368888262884,0.0007104381510497626,OOD,OOD,59.385410237544825,0.7742464629011883,0.0007587615336431644,RELIABLE,RELIABLE,71.8686302257759,0.7129836630085631,0.0006987239897483918,UNRELIABLE,IDO,353.2900559892506,0.784037097085047,0.000768356355143346,OOD,OOD,608.1434956361164,0.7264800907811252,0.0007119504889655027,OOD,OOD
136,0,Digit 0,0,Digit 0,max_nhat,RELIABLE,RELIABLE,18.582316497656937,0.859465759399446,0.0008422764442114571,2,0.0990374379411425,0,0,True,18.582316497656937,0.859465759399446,0.0008422764442114571,RELIABLE,RELIABLE,851.4550293691505,0.6518373463252621,0.0006388005993987569,OOD,OOD,51.14310386930891,0.7604283214583035,0.0007452197550291374,RELIABLE,RELIABLE,59.35166793525137,0.743617848472,0.0007287454915025599,RELIABLE,RELIABLE,106.83459807616303,0.7523704251957817,0.000737323016691866,OOD,OOD,231.75218335462972,0.6660762171580841,0.0006527546928149224,OOD,OOD
137,0,Digit 0,0,Digit 0,max_nhat,RELIABLE,RELIABLE,35.245838829483716,0.827119044021371,0.0008105766631409436,3,0.07654295340397965,0,0,True,35.245838829483716,0.827119044021371,0.0008105766631409436,RELIABLE,RELIABLE,950.5226566172402,0.6154777354336319,0.0006031681807249593,OOD,OOD,78.36758653648045,0.7080428195679008,0.0006938819631765428,UNRELIABLE,IDO,77.53476445178708,0.7505760906173914,0.0007355645688050435,UNRELIABLE,IDO,140.02986503353407,0.676943011844282,0.0006634041516073963,OOD,OOD,295.3377401591141,0.6393874074022357,0.0006265996592541909,OOD,OOD
138,0,Digit 0,0,Digit 0,max_nhat,RELIABLE,RELIABLE,54.357718185678,0.821552770090749,0.000805121714688934,2,0.11541351258586108,0,0,True,54.357718185678,0.821552770090749,0.000805121714688934,RELIABLE,RELIABLE,1438.9505624148678,0.629814354518748,0.000617218067428373,OOD,OOD,108.86062524427167,0.7061392575048879,0.0006920164723547901,OOD,OOD,159.79183370841318,0.7013750824685392,0.0006873475808191684,OOD,OOD,221.1710729256519,0.6969592311518837,0.000683020046528846,OOD,OOD,719.2164120918828,0.6142007147918929,0.000601916700496055,OOD,OOD
139,0,Digit 0,0,Digit 0,max_nhat,RELIABLE,RELIABLE,31.69286380120527,0.8082446283296666,0.0007920797357630732,2,0.055251446703027396,0,0,True,31.69286380120527,0.8082446283296666,0.0007920797357630732,RELIABLE,RELIABLE,1228.5703359244453,0.6726370146838729,0.0006591842743901954,OOD,OOD,78.52245293887981,0.7529931816266392,0.0007379333179941064,UNRELIABLE,IDO,109.6141893515167,0.7438866729689549,0.0007290089395095758,OOD,OOD,120.73296283406711,0.709431938898728,0.0006952433001207535,OOD,OOD,256.2133190457655,0.6435691139043886,0.0006306977316263008,OOD,OOD
140,0,Digit 0,0,Digit 0,max_nhat,RELIABLE,RELIABLE,23.08581466407105,0.8425342997401002,0.0008256836137452982,3,0.13654656067221316,0,0,True,23.08581466407105,0.8425342997401002,0.0008256836137452982,RELIABLE,RELIABLE,1662.9381520283564,0.6797342247677689,0.0006661395402724134,OOD,OOD,87.33199462753214,0.6563414608863168,0.0006432146316685905,OOD,OOD,133.24282046921385,0.705987739067887,0.0006918679842865292,OOD,OOD,468.694493417669,0.7019957859508295,0.0006879558702318128,OOD,OOD,1091.723141815939,0.6545682661765899,0.0006414769008530581,OOD,OOD
141,0,Digit 0,0,Digit 0,max_nhat,RELIABLE,RELIABLE,38.81371877082584,0.7831200053115583,0.0007674576052053272,4,0.03734383133637864,0,0,True,38.81371877082584,0.7831200053115583,0.0007674576052053272,RELIABLE,RELIABLE,982.8265447146819,0.7171057830243737,0.0007027636673638862,OOD,OOD,70.30014870306427,0.7185565775778743,0.0007041854460263168,UNRELIABLE,IDO,98.28201541560097,0.6954678960394663,0.000681558538118677,OOD,OOD,360.40737345345934,0.7457761739751797,0.000730860650495676,OOD,OOD,651.8698037610677,0.6738423175992049,0.0006603654712472207,OOD,OOD
142,0,Digit 0,0,Digit 0,max_nhat,RELIABLE,RELIABLE,31.051324949076104,0.8043803629297058,0.0007882927556711117,4,0.0947433974909796,0,0,True,31.051324949076104,0.8043803629297058,0.0007882927556711117,RELIABLE,RELIABLE,1790.7651099213756,0.6203417590585036,0.0006079349238773335,OOD,OOD,98.24604666880525,0.6720865435413447,0.0006586448126705178,OOD,OOD,165.1958976658626,0.7062414296236896,0.0006921166010312158,OOD,OOD,236.52195045968892,0.7096369654387262,0.0006954442261299517,OOD,OOD,917.9478008700697,0.6659262345129215,0.0006526077098226631,OOD,OOD
143,0,Digit 0,0,Digit 0,max_nhat,RELIABLE,RELIABLE,21.479159571811426,0.8799429077581804,0.0008623440496030168,3,0.12824977959647554,0,0,True,21.479159571811426,0.8799429077581804,0.0008623440496030168,RELIABLE,RELIABLE,1050.1361177137553,0.6648431286598231,0.0006515462660866266,OOD,OOD,50.329838534583544,0.7459027188881571,0.0007309846645103939,RELIABLE,RELIABLE,93.04196828148078,0.7516931281617049,0.0007366592655984707,OOD,OOD,109.32106366351096,0.6933235001154242,0.0006794570301131157,OOD,OOD,335.91364366950717,0.6515212743988785,0.0006384908489109009,OOD,OOD
144,0,Digit 0,0,Digit 0,max_nhat,RELIABLE,RELIABLE,25.738898587852333,0.8404064389012023,0.0008235983101231782,2,0.10700479381171923,0,0,True,25.738898587852333,0.8404064389012023,0.0008235983101231782,RELIABLE,RELIABLE,870.8399223812223,0.68364512842735,0.000669972225858803,OOD,OOD,54.5936590766837,0.733401645089483,0.0007187336121876934,RELIABLE,RELIABLE,100.60809416593357,0.729396828276971,0.0007148088917114316,OOD,OOD,104.19515596815162,0.718722493808671,0.0007043480439324975,OOD,OOD,501.4735492707981,0.689456735666337,0.0006756676009530102,OOD,OOD
145,0,Digit 0,0,Digit 0,max_nhat,RELIABLE,RELIABLE,33.73051872153598,0.8244640738350735,0.000807974792358372,4,0.057316433178133175,0,0,True,33.73051872153598,0.8244640738350735,0.000807974792358372,RELIABLE,RELIABLE,551.3087929211415,0.6993374386189309,0.0006853506898465523,OOD,OOD,46.89479897451509,0.7533695402074861,0.0007383021494033364,RELIABLE,RELIABLE,61.47463121728184,0.745186378075498,0.000730282650513988,RELIABLE,RELIABLE,103.20621843745883,0.7671476406569403,0.0007518046878438015,OOD,OOD,145.5772736808791,0.720242829798752,0.0007058379732027769,OOD,OOD
146,0,Digit 0,0,Digit 0,max_nhat,UNRELIABLE,IDO,76.59608992753769,0.7691232041186381,0.0007537407400362654,2,0.09496049324405798,0,0,True,76.59608992753769,0.7691232041186381,0.0007537407400362654,UNRELIABLE,IDO,1598.510526223249,0.5725666493906817,0.000561115316402868,OOD,OOD,139.2242005366347,0.6741627108745801,0.0006606794566570885,OOD,OOD,275.083411818643,0.6710084733661028,0.0006575883038987808,OOD,OOD,199.1073648839594,0.5876507203653392,0.0005758977059580324,OOD,OOD,806.8215513698945,0.5647664056726038,0.0005534710775591517,OOD,OOD
147,0,Digit 0,0,Digit 0,max_nhat,RELIABLE,RELIABLE,22.590120908300186,0.8439673772947717,0.0008270880297488762,3,0.04267400920208053,0,0,True,22.590120908300186,0.8439673772947717,0.0008270880297488762,RELIABLE,RELIABLE,471.096468090851,0.7057635304077874,0.0006916482597996316,OOD,OOD,43.72657779780033,0.7739643096155033,0.0007584850234231932,RELIABLE,RELIABLE,58.913331943344666,0.8012933680926911,0.0007852675007308373,RELIABLE,RELIABLE,78.79879309866689,0.7497694911016634,0.0007347741012796301,UNRELIABLE,IDO,141.5998935634832,0.7303464257077706,0.0007157394971936152,OOD,OOD
148,0,Digit 0,0,Digit 0,max_nhat,RELIABLE,RELIABLE,20.01755485591084,0.8612010372472938,0.0008439770165023479,4,0.14225410288420182,0,0,True,20.01755485591084,0.8612010372472938,0.0008439770165023479,RELIABLE,RELIABLE,1272.8095884803333,0.6874655267381684,0.000673716216203405,OOD,OOD,69.44196876654092,0.6868438780117784,0.0006731070004515428,UNRELIABLE,IDO,84.59568517212287,0.717462673714791,0.0007031134202404952,UNRELIABLE,IDO,466.4994831578667,0.718946934363092,0.0007045679956758301,OOD,OOD,893.5683413124559,0.6824692003937636,0.0006688198163858883,OOD,OOD
149,0,Digit 0,3,Digit 3,max_nhat,RELIABLE,RELIABLE,39.32396577135936,0.8336484109906588,0.0008169754427708455,0,0.006050292273889868,3,0,False,26.170380152395754,0.8275981187167689,0.0008110461563424335,RELIABLE,RELIABLE,309.93737951408855,0.731606681706194,0.0007169745480720701,OOD,OOD,40.58532332573059,0.7997452069040024,0.0007837503027659223,RELIABLE,RELIABLE,39.32396577135936,0.8336484109906588,0.0008169754427708455,RELIABLE,RELIABLE,50.4861539727479,0.8035255698397458,0.0007874550584429508,RELIABLE,RELIABLE,91.82172034893864,0.7550507644751774,0.0007399497491856738,OOD,OOD
150,0,Digit 0,0,Digit 0,max_nhat,RELIABLE,RELIABLE,31.566122760672034,0.8178665548235072,0.0008015092237270371,2,0.10147060402162966,0,0,True,31.566122760672034,0.8178665548235072,0.0008015092237270371,RELIABLE,RELIABLE,1197.3018636996514,0.6351270008208862,0.0006224244608044685,OOD,OOD,80.23817972667769,0.7163959508018776,0.00070206803178584,UNRELIABLE,IDO,104.47694203546078,0.7044025640310659,0.0006903145127504446,OOD,OOD,153.8515022799923,0.6859120701627128,0.0006721938287594586,OOD,OOD,303.3342839306405,0.5763360566278367,0.00056480933549528,OOD,OOD
151,0,Digit 0,0,Digit 0,max_nhat,OOD,OOD,113.28353855038473,0.7993899829614659,0.0007834021833022366,3,0.11862476572022329,0,0,True,113.28353855038473,0.7993899829614659,0.0007834021833022366,OOD,OOD,1413.5238910766393,0.5464827937651353,0.0005355531378898326,OOD,OOD,209.1408076279379,0.6466165035632724,0.0006336841734920069,OOD,OOD,211.99439801189732,0.6807652172412426,0.0006671499128964178,OOD,OOD,233.21093047717335,0.626163892871057,0.0006136406150136359,OOD,OOD,358.0998050164728,0.5744906889837621,0.0005630008752040869,OOD,OOD
152,0,Digit 0,2,Digit 2,max_nhat,RELIABLE,RELIABLE,24.328015368895894,0.838049054501348,0.0008212880734113211,4,0.011494608044365417,2,2,True,29.5321871246355,0.8186630066050926,0.0008022897464729907,RELIABLE,RELIABLE,307.68526113118605,0.7741965619162814,0.0007587126306779558,OOD,OOD,24.328015368895894,0.838049054501348,0.0008212880734113211,RELIABLE,RELIABLE,54.316135927536344,0.7729491952118076,0.0007574902113075715,RELIABLE,RELIABLE,34.92597500637384,0.8265544464569826,0.0008100233575278429,RELIABLE,RELIABLE,67.961483827389,0.771349005243097,0.000755922025138235,UNRELIABLE,IDO
153,0,Digit 0,0,Digit 0,max_nhat,RELIABLE,RELIABLE,22.041017140819775,0.8696156040168305,0.0008522232919364938,2,0.09893300976419572,0,0,True,22.041017140819775,0.8696156040168305,0.0008522232919364938,RELIABLE,RELIABLE,760.1435013081503,0.7070986725281059,0.0006929566990775438,OOD,OOD,41.49788570583767,0.7706825942526347,0.000755268942367582,RELIABLE,RELIABLE,59.63334260581597,0.7447220229161485,0.0007298275824578255,RELIABLE,RELIABLE,88.24267452790946,0.7055765269107152,0.0006914649963725008,OOD,OOD,220.83371482124306,0.6465020975520321,0.0006335720556009915,OOD,OOD
154,0,Digit 0,4,Digit 4,max_nhat,RELIABLE,RELIABLE,33.26231413243781,0.8376681190862693,0.0008209147567045438,2,0.009707660789236128,4,4,True,35.073961512648566,0.814884466226895,0.0007985867769023571,RELIABLE,RELIABLE,221.04925099880302,0.7232373555602069,0.0007087726084490026,OOD,OOD,34.21344001583553,0.8279604582970331,0.0008114012491310924,RELIABLE,RELIABLE,44.17974668776134,0.8070289700000904,0.0007908883906000886,RELIABLE,RELIABLE,33.26231413243781,0.8376681190862693,0.0008209147567045438,RELIABLE,RELIABLE,73.84332028892891,0.7711987970153097,0.0007557748210750035,UNRELIABLE,IDO
155,0,Digit 0,0,Digit 0,max_nhat,RELIABLE,RELIABLE,28.3784522050054,0.8534092434327591,0.000836341058564104,2,0.05933217428437976,0,0,True,28.3784522050054,0.8534092434327591,0.000836341058564104,RELIABLE,RELIABLE,561.1779952537624,0.6509136247141188,0.0006378953522198365,OOD,OOD,38.1344837017918,0.7940770691483794,0.0007781955277654117,RELIABLE,RELIABLE,67.15898773958935,0.730858734687889,0.0007162415599941312,UNRELIABLE,IDO,68.20235010704411,0.7511817442020222,0.0007361581093179817,UNRELIABLE,IDO,214.91378930306763,0.6784145224122614,0.0006648462319640162,OOD,OOD
156,0,Digit 0,3,Digit 3,max_nhat,RELIABLE,RELIABLE,23.038387758647495,0.8621696393457033,0.0008449262465587893,2,0.000804928985880804,3,2,False,26.09358409998287,0.8313546805723305,0.0008147275869608839,RELIABLE,RELIABLE,120.58399010248645,0.8200597835814489,0.00080365858790982,OOD,OOD,22.72990079070354,0.8613647103598225,0.000844137416152626,RELIABLE,RELIABLE,23.038387758647495,0.8621696393457033,0.0008449262465587893,RELIABLE,RELIABLE,32.69400139242325,0.8593396666858875,0.0008421528733521696,RELIABLE,RELIABLE,43.020755932062904,0.8052318340704395,0.0007891271973890307,RELIABLE,RELIABLE
157,0,Digit 0,0,Digit 0,max_nhat,RELIABLE,RELIABLE,24.201012809765288,0.837819485530283,0.0008210630958196773,4,0.13550916216135955,0,0,True,24.201012809765288,0.837819485530283,0.0008210630958196773,RELIABLE,RELIABLE,1928.1031716792418,0.6847755111761902,0.0006710800009526663,OOD,OOD,95.47448335313011,0.6676572509048498,0.0006543041058867528,OOD,OOD,163.14040113299802,0.6843331811802768,0.0006706465175566712,OOD,OOD,383.33794094605133,0.7023103233689234,0.0006882641169015449,OOD,OOD,1121.5665211247642,0.6409428738703074,0.0006281240163929012,OOD,OOD
158,0,Digit 0,0,Digit 0,max_nhat,RELIABLE,RELIABLE,33.734671296507855,0.8029400521093285,0.0007868812510671419,2,0.022008088829795214,0,0,True,33.734671296507855,0.8029400521093285,0.0007868812510671419,RELIABLE,RELIABLE,664.1474745760074,0.7014960599757442,0.0006874661387762293,OOD,OOD,41.11788131163676,0.7809319632795333,0.0007653133240139426,RELIABLE,RELIABLE,70.85847277816376,0.7653820347203865,0.0007500743940259787,UNRELIABLE,IDO,80.42064989509959,0.71070722799843,0.0006964930834384614,UNRELIABLE,IDO,301.48523464484856,0.6785194868152395,0.0006649490970789347,OOD,OOD
159,0,Digit 0,0,Digit 0,max_nhat,RELIABLE,RELIABLE,21.059207669279395,0.8437766311943431,0.0008269010985704562,4,0.12461511528565061,0,0,True,21.059207669279395,0.8437766311943431,0.0008269010985704562,RELIABLE,RELIABLE,1197.1343554137152,0.6463868591121764,0.0006334591219299329,OOD,OOD,91.91998920729799,0.6950019562280516,0.0006811019171034905,OOD,OOD,187.57700982820796,0.7151927171726792,0.0007008888628292256,OOD,OOD,83.50982467216508,0.7191615159086925,0.0007047782855905187,UNRELIABLE,IDO,323.6331417844634,0.6460051692284734,0.0006330850658439039,OOD,OOD
160,0,Digit 0,0,Digit 0,max_nhat,RELIABLE,RELIABLE,37.128774946520835,0.8019754702712251,0.0007859359608658005,2,0.030966189083962092,0,0,True,37.128774946520835,0.8019754702712251,0.0007859359608658005,RELIABLE,RELIABLE,1159.4140038528735,0.6908932304753433,0.0006770753658658365,OOD,OOD,55.66224158063318,0.771009281187263,0.0007555890955635177,RELIABLE,RELIABLE,117.96468542543134,0.7705692999767811,0.0007551579139772455,OOD,OOD,107.69999581726623,0.6636715414491628,0.0006503981106201795,OOD,OOD,474.2841094693385,0.6525338314663283,0.0006394831548370017,OOD,OOD
161,0,Digit 0,0,Digit 0,max_nhat,RELIABLE,RELIABLE,25.849268319876334,0.8690324576141638,0.0008516518084618805,3,0.0638399776928148,0,0,True,25.849268319876334,0.8690324576141638,0.0008516518084618805,RELIABLE,RELIABLE,420.7042569630014,0.6328919512136001,0.000620234112189328,OOD,OOD,40.06239166822731,0.7905209959807571,0.0007747105760611419,RELIABLE,RELIABLE,38.4997426638644,0.805192479921349,0.000789088630322922,RELIABLE,RELIABLE,116.03414631312258,0.7549800121381843,0.0007398804118954206,OOD,OOD,152.0411775197755,0.685709828288454,0.0006719956317226849,OOD,OOD
162,0,Digit 0,0,Digit 0,max_nhat,RELIABLE,RELIABLE,31.420834752540827,0.8359929531775571,0.0008192730941140059,3,0.11220120262819477,0,0,True,31.420834752540827,0.8359929531775571,0.0008192730941140059,RELIABLE,RELIABLE,1499.7243465948095,0.6920976770650447,0.0006782557235237437,OOD,OOD,105.46367537311329,0.6789209897070759,0.0006653425699129344,OOD,OOD,123.90262546812448,0.7237917505493623,0.000709315915538375,OOD,OOD,595.2668905661028,0.710678794577929,0.0006964652186863704,OOD,OOD,1161.0787969492505,0.6534233625700251,0.0006403548953186246,OOD,OOD
163,0,Digit 0,0,Digit 0,max_nhat,RELIABLE,RELIABLE,21.485762028124288,0.8564397454114737,0.0008393109505032443,4,0.14023031244774087,0,0,True,21.485762028124288,0.8564397454114737,0.0008393109505032443,RELIABLE,RELIABLE,1188.713864755157,0.6253584516540762,0.0006128512826209947,OOD,OOD,76.76188315882591,0.680254624190936,0.0006666495317071172,UNRELIABLE,IDO,106.28489503483964,0.6872126667335542,0.000673468413398883,OOD,OOD,270.3503995893445,0.7162094329637329,0.0007018852443044581,OOD,OOD,793.7534891007313,0.644197815619546,0.000631313859307155,OOD,OOD
164,0,Digit 0,0,Digit 0,max_nhat,RELIABLE,RELIABLE,36.213842472155385,0.7746200486357625,0.0007591276476630473,4,0.0659922297768204,0,0,True,36.213842472155385,0.7746200486357625,0.0007591276476630473,RELIABLE,RELIABLE,1164.2603066515094,0.6943243926088357,0.000680437904756659,OOD,OOD,80.03848166429947,0.7020215740578486,0.0006879811425766916,UNRELIABLE,IDO,100.52994150262465,0.6901256028486723,0.0006763230907916989,OOD,OOD,390.55935898425764,0.7086278188589421,0.0006944552624817633,OOD,OOD,840.9050939654692,0.645450403381537,0.0006325413953139063,OOD,OOD
165,0,Digit 0,0,Digit 0,max_nhat,RELIABLE,RELIABLE,21.50240152969205,0.8407806187666009,0.0008239650063912689,4,0.10780889854260389,0,0,True,21.50240152969205,0.8407806187666009,0.0008239650063912689,RELIABLE,RELIABLE,924.8316072916588,0.6966806585871791,0.0006827470454154355,OOD,OOD,59.429480034606314,0.7156363606751955,0.0007013236334616916,RELIABLE,RELIABLE,78.44339685582864,0.7148155272063981,0.0007005192166622701,UNRELIABLE,IDO,252.894940632201,0.732971720223997,0.0007183122858195171,OOD,OOD,508.0463438711387,0.6570678234288277,0.0006439264669602511,OOD,OOD
166,0,Digit 0,0,Digit 0,max_nhat,RELIABLE,RELIABLE,26.844563885065362,0.8310307306106549,0.0008144101159984418,2,0.01064196128557493,0,0,True,26.844563885065362,0.8310307306106549,0.0008144101159984418,RELIABLE,RELIABLE,429.7782053969522,0.7236609307147982,0.0007091877121005022,OOD,OOD,47.27601041517665,0.82038876932508,0.0008039809939385784,RELIABLE,RELIABLE,45.34897786291294,0.7941791241051585,0.0007782955416230552,RELIABLE,RELIABLE,44.40943476757347,0.7862390365664675,0.0007705142558351382,RELIABLE,RELIABLE,80.74734099558337,0.7193363135071448,0.0007049495872370018,UNRELIABLE,IDO
167,0,Digit 0,0,Digit 0,max_nhat,RELIABLE,RELIABLE,46.251483208590486,0.780457167096893,0.0007648480237549551,2,0.10720997238387209,0,0,True,46.251483208590486,0.780457167096893,0.0007648480237549551,RELIABLE,RELIABLE,2211.2914770450525,0.6179010481806914,0.0006055430272170775,OOD,OOD,98.92173364336313,0.6732471947130209,0.0006597822508187604,OOD,OOD,200.5363814805698,0.6638922015648833,0.0006506143575335856,OOD,OOD,271.6570878148501,0.6713033595975177,0.0006578772924055674,OOD,OOD,857.2330867554242,0.636469850261099,0.0006237404532558771,OOD,OOD
168,0,Digit 0,0,Digit 0,max_nhat,RELIABLE,RELIABLE,15.29137300004934,0.8808479222376407,0.0008632309637928879,3,0.15061571412619612,0,0,True,15.29137300004934,0.8808479222376407,0.0008632309637928879,RELIABLE,RELIABLE,1040.4213739624734,0.6332910347692314,0.0006206252140738467,OOD,OOD,59.07099095010119,0.7182575128089421,0.0007038923625527632,RELIABLE,RELIABLE,75.92078612550945,0.7302322081114446,0.0007156275639492157,UNRELIABLE,IDO,142.74620228095264,0.7236347546332689,0.0007091620595406035,OOD,OOD,468.4684090664142,0.6402752551541285,0.000627469750051046,OOD,OOD
169,0,Digit 0,0,Digit 0,max_nhat,RELIABLE,RELIABLE,54.320393381492735,0.7454383725768693,0.0007305296051253318,3,0.05434844840372699,0,0,True,54.320393381492735,0.7454383725768693,0.0007305296051253318,RELIABLE,RELIABLE,3013.2031945950102,0.5748944510383119,0.0005633965620175456,OOD,OOD,147.7844211704719,0.6722754609474532,0.000658829951728504,OOD,OOD,323.5159847653503,0.6910899241731423,0.0006772681256896794,OOD,OOD,373.3266500352073,0.6487685698568538,0.0006357931984597167,OOD,OOD,1306.249051764573,0.6040351298056443,0.0005919544272095314,OOD,OOD
170,0,Digit 0,0,Digit 0,max_nhat,RELIABLE,RELIABLE,10.137432285865842,0.9138278453320426,0.0008955512884254018,3,0.1357246012975476,0,0,True,10.137432285865842,0.9138278453320426,0.0008955512884254018,RELIABLE,RELIABLE,611.7930481082299,0.7156936933234885,0.0007013798194570188,OOD,OOD,41.955790926004134,0.7642135306740424,0.0007489292600605616,RELIABLE,RELIABLE,50.915384646071296,0.778103244034495,0.0007625411791538051,RELIABLE,RELIABLE,84.6249792138999,0.7401996981431894,0.0007253957041803256,UNRELIABLE,IDO,169.03233503578454,0.678067690089776,0.0006645063362879805,OOD,OOD
171,0,Digit 0,0,Digit 0,max_nhat,RELIABLE,RELIABLE,23.152945150148447,0.8412917919109302,0.0008244659560727116,3,0.12935604585810234,0,0,True,23.152945150148447,0.8412917919109302,0.0008244659560727116,RELIABLE,RELIABLE,1578.297988000291,0.6643304744437558,0.0006510438649548806,OOD,OOD,96.92144585072974,0.6521141107449399,0.0006390718285300411,OOD,OOD,128.5575960802967,0.7119357460528278,0.0006976970311317713,OOD,OOD,309.53719743379645,0.67783666112286,0.0006642799279004028,OOD,OOD,916.847087049298,0.6414211245609728,0.0006285927020697533,OOD,OOD
172,0,Digit 0,0,Digit 0,max_nhat,RELIABLE,RELIABLE,28.218583622027047,0.8311237599437102,0.000814501284744836,4,0.054133058451117266,0,0,True,28.218583622027047,0.8311237599437102,0.000814501284744836,RELIABLE,RELIABLE,799.2057594606174,0.7337256336827103,0.000719051121009056,OOD,OOD,50.24486686649827,0.7591390606434565,0.0007439562794305873,RELIABLE,RELIABLE,100.00396484554466,0.7564712597066117,0.0007413418345124794,OOD,OOD,168.6514987490232,0.776990701492593,0.0007614508874627411,OOD,OOD,404.296824913786,0.7437013994100325,0.0007288273714218319,OOD,OOD
173,0,Digit 0,0,Digit 0,max_nhat,RELIABLE,RELIABLE,43.074736375677055,0.8433374325149978,0.0008264706838646979,2,0.1013936186612413,0,0,True,43.074736375677055,0.8433374325149978,0.0008264706838646979,RELIABLE,RELIABLE,777.5198468685555,0.6663445245027746,0.000653017634012719,OOD,OOD,125.36057631665388,0.7419438138537565,0.0007271049375766813,OOD,OOD,160.24248010403056,0.7099880051442433,0.0006957882450413584,OOD,OOD,150.73672683796582,0.6806012773619519,0.0006669892518147128,OOD,OOD,333.7605045342706,0.5981638600209624,0.0005862005828205432,OOD,OOD
174,0,Digit 0,0,Digit 0,max_nhat,RELIABLE,RELIABLE,10.046153791731651,0.9202577944404342,0.0009018526385516255,3,0.12668614053226424,0,0,True,10.046153791731651,0.9202577944404342,0.0009018526385516255,RELIABLE,RELIABLE,834.7902239674595,0.6863319719093876,0.0006726053324711998,OOD,OOD,48.865639531569634,0.755716402172003,0.0007406020741285629,RELIABLE,RELIABLE,60.94898456411451,0.79357165390817,0.0007777002208300065,RELIABLE,RELIABLE,107.96812719055015,0.7386769784238719,0.0007239034388553944,OOD,OOD,348.2128577448778,0.6815844548988031,0.000667952765800827,OOD,OOD
175,0,Digit 0,0,Digit 0,max_nhat,RELIABLE,RELIABLE,25.806209543117923,0.8243199154875291,0.0008078335171777786,4,0.06929651754766175,0,0,True,25.806209543117923,0.8243199154875291,0.0008078335171777786,RELIABLE,RELIABLE,1335.1083619967835,0.7189892034912119,0.0007046094194213876,OOD,OOD,77.2072266019407,0.7026702737757179,0.0006886168683002035,UNRELIABLE,IDO,116.23236711608833,0.7283816050422138,0.0007138139729413695,OOD,OOD,289.9178554127456,0.7550233979398674,0.00073992292998107,OOD,OOD,856.7826322308792,0.6805495517526027,0.0006669385607175506,OOD,OOD
176,0,Digit 0,0,Digit 0,max_nhat,UNRELIABLE,IDO,83.1060588036515,0.7371078276278322,0.0007223656710752755,2,0.04737073627960586,0,0,True,83.1060588036515,0.7371078276278322,0.0007223656710752755,UNRELIABLE,IDO,2336.325955528596,0.5914980413530286,0.000579668080525968,OOD,OOD,114.83495829403685,0.6897370913482264,0.0006759423495212618,OOD,OOD,235.3622867019272,0.6721893757567664,0.000658745588241631,OOD,OOD,204.37418567556648,0.6043771070212661,0.0005922895648808407,OOD,OOD,911.0190217193813,0.6091223913578532,0.0005969399435306961,OOD,OOD
177,0,Digit 0,0,Digit 0,max_nhat,RELIABLE,RELIABLE,43.30120002439819,0.7751078813887834,0.0007596057237610077,2,0.03481421351745051,0,0,True,43.30120002439819,0.7751078813887834,0.0007596057237610077,RELIABLE,RELIABLE,1293.6582395801943,0.6504037851308695,0.0006373957094282521,OOD,OOD,71.98521961676957,0.7402936678713329,0.0007254877945139062,UNRELIABLE,IDO,186.70556724220367,0.667018008820086,0.0006536776486436843,OOD,OOD,87.85052343329,0.7005893064297792,0.0006865775203011836,OOD,OOD,390.36808681787943,0.7047080357582656,0.0006906138750431002,OOD,OOD
178,0,Digit 0,0,Digit 0,max_nhat,RELIABLE,RELIABLE,22.401037790352802,0.8429004690156345,0.0008260424596353218,2,0.07274129602667179,0,0,True,22.401037790352802,0.8429004690156345,0.0008260424596353218,RELIABLE,RELIABLE,645.3944301749474,0.6571499157527525,0.0006440069174376975,OOD,OOD,52.81493687903871,0.7701591729889627,0.0007547559895291835,RELIABLE,RELIABLE,60.868330844245214,0.7569160135666225,0.0007417776932952901,RELIABLE,RELIABLE,86.19825990078563,0.7590990889059868,0.000743917107127867,OOD,OOD,150.32735619081302,0.704748122188052,0.000690653159744291,OOD,OOD
179,0,Digit 0,0,Digit 0,max_nhat,RELIABLE,RELIABLE,25.9409392939784,0.850864684873152,0.0008338473911756889,3,0.05722840268109597,0,0,True,25.9409392939784,0.850864684873152,0.0008338473911756889,RELIABLE,RELIABLE,418.04036591591665,0.707187440386774,0.0006930436915790385,OOD,OOD,50.302179657939426,0.7842036124624738,0.0007685195402132244,RELIABLE,RELIABLE,43.13956324639887,0.7936362821920561,0.000777763556548215,RELIABLE,RELIABLE,63.43475343555006,0.7609292547768884,0.0007457106696813506,UNRELIABLE,IDO,164.14852551927754,0.722141944160069,0.0007076991052768676,OOD,OOD
180,0,Digit 0,0,Digit 0,max_nhat,RELIABLE,RELIABLE,31.689336716849578,0.8343316216171404,0.0008176449891847975,2,0.05084150241950092,0,0,True,31.689336716849578,0.8343316216171404,0.0008176449891847975,RELIABLE,RELIABLE,691.3126899024643,0.6740141860640027,0.0006605339023427226,OOD,OOD,41.88912991712868,0.7834901191976394,0.0007678203168136866,RELIABLE,RELIABLE,64.15265905097922,0.7459908193717981,0.0007310710029843621,UNRELIABLE,IDO,79.5326018952096,0.7181654053197397,0.0007038020972133449,UNRELIABLE,IDO,262.12795896259104,0.643543407845443,0.0006306725396885341,OOD,OOD
181,0,Digit 0,0,Digit 0,max_nhat,RELIABLE,RELIABLE,20.501800880610396,0.8666768764636472,0.0008493433389343743,3,0.06018886889615638,0,0,True,20.501800880610396,0.8666768764636472,0.0008493433389343743,RELIABLE,RELIABLE,514.579751199418,0.6878180507729852,0.0006740616897575255,OOD,OOD,40.05417592597241,0.7961741320829795,0.0007802506494413199,RELIABLE,RELIABLE,57.542690194577,0.8064880075674908,0.000790358247416141,RELIABLE,RELIABLE,168.15409005659052,0.7684435926830679,0.0007530747208294065,OOD,OOD,285.29537575145577,0.7531990157232561,0.0007381350354087909,OOD,OOD
182,0,Digit 0,0,Digit 0,max_nhat,RELIABLE,RELIABLE,38.04457757005123,0.7928938632039794,0.0007770359859398997,4,0.058319446666054264,0,0,True,38.04457757005123,0.7928938632039794,0.0007770359859398997,RELIABLE,RELIABLE,1237.016207656865,0.6532828172162929,0.000640217160871967,OOD,OOD,77.47579385932264,0.7236749741516942,0.0007092014746686603,UNRELIABLE,IDO,116.48985784516525,0.692087742452661,0.0006782459876036078,OOD,OOD,241.71899914055746,0.7345744165379251,0.0007198829282071665,OOD,OOD,603.1649977742641,0.6524382574882506,0.0006393894923384855,OOD,OOD
183,0,Digit 0,0,Digit 0,max_nhat,RELIABLE,RELIABLE,26.826823308954676,0.8244710878213698,0.0008079816660649424,3,0.12509588539982397,0,0,True,26.826823308954676,0.8244710878213698,0.0008079816660649424,RELIABLE,RELIABLE,1902.2890399388389,0.6158482669370151,0.0006035313015982748,OOD,OOD,112.5804960437835,0.6428070134093632,0.0006299508731411759,OOD,OOD,200.6646034751274,0.6993752024215458,0.0006853876983731148,OOD,OOD,266.10318611436026,0.6500919366681673,0.0006370900979348039,OOD,OOD,1077.5596099963745,0.5961434315899707,0.0005842205629581713,OOD,OOD
184,0,Digit 0,0,Digit 0,max_nhat,RELIABLE,RELIABLE,17.292418701614313,0.873614969118162,0.0008561426697357988,3,0.042405423898194794,0,0,True,17.292418701614313,0.873614969118162,0.0008561426697357988,RELIABLE,RELIABLE,203.4896151410086,0.7137092648415179,0.0006994350795446874,OOD,OOD,31.074542112767915,0.8218743741544104,0.0008054368866713222,RELIABLE,RELIABLE,28.17798712358337,0.8312095452199673,0.0008145853543155679,RELIABLE,RELIABLE,95.21166002820732,0.779997028584135,0.0007643970880124522,OOD,OOD,150.23656575543845,0.70018702488033,0.0006861832843827234,OOD,OOD
185,0,Digit 0,0,Digit 0,max_nhat,RELIABLE,RELIABLE,47.18883741492735,0.812151017723357,0.0007959079973688898,3,0.09422099407097428,0,0,True,47.18883741492735,0.812151017723357,0.0007959079973688898,RELIABLE,RELIABLE,1591.1179745988075,0.6031091349594014,0.0005910469522602134,OOD,OOD,76.14346715841675,0.7014852771173753,0.0006874555715750278,UNRELIABLE,IDO,156.62427944103803,0.7179300236523827,0.000703571423179335,OOD,OOD,192.04909688973683,0.6122724614111597,0.0006000270121829365,OOD,OOD,738.4583375510865,0.5925361132549314,0.0005806853909898327,OOD,OOD
186,0,Digit 0,0,Digit 0,max_nhat,RELIABLE,RELIABLE,28.150953023447236,0.8363602954563756,0.000819633089547248,3,0.09677482461943199,0,0,True,28.150953023447236,0.8363602954563756,0.000819633089547248,RELIABLE,RELIABLE,782.0322250677248,0.6299002182203699,0.0006173022138559625,OOD,OOD,62.4756363708698,0.7250269185660584,0.0007105263801947372,UNRELIABLE,IDO,70.08295597134328,0.7395854708369436,0.0007247937614202047,UNRELIABLE,IDO,86.01739433114592,0.7150303417588496,0.0007007297349236726,OOD,OOD,199.69994890093926,0.6401486013180951,0.0006273456292917333,OOD,OOD
187,0,Digit 0,0,Digit 0,max_nhat,RELIABLE,RELIABLE,11.295363284752982,0.9043761833367328,0.000886288659669998,3,0.10152272380037786,0,0,True,11.295363284752982,0.9043761833367328,0.000886288659669998,RELIABLE,RELIABLE,477.91773194723385,0.7120183798683054,0.0006977780122709393,OOD,OOD,35.32416506051913,0.7938824887213359,0.0007780048389469092,RELIABLE,RELIABLE,45.08276596580537,0.8028534595363549,0.0007867963903456278,RELIABLE,RELIABLE,82.39189385958886,0.7323163563972757,0.0007176700292693301,UNRELIABLE,IDO,154.6580302381201,0.6749351899060512,0.0006614364861079301,OOD,OOD
188,0,Digit 0,0,Digit 0,max_nhat,RELIABLE,RELIABLE,14.125441665169424,0.9016840293461789,0.0008836503487592552,3,0.1442755454825415,0,0,True,14.125441665169424,0.9016840293461789,0.0008836503487592552,RELIABLE,RELIABLE,762.3031624999828,0.6216989094064296,0.0006092649312183009,OOD,OOD,52.06720018473927,0.7474707004784078,0.0007325212864688396,RELIABLE,RELIABLE,63.307429391165044,0.7574084838636373,0.0007422603141863645,UNRELIABLE,IDO,113.90960640204176,0.7037094441556501,0.000689635255272537,OOD,OOD,295.7837010565688,0.6197602538307895,0.0006073650487541737,OOD,OOD
189,0,Digit 0,0,Digit 0,max_nhat,RELIABLE,RELIABLE,28.64926814730383,0.893787034371161,0.0008759112936837378,2,0.13125354993109573,0,0,True,28.64926814730383,0.893787034371161,0.0008759112936837378,RELIABLE,RELIABLE,969.049983833993,0.6449707927757626,0.0006320713769202474,OOD,OOD,51.652073061230645,0.7625334844400653,0.000747282814751264,RELIABLE,RELIABLE,107.41331378306224,0.747487533374233,0.0007325377827067484,OOD,OOD,99.14183990958173,0.701949576565365,0.0006879105850340577,OOD,OOD,304.7461590248429,0.6383037780289359,0.0006255377024683571,OOD,OOD
190,0,Digit 0,0,Digit 0,max_nhat,RELIABLE,RELIABLE,38.38313035183772,0.813161107575723,0.0007968978854242085,4,0.046347512821960035,0,0,True,38.38313035183772,0.813161107575723,0.0007968978854242085,RELIABLE,RELIABLE,1208.8339774388573,0.7124253315385449,0.000698176824907774,OOD,OOD,86.48262766216688,0.7573960275113063,0.0007422481069610801,OOD,OOD,219.06169764869324,0.68546230700787,0.0006717530608677126,OOD,OOD,86.56652956552084,0.766813594753763,0.0007514773228586877,OOD,OOD,395.350594906242,0.7584520719131129,0.0007432830304748507,OOD,OOD
191,0,Digit 0,0,Digit 0,max_nhat,RELIABLE,RELIABLE,58.03483879283196,0.7555402718623273,0.0007404294664250808,2,0.028135774913325196,0,0,True,58.03483879283196,0.7555402718623273,0.0007404294664250808,RELIABLE,RELIABLE,2189.046088536509,0.5970461714853742,0.0005851052480556667,OOD,OOD,97.16882736059237,0.7274044969490021,0.000712856407010022,OOD,OOD,197.35835919149338,0.7068394366269787,0.0006927026478944391,OOD,OOD,180.34001377676162,0.6632381793351902,0.0006499734157484864,OOD,OOD,652.5074466330665,0.6554656535701283,0.0006423563404987257,OOD,OOD
192,0,Digit 0,0,Digit 0,max_nhat,RELIABLE,RELIABLE,25.091536036477684,0.8286677521620862,0.0008120943971188445,2,0.03399493496656747,0,0,True,25.091536036477684,0.8286677521620862,0.0008120943971188445,RELIABLE,RELIABLE,565.4190080650227,0.6313514526722109,0.0006187244236187667,OOD,OOD,46.48027620894434,0.7946728171955187,0.0007787793608516083,RELIABLE,RELIABLE,47.95767285414817,0.7674498108089834,0.0007521008145928037,RELIABLE,RELIABLE,92.75610838521672,0.7605486886148797,0.000745337714842582,OOD,OOD,284.2690304117614,0.6964067720848696,0.0006824786366431721,OOD,OOD
193,0,Digit 0,0,Digit 0,max_nhat,RELIABLE,RELIABLE,16.95274968974652,0.8743740804717458,0.0008568865988623108,3,0.054824593209460426,0,0,True,16.95274968974652,0.8743740804717458,0.0008568865988623108,RELIABLE,RELIABLE,470.17338002359816,0.6828290307476907,0.000669172450132737,OOD,OOD,41.28606534344366,0.8154267265356286,0.000799118192004916,RELIABLE,RELIABLE,47.22145024533316,0.8195494872622854,0.0008031584975170396,RELIABLE,RELIABLE,67.97332084239514,0.7771083189714793,0.0007615661525920497,UNRELIABLE,IDO,121.06748290207491,0.7218922733253991,0.000707454427858891,OOD,OOD
194,0,Digit 0,0,Digit 0,max_nhat,RELIABLE,RELIABLE,28.639323142636833,0.8375384566939553,0.0008207876875600762,3,0.12109443317599466,0,0,True,28.639323142636833,0.8375384566939553,0.0008207876875600762,RELIABLE,RELIABLE,1558.719049383645,0.5993655976907808,0.0005873782857369652,OOD,OOD,111.0650020927532,0.6368317556874429,0.000624095120573694,OOD,OOD,147.64608298962085,0.7164440235179607,0.0007021151430476014,OOD,OOD,428.1923922672979,0.6551022512208826,0.000642000206196465,OOD,OOD,880.2666211789392,0.6021083052712837,0.000590066139165858,OOD,OOD
195,0,Digit 0,0,Digit 0,max_nhat,RELIABLE,RELIABLE,43.05516353636794,0.8557263646415287,0.0008386118373486981,3,0.11209139624671316,0,0,True,43.05516353636794,0.8557263646415287,0.0008386118373486981,RELIABLE,RELIABLE,1454.8154962158465,0.661929774757714,0.0006486911792625597,OOD,OOD,73.15365664309199,0.693987103740377,0.0006801073616655695,UNRELIABLE,IDO,161.4886889075854,0.7436349683948156,0.0007287622690269192,OOD,OOD,252.09262544232888,0.662801142152982,0.0006495451193099224,OOD,OOD,773.3064084272098,0.6629258624490546,0.0006496673452000735,OOD,OOD
196,0,Digit 0,0,Digit 0,max_nhat,RELIABLE,RELIABLE,21.583619482481794,0.8562394442794908,0.000839114655393901,3,0.051950807789419184,0,0,True,21.583619482481794,0.8562394442794908,0.000839114655393901,RELIABLE,RELIABLE,359.1856463892176,0.7416793670908906,0.0007268457797490728,OOD,OOD,35.62647307656764,0.8005984358392971,0.0007845864671225111,RELIABLE,RELIABLE,49.67774964779708,0.8042886364900717,0.0007882028637602702,RELIABLE,RELIABLE,77.51590722390593,0.775797638050791,0.0007602816852897753,UNRELIABLE,IDO,126.34499292966669,0.7565184984060561,0.0007413881284379349,OOD,OOD
197,0,Digit 0,0,Digit 0,max_nhat,RELIABLE,RELIABLE,15.433378652550601,0.8775371705812032,0.0008599864271695791,2,0.12787713649532484,0,0,True,15.433378652550601,0.8775371705812032,0.0008599864271695791,RELIABLE,RELIABLE,831.6761734099254,0.6872480672010012,0.0006735031058569812,OOD,OOD,54.84179542739388,0.7496600340858783,0.0007346668334041607,RELIABLE,RELIABLE,74.43164368248249,0.7414727944002116,0.0007266433385122074,UNRELIABLE,IDO,75.65631572880628,0.7368959164236619,0.0007221579980951887,UNRELIABLE,IDO,198.45729300725247,0.6652424338864094,0.0006519375852086811,OOD,OOD
198,0,Digit 0,0,Digit 0,max_nhat,RELIABLE,RELIABLE,23.488962625616264,0.837649237059417,0.0008208962523182286,4,0.1295273253560092,0,0,True,23.488962625616264,0.837649237059417,0.0008208962523182286,RELIABLE,RELIABLE,1415.3319880910663,0.6475821265950737,0.0006346304840631722,OOD,OOD,88.63983958325626,0.6577073260763386,0.0006445531795548118,OOD,OOD,126.14653534192149,0.7020016638896797,0.000687961630611886,OOD,OOD,278.31392166914225,0.7081219117034078,0.0006939594734693395,OOD,OOD,868.5790544167451,0.6449408230251632,0.0006320420065646599,OOD,OOD
199,0,Digit 0,0,Digit 0,max_nhat,RELIABLE,RELIABLE,20.992762467044564,0.8540611062948045,0.0008369798841689084,2,0.05718256311330516,0,0,True,20.992762467044564,0.8540611062948045,0.0008369798841689084,RELIABLE,RELIABLE,666.5934612067915,0.659414636630111,0.0006462263438975087,OOD,OOD,46.85884205928603,0.7968785431814993,0.0007809409723178693,RELIABLE,RELIABLE,54.9240911189035,0.7727776021429678,0.0007573220501001084,RELIABLE,RELIABLE,65.06009066910357,0.7703685864609134,0.0007549612147316952,UNRELIABLE,IDO,155.08275591951042,0.6990767336845536,0.0006850951990108625,OOD,OOD
200,1,Digit 1,1,Digit 1,max_nhat,RELIABLE,RELIABLE,8.498474602415921,0.9318662183792451,0.0009132288940116601,2,0.09921437493040952,1,1,True,58.118567282026035,0.737680008475553,0.000722926408306042,RELIABLE,RELIABLE,8.498474602415921,0.9318662183792451,0.0009132288940116601,RELIABLE,RELIABLE,23.437021252606794,0.8326518434488356,0.0008159988065798589,RELIABLE,RELIABLE,37.11977160419615,0.8054818758735621,0.0007893722383560908,RELIABLE,RELIABLE,46.32814052532339,0.819195854997041,0.0008028119378971001,RELIABLE,RELIABLE,67.126206158978,0.7814946230603095,0.0007658647305991032,UNRELIABLE,IDO
201,1,Digit 1,1,Digit 1,max_nhat,RELIABLE,RELIABLE,28.688589421986187,0.8657956152512294,0.0008484797029462048,2,0.04929411498394998,1,1,True,66.72621020825245,0.7092804480488512,0.0006950948390878741,UNRELIABLE,IDO,28.688589421986187,0.8657956152512294,0.0008484797029462048,RELIABLE,RELIABLE,30.74177328615053,0.8165015002672794,0.0008001714702619338,RELIABLE,RELIABLE,51.21667286117615,0.7677622604131643,0.000752407015204901,RELIABLE,RELIABLE,47.89473684947731,0.79517323152224,0.0007792697668917952,RELIABLE,RELIABLE,95.76077318260316,0.7476635715381142,0.000732710300107352,OOD,OOD
202,1,Digit 1,1,Digit 1,max_nhat,RELIABLE,RELIABLE,13.982304776877825,0.9149371540926913,0.0008966384110108374,3,0.10914382553873803,1,1,True,86.39326764153654,0.7275798297417508,0.0007130282331469158,OOD,OOD,13.982304776877825,0.9149371540926913,0.0008966384110108374,RELIABLE,RELIABLE,32.531151028180254,0.7996208908958008,0.0007836284730778848,RELIABLE,RELIABLE,44.0760558566583,0.8057933285539532,0.0007896774619828742,RELIABLE,RELIABLE,58.73552503428078,0.7577972608003027,0.0007426413155842967,RELIABLE,RELIABLE,68.08728022656794,0.7574375378314726,0.0007422887870748431,UNRELIABLE,IDO
203,1,Digit 1,1,Digit 1,max_nhat,RELIABLE,RELIABLE,7.947819420516762,0.93754378033612,0.0009187929047293975,7,0.1362206629648619,1,1,True,75.19574699662704,0.7161282734580555,0.0007018057079888944,UNRELIABLE,IDO,7.947819420516762,0.93754378033612,0.0009187929047293975,RELIABLE,RELIABLE,31.45795157349341,0.8004763044803034,0.0007844667783906973,RELIABLE,RELIABLE,38.962743288552645,0.7990432810650765,0.0007830624154437749,RELIABLE,RELIABLE,53.141011668589954,0.7866616650316959,0.000770928431731062,RELIABLE,RELIABLE,65.9016734092485,0.801323117371258,0.0007852966550238329,UNRELIABLE,IDO
204,1,Digit 1,1,Digit 1,max_nhat,RELIABLE,RELIABLE,41.1806193826602,0.8355097425739663,0.0008187995477224869,3,0.03125758696200065,1,2,False,92.28041793718542,0.7190262047396352,0.0007046456806448424,OOD,OOD,41.1806193826602,0.8355097425739663,0.0008187995477224869,RELIABLE,RELIABLE,39.28509553504343,0.7968308666143447,0.0007808942492820577,RELIABLE,RELIABLE,44.036439792121215,0.8042521556119656,0.0007881671124997263,RELIABLE,RELIABLE,74.44157132834269,0.7915312324543198,0.0007757006078052334,UNRELIABLE,IDO,82.96995521896685,0.7834071073969993,0.0007677389652490593,UNRELIABLE,IDO
205,1,Digit 1,1,Digit 1,max_nhat,RELIABLE,RELIABLE,11.821796066117866,0.9138483577850786,0.000895571390629377,3,0.08104100890223032,1,1,True,67.82248626259518,0.7278974626208538,0.0007133395133684366,UNRELIABLE,IDO,11.821796066117866,0.9138483577850786,0.000895571390629377,RELIABLE,RELIABLE,24.598732618144656,0.8206537194848664,0.000804240645095169,RELIABLE,RELIABLE,40.636696370245105,0.8328073488828482,0.0008161512019051912,RELIABLE,RELIABLE,40.2745829682989,0.7977452056226286,0.0007817903015101761,RELIABLE,RELIABLE,55.548802687628374,0.8050787676554096,0.0007889771923023014,RELIABLE,RELIABLE
206,1,Digit 1,1,Digit 1,max_nhat,RELIABLE,RELIABLE,9.677367161777553,0.9242592755111765,0.0009057740900009529,7,0.12345277528320742,1,1,True,80.22631045785519,0.699034365493073,0.0006850536781832114,UNRELIABLE,IDO,9.677367161777553,0.9242592755111765,0.0009057740900009529,RELIABLE,RELIABLE,34.34524188584151,0.792066382077498,0.000776225054435948,RELIABLE,RELIABLE,43.49229026144381,0.7877313991080159,0.0007719767711258556,RELIABLE,RELIABLE,51.30560399082748,0.7850579415476118,0.0007693567827166595,RELIABLE,RELIABLE,65.97529865501537,0.8008065002279691,0.0007847903702234097,UNRELIABLE,IDO
207,1,Digit 1,1,Digit 1,max_nhat,RELIABLE,RELIABLE,14.961391567345167,0.9079433399898491,0.000889784473190052,7,0.07108571039284595,1,1,True,62.78591207641712,0.7068501937648692,0.0006927131898895718,UNRELIABLE,IDO,14.961391567345167,0.9079433399898491,0.000889784473190052,RELIABLE,RELIABLE,33.17587848679214,0.7899172730700821,0.0007741189276086804,RELIABLE,RELIABLE,36.08099715387272,0.7861130470046652,0.0007703907860645719,RELIABLE,RELIABLE,41.48482592510952,0.8066212334034436,0.0007904888087353747,RELIABLE,RELIABLE,50.693895194025444,0.8368576295970032,0.0008201204770050631,RELIABLE,RELIABLE
208,1,Digit 1,1,Digit 1,max_nhat,RELIABLE,RELIABLE,36.1884924453109,0.8649740862896494,0.0008476746045638564,3,0.06441107870652674,1,1,True,83.92042266706952,0.7192186903631315,0.0007048343165558689,UNRELIABLE,IDO,36.1884924453109,0.8649740862896494,0.0008476746045638564,RELIABLE,RELIABLE,37.32419846586178,0.7926759637361785,0.000776822444461455,RELIABLE,RELIABLE,37.27690183469078,0.8005630075831227,0.0007845517474314602,RELIABLE,RELIABLE,67.1518532289881,0.7889501368314538,0.0007731711340948247,UNRELIABLE,IDO,81.43579356463722,0.7865092993913535,0.0007707791134035265,UNRELIABLE,IDO
209,1,Digit 1,1,Digit 1,max_nhat,RELIABLE,RELIABLE,3.5414143741532422,0.9695171094229946,0.0009501267672345347,2,0.13996130313469057,1,1,True,64.99791083657914,0.7249735086265069,0.0007104740384539768,UNRELIABLE,IDO,3.5414143741532422,0.9695171094229946,0.0009501267672345347,RELIABLE,RELIABLE,23.31253458074431,0.829555806288304,0.0008129646901625379,RELIABLE,RELIABLE,33.63020029470131,0.8150779649722718,0.0007987764056728263,RELIABLE,RELIABLE,38.606693178104294,0.8157078995839788,0.0007993937415922992,RELIABLE,RELIABLE,42.725902027901626,0.813483553500144,0.0007972138824301411,RELIABLE,RELIABLE
210,1,Digit 1,1,Digit 1,max_nhat,RELIABLE,RELIABLE,4.916549420051872,0.9605772357152182,0.0009413656910009138,2,0.13220765610969099,1,1,True,67.10831400964194,0.7221783639229375,0.0007077347966444788,UNRELIABLE,IDO,4.916549420051872,0.9605772357152182,0.0009413656910009138,RELIABLE,RELIABLE,24.665738843751004,0.8283695796055273,0.0008118021880134167,RELIABLE,RELIABLE,35.74592662851393,0.8179658537407916,0.0008016065366659757,RELIABLE,RELIABLE,41.412460225845095,0.7933216493437486,0.0007774552163568736,RELIABLE,RELIABLE,48.65514566209036,0.7917529121963758,0.0007759178539524482,RELIABLE,RELIABLE
211,1,Digit 1,1,Digit 1,max_nhat,RELIABLE,RELIABLE,12.337170031462456,0.9143480147558081,0.0008960610544606919,7,0.08740964218264602,1,1,True,62.92655166202554,0.7065493168968177,0.0006924183305588812,UNRELIABLE,IDO,12.337170031462456,0.9143480147558081,0.0008960610544606919,RELIABLE,RELIABLE,32.36879846549237,0.8023474508950228,0.0007863005018771223,RELIABLE,RELIABLE,38.167578085260416,0.7813075894474968,0.0007656814376585468,RELIABLE,RELIABLE,42.95919692475383,0.812181546919176,0.0007959379159807924,RELIABLE,RELIABLE,55.580737261397495,0.826938372573162,0.0008103996051216988,RELIABLE,RELIABLE
212,1,Digit 1,1,Digit 1,max_nhat,RELIABLE,RELIABLE,18.502134088766155,0.8879956045576831,0.0008702356924665294,2,0.07934214967766406,1,1,True,75.71343195472394,0.7169606596739272,0.0007026214464804486,UNRELIABLE,IDO,18.502134088766155,0.8879956045576831,0.0008702356924665294,RELIABLE,RELIABLE,32.66266841083989,0.808653454880019,0.0007924803857824186,RELIABLE,RELIABLE,35.93214062181405,0.8047851907156527,0.0007886894869013396,RELIABLE,RELIABLE,54.591085669450806,0.7955065833473902,0.0007795964516804424,RELIABLE,RELIABLE,69.03326946411264,0.7964426468486997,0.0007805137939117257,UNRELIABLE,IDO
213,1,Digit 1,1,Digit 1,max_nhat,RELIABLE,RELIABLE,25.227557551283297,0.8730685299716269,0.0008556071593721944,3,0.032623878119895866,1,2,False,52.007457914294505,0.7734454762529754,0.000757976566727916,RELIABLE,RELIABLE,25.227557551283297,0.8730685299716269,0.0008556071593721944,RELIABLE,RELIABLE,21.99940698946907,0.832986015767147,0.0008163262954518041,RELIABLE,RELIABLE,26.83038522495145,0.840444651851731,0.0008236357588146964,RELIABLE,RELIABLE,47.75653976007299,0.7903505784672761,0.0007745435668979305,RELIABLE,RELIABLE,52.20496530562593,0.7684019000247853,0.0007530338620242896,RELIABLE,RELIABLE
214,1,Digit 1,1,Digit 1,max_nhat,RELIABLE,RELIABLE,3.530676995778286,0.9665161423386825,0.0009471858194919088,2,0.1225890862460679,1,1,True,68.21722607248789,0.7363199439801964,0.0007215935451005925,UNRELIABLE,IDO,3.530676995778286,0.9665161423386825,0.0009471858194919088,RELIABLE,RELIABLE,21.319495659734326,0.8439270560926146,0.0008270485149707624,RELIABLE,RELIABLE,35.93489640962278,0.8226447967175634,0.0008061919007832121,RELIABLE,RELIABLE,37.62513028811331,0.8117978845329892,0.0007955619268423294,RELIABLE,RELIABLE,51.62780972042594,0.8117249338279174,0.0007954904351513591,RELIABLE,RELIABLE
215,1,Digit 1,1,Digit 1,max_nhat,RELIABLE,RELIABLE,8.112265258813853,0.9356186008833636,0.0009169062288656962,2,0.1221135748951333,1,1,True,70.47322720040529,0.7029020458511891,0.0006888440049341653,UNRELIABLE,IDO,8.112265258813853,0.9356186008833636,0.0009169062288656962,RELIABLE,RELIABLE,29.26237732688715,0.8135050259882303,0.0007972349254684656,RELIABLE,RELIABLE,37.157935352203154,0.785764460951537,0.0007700491717325062,RELIABLE,RELIABLE,44.65657457523804,0.7895121177842239,0.0007737218754285394,RELIABLE,RELIABLE,55.57267289828565,0.8034490235716614,0.0007873800431002281,RELIABLE,RELIABLE
216,1,Digit 1,1,Digit 1,max_nhat,RELIABLE,RELIABLE,11.042809945275234,0.9156689286282153,0.000897355550055651,7,0.09299271838247003,1,1,True,66.79223541712591,0.7073680843268485,0.0006932207226403116,UNRELIABLE,IDO,11.042809945275234,0.9156689286282153,0.000897355550055651,RELIABLE,RELIABLE,33.55034073415524,0.7933716603663585,0.0007775042271590313,RELIABLE,RELIABLE,37.66612470066171,0.7919098329052533,0.0007760716362471482,RELIABLE,RELIABLE,45.162695277567344,0.8021300634068276,0.000786087462138691,RELIABLE,RELIABLE,57.23796248408886,0.8226762102457452,0.0008062226860408303,RELIABLE,RELIABLE
217,1,Digit 1,1,Digit 1,max_nhat,RELIABLE,RELIABLE,44.40715643780129,0.8160804532158108,0.0007997588441514946,3,0.023421948585980124,1,2,False,71.39530145865461,0.7196426554013211,0.0007052498022932946,UNRELIABLE,IDO,44.40715643780129,0.8160804532158108,0.0007997588441514946,RELIABLE,RELIABLE,35.03694992511216,0.7859527468845655,0.0007702336919468742,RELIABLE,RELIABLE,56.21616672890123,0.7926585046298307,0.0007768053345372341,RELIABLE,RELIABLE,53.61632638847689,0.7506182737812086,0.0007356059083055844,RELIABLE,RELIABLE,102.56886167857587,0.7481008977491688,0.0007331388797941854,OOD,OOD
218,1,Digit 1,1,Digit 1,max_nhat,RELIABLE,RELIABLE,28.030306645778474,0.8615796056639323,0.0008443480135506536,2,0.06653057013431585,1,1,True,92.92805003597378,0.7027637596011589,0.0006887084844091356,OOD,OOD,28.030306645778474,0.8615796056639323,0.0008443480135506536,RELIABLE,RELIABLE,34.14876758547222,0.7950490355296165,0.0007791480548190241,RELIABLE,RELIABLE,51.15322346599734,0.786768895396422,0.0007710335174884935,RELIABLE,RELIABLE,61.829566792406794,0.7700284301314547,0.0007546278615288256,RELIABLE,RELIABLE,80.35343337753845,0.7779242759405105,0.0007623657904217003,UNRELIABLE,IDO
219,1,Digit 1,1,Digit 1,max_nhat,RELIABLE,RELIABLE,24.550174778595427,0.9114583528926881,0.0008932291858348342,2,0.11055267235255739,1,1,True,72.22929446748282,0.7230593938188088,0.0007085982059424325,UNRELIABLE,IDO,24.550174778595427,0.9114583528926881,0.0008932291858348342,RELIABLE,RELIABLE,39.38960220613928,0.8009056805401307,0.000784887566929328,RELIABLE,RELIABLE,39.76050958142298,0.7998944757225048,0.0007838965862080547,RELIABLE,RELIABLE,56.738052172964444,0.790956418270916,0.0007751372899054977,RELIABLE,RELIABLE,63.22336852316069,0.7979861652627191,0.0007820264419574648,UNRELIABLE,IDO
220,1,Digit 1,1,Digit 1,max_nhat,RELIABLE,RELIABLE,12.19022180334363,0.912344266559962,0.0008940973812287628,7,0.08059407249626771,1,1,True,63.57009275681497,0.7077194474952281,0.0006935650585453235,UNRELIABLE,IDO,12.19022180334363,0.912344266559962,0.0008940973812287628,RELIABLE,RELIABLE,33.050134584339666,0.7974565989993626,0.0007815074670193753,RELIABLE,RELIABLE,37.670393288689255,0.7851577289839292,0.0007694545744042507,RELIABLE,RELIABLE,43.33872721216997,0.810921625902731,0.0007947031933846763,RELIABLE,RELIABLE,55.05644319634546,0.8317501940636943,0.0008151151901824204,RELIABLE,RELIABLE
221,1,Digit 1,1,Digit 1,max_nhat,RELIABLE,RELIABLE,9.345552270535062,0.9263993241390436,0.0009078713376562626,4,0.07860174629422834,1,1,True,62.06493799364334,0.7028367843205676,0.0006887800486341562,UNRELIABLE,IDO,9.345552270535062,0.9263993241390436,0.0009078713376562626,RELIABLE,RELIABLE,29.200101934639264,0.813723922269391,0.0007974494438240033,RELIABLE,RELIABLE,37.59332246831525,0.7921715415968349,0.0007763281107648982,RELIABLE,RELIABLE,36.02952446421848,0.8477975778448152,0.0008308416262879189,RELIABLE,RELIABLE,45.11918219157762,0.8378480891038336,0.0008210911273217569,RELIABLE,RELIABLE
222,1,Digit 1,1,Digit 1,max_nhat,RELIABLE,RELIABLE,9.251885794757047,0.9256929291480079,0.0009071790705650478,7,0.1022682074807203,1,1,True,62.38815458746716,0.7161193035173322,0.0007017969174469855,UNRELIABLE,IDO,9.251885794757047,0.9256929291480079,0.0009071790705650478,RELIABLE,RELIABLE,30.753268487680366,0.8085089624658728,0.0007923387832165553,RELIABLE,RELIABLE,35.429656422002424,0.7956463582504049,0.0007797334310853968,RELIABLE,RELIABLE,44.002106036595336,0.8094813711181825,0.0007932917436958188,RELIABLE,RELIABLE,55.50316888549034,0.8234247216672876,0.0008069562272339419,RELIABLE,RELIABLE
223,1,Digit 1,1,Digit 1,max_nhat,RELIABLE,RELIABLE,8.569892883057289,0.9333730131493521,0.000914705552886365,2,0.1108589673884397,1,1,True,65.77462540399176,0.714862089587557,0.0007005648477958059,UNRELIABLE,IDO,8.569892883057289,0.9333730131493521,0.000914705552886365,RELIABLE,RELIABLE,25.740648267374677,0.8225140457609124,0.000806063764845694,RELIABLE,RELIABLE,40.300228811949424,0.8105998573506914,0.0007943878602036775,RELIABLE,RELIABLE,40.97705785304343,0.8156753067642303,0.0007993618006289457,RELIABLE,RELIABLE,53.73218364980552,0.7850640512676991,0.0007693627702423451,RELIABLE,RELIABLE
224,1,Digit 1,1,Digit 1,max_nhat,RELIABLE,RELIABLE,27.959457105462498,0.8618460255195464,0.0008446091050091554,2,0.046022060192432046,1,1,True,65.80996653960013,0.7341671848513427,0.0007194838411543158,UNRELIABLE,IDO,27.959457105462498,0.8618460255195464,0.0008446091050091554,RELIABLE,RELIABLE,29.88609581800706,0.8158239653271143,0.000799507486020572,RELIABLE,RELIABLE,49.61834382562027,0.7883327399640143,0.000772566085164734,RELIABLE,RELIABLE,74.02348956772789,0.7755557619786649,0.0007600446467390916,UNRELIABLE,IDO,125.03378654202336,0.733401768550899,0.000718733733179881,OOD,OOD
225,1,Digit 1,1,Digit 1,max_nhat,RELIABLE,RELIABLE,9.760152329652538,0.9296832732276459,0.0009110896077630929,2,0.09459615865873905,1,1,True,60.55165882943042,0.7035356488147991,0.0006894649358385031,RELIABLE,RELIABLE,9.760152329652538,0.9296832732276459,0.0009110896077630929,RELIABLE,RELIABLE,24.902417952180166,0.8350871145689068,0.0008183853722775287,RELIABLE,RELIABLE,40.24323592797909,0.7917709323543886,0.0007759355137073007,RELIABLE,RELIABLE,34.949708940182276,0.8309334243129544,0.0008143147558266953,RELIABLE,RELIABLE,46.86036067506535,0.8014680363224272,0.0007854386755959786,RELIABLE,RELIABLE
226,1,Digit 1,1,Digit 1,max_nhat,RELIABLE,RELIABLE,18.657751250820162,0.8963997499506208,0.0008784717549516083,4,0.06889141682711819,1,1,True,60.95490232206244,0.747983811665207,0.0007330241354319029,RELIABLE,RELIABLE,18.657751250820162,0.8963997499506208,0.0008784717549516083,RELIABLE,RELIABLE,26.683445592811896,0.8194559887047135,0.0008030668689306191,RELIABLE,RELIABLE,36.93735666185389,0.807886872625359,0.0007917291351728518,RELIABLE,RELIABLE,34.504566351744806,0.8275083331235026,0.0008109581664610325,RELIABLE,RELIABLE,65.14054149963748,0.793691588864648,0.000777817757087355,UNRELIABLE,IDO
227,1,Digit 1,1,Digit 1,max_nhat,RELIABLE,RELIABLE,8.821819143352888,0.9324956364663827,0.000913845723737055,2,0.1018530062441374,1,1,True,63.49274418046266,0.7328114032216594,0.0007181551751572261,UNRELIABLE,IDO,8.821819143352888,0.9324956364663827,0.000913845723737055,RELIABLE,RELIABLE,24.033950294612257,0.8306426302222453,0.0008140297776178003,RELIABLE,RELIABLE,41.38096787388817,0.8040566844830009,0.0007879755507933408,RELIABLE,RELIABLE,46.801185478507506,0.8154883957247929,0.000799178627810297,RELIABLE,RELIABLE,62.298243123807396,0.7746342057279741,0.0007591415216134146,UNRELIABLE,IDO
228,1,Digit 1,1,Digit 1,max_nhat,RELIABLE,RELIABLE,8.66637114045809,0.9302286584156803,0.0009116240852473667,7,0.1177585369755606,1,1,True,69.61071820103034,0.7147696343217103,0.000700474241635276,UNRELIABLE,IDO,8.66637114045809,0.9302286584156803,0.0009116240852473667,RELIABLE,RELIABLE,31.244693842039613,0.8114888384872717,0.0007952590617175263,RELIABLE,RELIABLE,36.239592433524685,0.7988072577865097,0.0007828311126307795,RELIABLE,RELIABLE,47.34025965631203,0.8025316799970162,0.0007864810463970759,RELIABLE,RELIABLE,61.962750308254904,0.8124701214401197,0.0007962207190113172,RELIABLE,RELIABLE
229,1,Digit 1,1,Digit 1,max_nhat,RELIABLE,RELIABLE,48.35030391140351,0.8294231438740384,0.0008128346809965576,2,0.023735121803514336,1,2,False,90.96749814763308,0.7102537804888417,0.0006960487048790648,OOD,OOD,48.35030391140351,0.8294231438740384,0.0008128346809965576,RELIABLE,RELIABLE,34.304745814079446,0.805688022070524,0.0007895742616291136,RELIABLE,RELIABLE,62.857030971722715,0.7636940456219876,0.0007484201647095478,UNRELIABLE,IDO,115.21575471884655,0.7487561821168327,0.000733781058474496,OOD,OOD,178.0088910302459,0.7624471435559413,0.0007471982006848225,OOD,OOD
230,1,Digit 1,1,Digit 1,max_nhat,RELIABLE,RELIABLE,6.836273056312637,0.9408554489542336,0.0009220383399751489,4,0.107030211039435,1,1,True,59.2918543211371,0.7215776473364969,0.0007071460943897669,RELIABLE,RELIABLE,6.836273056312637,0.9408554489542336,0.0009220383399751489,RELIABLE,RELIABLE,26.928098106171365,0.8265927414908917,0.0008100608866610738,RELIABLE,RELIABLE,36.741959369175575,0.8101771021834189,0.0007939735601397505,RELIABLE,RELIABLE,38.063088934086984,0.8338252379147986,0.0008171487331565026,RELIABLE,RELIABLE,56.020349305433626,0.8141898301409207,0.0007979060335381023,RELIABLE,RELIABLE
231,1,Digit 1,1,Digit 1,max_nhat,RELIABLE,RELIABLE,13.484679352260681,0.9062538516213927,0.0008881287745889649,3,0.11592136914136453,1,1,True,80.03595038567668,0.7085678144322627,0.0006943964581436175,UNRELIABLE,IDO,13.484679352260681,0.9062538516213927,0.0008881287745889649,RELIABLE,RELIABLE,35.93877575989852,0.7866679608790996,0.0007709346016615176,RELIABLE,RELIABLE,42.00405204255192,0.7903324824800282,0.0007745258328304276,RELIABLE,RELIABLE,65.90866775318705,0.7801171292798058,0.0007645147866942097,UNRELIABLE,IDO,81.69348856608511,0.7878549903415238,0.0007720978905346933,UNRELIABLE,IDO
232,1,Digit 1,1,Digit 1,max_nhat,RELIABLE,RELIABLE,4.815769112669916,0.9568896829674018,0.0009377518893080538,2,0.14437388750398394,1,1,True,68.66177537084332,0.7158796433275222,0.0007015620504609717,UNRELIABLE,IDO,4.815769112669916,0.9568896829674018,0.0009377518893080538,RELIABLE,RELIABLE,29.28366101251228,0.8125157954634179,0.0007962654795541495,RELIABLE,RELIABLE,39.663789355769055,0.7979049564163967,0.0007819468572880687,RELIABLE,RELIABLE,40.91164798691874,0.8107205014544903,0.0007945060914254004,RELIABLE,RELIABLE,52.58997730031499,0.80912840697077,0.0007929458388313546,RELIABLE,RELIABLE
233,1,Digit 1,1,Digit 1,max_nhat,RELIABLE,RELIABLE,5.319322985973086,0.9512920674729501,0.0009322662261234911,4,0.12315352511374889,1,1,True,63.07562574402586,0.7263414266470529,0.0007118145981141118,UNRELIABLE,IDO,5.319322985973086,0.9512920674729501,0.0009322662261234911,RELIABLE,RELIABLE,27.23334647584164,0.8237199557559086,0.0008072455566407904,RELIABLE,RELIABLE,37.74211293351638,0.8094468950346493,0.0007932579571339563,RELIABLE,RELIABLE,37.83861030500971,0.8281385423592013,0.0008115757715120172,RELIABLE,RELIABLE,54.03389874347225,0.8126205554566777,0.0007963681443475441,RELIABLE,RELIABLE
234,1,Digit 1,1,Digit 1,max_nhat,RELIABLE,RELIABLE,12.727077946510796,0.910276523430949,0.00089207099296233,2,0.08353717196720145,1,1,True,68.29474651309191,0.7301243248972196,0.0007155218383992751,UNRELIABLE,IDO,12.727077946510796,0.910276523430949,0.00089207099296233,RELIABLE,RELIABLE,23.26461040893007,0.8267393514637476,0.0008102045644344726,RELIABLE,RELIABLE,40.97268492194645,0.7909865239003652,0.0007751667934223579,RELIABLE,RELIABLE,47.290964416507784,0.8042112981161128,0.0007881270721537905,RELIABLE,RELIABLE,70.06135019514232,0.7776955754541074,0.0007621416639450252,UNRELIABLE,IDO
235,1,Digit 1,1,Digit 1,max_nhat,RELIABLE,RELIABLE,14.351714596229233,0.9405061099097783,0.0009216959877115827,3,0.1200403401978627,1,1,True,75.15281382627353,0.7279693292316441,0.0007134099426470113,UNRELIABLE,IDO,14.351714596229233,0.9405061099097783,0.0009216959877115827,RELIABLE,RELIABLE,29.287032000991562,0.8034344733837299,0.0007873657839160553,RELIABLE,RELIABLE,39.9459787615435,0.8204657697119156,0.0008040564543176773,RELIABLE,RELIABLE,38.81241414719645,0.7972074810282204,0.0007812633314076559,RELIABLE,RELIABLE,44.815139638497236,0.8091174147551701,0.0007929350664600667,RELIABLE,RELIABLE
236,1,Digit 1,1,Digit 1,max_nhat,RELIABLE,RELIABLE,28.874129560827008,0.8593888261786368,0.000842201049655064,4,0.04941695081765729,1,1,True,64.7932995343877,0.7142770412592871,0.0006999915004341013,UNRELIABLE,IDO,28.874129560827008,0.8593888261786368,0.000842201049655064,RELIABLE,RELIABLE,32.01575794693437,0.8088709037667362,0.0007926934856914015,RELIABLE,RELIABLE,50.64618060637295,0.7613428065795873,0.0007461159504479956,RELIABLE,RELIABLE,49.45582473645672,0.8099718753609795,0.0007937724378537599,RELIABLE,RELIABLE,99.47743513292734,0.7772159768104772,0.0007616716572742676,OOD,OOD
237,1,Digit 1,1,Digit 1,max_nhat,RELIABLE,RELIABLE,12.320827771380051,0.9052715003455183,0.0008871660703386079,3,0.12390656725879623,1,1,True,87.01107712105907,0.7040157756919585,0.0006899354601781193,OOD,OOD,12.320827771380051,0.9052715003455183,0.0008871660703386079,RELIABLE,RELIABLE,38.27936052653789,0.7706735244417834,0.0007552600539529477,RELIABLE,RELIABLE,49.78284726601526,0.7813649330867221,0.0007657376344249875,RELIABLE,RELIABLE,60.27672562585052,0.7559788618236488,0.0007408592845871758,RELIABLE,RELIABLE,75.83361690950521,0.7734558286718102,0.000757986712098374,UNRELIABLE,IDO
238,1,Digit 1,1,Digit 1,max_nhat,RELIABLE,RELIABLE,55.581196264861134,0.8278626612156635,0.0008113054079913502,2,0.039348271080856256,1,2,False,94.23466977074955,0.7001068402027649,0.0006861047033987096,OOD,OOD,55.581196264861134,0.8278626612156635,0.0008113054079913502,RELIABLE,RELIABLE,40.58169788123105,0.7885143901348073,0.0007727441023321111,RELIABLE,RELIABLE,45.31544186630129,0.7801676987953032,0.0007645643448193971,RELIABLE,RELIABLE,64.72793005677437,0.7779805008880082,0.000762420890870248,UNRELIABLE,IDO,90.4449322902637,0.7614811485107135,0.0007462515255404992,OOD,OOD
239,1,Digit 1,2,Digit 2,max_nhat,UNRELIABLE,IDO,63.5995169852285,0.8025606983062841,0.0007865094843401584,4,0.04238363745371143,2,2,True,97.7292182117165,0.6899892106293743,0.0006761894264167869,OOD,OOD,153.47187332029998,0.7587287008926288,0.0007435541268747762,OOD,OOD,63.5995169852285,0.8025606983062841,0.0007865094843401584,UNRELIABLE,IDO,97.81561048110986,0.7550827801652337,0.0007399811245619289,OOD,OOD,407.3049496409729,0.7601770608525726,0.0007449735196355211,OOD,OOD,576.0453934005077,0.7175498118702593,0.0007031988156328542,OOD,OOD
240,1,Digit 1,1,Digit 1,max_nhat,RELIABLE,RELIABLE,19.859345543735245,0.8818642556918749,0.0008642269705780374,3,0.10859749432434973,1,1,True,90.24985584744975,0.6945130491209252,0.0006806227881385066,OOD,OOD,19.859345543735245,0.8818642556918749,0.0008642269705780374,RELIABLE,RELIABLE,43.52916518354838,0.7726018041772869,0.0007571497680937411,RELIABLE,RELIABLE,48.998051895087855,0.7732667613675251,0.0007578014261401746,RELIABLE,RELIABLE,76.41895636650872,0.7641407752618915,0.0007488579597566536,UNRELIABLE,IDO,95.01264708538409,0.7639781770050503,0.0007486986134649493,OOD,OOD
241,1,Digit 1,1,Digit 1,max_nhat,RELIABLE,RELIABLE,7.371629906853104,0.9403020929657084,0.0009214960511063942,2,0.10048491492245293,1,1,True,68.12865048871076,0.7263533154647279,0.0007118262491554333,UNRELIABLE,IDO,7.371629906853104,0.9403020929657084,0.0009214960511063942,RELIABLE,RELIABLE,23.29389578125981,0.8398171780432555,0.0008230208344823904,RELIABLE,RELIABLE,41.42217451266683,0.8120917784224471,0.0007958499428539981,RELIABLE,RELIABLE,41.662824297210975,0.8157017186507167,0.0007993876842777024,RELIABLE,RELIABLE,57.91546130253688,0.7754985570049311,0.0007599885858648324,RELIABLE,RELIABLE
242,1,Digit 1,1,Digit 1,max_nhat,RELIABLE,RELIABLE,11.400188426811226,0.915054565038894,0.0008967534737381161,2,0.08316169983716037,1,1,True,61.16994570637427,0.7263001979451659,0.0007117741939862626,RELIABLE,RELIABLE,11.400188426811226,0.915054565038894,0.0008967534737381161,RELIABLE,RELIABLE,24.455912882339756,0.8318928652017337,0.000815255007897699,RELIABLE,RELIABLE,40.96751245052797,0.804291858469918,0.0007882060213005197,RELIABLE,RELIABLE,44.33871348828135,0.8131067859768031,0.000796844650257267,RELIABLE,RELIABLE,63.96767837698324,0.7873212960232749,0.0007715748701028094,UNRELIABLE,IDO
243,1,Digit 1,1,Digit 1,max_nhat,RELIABLE,RELIABLE,10.289955378507413,0.9202099778396109,0.0009018057782828186,7,0.13037887639480983,1,1,True,75.35947191330405,0.70641804748964,0.0006922896865398471,UNRELIABLE,IDO,10.289955378507413,0.9202099778396109,0.0009018057782828186,RELIABLE,RELIABLE,36.03788281050067,0.7828642274292698,0.0007672069428806843,RELIABLE,RELIABLE,41.14942567285181,0.7884311617501054,0.0007726625385151033,RELIABLE,RELIABLE,59.542880708244816,0.774906018997544,0.000759407898617593,RELIABLE,RELIABLE,73.26953673355149,0.7898311014448011,0.000774034479415905,UNRELIABLE,IDO
244,1,Digit 1,1,Digit 1,max_nhat,RELIABLE,RELIABLE,15.967370574773513,0.9115200084100612,0.00089328960824186,2,0.090178473440639,1,1,True,65.9268123496197,0.6936019504191461,0.0006797299114107632,UNRELIABLE,IDO,15.967370574773513,0.9115200084100612,0.00089328960824186,RELIABLE,RELIABLE,30.06069972443884,0.8213415349694222,0.0008049147042700337,RELIABLE,RELIABLE,40.401564417074525,0.8051962663020897,0.0007890923409760479,RELIABLE,RELIABLE,41.882531286277484,0.8022975777646495,0.0007862516262093565,RELIABLE,RELIABLE,46.71349990453965,0.8023294098933524,0.0007862828216954853,RELIABLE,RELIABLE
245,1,Digit 1,1,Digit 1,max_nhat,RELIABLE,RELIABLE,8.808493038639291,0.9277583181246306,0.0009092031517621379,3,0.1333630167255958,1,1,True,81.31235905673569,0.7185741167461167,0.0007042026344111944,UNRELIABLE,IDO,8.808493038639291,0.9277583181246306,0.0009092031517621379,RELIABLE,RELIABLE,33.45270424370947,0.7889858396701763,0.0007732061228767728,RELIABLE,RELIABLE,42.23798838752498,0.7943953013990348,0.000778507395371054,RELIABLE,RELIABLE,55.15390482244525,0.7744987577116214,0.0007590087825573889,RELIABLE,RELIABLE,63.80023199529569,0.7862157579946552,0.000770491442834762,UNRELIABLE,IDO
246,1,Digit 1,1,Digit 1,max_nhat,RELIABLE,RELIABLE,3.603477762632542,0.9664456111674684,0.000947116698944119,2,0.13381257962078785,1,1,True,69.1019835239301,0.7346835926370379,0.0007199899207842971,UNRELIABLE,IDO,3.603477762632542,0.9664456111674684,0.000947116698944119,RELIABLE,RELIABLE,24.889663706849177,0.8326330315466806,0.0008159803709157469,RELIABLE,RELIABLE,36.324527369517426,0.824705858034867,0.0008082117408741696,RELIABLE,RELIABLE,46.00311183935702,0.7868839625117535,0.0007711462832615184,RELIABLE,RELIABLE,53.28762665429878,0.7893569444261035,0.0007735698055375814,RELIABLE,RELIABLE
247,1,Digit 1,1,Digit 1,max_nhat,RELIABLE,RELIABLE,12.372675698991667,0.9106052713900006,0.0008923931659622006,2,0.07941857199212132,1,1,True,65.22452317396449,0.722568489596936,0.0007081171198049973,UNRELIABLE,IDO,12.372675698991667,0.9106052713900006,0.0008923931659622006,RELIABLE,RELIABLE,23.49941267547482,0.8311866993978793,0.0008145629654099216,RELIABLE,RELIABLE,45.48417852489683,0.7989963946460408,0.00078301646675312,RELIABLE,RELIABLE,40.196694941766644,0.8184002047443538,0.0008020322006494667,RELIABLE,RELIABLE,55.964310881914955,0.7623261905488425,0.0007470796667378656,RELIABLE,RELIABLE
248,1,Digit 1,1,Digit 1,max_nhat,RELIABLE,RELIABLE,8.070644155670323,0.9345097103376508,0.0009158195161308978,7,0.103806033250602,1,1,True,61.72938871333558,0.7143242053784052,0.0007000377212708371,RELIABLE,RELIABLE,8.070644155670323,0.9345097103376508,0.0009158195161308978,RELIABLE,RELIABLE,29.511993021422086,0.81130647739481,0.0007950803478469138,RELIABLE,RELIABLE,35.15528149781282,0.7925758166020787,0.000776724300270037,RELIABLE,RELIABLE,41.02732860226473,0.8150682343261351,0.0007987668696396123,RELIABLE,RELIABLE,49.870261079583415,0.8307036770870488,0.0008140896035453079,RELIABLE,RELIABLE
249,1,Digit 1,1,Digit 1,max_nhat,RELIABLE,RELIABLE,13.4028993839205,0.9128989800276679,0.0008946410004271145,2,0.09257591168248513,1,1,True,66.68057289319992,0.7086900211854525,0.0006945162207617435,UNRELIABLE,IDO,13.4028993839205,0.9128989800276679,0.0008946410004271145,RELIABLE,RELIABLE,26.94393149413072,0.8203230683451828,0.0008039166069782791,RELIABLE,RELIABLE,39.75336441297835,0.8108106736385191,0.0007945944601657487,RELIABLE,RELIABLE,42.07988864503764,0.8041160055791197,0.0007880336854675373,RELIABLE,RELIABLE,49.390731677270246,0.7928828261098307,0.0007770251695876341,RELIABLE,RELIABLE
250,1,Digit 1,1,Digit 1,max_nhat,RELIABLE,RELIABLE,7.128036829715414,0.9386229439721192,0.0009198504850926768,3,0.14339451549093518,1,1,True,78.06000454909264,0.7174498492776943,0.0007031008522921404,UNRELIABLE,IDO,7.128036829715414,0.9386229439721192,0.0009198504850926768,RELIABLE,RELIABLE,33.09673932211772,0.7951171786727945,0.0007792148350993386,RELIABLE,RELIABLE,40.94763237981569,0.795228428481184,0.0007793238599115603,RELIABLE,RELIABLE,50.869753546528266,0.7759396461171695,0.000760420853194826,RELIABLE,RELIABLE,65.68864257642532,0.7853510525524813,0.0007696440315014317,UNRELIABLE,IDO
251,1,Digit 1,1,Digit 1,max_nhat,RELIABLE,RELIABLE,9.057465109204216,0.9279601094886603,0.000909400907298887,7,0.10890209665472683,1,1,True,66.07266146832401,0.7083520992208125,0.0006941850572363962,UNRELIABLE,IDO,9.057465109204216,0.9279601094886603,0.000909400907298887,RELIABLE,RELIABLE,31.9224701665853,0.8064166586230582,0.000790288325450597,RELIABLE,RELIABLE,37.634485957105525,0.7886868425277931,0.0007729131056772372,RELIABLE,RELIABLE,46.62670367211438,0.802791601678874,0.0007867357696452965,RELIABLE,RELIABLE,59.28714425523147,0.8190580128339334,0.0008026768525772548,RELIABLE,RELIABLE
252,1,Digit 1,1,Digit 1,max_nhat,RELIABLE,RELIABLE,6.939005875636187,0.9476944412969309,0.0009287405524709923,7,0.11819240858840752,1,1,True,64.63784912481405,0.700911875535295,0.000686893638024589,UNRELIABLE,IDO,6.939005875636187,0.9476944412969309,0.0009287405524709923,RELIABLE,RELIABLE,29.61342829520576,0.8074044772585613,0.0007912563877133901,RELIABLE,RELIABLE,38.07797821580418,0.7964693678876019,0.0007805399805298498,RELIABLE,RELIABLE,41.08582401946553,0.8236466756649157,0.0008071737421516173,RELIABLE,RELIABLE,54.59165660195831,0.8295020327085234,0.0008129119920543529,RELIABLE,RELIABLE
253,1,Digit 1,1,Digit 1,max_nhat,RELIABLE,RELIABLE,10.953210963065949,0.9176753086969788,0.0008993218025230391,3,0.11141969394188733,1,1,True,73.30052133332794,0.7229760405129113,0.0007085165197026531,UNRELIABLE,IDO,10.953210963065949,0.9176753086969788,0.0008993218025230391,RELIABLE,RELIABLE,32.97231045044317,0.7998991517470451,0.0007839011687121041,RELIABLE,RELIABLE,38.63475604310999,0.8062556147550914,0.0007901305024599896,RELIABLE,RELIABLE,53.69797651168012,0.7853639986349179,0.0007696567186622195,RELIABLE,RELIABLE,68.7413555683532,0.7936555974658335,0.0007777824855165168,UNRELIABLE,IDO
254,1,Digit 1,1,Digit 1,max_nhat,RELIABLE,RELIABLE,17.17509207583653,0.9104157227882038,0.0008922074083324397,3,0.08763605166957877,1,1,True,78.23629359760815,0.7244505754802197,0.0007099615639706153,UNRELIABLE,IDO,17.17509207583653,0.9104157227882038,0.0008922074083324397,RELIABLE,RELIABLE,29.609283248662898,0.811940273562579,0.0007957014680913274,RELIABLE,RELIABLE,38.865159670065886,0.822779671118625,0.0008063240776962525,RELIABLE,RELIABLE,39.9504478115589,0.7849975479008118,0.0007692975969427955,RELIABLE,RELIABLE,44.78373964860338,0.7985431301444101,0.000782572267541522,RELIABLE,RELIABLE
255,1,Digit 1,1,Digit 1,max_nhat,RELIABLE,RELIABLE,6.000550873708207,0.9510059748658183,0.0009319858553685019,2,0.1371026155399746,1,1,True,66.62415238785123,0.7119383010833156,0.0006976995350616493,UNRELIABLE,IDO,6.000550873708207,0.9510059748658183,0.0009319858553685019,RELIABLE,RELIABLE,27.41109555065844,0.8139033593258437,0.0007976252921393268,RELIABLE,RELIABLE,35.49686167165695,0.8045286621289172,0.0007884380888863387,RELIABLE,RELIABLE,43.379287234706126,0.8066155341993457,0.0007904832235153588,RELIABLE,RELIABLE,50.23897540706911,0.8054061198505011,0.0007892979974534911,RELIABLE,RELIABLE
256,1,Digit 1,1,Digit 1,max_nhat,RELIABLE,RELIABLE,28.00479257610042,0.8612809805912185,0.0008440553609793941,7,0.05509596730703459,1,1,True,59.23985124904729,0.7090246433874151,0.0006948441505196667,RELIABLE,RELIABLE,28.00479257610042,0.8612809805912185,0.0008440553609793941,RELIABLE,RELIABLE,32.71808615023059,0.7988402756589054,0.0007828634701457272,RELIABLE,RELIABLE,38.56178400775326,0.8031361427249334,0.0007870734198704346,RELIABLE,RELIABLE,41.87719943599366,0.785939579788213,0.0007702207881924488,RELIABLE,RELIABLE,42.93031805058416,0.8061850132841839,0.0007900613130185002,RELIABLE,RELIABLE
257,1,Digit 1,1,Digit 1,max_nhat,RELIABLE,RELIABLE,8.914372344400165,0.9321197269488296,0.000913477332409853,4,0.09211876227998061,1,1,True,59.44712941578792,0.6987435131298205,0.0006847686428672241,RELIABLE,RELIABLE,8.914372344400165,0.9321197269488296,0.000913477332409853,RELIABLE,RELIABLE,28.11293509764027,0.8187932248476594,0.0008024173603507061,RELIABLE,RELIABLE,36.74363573173822,0.781120169778844,0.0007654977663832671,RELIABLE,RELIABLE,37.61370860590966,0.840000964668849,0.000823200945375472,RELIABLE,RELIABLE,48.52312006022769,0.836544637997648,0.000819813745237695,RELIABLE,RELIABLE
258,1,Digit 1,1,Digit 1,max_nhat,RELIABLE,RELIABLE,16.227201875313202,0.8968684419950707,0.0008789310731551692,2,0.0721456001130415,1,1,True,66.00550355482456,0.7239496025552127,0.0007094706105041084,UNRELIABLE,IDO,16.227201875313202,0.8968684419950707,0.0008789310731551692,RELIABLE,RELIABLE,23.865292917352775,0.8247228418820292,0.0008082283850443885,RELIABLE,RELIABLE,44.21886604596108,0.7903895983612932,0.0007745818063940673,RELIABLE,RELIABLE,49.390083404760276,0.8050358989652406,0.0007889351809859358,RELIABLE,RELIABLE,72.03084371653213,0.7635286083513831,0.0007482580361843554,UNRELIABLE,IDO
259,1,Digit 1,1,Digit 1,max_nhat,RELIABLE,RELIABLE,13.792974612640842,0.9142053688127588,0.0008959212614365036,2,0.09082488820796963,1,1,True,62.29542189578076,0.7210672534480886,0.0007066459083791268,UNRELIABLE,IDO,13.792974612640842,0.9142053688127588,0.0008959212614365036,RELIABLE,RELIABLE,27.395593284578066,0.8233804806047892,0.0008069128709926933,RELIABLE,RELIABLE,38.4643868315843,0.804905008594565,0.0007888069084226738,RELIABLE,RELIABLE,43.13011895200657,0.8077879007134972,0.0007916321426992272,RELIABLE,RELIABLE,58.76558156672277,0.7963491038408205,0.0007804221217640041,RELIABLE,RELIABLE
260,1,Digit 1,1,Digit 1,max_nhat,RELIABLE,RELIABLE,13.914816737390101,0.9096834204599592,0.00089148975205076,2,0.08772670715242037,1,1,True,73.01116647987038,0.7476475709647434,0.0007326946195454486,UNRELIABLE,IDO,13.914816737390101,0.9096834204599592,0.00089148975205076,RELIABLE,RELIABLE,24.284015783671624,0.8219567133075388,0.000805517579041388,RELIABLE,RELIABLE,45.08223763889665,0.7780250528244286,0.00076246455176794,RELIABLE,RELIABLE,54.61776880059237,0.7981951263474213,0.0007822312238204729,RELIABLE,RELIABLE,86.4086308634821,0.7811385038840699,0.0007655157338063885,OOD,OOD
261,1,Digit 1,1,Digit 1,max_nhat,RELIABLE,RELIABLE,6.39069501029841,0.9450246334783696,0.0009261241408088022,2,0.11896158826506475,1,1,True,60.5841202980219,0.7343030838358148,0.0007196170221590984,RELIABLE,RELIABLE,6.39069501029841,0.9450246334783696,0.0009261241408088022,RELIABLE,RELIABLE,23.993130932251006,0.8260630452133049,0.0008095417843090387,RELIABLE,RELIABLE,36.42055445072361,0.806743991107409,0.0007906091112852608,RELIABLE,RELIABLE,44.62639685860849,0.8089461035733136,0.0007927671815018474,RELIABLE,RELIABLE,63.48713969373592,0.7894512351871147,0.0007736622104833723,UNRELIABLE,IDO
262,1,Digit 1,1,Digit 1,max_nhat,RELIABLE,RELIABLE,5.798544266196451,0.9497205130507599,0.0009307261027897447,2,0.1444553150216198,1,1,True,73.06935384951197,0.7220484180632999,0.0007076074497020338,UNRELIABLE,IDO,5.798544266196451,0.9497205130507599,0.0009307261027897447,RELIABLE,RELIABLE,30.511830571352522,0.8052651980291401,0.0007891598940685573,RELIABLE,RELIABLE,39.92841572403306,0.8003233008041497,0.0007843168347880667,RELIABLE,RELIABLE,45.43984228147205,0.7885047848514916,0.0007727346891544617,RELIABLE,RELIABLE,55.58881911548691,0.7896191264826227,0.0007738267439529702,RELIABLE,RELIABLE
263,1,Digit 1,1,Digit 1,max_nhat,RELIABLE,RELIABLE,6.884102563614149,0.940380732505172,0.0009215731178550684,3,0.13680414569663835,1,1,True,74.87190595077509,0.7278198743111294,0.0007132634768249068,UNRELIABLE,IDO,6.884102563614149,0.940380732505172,0.0009215731178550684,RELIABLE,RELIABLE,30.77566583430149,0.8024773359410863,0.0007864277892222645,RELIABLE,RELIABLE,41.166817117839436,0.8035765868085336,0.0007875050550723629,RELIABLE,RELIABLE,52.79673221051101,0.7605292411786069,0.0007453186563550347,RELIABLE,RELIABLE,71.11907073260137,0.7688091540757381,0.0007534329709942233,UNRELIABLE,IDO
264,1,Digit 1,1,Digit 1,max_nhat,RELIABLE,RELIABLE,9.269724266649462,0.9278973634652176,0.0009093394161959131,7,0.12237383897597776,1,1,True,70.56483403401779,0.7138037753273522,0.0006995276998208051,UNRELIABLE,IDO,9.269724266649462,0.9278973634652176,0.0009093394161959131,RELIABLE,RELIABLE,33.17301107972362,0.7963546340932086,0.0007804275414113445,RELIABLE,RELIABLE,37.57227039648577,0.7985055390656934,0.0007825354282843795,RELIABLE,RELIABLE,56.004574779515686,0.7900911859030119,0.0007742893621849516,RELIABLE,RELIABLE,69.69139773446237,0.8055235244892398,0.000789413053999455,UNRELIABLE,IDO
265,1,Digit 1,1,Digit 1,max_nhat,RELIABLE,RELIABLE,8.298697019986905,0.929842083345319,0.0009112452416784126,3,0.09314911212799604,1,1,True,66.79282058352602,0.7309880378630278,0.0007163682771057673,UNRELIABLE,IDO,8.298697019986905,0.929842083345319,0.0009112452416784126,RELIABLE,RELIABLE,24.598590655516684,0.8267493476792745,0.0008102143607256891,RELIABLE,RELIABLE,39.013728726418854,0.836692971217323,0.0008199591117929766,RELIABLE,RELIABLE,34.3270743465306,0.8140627039659315,0.0007977814498866129,RELIABLE,RELIABLE,44.29815045954279,0.821501350709696,0.000805071323695502,RELIABLE,RELIABLE
266,1,Digit 1,2,Digit 2,max_nhat,RELIABLE,RELIABLE,39.62814597172163,0.8098256852063127,0.0007936291715021864,4,0.043968775565124796,2,2,True,96.07461538824595,0.6960415011983535,0.0006821206711743864,OOD,OOD,99.50332208934648,0.7598813446297877,0.0007446837177371919,OOD,OOD,39.62814597172163,0.8098256852063127,0.0007936291715021864,RELIABLE,RELIABLE,82.86652285904479,0.7583453826463963,0.0007431784749934683,UNRELIABLE,IDO,66.8848521504294,0.7658569096411879,0.0007505397714483641,UNRELIABLE,IDO,163.69133596468677,0.7280487055453319,0.0007134877314344252,OOD,OOD
267,1,Digit 1,1,Digit 1,max_nhat,RELIABLE,RELIABLE,10.307306431556704,0.9449952995809681,0.0009260953935893487,4,0.13010672468857964,1,1,True,74.36602780899548,0.717180357795972,0.0007028367506400526,UNRELIABLE,IDO,10.307306431556704,0.9449952995809681,0.0009260953935893487,RELIABLE,RELIABLE,30.285551734254074,0.7999827835000103,0.0007839831278300101,RELIABLE,RELIABLE,40.54183378334615,0.8101972952660946,0.0007939933493607727,RELIABLE,RELIABLE,38.09614555889951,0.8148885748923884,0.0007985908033945406,RELIABLE,RELIABLE,47.61417489210231,0.8133850646313328,0.0007971173633387061,RELIABLE,RELIABLE
268,1,Digit 1,1,Digit 1,max_nhat,RELIABLE,RELIABLE,17.120665550644922,0.8868743000944619,0.0008691368140925726,7,0.06612961272767015,1,1,True,64.01432981642776,0.7187607268540543,0.0007043855123169732,UNRELIABLE,IDO,17.120665550644922,0.8868743000944619,0.0008691368140925726,RELIABLE,RELIABLE,30.852569273033975,0.8077149678541189,0.0007915606684970364,RELIABLE,RELIABLE,36.13371329483911,0.7903284596976471,0.0007745218905036941,RELIABLE,RELIABLE,41.792716217537304,0.8125574337790173,0.0007963062851034369,RELIABLE,RELIABLE,55.9449606475709,0.8207446873667917,0.0008043297936194559,RELIABLE,RELIABLE
269,1,Digit 1,1,Digit 1,max_nhat,RELIABLE,RELIABLE,16.72166938443236,0.8953182784382228,0.0008774119128694582,2,0.06604900051323426,1,1,True,62.39462121076885,0.7443477170429761,0.0007294607627021166,UNRELIABLE,IDO,16.72166938443236,0.8953182784382228,0.0008774119128694582,RELIABLE,RELIABLE,23.558293560857347,0.8292692779249885,0.0008126838923664887,RELIABLE,RELIABLE,42.293560446078246,0.8021484409268298,0.0007861054721082932,RELIABLE,RELIABLE,43.6473491000893,0.8031537113491035,0.0007870906371221214,RELIABLE,RELIABLE,60.27600609469501,0.7664533701108944,0.0007511243027086765,RELIABLE,RELIABLE
270,1,Digit 1,1,Digit 1,max_nhat,RELIABLE,RELIABLE,12.627962589563115,0.9066253156629883,0.0008884928093497286,3,0.1012971651166994,1,1,True,81.55455220969964,0.7304338297278496,0.0007158251531332926,UNRELIABLE,IDO,12.627962589563115,0.9066253156629883,0.0008884928093497286,RELIABLE,RELIABLE,31.75653660483272,0.8029822635883267,0.0007869226183165602,RELIABLE,RELIABLE,38.399570106391906,0.8053281505462889,0.0007892215875353631,RELIABLE,RELIABLE,54.2834618358402,0.7856033696823937,0.0007698913022887459,RELIABLE,RELIABLE,58.83579254195225,0.7865330629163427,0.0007708024016580159,RELIABLE,RELIABLE
271,1,Digit 1,1,Digit 1,max_nhat,RELIABLE,RELIABLE,13.71972118444511,0.908696203414491,0.0008905222793462012,7,0.07504467544363291,1,1,True,63.94795706617586,0.7010304655759686,0.0006870098562644492,UNRELIABLE,IDO,13.71972118444511,0.908696203414491,0.0008905222793462012,RELIABLE,RELIABLE,32.44904431835352,0.8011009317078627,0.0007850789130737054,RELIABLE,RELIABLE,39.94752888429505,0.7742188453140497,0.0007587344684077687,RELIABLE,RELIABLE,41.95439925194896,0.8191001229198115,0.0008027181204614153,RELIABLE,RELIABLE,54.40077704801601,0.8336515279708581,0.0008169784974114409,RELIABLE,RELIABLE
272,1,Digit 1,1,Digit 1,max_nhat,RELIABLE,RELIABLE,8.63541244465251,0.9303287116885577,0.0009117221374547865,7,0.11816311859652928,1,1,True,68.3391739306987,0.7120616549137886,0.0006978204218155128,UNRELIABLE,IDO,8.63541244465251,0.9303287116885577,0.0009117221374547865,RELIABLE,RELIABLE,31.93614367078718,0.8071274742515615,0.0007909849247665303,RELIABLE,RELIABLE,37.243586957933886,0.7962996352699503,0.0007803736425645513,RELIABLE,RELIABLE,50.726445853830874,0.7987973938917408,0.0007828214460139059,RELIABLE,RELIABLE,64.16397269727275,0.8121655930920284,0.0007959222812301878,UNRELIABLE,IDO
273,1,Digit 1,1,Digit 1,max_nhat,RELIABLE,RELIABLE,15.352624768801372,0.9064641211853807,0.000888334838761673,3,0.09187072515868666,1,1,True,65.88446720351753,0.7217498786948408,0.0007073148811209439,UNRELIABLE,IDO,15.352624768801372,0.9064641211853807,0.000888334838761673,RELIABLE,RELIABLE,29.732051750812357,0.8107513253061638,0.0007945362988000405,RELIABLE,RELIABLE,39.126281549715245,0.814593396026694,0.0007983015281061601,RELIABLE,RELIABLE,46.08072327712796,0.7995963340386313,0.0007836044073578586,RELIABLE,RELIABLE,57.83661624399559,0.7956463167857086,0.0007797333904499944,RELIABLE,RELIABLE
274,1,Digit 1,1,Digit 1,max_nhat,RELIABLE,RELIABLE,7.032887406231944,0.9429890141664631,0.0009241292338831338,3,0.13300638632926387,1,1,True,76.01840530081117,0.7371395615509686,0.0007223967703199493,UNRELIABLE,IDO,7.032887406231944,0.9429890141664631,0.0009241292338831338,RELIABLE,RELIABLE,28.57711269850241,0.8093502774317552,0.0007931632718831201,RELIABLE,RELIABLE,41.311322707782416,0.8099826278371992,0.0007937829752804552,RELIABLE,RELIABLE,40.473503435282396,0.7947955723743759,0.0007788996609268884,RELIABLE,RELIABLE,54.32695332294158,0.7999709205014044,0.0007839715020913762,RELIABLE,RELIABLE
275,1,Digit 1,1,Digit 1,max_nhat,RELIABLE,RELIABLE,15.26877076673034,0.8999258797150352,0.0008819273621207345,2,0.05974945237168705,1,1,True,80.7921325025714,0.7370818472490821,0.0007223402103041004,UNRELIABLE,IDO,15.26877076673034,0.8999258797150352,0.0008819273621207345,RELIABLE,RELIABLE,21.618336036237604,0.8401764273433482,0.0008233728987964812,RELIABLE,RELIABLE,43.76382822322911,0.804950024178271,0.0007888510236947055,RELIABLE,RELIABLE,41.85766060420103,0.7817471112337828,0.0007661121690091072,RELIABLE,RELIABLE,54.87196958676317,0.7852756533176782,0.0007695701402513247,RELIABLE,RELIABLE
276,1,Digit 1,2,Digit 2,max_nhat,RELIABLE,RELIABLE,30.45433409786185,0.8143733155882634,0.0007980858492764981,1,0.00656346963970067,2,2,True,69.49435024867017,0.6999794053345478,0.0006859798172278569,UNRELIABLE,IDO,62.616566512982736,0.8078098459485628,0.0007916536490295915,UNRELIABLE,IDO,30.45433409786185,0.8143733155882634,0.0007980858492764981,RELIABLE,RELIABLE,58.348060969942004,0.7611143558149583,0.0007458920686986591,RELIABLE,RELIABLE,169.8768979619617,0.7837653916215228,0.0007680900837890923,OOD,OOD,215.9216807538314,0.731077511559046,0.000716455961327865,OOD,OOD
277,1,Digit 1,1,Digit 1,max_nhat,RELIABLE,RELIABLE,8.049525806276726,0.9349953873735083,0.0009162954796260381,2,0.09951566404012568,1,1,True,73.73661414614787,0.7695125027836224,0.0007541222527279499,UNRELIABLE,IDO,8.049525806276726,0.9349953873735083,0.0009162954796260381,RELIABLE,RELIABLE,22.215829934860192,0.8354797233333826,0.000818770128866715,RELIABLE,RELIABLE,36.81862918745015,0.8320374192284771,0.0008153966708439075,RELIABLE,RELIABLE,48.36048695732593,0.7713709365471564,0.0007559435178162132,RELIABLE,RELIABLE,59.770898667326136,0.7715457760611438,0.0007561148605399209,RELIABLE,RELIABLE
278,1,Digit 1,1,Digit 1,max_nhat,RELIABLE,RELIABLE,16.569940612734882,0.8909762448262334,0.0008731567199297087,2,0.09346725751217622,1,1,True,83.55665379931122,0.6936308272954993,0.0006797582107495893,UNRELIABLE,IDO,16.569940612734882,0.8909762448262334,0.0008731567199297087,RELIABLE,RELIABLE,36.75251922882864,0.7975089873140572,0.000781558807567776,RELIABLE,RELIABLE,41.47320590909174,0.7850268833750607,0.0007693263457075594,RELIABLE,RELIABLE,59.101017049212814,0.7917792980384177,0.0007759437120776493,RELIABLE,RELIABLE,72.86881780722422,0.7970179952677431,0.0007810776353623882,UNRELIABLE,IDO
279,1,Digit 1,1,Digit 1,max_nhat,RELIABLE,RELIABLE,15.623679821542503,0.9090625144623451,0.0008908812641730982,4,0.08993334003575548,1,1,True,58.97008762155602,0.7070858367290915,0.0006929441199945097,RELIABLE,RELIABLE,15.623679821542503,0.9090625144623451,0.0008908812641730982,RELIABLE,RELIABLE,28.440137752014675,0.8142411439887755,0.0007979563211089999,RELIABLE,RELIABLE,41.765395425270796,0.7899339819519947,0.0007741353023129547,RELIABLE,RELIABLE,39.04204155643748,0.8191291744265896,0.0008027465909380578,RELIABLE,RELIABLE,50.578003757734905,0.7966332915425298,0.0007807006257116792,RELIABLE,RELIABLE
280,1,Digit 1,1,Digit 1,max_nhat,RELIABLE,RELIABLE,6.373976719167392,0.9461167418998413,0.0009271944070618444,2,0.14768598839353153,1,1,True,77.22847530012032,0.7225080131592504,0.0007080578528960654,UNRELIABLE,IDO,6.373976719167392,0.9461167418998413,0.0009271944070618444,RELIABLE,RELIABLE,31.316700896565035,0.7984307535063098,0.0007824621384361836,RELIABLE,RELIABLE,43.10958343127971,0.796725198236708,0.0007807906942719737,RELIABLE,RELIABLE,45.441534319415794,0.7781954770126913,0.0007626315674724375,RELIABLE,RELIABLE,57.60069418496995,0.779953413148491,0.0007643543448855212,RELIABLE,RELIABLE
281,1,Digit 1,1,Digit 1,max_nhat,RELIABLE,RELIABLE,9.616253896009919,0.9256117334555899,0.000907099498786478,7,0.105576573959412,1,1,True,69.55042664621206,0.7040135646556278,0.0006899332933625153,UNRELIABLE,IDO,9.616253896009919,0.9256117334555899,0.000907099498786478,RELIABLE,RELIABLE,32.8859194519292,0.8011535705100954,0.0007851304990998935,RELIABLE,RELIABLE,38.637882368559175,0.7903483767202006,0.0007745414091857966,RELIABLE,RELIABLE,45.28250239748478,0.8058717865928595,0.0007897543508610023,RELIABLE,RELIABLE,58.088240119962165,0.8200351594961779,0.0008036344563062543,RELIABLE,RELIABLE
282,1,Digit 1,1,Digit 1,max_nhat,RELIABLE,RELIABLE,11.212605703922794,0.9135092050119251,0.0008952390209116866,3,0.1281722449706828,1,1,True,81.44807890350455,0.7064858014383685,0.000692356085409601,UNRELIABLE,IDO,11.212605703922794,0.9135092050119251,0.0008952390209116866,RELIABLE,RELIABLE,37.08116897970696,0.7785972964291974,0.0007630253505006134,RELIABLE,RELIABLE,44.41523554921151,0.7853369600412423,0.0007696302208404174,RELIABLE,RELIABLE,61.950865110315405,0.7679293536223593,0.000752570766549912,RELIABLE,RELIABLE,76.88659472317381,0.7829378668727378,0.000767279109535283,UNRELIABLE,IDO
283,1,Digit 1,1,Digit 1,max_nhat,RELIABLE,RELIABLE,11.968273740745126,0.9141215285583634,0.0008958390979871961,2,0.09632836793632282,1,1,True,66.21853520624538,0.7468755582066423,0.0007319380470425094,UNRELIABLE,IDO,11.968273740745126,0.9141215285583634,0.0008958390979871961,RELIABLE,RELIABLE,25.06619336625135,0.8177931606220405,0.0008014372974095997,RELIABLE,RELIABLE,42.3802260113324,0.7884514860244906,0.0007726824563040007,RELIABLE,RELIABLE,52.98842941394564,0.8051857283870671,0.0007890820138193258,RELIABLE,RELIABLE,79.21512259702854,0.7720188447814792,0.0007565784678858496,UNRELIABLE,IDO
284,1,Digit 1,1,Digit 1,max_nhat,RELIABLE,RELIABLE,14.241352813534423,0.9030603920332221,0.0008849991841925576,3,0.11631481138884281,1,1,True,78.5804840739126,0.7074288834850327,0.000693280305815332,UNRELIABLE,IDO,14.241352813534423,0.9030603920332221,0.0008849991841925576,RELIABLE,RELIABLE,37.64471713438869,0.7813551895734593,0.00076572808578199,RELIABLE,RELIABLE,40.82782730301692,0.7867455806443793,0.0007710106690314917,RELIABLE,RELIABLE,68.50709971014615,0.7781988200127016,0.0007626348436124475,UNRELIABLE,IDO,83.75552234950923,0.7844477693357168,0.0007687588139490024,UNRELIABLE,IDO
285,1,Digit 1,1,Digit 1,max_nhat,RELIABLE,RELIABLE,15.42603857413957,0.8946956849000719,0.0008768017712020704,2,0.06631762936767593,1,1,True,66.52684801318048,0.7186130267967106,0.0007042407662607764,UNRELIABLE,IDO,15.42603857413957,0.8946956849000719,0.0008768017712020704,RELIABLE,RELIABLE,23.702606075835995,0.828378055532396,0.0008118104944217481,RELIABLE,RELIABLE,44.576323070885195,0.8028317908159557,0.0007867751549996366,RELIABLE,RELIABLE,46.12802449231735,0.8002865200277977,0.0007842807896272417,RELIABLE,RELIABLE,63.59731801004904,0.7826256625061322,0.0007669731492560096,UNRELIABLE,IDO
286,1,Digit 1,1,Digit 1,max_nhat,RELIABLE,RELIABLE,24.354673529187217,0.8787261170050362,0.0008611515946649355,2,0.0940382224295101,1,1,True,85.4250825484597,0.6940087271302063,0.0006801285525876022,OOD,OOD,24.354673529187217,0.8787261170050362,0.0008611515946649355,RELIABLE,RELIABLE,39.24271191217524,0.7846878945755261,0.0007689941366840156,RELIABLE,RELIABLE,42.68764094854347,0.7777848304625529,0.0007622291338533018,RELIABLE,RELIABLE,72.78626716112545,0.7824274309761647,0.0007667788823566414,UNRELIABLE,IDO,90.3153097720394,0.7834844295335804,0.0007678147409429088,OOD,OOD
287,1,Digit 1,1,Digit 1,max_nhat,OOD,OOD,137.32009851429189,0.793934965262707,0.0007780562659574528,2,0.015271211541947216,1,2,False,88.29807631794449,0.6637327312291059,0.0006504580766045237,OOD,OOD,137.32009851429189,0.793934965262707,0.0007780562659574528,OOD,OOD,48.2182708689763,0.7786637537207598,0.0007630904786463446,RELIABLE,RELIABLE,75.51015724037563,0.7287642028182012,0.0007141889187618372,UNRELIABLE,IDO,346.0628656821907,0.7499354454561725,0.0007349367365470491,OOD,OOD,434.5067342256451,0.7533759705717779,0.0007383084511603423,OOD,OOD
288,1,Digit 1,1,Digit 1,max_nhat,RELIABLE,RELIABLE,8.72893250124677,0.9316213882934716,0.0009129889605276022,2,0.1020348984917373,1,1,True,62.93345879860759,0.7098523006463153,0.000695655254633389,UNRELIABLE,IDO,8.72893250124677,0.9316213882934716,0.0009129889605276022,RELIABLE,RELIABLE,24.112893465057265,0.8295864898017343,0.0008129947600056996,RELIABLE,RELIABLE,38.83506661437773,0.8087231155908732,0.0007925486532790556,RELIABLE,RELIABLE,35.94637527369325,0.8283296157769452,0.0008117630234614063,RELIABLE,RELIABLE,44.08301282885418,0.7916779544468575,0.0007758443953579204,RELIABLE,RELIABLE
289,1,Digit 1,1,Digit 1,max_nhat,RELIABLE,RELIABLE,11.168576976965614,0.9411453342048788,0.0009223224275207812,4,0.11030137628295911,1,1,True,63.61496714308935,0.7156190975559691,0.0007013067156048496,UNRELIABLE,IDO,11.168576976965614,0.9411453342048788,0.0009223224275207812,RELIABLE,RELIABLE,24.862831077022584,0.8306925162864975,0.0008140786659607675,RELIABLE,RELIABLE,33.046455118141914,0.8234291841714858,0.0008069606004880561,RELIABLE,RELIABLE,33.89600159820395,0.8308439579219197,0.0008142270787634812,RELIABLE,RELIABLE,43.09485594285677,0.8292977697009766,0.000812711814306957,RELIABLE,RELIABLE
290,1,Digit 1,1,Digit 1,max_nhat,UNRELIABLE,IDO,66.12286514618339,0.8208531004370736,0.0008044360384283321,3,0.009413999676964102,1,2,False,92.15875218602935,0.725452360123756,0.0007109433129212809,OOD,OOD,66.12286514618339,0.8208531004370736,0.0008044360384283321,UNRELIABLE,IDO,37.00153798198104,0.7959880569919903,0.0007800682958521505,RELIABLE,RELIABLE,39.46055739766426,0.8114391007601095,0.0007952103187449073,RELIABLE,RELIABLE,64.09810351860474,0.7752402087276529,0.0007597354045530998,UNRELIABLE,IDO,81.97286039562438,0.7774058829405207,0.0007618577652817103,UNRELIABLE,IDO
291,1,Digit 1,1,Digit 1,max_nhat,RELIABLE,RELIABLE,12.41237841183125,0.9161273316217705,0.000897804784989335,7,0.11316886899550771,1,1,True,83.47441821338501,0.7462576304220537,0.0007313324778136126,UNRELIABLE,IDO,12.41237841183125,0.9161273316217705,0.000897804784989335,RELIABLE,RELIABLE,28.545016655970205,0.7996685718653511,0.0007836752004280441,RELIABLE,RELIABLE,46.99142992321837,0.7915473049528879,0.0007757163588538302,RELIABLE,RELIABLE,48.304702209170635,0.7883613922280992,0.0007725941643835372,RELIABLE,RELIABLE,83.09939196348593,0.8029584626262628,0.0007868992933737375,UNRELIABLE,IDO
292,1,Digit 1,1,Digit 1,max_nhat,RELIABLE,RELIABLE,6.936090354083982,0.9408035240214871,0.0009219874535410573,2,0.1328637221699691,1,1,True,68.5603083500972,0.720498839991992,0.0007060888631921522,UNRELIABLE,IDO,6.936090354083982,0.9408035240214871,0.0009219874535410573,RELIABLE,RELIABLE,29.920694217819786,0.807939801851518,0.0007917810058144876,RELIABLE,RELIABLE,37.77230577170246,0.8019007242661915,0.0007858627097808677,RELIABLE,RELIABLE,46.37053147110031,0.7941348476242777,0.0007782521506717921,RELIABLE,RELIABLE,55.28319073317488,0.802711616160035,0.0007866573838368342,RELIABLE,RELIABLE
293,1,Digit 1,1,Digit 1,max_nhat,RELIABLE,RELIABLE,27.973938428690595,0.8372111320873488,0.0008204669094456018,4,0.03611410116781755,1,1,True,72.91141302145716,0.7196277754123,0.0007052352199040541,UNRELIABLE,IDO,27.973938428690595,0.8372111320873488,0.0008204669094456018,RELIABLE,RELIABLE,31.269589123852768,0.7848025848800667,0.0007691065331824654,RELIABLE,RELIABLE,45.18107689783604,0.7806327909338641,0.0007650201351151868,RELIABLE,RELIABLE,45.6968698715326,0.8010970309195312,0.0007850750903011406,RELIABLE,RELIABLE,76.82811892339332,0.7745237916074021,0.000759033315775254,UNRELIABLE,IDO
294,1,Digit 1,1,Digit 1,max_nhat,RELIABLE,RELIABLE,43.22216651308152,0.826668478638552,0.000810135109065781,7,0.048241619851330686,1,1,True,111.6975464557614,0.7033546543058352,0.0006892875612197185,OOD,OOD,43.22216651308152,0.826668478638552,0.000810135109065781,RELIABLE,RELIABLE,49.753274606010905,0.7726571526634073,0.0007572040096101391,RELIABLE,RELIABLE,61.03239511549413,0.7735039225229476,0.0007580338440724886,RELIABLE,RELIABLE,98.11870461937863,0.7724549605890206,0.0007570058613772402,OOD,OOD,112.99065430479055,0.7784268587872213,0.0007628583216114769,OOD,OOD
295,1,Digit 1,2,Digit 2,max_nhat,RELIABLE,RELIABLE,39.59700797180829,0.7721454543057858,0.0007567025452196701,4,0.011025708259676303,2,2,True,96.42097579223659,0.7108058164204706,0.0006965897000920611,OOD,OOD,120.38393288814623,0.7532225370226807,0.0007381580862822271,OOD,OOD,39.59700797180829,0.7721454543057858,0.0007567025452196701,RELIABLE,RELIABLE,83.55078629760922,0.7483999811777482,0.0007334319815541932,UNRELIABLE,IDO,163.13477512617212,0.7611197460461095,0.0007458973511251873,OOD,OOD,253.23238511226023,0.720910300768791,0.0007064920947534152,OOD,OOD
296,1,Digit 1,1,Digit 1,max_nhat,RELIABLE,RELIABLE,3.417803841490774,0.9691914833217238,0.0009498076536552893,2,0.14419821596333515,1,1,True,64.0741753514561,0.7116135048014575,0.0006973812347054283,UNRELIABLE,IDO,3.417803841490774,0.9691914833217238,0.0009498076536552893,RELIABLE,RELIABLE,25.767493846609614,0.8249932673583886,0.0008084934020112208,RELIABLE,RELIABLE,34.11475617886584,0.8118508392277197,0.0007956138224431652,RELIABLE,RELIABLE,39.712308179956494,0.8147409179428238,0.0007984460995839672,RELIABLE,RELIABLE,48.05566039471058,0.8236799012062929,0.000807206303182167,RELIABLE,RELIABLE
297,1,Digit 1,1,Digit 1,max_nhat,RELIABLE,RELIABLE,16.805928351829458,0.9083605559974042,0.0008901933448774561,7,0.09155758269212233,1,1,True,68.66708547145122,0.7044822311477046,0.0006903925865247505,UNRELIABLE,IDO,16.805928351829458,0.9083605559974042,0.0008901933448774561,RELIABLE,RELIABLE,34.755250385570335,0.7843044510712049,0.0007686183620497808,RELIABLE,RELIABLE,36.3729349933963,0.7984418836839166,0.0007824730460102382,RELIABLE,RELIABLE,52.56806741806321,0.7909973505801717,0.0007751774035685683,RELIABLE,RELIABLE,61.36332723938747,0.8168029733052818,0.0008004669138391762,RELIABLE,RELIABLE
298,1,Digit 1,1,Digit 1,max_nhat,RELIABLE,RELIABLE,9.536566696784844,0.9232627555338645,0.0009047975004231872,7,0.10449459274109596,1,1,True,64.94464963804877,0.71343946929588,0.0006991706799099624,UNRELIABLE,IDO,9.536566696784844,0.9232627555338645,0.0009047975004231872,RELIABLE,RELIABLE,32.07870245184087,0.8061097904745514,0.0007899875946650604,RELIABLE,RELIABLE,36.123179854198085,0.7948249244179153,0.0007789284259295569,RELIABLE,RELIABLE,49.382865272325446,0.8019358957589174,0.0007858971778437391,RELIABLE,RELIABLE,61.715285106867746,0.8187681627927685,0.0008023927995369131,RELIABLE,RELIABLE
299,1,Digit 1,1,Digit 1,max_nhat,RELIABLE,RELIABLE,7.452611123178053,0.937653679150887,0.0009189006055678692,7,0.10194085575146172,1,1,True,65.85506275132613,0.7039753596162861,0.0006898958524239604,UNRELIABLE,IDO,7.452611123178053,0.937653679150887,0.0009189006055678692,RELIABLE,RELIABLE,30.841684421904187,0.8055509780023841,0.0007894399584423363,RELIABLE,RELIABLE,37.698638325737605,0.7924990205157054,0.0007766490401053913,RELIABLE,RELIABLE,40.33585119787004,0.825632913973692,0.0008091202556942182,RELIABLE,RELIABLE,52.271053919698495,0.8357128233994253,0.0008189985669314368,RELIABLE,RELIABLE
300,1,Digit 1,1,Digit 1,max_nhat,RELIABLE,RELIABLE,33.70385009660539,0.8255469574735982,0.0008090360183241262,2,0.03603823903932002,1,1,True,71.4155809489659,0.6951050347582515,0.0006812029340630864,UNRELIABLE,IDO,33.70385009660539,0.8255469574735982,0.0008090360183241262,RELIABLE,RELIABLE,34.261218342502374,0.7895087184342782,0.0007737185440655926,RELIABLE,RELIABLE,49.911754888617295,0.7646007708447453,0.0007493087554278503,RELIABLE,RELIABLE,53.33867455694053,0.7727899162701048,0.0007573341179447027,RELIABLE,RELIABLE,89.81623790739266,0.7511097326671633,0.00073608753801382,OOD,OOD
301,1,Digit 1,1,Digit 1,max_nhat,RELIABLE,RELIABLE,60.10449566707475,0.8160614025238523,0.0007997401744733753,2,0.018878477213791323,1,2,False,89.29357414282657,0.7230874471415885,0.0007086256981987567,OOD,OOD,60.10449566707475,0.8160614025238523,0.0007997401744733753,RELIABLE,RELIABLE,34.392359638824466,0.797182925310061,0.0007812392668038597,RELIABLE,RELIABLE,57.92891085291489,0.7856985441932353,0.0007699845733093705,RELIABLE,RELIABLE,59.23425209036954,0.7859370961332609,0.0007702183542105957,RELIABLE,RELIABLE,83.62903693399639,0.7766523073080103,0.0007611192611618501,UNRELIABLE,IDO
302,1,Digit 1,1,Digit 1,max_nhat,RELIABLE,RELIABLE,2.591297226746325,0.9749205034234121,0.0009554220933549438,2,0.1352394684511734,1,1,True,66.54815859536575,0.7390681279609033,0.0007242867654016852,UNRELIABLE,IDO,2.591297226746325,0.9749205034234121,0.0009554220933549438,RELIABLE,RELIABLE,22.56785485934073,0.8396810349722387,0.0008228874142727939,RELIABLE,RELIABLE,34.881059429993996,0.8222859443690802,0.0008058402254816986,RELIABLE,RELIABLE,41.403100086572124,0.7999481901949367,0.0007839492263910379,RELIABLE,RELIABLE,54.65679149888959,0.7988193199986122,0.00078284293359864,RELIABLE,RELIABLE
303,1,Digit 1,1,Digit 1,max_nhat,RELIABLE,RELIABLE,16.199608107024336,0.9229637131992464,0.0009045044389352615,3,0.09784693671513744,1,1,True,75.76922925126814,0.7334119205936048,0.0007187436821817327,UNRELIABLE,IDO,16.199608107024336,0.9229637131992464,0.0009045044389352615,RELIABLE,RELIABLE,29.69142468394612,0.799081312104668,0.0007830996858625746,RELIABLE,RELIABLE,42.46739289613027,0.825116776484109,0.0008086144409544268,RELIABLE,RELIABLE,41.4980486329065,0.7823743272544165,0.0007667268407093281,RELIABLE,RELIABLE,54.805405224919966,0.8141872430088728,0.0007979034981486953,RELIABLE,RELIABLE
304,1,Digit 1,1,Digit 1,max_nhat,RELIABLE,RELIABLE,13.096283882758259,0.9091279533192808,0.0008909453942528951,2,0.08794764529445742,1,1,True,62.140678583228166,0.7035315052715997,0.0006894608751661676,UNRELIABLE,IDO,13.096283882758259,0.9091279533192808,0.0008909453942528951,RELIABLE,RELIABLE,27.479660098788212,0.8211803080248233,0.0008047567018643269,RELIABLE,RELIABLE,39.91655937359738,0.807717266260828,0.0007915629209356114,RELIABLE,RELIABLE,38.12279792067915,0.8197182183990297,0.0008033238540310491,RELIABLE,RELIABLE,47.130148948466754,0.7984541814161896,0.0007824850977878658,RELIABLE,RELIABLE
305,1,Digit 1,1,Digit 1,max_nhat,RELIABLE,RELIABLE,17.523197430577344,0.8930023866415719,0.0008751423389087405,2,0.08032538649121856,1,1,True,64.75117143175581,0.7229414492318412,0.0007084826202472044,UNRELIABLE,IDO,17.523197430577344,0.8930023866415719,0.0008751423389087405,RELIABLE,RELIABLE,28.987747286903275,0.8126770001503534,0.0007964234601473463,RELIABLE,RELIABLE,40.50870028550277,0.8055474841382559,0.0007894365344554908,RELIABLE,RELIABLE,45.715848563986825,0.8042342746520922,0.0007881495891590504,RELIABLE,RELIABLE,56.425809086653416,0.7825480136255113,0.000766897053353001,RELIABLE,RELIABLE
306,1,Digit 1,1,Digit 1,max_nhat,RELIABLE,RELIABLE,19.13840326219376,0.8910263305278501,0.000873205803917293,2,0.07175056706971294,1,1,True,77.06943566483662,0.7395082976291815,0.0007247181316765979,UNRELIABLE,IDO,19.13840326219376,0.8910263305278501,0.000873205803917293,RELIABLE,RELIABLE,25.641907958685987,0.8192757634581371,0.0008028902481889744,RELIABLE,RELIABLE,50.326098587541765,0.7718018597475527,0.0007563658225526016,RELIABLE,RELIABLE,58.82757163333157,0.7867643078420431,0.0007710290216852023,RELIABLE,RELIABLE,88.73043230540988,0.7802985174338056,0.0007646925470851295,OOD,OOD
307,1,Digit 1,1,Digit 1,max_nhat,RELIABLE,RELIABLE,10.7546322030913,0.9212988364146747,0.0009028728596863812,7,0.08085787659636412,1,1,True,64.062648486998,0.7054564087409751,0.0006913472805661556,UNRELIABLE,IDO,10.7546322030913,0.9212988364146747,0.0009028728596863812,RELIABLE,RELIABLE,31.63876329789075,0.7980135147797217,0.0007820532444841273,RELIABLE,RELIABLE,37.11659808771638,0.7898323235136463,0.0007740356770433734,RELIABLE,RELIABLE,40.29115048452856,0.8184280172380795,0.0008020594568933178,RELIABLE,RELIABLE,49.96759522682112,0.8404409598183106,0.0008236321406219444,RELIABLE,RELIABLE
308,1,Digit 1,1,Digit 1,max_nhat,RELIABLE,RELIABLE,5.479374878030454,0.9532682490298064,0.0009342028840492103,4,0.11799312589421096,1,1,True,66.9029133480228,0.7255679422950034,0.0007110565834491033,UNRELIABLE,IDO,5.479374878030454,0.9532682490298064,0.0009342028840492103,RELIABLE,RELIABLE,26.169726590374953,0.8257735941675303,0.0008092581222841796,RELIABLE,RELIABLE,37.51823776399283,0.8171563047810481,0.0008008131786854271,RELIABLE,RELIABLE,33.673051943196604,0.8352751231355955,0.0008185696206728835,RELIABLE,RELIABLE,42.11349517181395,0.8161614103561514,0.0007998381821490284,RELIABLE,RELIABLE
309,1,Digit 1,1,Digit 1,max_nhat,RELIABLE,RELIABLE,19.87217459181734,0.8854590645503239,0.0008677498832593174,2,0.06022795935045866,1,1,True,66.47729179471008,0.7187740591651928,0.0007043985779818889,UNRELIABLE,IDO,19.87217459181734,0.8854590645503239,0.0008677498832593174,RELIABLE,RELIABLE,25.210989073009205,0.8252311051998652,0.0008087264830958678,RELIABLE,RELIABLE,47.837705032763736,0.7995996861155857,0.000783607692393274,RELIABLE,RELIABLE,51.5953465418294,0.8022330740634,0.000786188412582132,RELIABLE,RELIABLE,88.76202291730336,0.781714534756588,0.0007660802440614562,OOD,OOD
310,1,Digit 1,1,Digit 1,max_nhat,RELIABLE,RELIABLE,21.34535504085097,0.8705003540827335,0.0008530903470010788,4,0.05280497057855782,1,1,True,60.79131509123525,0.7330896006846029,0.0007184278086709108,RELIABLE,RELIABLE,21.34535504085097,0.8705003540827335,0.0008530903470010788,RELIABLE,RELIABLE,26.027739865989535,0.8125525590147138,0.0007963015078344195,RELIABLE,RELIABLE,43.605787150526936,0.7837675983161927,0.0007680922463498688,RELIABLE,RELIABLE,40.26876892485896,0.8176953835041757,0.0008013414758340922,RELIABLE,RELIABLE,63.89641303280567,0.762669700890942,0.0007474163068731231,UNRELIABLE,IDO
311,1,Digit 1,1,Digit 1,max_nhat,RELIABLE,RELIABLE,5.573983131164117,0.9554226471021277,0.0009363141941600851,2,0.13867689059620547,1,1,True,71.46674123012713,0.7321865313394991,0.0007175428007127091,UNRELIABLE,IDO,5.573983131164117,0.9554226471021277,0.0009363141941600851,RELIABLE,RELIABLE,28.467163763016398,0.8167457565059222,0.0008004108413758038,RELIABLE,RELIABLE,37.26004651494597,0.8100050304433557,0.0007938049298344885,RELIABLE,RELIABLE,42.757460936575455,0.7894119236306251,0.0007736236851580125,RELIABLE,RELIABLE,52.57601380262297,0.7788855895260595,0.0007633078777355383,RELIABLE,RELIABLE
312,1,Digit 1,1,Digit 1,max_nhat,RELIABLE,RELIABLE,10.905619492255141,0.9159162726870603,0.0008975979472333191,7,0.09967084577471164,1,1,True,66.6584961180489,0.7220601566199708,0.0007076189534875714,UNRELIABLE,IDO,10.905619492255141,0.9159162726870603,0.0008975979472333191,RELIABLE,RELIABLE,30.042605720793116,0.8158771501815592,0.000799559607177928,RELIABLE,RELIABLE,33.465501045944976,0.8083622198645564,0.0007921949754672652,RELIABLE,RELIABLE,48.3934948379841,0.8064776290720599,0.0007903480764906187,RELIABLE,RELIABLE,63.1247930160846,0.8162454269123487,0.0007999205183741016,UNRELIABLE,IDO
313,1,Digit 1,1,Digit 1,max_nhat,RELIABLE,RELIABLE,39.95709591054207,0.8467974218418179,0.0008298614734049815,2,0.039181745306906324,1,2,False,88.69823426468878,0.6901701181882584,0.0006763667158244932,OOD,OOD,39.95709591054207,0.8467974218418179,0.0008298614734049815,RELIABLE,RELIABLE,33.76699423545515,0.8076156765349116,0.0007914633630042133,RELIABLE,RELIABLE,38.592515812400364,0.7848950047960811,0.0007691971047001595,RELIABLE,RELIABLE,52.07680003454921,0.7796670919412975,0.0007640737501024714,RELIABLE,RELIABLE,69.39707856856715,0.7851099792758901,0.0007694077796903723,UNRELIABLE,IDO
314,1,Digit 1,1,Digit 1,max_nhat,RELIABLE,RELIABLE,9.014847330555565,0.9331112616614358,0.000914449036428207,7,0.10162413666829706,1,1,True,69.4385942384958,0.704274144774713,0.0006901886618792186,UNRELIABLE,IDO,9.014847330555565,0.9331112616614358,0.000914449036428207,RELIABLE,RELIABLE,31.680202513143865,0.7978923522445986,0.0007819345051997067,RELIABLE,RELIABLE,37.59072849043695,0.7947833832293039,0.0007788877155647177,RELIABLE,RELIABLE,41.50779757056433,0.8134869057203269,0.0007972171676059204,RELIABLE,RELIABLE,51.932856048627144,0.8314871249931387,0.0008148573824932759,RELIABLE,RELIABLE
315,1,Digit 1,1,Digit 1,max_nhat,RELIABLE,RELIABLE,16.846215109253023,0.8953102344895637,0.0008774040297997724,2,0.0860766347903208,1,1,True,86.78280635950301,0.7473991413038231,0.0007324511584777466,OOD,OOD,16.846215109253023,0.8953102344895637,0.0008774040297997724,RELIABLE,RELIABLE,30.497552434085005,0.8092335996992429,0.0007930489277052581,RELIABLE,RELIABLE,48.30947814185059,0.7863193275235357,0.0007705929409730649,RELIABLE,RELIABLE,52.410807440863955,0.7664952710659222,0.0007511653656446037,RELIABLE,RELIABLE,77.79456269421523,0.7560005792001863,0.0007408805676161825,UNRELIABLE,IDO
316,1,Digit 1,1,Digit 1,max_nhat,RELIABLE,RELIABLE,7.849388688861779,0.9352971358463088,0.0009165911931293826,7,0.1339127475443509,1,1,True,73.00191484742109,0.7177814441499989,0.0007034258152669989,UNRELIABLE,IDO,7.849388688861779,0.9352971358463088,0.0009165911931293826,RELIABLE,RELIABLE,31.78975836645894,0.8006476806875339,0.0007846347270737832,RELIABLE,RELIABLE,38.70379000278066,0.8003438480590821,0.0007843369710979004,RELIABLE,RELIABLE,53.60474508400239,0.7876217854842277,0.0007718693497745431,RELIABLE,RELIABLE,64.83854542154276,0.8013843883019579,0.0007853567005359187,UNRELIABLE,IDO
317,1,Digit 1,1,Digit 1,max_nhat,RELIABLE,RELIABLE,24.431212553372546,0.8711093508651444,0.0008536871638478414,2,0.06669021766435912,1,1,True,79.5575526298357,0.7282970338751102,0.000713731093197608,UNRELIABLE,IDO,24.431212553372546,0.8711093508651444,0.0008536871638478414,RELIABLE,RELIABLE,28.654937772924125,0.8044191332007853,0.0007883307505367695,RELIABLE,RELIABLE,50.63727517824161,0.772273313506654,0.0007568278472365208,RELIABLE,RELIABLE,61.33559233326939,0.790652909530751,0.0007748398513401359,RELIABLE,RELIABLE,101.68360813779844,0.7560406402615294,0.0007409198274562988,OOD,OOD
318,1,Digit 1,1,Digit 1,max_nhat,RELIABLE,RELIABLE,14.495019657190028,0.9034961696934977,0.0008854262462996276,2,0.0753751022917244,1,1,True,65.95279812741236,0.7276232284746527,0.0007130707639051596,UNRELIABLE,IDO,14.495019657190028,0.9034961696934977,0.0008854262462996276,RELIABLE,RELIABLE,23.32396590074693,0.8281210674017733,0.0008115586460537377,RELIABLE,RELIABLE,44.78641084547401,0.7911651931371404,0.0007753418892743975,RELIABLE,RELIABLE,42.392920237612415,0.8174904243693449,0.000801140615881958,RELIABLE,RELIABLE,63.644275676019994,0.7562483309099525,0.0007411233642917534,UNRELIABLE,IDO
319,1,Digit 1,1,Digit 1,max_nhat,RELIABLE,RELIABLE,18.3472243451099,0.8795599488856131,0.0008619687499079008,2,0.06592941679752218,1,1,True,74.20032967209673,0.7334549341963694,0.000718785835512442,UNRELIABLE,IDO,18.3472243451099,0.8795599488856131,0.0008619687499079008,RELIABLE,RELIABLE,25.195112850805945,0.8136305320880909,0.000797357921446329,RELIABLE,RELIABLE,46.94384299336942,0.7699009293487572,0.0007545029107617821,RELIABLE,RELIABLE,50.07543051559128,0.7970147355899064,0.0007810744408781083,RELIABLE,RELIABLE,79.30592797617041,0.74156209493866,0.0007267308530398868,UNRELIABLE,IDO
320,1,Digit 1,1,Digit 1,max_nhat,RELIABLE,RELIABLE,9.897697703802445,0.9274815504664471,0.0009089319194571182,3,0.1079838957773337,1,1,True,74.63553385592314,0.7323859850544756,0.0007177382653533861,UNRELIABLE,IDO,9.897697703802445,0.9274815504664471,0.0009089319194571182,RELIABLE,RELIABLE,25.371607470727366,0.8178586172640275,0.000801501444918747,RELIABLE,RELIABLE,44.567083678815024,0.8194976546891134,0.0008031077015953312,RELIABLE,RELIABLE,41.479811890300574,0.7985586189625249,0.0007825874465832743,RELIABLE,RELIABLE,69.33925275537285,0.809248209535854,0.0007930632453451369,UNRELIABLE,IDO
321,1,Digit 1,1,Digit 1,max_nhat,RELIABLE,RELIABLE,26.954785351296938,0.8726338958608604,0.0008551812179436432,2,0.05177825188397833,1,1,True,71.15095845061398,0.7087040427376546,0.0006945299618829015,UNRELIABLE,IDO,26.954785351296938,0.8726338958608604,0.0008551812179436432,RELIABLE,RELIABLE,28.280131959405484,0.820855643976882,0.0008044385310973444,RELIABLE,RELIABLE,49.62324942777869,0.7657029305984571,0.000750388871986488,RELIABLE,RELIABLE,52.21770811292316,0.8046383390504186,0.0007885455722694102,RELIABLE,RELIABLE,87.00885699703647,0.7472929925593607,0.0007323471327081734,OOD,OOD
322,1,Digit 1,1,Digit 1,max_nhat,OOD,OOD,131.81462702407208,0.8156010468533915,0.0007992890259163237,2,0.012920135786179121,1,2,False,86.45462490628589,0.6680969405397702,0.0006547350017289747,OOD,OOD,131.81462702407208,0.8156010468533915,0.0007992890259163237,OOD,OOD,57.14576825388164,0.8026809110672124,0.0007866272928458681,RELIABLE,RELIABLE,82.06960765863612,0.7409165949104687,0.0007260982630122593,UNRELIABLE,IDO,374.4299785686315,0.7725493112122357,0.0007570983249879909,OOD,OOD,511.6171613771913,0.7506690342577274,0.0007356556535725728,OOD,OOD
323,1,Digit 1,1,Digit 1,max_nhat,RELIABLE,RELIABLE,46.78773032313056,0.8454269578373323,0.0008285184186805856,3,0.03216810394848879,1,2,False,95.0412663990191,0.7262213811521975,0.0007116969535291535,OOD,OOD,46.78773032313056,0.8454269578373323,0.0008285184186805856,RELIABLE,RELIABLE,39.09667055705048,0.8021044557342135,0.0007860623666195292,RELIABLE,RELIABLE,39.56196325419285,0.8132588538888436,0.0007969936768110667,RELIABLE,RELIABLE,69.5978616161483,0.7973578105351004,0.0007814106543243983,UNRELIABLE,IDO,78.71723029917598,0.790324812532247,0.000774518316281602,UNRELIABLE,IDO
324,1,Digit 1,1,Digit 1,max_nhat,RELIABLE,RELIABLE,8.552494488675904,0.9307370038633209,0.0009121222637860544,7,0.13226942688636334,1,1,True,74.87586999859849,0.7131827779024605,0.0006989191223444113,UNRELIABLE,IDO,8.552494488675904,0.9307370038633209,0.0009121222637860544,RELIABLE,RELIABLE,34.634432627827856,0.7907381227534929,0.000774923360298423,RELIABLE,RELIABLE,39.16128233113449,0.7917450154978399,0.0007759101151878831,RELIABLE,RELIABLE,52.771976636011644,0.781078989937412,0.0007654574101386637,RELIABLE,RELIABLE,66.66600329827499,0.7984675769769576,0.0007824982254374184,UNRELIABLE,IDO
325,1,Digit 1,1,Digit 1,max_nhat,RELIABLE,RELIABLE,53.456796458319886,0.8154732487449984,0.0007991637837700984,7,0.01997951816088639,1,2,False,100.47258074967507,0.6995484135768401,0.0006855574453053032,OOD,OOD,53.456796458319886,0.8154732487449984,0.0007991637837700984,RELIABLE,RELIABLE,37.00770149071696,0.790272389822661,0.0007744669420262078,RELIABLE,RELIABLE,49.3482231221762,0.7858739219127842,0.0007701564434745284,RELIABLE,RELIABLE,59.02520666710184,0.7805349705267899,0.0007649242711162541,RELIABLE,RELIABLE,75.81042392211843,0.795493730584112,0.0007795838559724297,UNRELIABLE,IDO
326,1,Digit 1,1,Digit 1,max_nhat,RELIABLE,RELIABLE,8.60431500003461,0.932896315729778,0.0009142383894151824,2,0.0981389303463791,1,1,True,66.27391988268235,0.7220549703398175,0.0007076138709330211,UNRELIABLE,IDO,8.60431500003461,0.932896315729778,0.0009142383894151824,RELIABLE,RELIABLE,23.96503939111844,0.8347573853833989,0.0008180622376757309,RELIABLE,RELIABLE,42.28909306163272,0.8179726181168145,0.0008016131657544782,RELIABLE,RELIABLE,40.283910418245696,0.8059931348148164,0.0007898732721185201,RELIABLE,RELIABLE,64.26839140626103,0.8054370291107321,0.0007893282885285174,UNRELIABLE,IDO
327,1,Digit 1,1,Digit 1,max_nhat,RELIABLE,RELIABLE,53.66304227666879,0.7976772381269258,0.0007817236933643873,2,0.019107761616753538,1,2,False,81.00502733706955,0.6900618772608715,0.0006762606397156541,UNRELIABLE,IDO,53.66304227666879,0.7976772381269258,0.0007817236933643873,RELIABLE,RELIABLE,45.436879914892344,0.7785694765101723,0.0007629980869799688,RELIABLE,RELIABLE,58.42661830164967,0.7514160594275525,0.0007363877382390014,RELIABLE,RELIABLE,73.04450993143705,0.7416767446031545,0.0007268432097110914,UNRELIABLE,IDO,127.3621925793509,0.7353851871473455,0.0007206774834043985,OOD,OOD
328,1,Digit 1,1,Digit 1,max_nhat,RELIABLE,RELIABLE,8.106701807480142,0.9352201768705817,0.00091651577333317,2,0.09302406288287779,1,1,True,60.55138601182516,0.7055956372362423,0.0006914837244915175,RELIABLE,RELIABLE,8.106701807480142,0.9352201768705817,0.00091651577333317,RELIABLE,RELIABLE,23.70657805687551,0.8421961139877039,0.0008253521917079498,RELIABLE,RELIABLE,38.84443208592846,0.8043690077830893,0.0007882816276274275,RELIABLE,RELIABLE,36.597704670821315,0.8287333412385386,0.0008121586744137678,RELIABLE,RELIABLE,46.09631541018588,0.8022170112942111,0.0007861726710683268,RELIABLE,RELIABLE
329,1,Digit 1,1,Digit 1,max_nhat,RELIABLE,RELIABLE,18.462890732498234,0.8764416779403117,0.0008589128443815054,3,0.09033479096064367,1,1,True,92.88728216532138,0.7150480675206098,0.0007007471061701976,OOD,OOD,18.462890732498234,0.8764416779403117,0.0008589128443815054,RELIABLE,RELIABLE,40.87563314239656,0.7791879821651477,0.0007636042225218448,RELIABLE,RELIABLE,46.97496727958313,0.786106886979668,0.0007703847492400746,RELIABLE,RELIABLE,63.28750904812348,0.763713526773308,0.0007484392562378418,UNRELIABLE,IDO,79.24260108008514,0.7709174988768003,0.0007554991488992642,UNRELIABLE,IDO
330,1,Digit 1,1,Digit 1,max_nhat,UNRELIABLE,IDO,73.85558023310651,0.816600071078264,0.0008002680696566987,2,0.010407644462922638,1,2,False,81.598376692566,0.6954349304622593,0.0006815262318530141,UNRELIABLE,IDO,73.85558023310651,0.816600071078264,0.0008002680696566987,UNRELIABLE,IDO,50.29859249450152,0.8061924266153414,0.0007900685780830346,RELIABLE,RELIABLE,71.9654414414956,0.7551000736802754,0.0007399980722066699,UNRELIABLE,IDO,144.4138538479823,0.7731443609317747,0.0007576814737131392,OOD,OOD,274.1264071015365,0.7416391989590432,0.0007268064149798623,OOD,OOD
331,1,Digit 1,1,Digit 1,max_nhat,RELIABLE,RELIABLE,6.299481472977126,0.9454098728208367,0.0009265016753644199,2,0.14317233281995578,1,1,True,79.2158511890859,0.720591215295804,0.000706179390989888,UNRELIABLE,IDO,6.299481472977126,0.9454098728208367,0.0009265016753644199,RELIABLE,RELIABLE,31.96228052751658,0.8022375400008809,0.0007861927892008632,RELIABLE,RELIABLE,39.4659479229735,0.792929821286908,0.0007770712248611699,RELIABLE,RELIABLE,46.4120430367176,0.790846727788614,0.0007750297932328417,RELIABLE,RELIABLE,62.551455293526445,0.7977852557937726,0.0007818295506778971,UNRELIABLE,IDO
332,1,Digit 1,1,Digit 1,max_nhat,RELIABLE,RELIABLE,14.27154411048121,0.8993013616817552,0.00088131533444812,7,0.06952185496813812,1,1,True,64.3245762142142,0.7058629830232755,0.00069174572336281,UNRELIABLE,IDO,14.27154411048121,0.8993013616817552,0.00088131533444812,RELIABLE,RELIABLE,30.042222269274188,0.8141399187176971,0.0007978571203433432,RELIABLE,RELIABLE,33.2336176334145,0.8030021930427115,0.0007869421491818572,RELIABLE,RELIABLE,53.167763841218566,0.8197605547862798,0.0008033653436905542,RELIABLE,RELIABLE,66.46394895490349,0.8297795067136171,0.0008131839165793447,UNRELIABLE,IDO
333,1,Digit 1,1,Digit 1,max_nhat,RELIABLE,RELIABLE,6.117857245942917,0.9478238048307287,0.0009288673287341141,7,0.14480752193800628,1,1,True,72.05923934861733,0.715971953202471,0.0007016525141384215,UNRELIABLE,IDO,6.117857245942917,0.9478238048307287,0.0009288673287341141,RELIABLE,RELIABLE,31.509899741159654,0.8016573022997284,0.0007856241562537339,RELIABLE,RELIABLE,38.71320925630052,0.7955180663795322,0.0007796077050519415,RELIABLE,RELIABLE,45.88726886758711,0.7909256068569167,0.0007751070947197784,RELIABLE,RELIABLE,58.53726457077642,0.8030162828927224,0.000786955957234868,RELIABLE,RELIABLE
334,1,Digit 1,1,Digit 1,max_nhat,RELIABLE,RELIABLE,8.05098394680191,0.937371018879397,0.000918623598501809,2,0.10911109559021648,1,1,True,56.961577748791655,0.7322571038810115,0.0007176119618033912,RELIABLE,RELIABLE,8.05098394680191,0.937371018879397,0.000918623598501809,RELIABLE,RELIABLE,25.749672725475047,0.8282599232891805,0.0008116947248233969,RELIABLE,RELIABLE,36.810534062743166,0.8164299102550377,0.000800101312049937,RELIABLE,RELIABLE,43.49731543106232,0.809934604318665,0.0007937359122322917,RELIABLE,RELIABLE,69.17092419210827,0.7999069420358164,0.0007839088031951,UNRELIABLE,IDO
335,1,Digit 1,1,Digit 1,max_nhat,RELIABLE,RELIABLE,13.315575731521449,0.918310851318117,0.0008999446342917546,7,0.11516437239461674,1,1,True,80.16837495253,0.6958915119156003,0.0006819736816772883,UNRELIABLE,IDO,13.315575731521449,0.918310851318117,0.0008999446342917546,RELIABLE,RELIABLE,36.96020762102746,0.7769054886138297,0.0007613673788415531,RELIABLE,RELIABLE,42.54240832799112,0.7828419870614246,0.0007671851473201961,RELIABLE,RELIABLE,49.72686335685306,0.7792547675634268,0.0007636696722121582,RELIABLE,RELIABLE,63.15196994131665,0.8031464789235002,0.0007870835493450302,UNRELIABLE,IDO
336,1,Digit 1,1,Digit 1,max_nhat,RELIABLE,RELIABLE,31.839421475815662,0.9020224024563015,0.0008839819544071754,3,0.10646377453783351,1,1,True,93.78011458831851,0.7079225808539142,0.0006937641292368359,OOD,OOD,31.839421475815662,0.9020224024563015,0.0008839819544071754,RELIABLE,RELIABLE,40.371043679608846,0.7782007214337274,0.0007626367070050528,RELIABLE,RELIABLE,49.71140064800122,0.795558627918468,0.0007796474553600987,RELIABLE,RELIABLE,51.44445695477805,0.7649674336353494,0.0007496680849626424,RELIABLE,RELIABLE,52.14955269221388,0.7845718383691564,0.0007688804016017733,RELIABLE,RELIABLE
337,1,Digit 1,1,Digit 1,max_nhat,RELIABLE,RELIABLE,21.43658846724511,0.880760765505809,0.0008631455501956928,2,0.06228283012205227,1,1,True,75.43659759984934,0.7255116452042002,0.0007110014123001162,UNRELIABLE,IDO,21.43658846724511,0.880760765505809,0.0008631455501956928,RELIABLE,RELIABLE,25.80540001156438,0.8184779353837567,0.0008021083766760815,RELIABLE,RELIABLE,47.22195986957828,0.7724643367216444,0.0007570150499872115,RELIABLE,RELIABLE,56.63066792044104,0.7898362565953764,0.0007740395314634688,RELIABLE,RELIABLE,89.73547019123467,0.7728830107804424,0.0007574253505648335,OOD,OOD
338,1,Digit 1,3,Digit 3,max_nhat,RELIABLE,RELIABLE,27.93118061598021,0.8553048355107591,0.0008381987388005439,2,0.03515033302887505,3,3,True,70.95233687701203,0.7438636322485074,0.0007289863596035372,UNRELIABLE,IDO,422.51702056600845,0.7197716463259101,0.0007053762133993919,OOD,OOD,35.861550866057314,0.820154502481884,0.0008037514124322464,RELIABLE,RELIABLE,27.93118061598021,0.8553048355107591,0.0008381987388005439,RELIABLE,RELIABLE,106.48907593965892,0.7160133301723234,0.0007016930635688769,OOD,OOD,260.4594238043521,0.7236587683009598,0.0007091855929349405,OOD,OOD
339,1,Digit 1,1,Digit 1,max_nhat,RELIABLE,RELIABLE,20.090308011578173,0.8850857388312268,0.0008673840240546022,3,0.07854942057034364,1,1,True,88.35676158183094,0.7529813336635931,0.0007379217069903212,OOD,OOD,20.090308011578173,0.8850857388312268,0.0008673840240546022,RELIABLE,RELIABLE,33.47394933854588,0.8043999171002202,0.0007883119187582158,RELIABLE,RELIABLE,47.906116479203774,0.8065363182608831,0.0007904055918956654,RELIABLE,RELIABLE,71.22593335256073,0.7482412686385307,0.0007332764432657601,UNRELIABLE,IDO,88.38411955783101,0.7409400418314318,0.0007261212409948031,OOD,OOD
340,1,Digit 1,1,Digit 1,max_nhat,RELIABLE,RELIABLE,11.327135708428973,0.9295255136591184,0.000910935003385936,3,0.11380644678069429,1,1,True,75.33393614482605,0.7312386100916284,0.0007166138378897958,UNRELIABLE,IDO,11.327135708428973,0.9295255136591184,0.000910935003385936,RELIABLE,RELIABLE,29.620594870336188,0.7995992039552015,0.0007836072198760974,RELIABLE,RELIABLE,41.726849048453495,0.8157190668784241,0.0007994046855408556,RELIABLE,RELIABLE,41.19334758710215,0.7891021573154251,0.0007733201141691166,RELIABLE,RELIABLE,52.8703547455478,0.8044006897587298,0.0007883126759635552,RELIABLE,RELIABLE
341,1,Digit 1,1,Digit 1,max_nhat,RELIABLE,RELIABLE,5.328825166709514,0.9525535866442957,0.0009335025149114097,2,0.15046471378513393,1,1,True,75.04202664684217,0.721031283645206,0.0007066106579723018,UNRELIABLE,IDO,5.328825166709514,0.9525535866442957,0.0009335025149114097,RELIABLE,RELIABLE,30.368941430458758,0.8020888728591618,0.0007860470954019785,RELIABLE,RELIABLE,38.95374040509644,0.797127285148837,0.0007811847394458602,RELIABLE,RELIABLE,44.04779036972759,0.7883700094862823,0.0007726026092965566,RELIABLE,RELIABLE,53.63600978499165,0.7999846759682978,0.0007839849824489318,RELIABLE,RELIABLE
342,1,Digit 1,1,Digit 1,max_nhat,RELIABLE,RELIABLE,53.20280753404066,0.8199491727616397,0.0008035501893064069,3,0.019052866342855523,1,2,False,105.56123814227766,0.6977900064391872,0.0006838342063104035,OOD,OOD,53.20280753404066,0.8199491727616397,0.0008035501893064069,RELIABLE,RELIABLE,47.36429431631046,0.7844074408781041,0.0007687192920605419,RELIABLE,RELIABLE,48.75875994336514,0.8008963064187842,0.0007848783802904085,RELIABLE,RELIABLE,64.03807578510681,0.7791317961698871,0.0007635491602464893,UNRELIABLE,IDO,66.70351254147677,0.7950273691388333,0.0007791268217560566,UNRELIABLE,IDO
343,1,Digit 1,1,Digit 1,max_nhat,RELIABLE,RELIABLE,33.46804195737442,0.8168646401246823,0.0008005273473221886,3,0.013577393197576226,1,1,True,96.19788357341746,0.7307608541417325,0.0007161456370588979,OOD,OOD,33.46804195737442,0.8168646401246823,0.0008005273473221886,RELIABLE,RELIABLE,40.46535226787088,0.7843943390165699,0.0007687064522362384,RELIABLE,RELIABLE,48.53155943356087,0.8032872469271061,0.000787221501988564,RELIABLE,RELIABLE,57.88640943947891,0.7795829196010281,0.0007639912612090075,RELIABLE,RELIABLE,70.00560649029504,0.7861529671697699,0.0007704299078263745,UNRELIABLE,IDO
344,1,Digit 1,1,Digit 1,max_nhat,RELIABLE,RELIABLE,3.4701576839036337,0.9676632815088888,0.000948310015878711,2,0.15221341444786707,1,1,True,72.67487253101889,0.7196393215523443,0.0007052465351212974,UNRELIABLE,IDO,3.4701576839036337,0.9676632815088888,0.000948310015878711,RELIABLE,RELIABLE,26.607645462520164,0.8154498670610217,0.0007991408697198013,RELIABLE,RELIABLE,38.652348556080646,0.8016795437988422,0.0007856459529228654,RELIABLE,RELIABLE,41.882938453105005,0.803198936145044,0.0007871349574221431,RELIABLE,RELIABLE,57.64467973722106,0.808056659214831,0.0007918955260305344,RELIABLE,RELIABLE
345,1,Digit 1,1,Digit 1,max_nhat,RELIABLE,RELIABLE,34.25791907560607,0.8436373877474956,0.0008267646399925457,2,0.025847873246199526,1,2,False,67.5193400835952,0.729968760885177,0.0007153693856674734,UNRELIABLE,IDO,34.25791907560607,0.8436373877474956,0.0008267646399925457,RELIABLE,RELIABLE,26.434822420762558,0.8177895145012961,0.0008014337242112702,RELIABLE,RELIABLE,52.879861423290116,0.7971923490067218,0.0007812485020265873,RELIABLE,RELIABLE,70.83995553132485,0.7646816595660358,0.000749388026374715,UNRELIABLE,IDO,113.96770556814397,0.7311827842071458,0.0007165591285230029,OOD,OOD
346,1,Digit 1,1,Digit 1,max_nhat,OOD,OOD,108.26650060593144,0.7909991769375769,0.0007751791933988254,2,0.000731884932489324,1,2,False,76.22601514684568,0.6931442334051866,0.0006792813487370828,UNRELIABLE,IDO,108.26650060593144,0.7909991769375769,0.0007751791933988254,OOD,OOD,46.52420634541468,0.7902672920050876,0.0007744619461649858,RELIABLE,RELIABLE,68.39558152672325,0.7516527409578527,0.0007366196861386957,UNRELIABLE,IDO,260.12669861584925,0.7874132402527,0.000771664975447646,OOD,OOD,361.17197425850145,0.7532686879575715,0.0007382033141984201,OOD,OOD
347,1,Digit 1,1,Digit 1,max_nhat,RELIABLE,RELIABLE,15.787175809438597,0.9097857947975144,0.0008915900789015641,7,0.10840684711078996,1,1,True,69.8449756480752,0.7116405968355911,0.0006974077848988792,UNRELIABLE,IDO,15.787175809438597,0.9097857947975144,0.0008915900789015641,RELIABLE,RELIABLE,33.54234950394035,0.7895630988021891,0.0007737718368261453,RELIABLE,RELIABLE,34.31234189158215,0.7991747497334507,0.0007831912547387816,RELIABLE,RELIABLE,45.94584546791063,0.7848183479000722,0.0007691219809420707,RELIABLE,RELIABLE,49.779641856513464,0.8013789476867245,0.00078535136873299,RELIABLE,RELIABLE
348,1,Digit 1,1,Digit 1,max_nhat,RELIABLE,RELIABLE,11.672907053628206,0.9165791722706993,0.0008982475888252853,3,0.0834706190986586,1,1,True,70.9633824444789,0.7225409991596219,0.0007080901791764294,UNRELIABLE,IDO,11.672907053628206,0.9165791722706993,0.0008982475888252853,RELIABLE,RELIABLE,28.79200747618305,0.8049159871370067,0.0007888176673942666,RELIABLE,RELIABLE,41.3369410121946,0.8331085531720407,0.0008164463821085998,RELIABLE,RELIABLE,41.09329869841831,0.7902574976413188,0.0007744523476884924,RELIABLE,RELIABLE,55.45961683979141,0.8182024519275236,0.0008018384028889731,RELIABLE,RELIABLE
349,1,Digit 1,1,Digit 1,max_nhat,RELIABLE,RELIABLE,23.63019878432634,0.8677288342470835,0.0008503742575621417,2,0.06098003054888945,1,1,True,70.29609811937573,0.7026416434051186,0.0006885888105370162,UNRELIABLE,IDO,23.63019878432634,0.8677288342470835,0.0008503742575621417,RELIABLE,RELIABLE,29.944606070840596,0.806748803698194,0.0007906138276242301,RELIABLE,RELIABLE,45.11098285916372,0.7939939184562619,0.0007781140400871366,RELIABLE,RELIABLE,44.27310594509426,0.8018757806318478,0.0007858382650192109,RELIABLE,RELIABLE,57.4175667136094,0.7650946754874286,0.00074979278197768,RELIABLE,RELIABLE
350,1,Digit 1,1,Digit 1,max_nhat,RELIABLE,RELIABLE,4.295615919973596,0.9613517538973272,0.0009421247188193807,2,0.14535034272152014,1,1,True,69.79774605432354,0.7289661131510569,0.0007143867908880357,UNRELIABLE,IDO,4.295615919973596,0.9613517538973272,0.0009421247188193807,RELIABLE,RELIABLE,27.430558077318,0.816001411175807,0.0007996813829522909,RELIABLE,RELIABLE,32.98435262226106,0.8083173656554832,0.0007921510183423735,RELIABLE,RELIABLE,39.256675266122315,0.8066370847389167,0.0007905043430441384,RELIABLE,RELIABLE,44.407965251240924,0.814845595362073,0.0007985486834548315,RELIABLE,RELIABLE
351,1,Digit 1,1,Digit 1,max_nhat,RELIABLE,RELIABLE,15.29262625671885,0.9069318750280584,0.0008887932375274972,2,0.12398143362637559,1,1,True,96.10518628699813,0.7127407383989152,0.0006984859236309368,OOD,OOD,15.29262625671885,0.9069318750280584,0.0008887932375274972,RELIABLE,RELIABLE,39.07449789539718,0.7829504414016828,0.0007672914325736491,RELIABLE,RELIABLE,47.315738369119046,0.7813849626979658,0.0007657572634440065,RELIABLE,RELIABLE,61.18365462308266,0.7638705286099102,0.000748593118037712,RELIABLE,RELIABLE,73.83576424267287,0.7622626253095639,0.0007470173728033726,UNRELIABLE,IDO
352,1,Digit 1,1,Digit 1,max_nhat,RELIABLE,RELIABLE,9.775914576878982,0.9241793343116343,0.0009056957476254017,2,0.09221182604043021,1,1,True,66.36726137893814,0.705301096621655,0.0006911950746892218,UNRELIABLE,IDO,9.775914576878982,0.9241793343116343,0.0009056957476254017,RELIABLE,RELIABLE,24.082123425192474,0.8319675082712041,0.00081532815810578,RELIABLE,RELIABLE,39.63040337332889,0.8142640846619952,0.0007979788029687553,RELIABLE,RELIABLE,36.29981825073985,0.8097415304485006,0.0007935466998395306,RELIABLE,RELIABLE,46.132754795909946,0.798999311173345,0.000783019324949878,RELIABLE,RELIABLE
353,1,Digit 1,1,Digit 1,max_nhat,RELIABLE,RELIABLE,4.991469766310356,0.9632067155529271,0.0009439425812418686,2,0.1181000478696056,1,1,True,61.6005796230279,0.7522755499596387,0.0007372300389604459,RELIABLE,RELIABLE,4.991469766310356,0.9632067155529271,0.0009439425812418686,RELIABLE,RELIABLE,20.737656778938877,0.8451066676833215,0.0008282045343296551,RELIABLE,RELIABLE,34.49193057797066,0.8195871544665303,0.0008031954113771997,RELIABLE,RELIABLE,48.41231504992051,0.8016619292938199,0.0007856286907079434,RELIABLE,RELIABLE,55.56382765586489,0.7753942014988884,0.0007598863174689106,RELIABLE,RELIABLE
354,1,Digit 1,1,Digit 1,max_nhat,RELIABLE,RELIABLE,8.50920624477729,0.9410069084200289,0.0009221867702516283,3,0.12749930166087586,1,1,True,73.37509154586817,0.7268796682361702,0.0007123420748714467,UNRELIABLE,IDO,8.50920624477729,0.9410069084200289,0.0009221867702516283,RELIABLE,RELIABLE,28.434390852461437,0.8073663675553325,0.0007912190402042258,RELIABLE,RELIABLE,35.963067094176374,0.813507606759153,0.0007972374546239699,RELIABLE,RELIABLE,38.44447775583559,0.7957518380410066,0.0007798368012801864,RELIABLE,RELIABLE,43.58861721149512,0.7988940855136181,0.0007829162038033457,RELIABLE,RELIABLE
355,1,Digit 1,1,Digit 1,max_nhat,RELIABLE,RELIABLE,17.860949676333746,0.9082289259639764,0.0008900643474446969,3,0.12669816098801678,1,1,True,91.56699015025208,0.7083600342310676,0.0006941928335464462,OOD,OOD,17.860949676333746,0.9082289259639764,0.0008900643474446969,RELIABLE,RELIABLE,37.09733265657393,0.7738664827320152,0.0007583891530773748,RELIABLE,RELIABLE,48.809806712725106,0.7815307649759596,0.0007659001496764404,RELIABLE,RELIABLE,50.743444366388566,0.7804227255763475,0.0007648142710648205,RELIABLE,RELIABLE,62.37936545126904,0.7809379579503847,0.000765319198791377,UNRELIABLE,IDO
356,1,Digit 1,1,Digit 1,max_nhat,RELIABLE,RELIABLE,13.092259779229344,0.9166728644458844,0.0008983394071569666,2,0.10063279823056892,1,1,True,79.42512286803355,0.7571720082737191,0.0007420285681082447,UNRELIABLE,IDO,13.092259779229344,0.9166728644458844,0.0008983394071569666,RELIABLE,RELIABLE,25.922902380592618,0.8160400662153154,0.0007997192648910091,RELIABLE,RELIABLE,43.21205051794082,0.7887754928541415,0.0007729999829970587,RELIABLE,RELIABLE,54.608511616541065,0.789516221134188,0.0007737258967115042,RELIABLE,RELIABLE,75.18224693350066,0.7915549253655628,0.0007757238268582515,UNRELIABLE,IDO
357,1,Digit 1,1,Digit 1,max_nhat,RELIABLE,RELIABLE,8.03286193205161,0.9344102986596209,0.0009157220926864284,7,0.12273924463817654,1,1,True,70.35380632280473,0.7228179317771998,0.0007083615731416558,UNRELIABLE,IDO,8.03286193205161,0.9344102986596209,0.0009157220926864284,RELIABLE,RELIABLE,29.73132920776371,0.810193100314918,0.0007939892383086196,RELIABLE,RELIABLE,36.31002267024843,0.8075379899202246,0.0007913872301218201,RELIABLE,RELIABLE,50.974692434241945,0.7972738892811637,0.0007813284114955404,RELIABLE,RELIABLE,63.47002252017445,0.8116710540214443,0.0007954376329410154,UNRELIABLE,IDO
358,1,Digit 1,1,Digit 1,max_nhat,RELIABLE,RELIABLE,24.346547864131736,0.8780509035436492,0.0008604898854727762,4,0.07434684097878141,1,1,True,69.21598824601769,0.7098890055419781,0.0006956912254311385,UNRELIABLE,IDO,24.346547864131736,0.8780509035436492,0.0008604898854727762,RELIABLE,RELIABLE,32.7442252804751,0.8036084893679627,0.0007875363195806034,RELIABLE,RELIABLE,42.448223851611516,0.7888874913998366,0.0007731097415718399,RELIABLE,RELIABLE,45.67357072268913,0.8037040625648678,0.0007876299813135704,RELIABLE,RELIABLE,51.886108763473786,0.7668001292686201,0.0007514641266832476,RELIABLE,RELIABLE
359,1,Digit 1,1,Digit 1,max_nhat,RELIABLE,RELIABLE,57.80313453985098,0.8377080565963835,0.0008209538954644558,2,0.005756914703486937,1,2,False,63.434709740744296,0.7616624715259691,0.0007464292220954497,UNRELIABLE,IDO,57.80313453985098,0.8377080565963835,0.0008209538954644558,RELIABLE,RELIABLE,23.808959942867777,0.8319511418928965,0.0008153121190550386,RELIABLE,RELIABLE,46.4083161659326,0.782444454153469,0.0007667955650703996,RELIABLE,RELIABLE,55.657389486680515,0.7891272942453126,0.0007733447483604063,RELIABLE,RELIABLE,99.20087687764718,0.7432877788581617,0.0007284220232809984,OOD,OOD
360,1,Digit 1,1,Digit 1,max_nhat,RELIABLE,RELIABLE,11.306748706227868,0.9207845164637771,0.0009023688261345016,2,0.09720147499470866,1,1,True,59.113226801633864,0.7484563463295096,0.0007334872194029194,RELIABLE,RELIABLE,11.306748706227868,0.9207845164637771,0.0009023688261345016,RELIABLE,RELIABLE,24.745972342064398,0.8235830414690685,0.0008071113806396871,RELIABLE,RELIABLE,37.67442309237298,0.7961536926426047,0.0007802306187897526,RELIABLE,RELIABLE,53.45882735235139,0.8148829504932947,0.0007985852914834288,RELIABLE,RELIABLE,81.26518011513816,0.7833719400829515,0.0007677045012812924,UNRELIABLE,IDO
361,1,Digit 1,1,Digit 1,max_nhat,RELIABLE,RELIABLE,10.279280920361124,0.9207810869278726,0.0009023654651893152,7,0.11461312790442946,1,1,True,73.48036044998052,0.7011899888157354,0.0006871661890394206,UNRELIABLE,IDO,10.279280920361124,0.9207810869278726,0.0009023654651893152,RELIABLE,RELIABLE,34.308631372683486,0.7933034985330183,0.0007774374285623579,RELIABLE,RELIABLE,40.28269463334662,0.7915454603011189,0.0007757145510950966,RELIABLE,RELIABLE,51.39281247794471,0.7908976322033267,0.0007750796795592601,RELIABLE,RELIABLE,64.36896067577828,0.8061679590234432,0.0007900445998429743,UNRELIABLE,IDO
362,1,Digit 1,1,Digit 1,max_nhat,RELIABLE,RELIABLE,13.296574584837053,0.9140745015473477,0.0008957930115164008,7,0.0796264242524024,1,1,True,62.45419901473912,0.7079614241953052,0.000693802195711399,UNRELIABLE,IDO,13.296574584837053,0.9140745015473477,0.0008957930115164008,RELIABLE,RELIABLE,32.31992483819672,0.8009488149203892,0.0007849298386219814,RELIABLE,RELIABLE,37.708549706641676,0.7786506509647768,0.0007630776379454813,RELIABLE,RELIABLE,41.55384769869708,0.8161377226577838,0.0007998149682046282,RELIABLE,RELIABLE,53.947791702727706,0.8344480772949453,0.0008177591157490463,RELIABLE,RELIABLE
363,1,Digit 1,1,Digit 1,max_nhat,RELIABLE,RELIABLE,19.864468336363704,0.8854718433611495,0.0008677624064939264,3,0.04530170908162201,1,1,True,82.7203625203025,0.7264943497515318,0.0007119644627565011,UNRELIABLE,IDO,19.864468336363704,0.8854718433611495,0.0008677624064939264,RELIABLE,RELIABLE,28.231899834621235,0.8060308154103196,0.0007899101991021132,RELIABLE,RELIABLE,39.372202977073236,0.8401701342795275,0.0008233667315939369,RELIABLE,RELIABLE,50.60305253958967,0.782176103671129,0.0007665325815977064,RELIABLE,RELIABLE,50.204046501347555,0.8169866270637471,0.0008006468945224722,RELIABLE,RELIABLE
364,1,Digit 1,1,Digit 1,max_nhat,RELIABLE,RELIABLE,24.645825691239068,0.8702547853957934,0.0008528496896878775,2,0.05634776585147139,1,1,True,75.18810201640224,0.7344319118937019,0.0007197432736558278,UNRELIABLE,IDO,24.645825691239068,0.8702547853957934,0.0008528496896878775,RELIABLE,RELIABLE,27.68695120330627,0.813907019544322,0.0007976288791534355,RELIABLE,RELIABLE,50.24633797020546,0.7697357644182545,0.0007543410491298895,RELIABLE,RELIABLE,81.78973987988672,0.7692813796290485,0.0007538957520364676,UNRELIABLE,IDO,118.13341818183409,0.7529169513362286,0.000737858612309504,OOD,OOD
365,1,Digit 1,1,Digit 1,max_nhat,RELIABLE,RELIABLE,3.036341249797542,0.9710687213956593,0.000951647346967746,2,0.1262585949570919,1,1,True,61.42054220068799,0.7304422505811903,0.0007158334055695665,RELIABLE,RELIABLE,3.036341249797542,0.9710687213956593,0.000951647346967746,RELIABLE,RELIABLE,22.562131900167845,0.8448101264385673,0.000827913923909796,RELIABLE,RELIABLE,35.048806458738994,0.8219632766872947,0.0008055240111535488,RELIABLE,RELIABLE,39.2077739705777,0.8173101833377389,0.000800963979670984,RELIABLE,RELIABLE,54.663776333179314,0.808197997881869,0.0007920340379242315,RELIABLE,RELIABLE
366,1,Digit 1,1,Digit 1,max_nhat,RELIABLE,RELIABLE,6.874841710673683,0.9398891061771313,0.0009210913240535886,2,0.10438846393273615,1,1,True,62.87838899517132,0.7377647685656854,0.0007230094731943716,UNRELIABLE,IDO,6.874841710673683,0.9398891061771313,0.0009210913240535886,RELIABLE,RELIABLE,23.932174262373685,0.8355006422443951,0.0008187906293995072,RELIABLE,RELIABLE,39.58716862022156,0.8228974643027634,0.0008064395150167081,RELIABLE,RELIABLE,35.67870178658016,0.8128953789600677,0.0007966374713808663,RELIABLE,RELIABLE,50.001276042133036,0.8069983796489965,0.0007908584120560164,RELIABLE,RELIABLE
367,1,Digit 1,1,Digit 1,max_nhat,RELIABLE,RELIABLE,20.142769003478747,0.889082378437917,0.0008713007308691587,7,0.0771957898642529,1,1,True,82.2106694200832,0.697209051655421,0.0006832648706223126,UNRELIABLE,IDO,20.142769003478747,0.889082378437917,0.0008713007308691587,RELIABLE,RELIABLE,34.45011991719682,0.7989981080044759,0.0007830181458443864,RELIABLE,RELIABLE,42.01778440506369,0.7897815695818751,0.0007739859381902376,RELIABLE,RELIABLE,46.49086487950887,0.8028666487355397,0.0007868093157608289,RELIABLE,RELIABLE,61.3555774021965,0.8118865885736641,0.0007956488568021909,RELIABLE,RELIABLE
368,1,Digit 1,1,Digit 1,max_nhat,RELIABLE,RELIABLE,19.35494807473883,0.8816609379530019,0.0008640277191939419,2,0.063301483257871,1,1,True,70.83101329044393,0.7289157381195538,0.0007143374233571627,UNRELIABLE,IDO,19.35494807473883,0.8816609379530019,0.0008640277191939419,RELIABLE,RELIABLE,25.00149977076591,0.8183594546951309,0.0008019922656012283,RELIABLE,RELIABLE,45.83407896330307,0.7736228135463925,0.0007581503572754646,RELIABLE,RELIABLE,55.32143200259213,0.7950534828236433,0.0007791524131671704,RELIABLE,RELIABLE,82.47250305026557,0.7703262684788539,0.0007549197431092767,UNRELIABLE,IDO
369,1,Digit 1,1,Digit 1,max_nhat,RELIABLE,RELIABLE,9.965398894062934,0.926016050067645,0.0009074957290662921,7,0.11398175646929154,1,1,True,80.33370410207118,0.7031912446611114,0.0006891274197678892,UNRELIABLE,IDO,9.965398894062934,0.926016050067645,0.0009074957290662921,RELIABLE,RELIABLE,34.08696612369862,0.7875471981319652,0.0007717962541693258,RELIABLE,RELIABLE,42.56453638191521,0.7899478583716061,0.0007741489012041739,RELIABLE,RELIABLE,46.83578491404714,0.7858633992480218,0.0007701461312630614,RELIABLE,RELIABLE,61.05642967501756,0.8120342935983534,0.0007957936077263863,RELIABLE,RELIABLE
370,1,Digit 1,1,Digit 1,max_nhat,RELIABLE,RELIABLE,12.860120352390624,0.9148525129281652,0.0008965554626696018,3,0.1234442090158403,1,1,True,81.85871763852236,0.7073941184669619,0.0006932462360976226,UNRELIABLE,IDO,12.860120352390624,0.9148525129281652,0.0008965554626696018,RELIABLE,RELIABLE,35.4586345812936,0.7836769961696396,0.0007680034562462468,RELIABLE,RELIABLE,44.27578554855481,0.7914083039123249,0.0007755801378340783,RELIABLE,RELIABLE,53.21185506003367,0.7683496669994966,0.0007529826736595067,RELIABLE,RELIABLE,64.58168616308483,0.7734883214404741,0.0007580185550116646,UNRELIABLE,IDO
371,1,Digit 1,1,Digit 1,max_nhat,RELIABLE,RELIABLE,8.107643281386999,0.9339698913035777,0.0009152904934775061,7,0.10467202909834539,1,1,True,69.05883583385793,0.712259590190815,0.0006980143983869987,UNRELIABLE,IDO,8.107643281386999,0.9339698913035777,0.0009152904934775061,RELIABLE,RELIABLE,31.08648956692496,0.8105691069206029,0.0007943577247821908,RELIABLE,RELIABLE,36.76868613780053,0.7956837641205222,0.0007797700888381117,RELIABLE,RELIABLE,42.962214725758024,0.8152117029099403,0.0007989074688517415,RELIABLE,RELIABLE,56.50019545819353,0.8292978622052323,0.0008127119049611276,RELIABLE,RELIABLE
372,1,Digit 1,1,Digit 1,max_nhat,RELIABLE,RELIABLE,7.331297888957741,0.93977682775565,0.000920981291200537,7,0.13143760759709588,1,1,True,69.18805263299919,0.7202152134541325,0.0007058109091850498,UNRELIABLE,IDO,7.331297888957741,0.93977682775565,0.000920981291200537,RELIABLE,RELIABLE,30.340769588962953,0.8066243897001997,0.0007904919019061956,RELIABLE,RELIABLE,35.0930514161775,0.805067970562544,0.0007889666111512931,RELIABLE,RELIABLE,48.09754907695756,0.796456444823691,0.0007805273159272172,RELIABLE,RELIABLE,60.56891500781921,0.8083392201585541,0.000792172435755383,RELIABLE,RELIABLE
373,1,Digit 1,1,Digit 1,max_nhat,RELIABLE,RELIABLE,26.225601053690696,0.9014888359797303,0.0008834590592601356,3,0.1106112617358036,1,1,True,87.87671550574342,0.6990384464377476,0.0006850576775089926,OOD,OOD,26.225601053690696,0.9014888359797303,0.0008834590592601356,RELIABLE,RELIABLE,40.7781759611295,0.7787415231920557,0.0007631666927282145,RELIABLE,RELIABLE,45.96369473580861,0.7908775742439267,0.0007750600227590482,RELIABLE,RELIABLE,54.35117550113516,0.7667683291478126,0.0007514329625648563,RELIABLE,RELIABLE,54.96884633914466,0.7805160465082207,0.0007649057255780563,RELIABLE,RELIABLE
374,1,Digit 1,1,Digit 1,max_nhat,RELIABLE,RELIABLE,4.987728894358048,0.9542958526250778,0.0009352099355725762,4,0.1397411146597134,1,1,True,65.75480134230904,0.7265598026441531,0.00071202860659127,UNRELIABLE,IDO,4.987728894358048,0.9542958526250778,0.0009352099355725762,RELIABLE,RELIABLE,29.38229703777642,0.8091515647721119,0.0007929685334766696,RELIABLE,RELIABLE,37.6027796349785,0.8066734634884815,0.0007905399942187118,RELIABLE,RELIABLE,39.99346094675268,0.8145547379653644,0.0007982636432060571,RELIABLE,RELIABLE,55.77584692465507,0.8128915337861847,0.000796633703110461,RELIABLE,RELIABLE
375,1,Digit 1,1,Digit 1,max_nhat,RELIABLE,RELIABLE,11.694396966136477,0.9101847566214875,0.0008919810614890577,7,0.08218060854360354,1,1,True,64.91473550574739,0.7040794290708301,0.0006899978404894134,UNRELIABLE,IDO,11.694396966136477,0.9101847566214875,0.0008919810614890577,RELIABLE,RELIABLE,31.376202823684373,0.8110930851088963,0.0007948712234067184,RELIABLE,RELIABLE,36.534462577992606,0.7881984358687755,0.0007724344671513999,RELIABLE,RELIABLE,44.31312785708765,0.8158686807122782,0.0007995513070980327,RELIABLE,RELIABLE,57.13609342148967,0.8280041480778839,0.0008114440651163262,RELIABLE,RELIABLE
376,1,Digit 1,1,Digit 1,max_nhat,RELIABLE,RELIABLE,49.95020379411144,0.7952973080689323,0.0007793913619075537,3,0.0006013940966209663,1,2,False,99.67285384471029,0.7149312423166314,0.0007006326174702987,OOD,OOD,49.95020379411144,0.7952973080689323,0.0007793913619075537,RELIABLE,RELIABLE,39.3813674491366,0.776630930607071,0.0007610983119949295,RELIABLE,RELIABLE,50.8448738945182,0.7946959139723113,0.000778801995692865,RELIABLE,RELIABLE,58.318839906747925,0.7708182789115159,0.0007554019133332856,RELIABLE,RELIABLE,74.08058722765169,0.7854730254521489,0.0007697635649431059,UNRELIABLE,IDO
377,1,Digit 1,1,Digit 1,max_nhat,RELIABLE,RELIABLE,51.30379431725737,0.8292690206158857,0.0008126836402035679,2,0.04546856995137494,1,2,False,96.44925862647774,0.6990510720445781,0.0006850700506036865,OOD,OOD,51.30379431725737,0.8292690206158857,0.0008126836402035679,RELIABLE,RELIABLE,49.37509429458274,0.7838004506645108,0.0007681244416512205,RELIABLE,RELIABLE,58.09101626393689,0.7565163602786226,0.0007413860330730501,RELIABLE,RELIABLE,93.51023138201481,0.7352739972881153,0.000720568517342353,OOD,OOD,113.17013476786451,0.7490161966750563,0.0007340358727415551,OOD,OOD
378,1,Digit 1,1,Digit 1,max_nhat,RELIABLE,RELIABLE,8.022934247621992,0.935356662955069,0.0009166495296959676,3,0.11121802613520004,1,1,True,74.65325680722049,0.7398897416775518,0.0007250919468440007,UNRELIABLE,IDO,8.022934247621992,0.935356662955069,0.0009166495296959676,RELIABLE,RELIABLE,24.749475295697845,0.8193851594580098,0.0008029974562688496,RELIABLE,RELIABLE,42.732001528626114,0.824138636819869,0.0008076558640834716,RELIABLE,RELIABLE,35.98029268536082,0.8092969603301811,0.0007931110211235774,RELIABLE,RELIABLE,52.74173839221505,0.8123134983224078,0.0007960672283559597,RELIABLE,RELIABLE
379,1,Digit 1,1,Digit 1,max_nhat,RELIABLE,RELIABLE,3.7583876892537824,0.9650033317388313,0.0009457032651040547,2,0.13345638851570563,1,1,True,69.20972616926221,0.7395510291424409,0.000724760008559592,UNRELIABLE,IDO,3.7583876892537824,0.9650033317388313,0.0009457032651040547,RELIABLE,RELIABLE,24.25828296293425,0.8315469432231257,0.0008149160043586632,RELIABLE,RELIABLE,35.82768706645264,0.8149117741807338,0.0007986135386971191,RELIABLE,RELIABLE,46.524889702816765,0.783372396927067,0.0007677049489885256,RELIABLE,RELIABLE,59.58888345934898,0.7808758136756802,0.0007652582974021665,RELIABLE,RELIABLE
380,1,Digit 1,1,Digit 1,max_nhat,RELIABLE,RELIABLE,9.623328624382502,0.9263199786630584,0.0009077935790897972,2,0.07274303724244724,1,1,True,68.3852332978982,0.7242234750085286,0.000709739005508358,UNRELIABLE,IDO,9.623328624382502,0.9263199786630584,0.0009077935790897972,RELIABLE,RELIABLE,19.417762704483945,0.8535769414206111,0.0008365054025921989,RELIABLE,RELIABLE,40.8419979928361,0.8094433385422404,0.0007932544717713956,RELIABLE,RELIABLE,33.59020832977663,0.8196825496790431,0.0008032888986854622,RELIABLE,RELIABLE,49.10950801891075,0.7752428804286002,0.0007597380228200282,RELIABLE,RELIABLE
381,1,Digit 1,1,Digit 1,max_nhat,OOD,OOD,103.18543821751148,0.8153279635331224,0.0007990214042624599,2,0.005293715544926858,1,2,False,76.97395756033232,0.6801426367147945,0.0006665397839804985,UNRELIABLE,IDO,103.18543821751148,0.8153279635331224,0.0007990214042624599,OOD,OOD,47.17416124429396,0.8100342479881956,0.0007938335630284316,RELIABLE,RELIABLE,70.0030224049641,0.7528699571815801,0.0007378125580379484,UNRELIABLE,IDO,276.09430514111426,0.7778048913254291,0.0007622487934989204,OOD,OOD,388.8132490891755,0.7544319164799013,0.0007393432781503032,OOD,OOD
382,1,Digit 1,1,Digit 1,max_nhat,RELIABLE,RELIABLE,28.376978207153986,0.8502484143745825,0.0008332434460870909,2,0.055995246365014406,1,1,True,82.03335448369843,0.7113593785894007,0.0006971321910176127,UNRELIABLE,IDO,28.376978207153986,0.8502484143745825,0.0008332434460870909,RELIABLE,RELIABLE,32.764385868979396,0.7942531680095681,0.0007783681046493767,RELIABLE,RELIABLE,48.34040709273884,0.7713108960788032,0.0007558846781572272,RELIABLE,RELIABLE,56.47857134311504,0.7717720862269808,0.0007563366445024411,RELIABLE,RELIABLE,74.25540341869167,0.7586819843134658,0.0007435083446271964,UNRELIABLE,IDO
383,1,Digit 1,1,Digit 1,max_nhat,RELIABLE,RELIABLE,18.458479488402578,0.8953423662667387,0.0008774355189414039,2,0.07934810201165066,1,1,True,74.83815427327454,0.7243661700842511,0.000709878846682566,UNRELIABLE,IDO,18.458479488402578,0.8953423662667387,0.0008774355189414039,RELIABLE,RELIABLE,26.681030477538332,0.815994264255088,0.0007996743789699863,RELIABLE,RELIABLE,37.43401219534138,0.8109867347299227,0.0007947670000353242,RELIABLE,RELIABLE,48.212182941918485,0.8001729189150769,0.0007841694605367753,RELIABLE,RELIABLE,61.3905861717618,0.793287799245684,0.0007774220432607703,RELIABLE,RELIABLE
384,1,Digit 1,1,Digit 1,max_nhat,RELIABLE,RELIABLE,19.046323868355252,0.8960869450438954,0.0008781652061430175,3,0.09850805102842142,1,1,True,71.7014616165272,0.7075950484541628,0.0006934431474850795,UNRELIABLE,IDO,19.046323868355252,0.8960869450438954,0.0008781652061430175,RELIABLE,RELIABLE,32.807398188510014,0.7968129678321966,0.0007808767084755526,RELIABLE,RELIABLE,37.591638524059604,0.797578894015474,0.0007816273161351645,RELIABLE,RELIABLE,55.02694321016503,0.7928006466898097,0.0007769446337560134,RELIABLE,RELIABLE,71.97169112347828,0.7920740644737168,0.0007762325831842424,UNRELIABLE,IDO
385,1,Digit 1,1,Digit 1,max_nhat,RELIABLE,RELIABLE,8.335514398238567,0.932597895369962,0.0009139459374625626,7,0.1079149274698179,1,1,True,71.42121780073354,0.6973008169344015,0.0006833548005957135,UNRELIABLE,IDO,8.335514398238567,0.932597895369962,0.0009139459374625626,RELIABLE,RELIABLE,32.35460600403574,0.8015758224822804,0.0007855443060326348,RELIABLE,RELIABLE,39.72297226162745,0.7838748864178816,0.0007681973886895239,RELIABLE,RELIABLE,43.849385054025504,0.8089029972737053,0.0007927249373282312,RELIABLE,RELIABLE,57.196016937628,0.8246829679001441,0.0008081893085421411,RELIABLE,RELIABLE
386,1,Digit 1,1,Digit 1,max_nhat,RELIABLE,RELIABLE,8.55163798447737,0.9291901479634849,0.0009106063450042152,2,0.09458129576516205,1,1,True,59.134291218858365,0.7168942225747176,0.0007025563381232232,RELIABLE,RELIABLE,8.55163798447737,0.9291901479634849,0.0009106063450042152,RELIABLE,RELIABLE,25.23585036155956,0.8346088521983228,0.0008179166751543564,RELIABLE,RELIABLE,40.522004589671845,0.8024790292967007,0.0007864294487107666,RELIABLE,RELIABLE,43.445159838193554,0.815706369981041,0.0007993922425814201,RELIABLE,RELIABLE,63.26821279133071,0.7863404092522143,0.00077061360106717,UNRELIABLE,IDO
387,1,Digit 1,1,Digit 1,max_nhat,RELIABLE,RELIABLE,35.769035820284714,0.8205226209977025,0.0008041121685777484,2,0.020318332107428616,1,2,False,70.00823885748078,0.6965981654202766,0.000682666202111871,UNRELIABLE,IDO,35.769035820284714,0.8205226209977025,0.0008041121685777484,RELIABLE,RELIABLE,31.32768279431842,0.8002042888902738,0.0007842002031124683,RELIABLE,RELIABLE,48.147627369352804,0.7783626228032456,0.0007627953703471807,RELIABLE,RELIABLE,56.444927186830284,0.7751306632848534,0.0007596280500191563,RELIABLE,RELIABLE,72.48626423775868,0.7416697519001674,0.000726836356862164,UNRELIABLE,IDO
388,1,Digit 1,1,Digit 1,max_nhat,RELIABLE,RELIABLE,30.473464355071336,0.8655764274578255,0.0008482648989086689,2,0.0604212316122531,1,1,True,84.78310825090114,0.7096702437049897,0.0006954768388308898,UNRELIABLE,IDO,30.473464355071336,0.8655764274578255,0.0008482648989086689,RELIABLE,RELIABLE,35.028694298344796,0.8051551958455724,0.0007890520919286609,RELIABLE,RELIABLE,49.87061731774108,0.7774572618217352,0.0007619081165853005,RELIABLE,RELIABLE,52.777497188024505,0.7604644410695597,0.0007452551522481685,RELIABLE,RELIABLE,76.09779142442144,0.7724697277718918,0.000757020333216454,UNRELIABLE,IDO
389,1,Digit 1,1,Digit 1,max_nhat,RELIABLE,RELIABLE,23.916559623619875,0.8675132346024146,0.0008501629699103662,2,0.05382549245609303,1,1,True,79.65957598935739,0.7172277438674528,0.0007028831889901037,UNRELIABLE,IDO,23.916559623619875,0.8675132346024146,0.0008501629699103662,RELIABLE,RELIABLE,32.204884129169365,0.8136877421463216,0.0007974139873033951,RELIABLE,RELIABLE,37.84930253924348,0.8062231372927893,0.0007900986745469334,RELIABLE,RELIABLE,52.04300464695983,0.7904580828893665,0.0007746489212315792,RELIABLE,RELIABLE,67.67580882058057,0.7888795832307843,0.0007731019915661686,UNRELIABLE,IDO
390,1,Digit 1,1,Digit 1,max_nhat,RELIABLE,RELIABLE,20.00637040469532,0.8947529708653911,0.0008768579114480832,2,0.07934759584169726,1,1,True,75.1359620486314,0.736847198311687,0.0007221102543454532,UNRELIABLE,IDO,20.00637040469532,0.8947529708653911,0.0008768579114480832,RELIABLE,RELIABLE,26.911669717315394,0.8154053750236938,0.00079909726752322,RELIABLE,RELIABLE,47.7510353434276,0.7654802457257249,0.0007501706408112104,RELIABLE,RELIABLE,64.25728914916513,0.7896655780979136,0.0007738722665359553,UNRELIABLE,IDO,100.2535203576915,0.7894275042866845,0.0007736389542009508,OOD,OOD
391,1,Digit 1,1,Digit 1,max_nhat,RELIABLE,RELIABLE,13.166764193907595,0.9196228241153129,0.0009012303676330067,2,0.1055945909413687,1,1,True,72.6002650962131,0.7346530214623814,0.0007199599610331338,UNRELIABLE,IDO,13.166764193907595,0.9196228241153129,0.0009012303676330067,RELIABLE,RELIABLE,26.843241777857006,0.8140282331739442,0.0007977476685104653,RELIABLE,RELIABLE,44.67093899988923,0.8017376679383912,0.0007857029145796233,RELIABLE,RELIABLE,53.16055646450809,0.7894344272723767,0.0007736457387269291,RELIABLE,RELIABLE,92.52845530133006,0.7942907503851782,0.0007784049353774746,OOD,OOD
392,1,Digit 1,1,Digit 1,max_nhat,RELIABLE,RELIABLE,17.937804563306496,0.8839968282047114,0.0008663168916406171,7,0.09563333583927458,1,1,True,85.33863169025093,0.7131820946526067,0.0006989184527595545,UNRELIABLE,IDO,17.937804563306496,0.8839968282047114,0.0008663168916406171,RELIABLE,RELIABLE,36.82771574578141,0.784349923397517,0.0007686629249295666,RELIABLE,RELIABLE,42.20775162566493,0.7879429080818847,0.000772184049920247,RELIABLE,RELIABLE,69.6898376603525,0.7793099366862276,0.000763723737952503,UNRELIABLE,IDO,84.63802318848835,0.7883634923654368,0.000772596222518128,UNRELIABLE,IDO
393,1,Digit 1,1,Digit 1,max_nhat,RELIABLE,RELIABLE,3.9356579325376613,0.9632642195523744,0.0009439989351613269,2,0.12470679765304937,1,1,True,58.83189934466586,0.7271133693930727,0.0007125711020052112,RELIABLE,RELIABLE,3.9356579325376613,0.9632642195523744,0.0009439989351613269,RELIABLE,RELIABLE,23.123229449042793,0.838557421899325,0.0008217862734613384,RELIABLE,RELIABLE,32.431903345062594,0.8156367007262315,0.0007993239667117069,RELIABLE,RELIABLE,40.838420003846295,0.8173994971418505,0.0008010515071990134,RELIABLE,RELIABLE,56.0537132658548,0.8062368922396769,0.0007901121543948833,RELIABLE,RELIABLE
394,1,Digit 1,1,Digit 1,max_nhat,RELIABLE,RELIABLE,17.030677545017678,0.9049147578892471,0.0008868164627314622,7,0.09553378127662382,1,1,True,70.72442673943435,0.7020285080279312,0.0006879879378673726,UNRELIABLE,IDO,17.030677545017678,0.9049147578892471,0.0008868164627314622,RELIABLE,RELIABLE,36.41347760075483,0.7809134345267346,0.0007652951658361998,RELIABLE,RELIABLE,38.90387737361543,0.7955246614416145,0.0007796141682127822,RELIABLE,RELIABLE,52.597555374815386,0.7843555506212808,0.0007686684396088552,RELIABLE,RELIABLE,64.36113619416035,0.8093809766126233,0.0007931933570803708,UNRELIABLE,IDO
395,1,Digit 1,1,Digit 1,max_nhat,RELIABLE,RELIABLE,8.946920979072262,0.9275413164587425,0.0009089904901295676,7,0.10482006595876192,1,1,True,68.46575039538564,0.7008258055232743,0.0006868092894128089,UNRELIABLE,IDO,8.946920979072262,0.9275413164587425,0.0009089904901295676,RELIABLE,RELIABLE,31.976671285816685,0.8075647415209015,0.0007914134466904835,RELIABLE,RELIABLE,38.663858179037234,0.7857671730682106,0.0007700518296068464,RELIABLE,RELIABLE,44.41524273755512,0.8104003355250405,0.0007941923288145397,RELIABLE,RELIABLE,57.338051295247475,0.8227212504999806,0.000806266825489981,RELIABLE,RELIABLE
396,1,Digit 1,1,Digit 1,max_nhat,RELIABLE,RELIABLE,4.840894349110833,0.9565891633709895,0.0009374573801035698,2,0.12814501377534404,1,1,True,64.10361411381339,0.7428380325069134,0.0007279812718567751,UNRELIABLE,IDO,4.840894349110833,0.9565891633709895,0.0009374573801035698,RELIABLE,RELIABLE,24.918619886493595,0.8284441495956455,0.0008118752666037326,RELIABLE,RELIABLE,36.62211939356468,0.8219506497799912,0.0008055116367843914,RELIABLE,RELIABLE,37.496664381695325,0.8033302524777344,0.0007872636474281797,RELIABLE,RELIABLE,47.698860870462205,0.8035233929143144,0.0007874529250560281,RELIABLE,RELIABLE
397,1,Digit 1,1,Digit 1,max_nhat,RELIABLE,RELIABLE,9.645290459120822,0.9222807227598161,0.0009038351083046198,3,0.13591628404627076,1,1,True,85.0691067557673,0.7137981921512587,0.0006995222283082335,UNRELIABLE,IDO,9.645290459120822,0.9222807227598161,0.0009038351083046198,RELIABLE,RELIABLE,35.57768824259633,0.7840273632923935,0.0007683468160265456,RELIABLE,RELIABLE,45.13195675742796,0.7863644387135453,0.0007706371499392744,RELIABLE,RELIABLE,54.40420442946175,0.7620979892298333,0.0007468560294452366,RELIABLE,RELIABLE,68.78399376442376,0.7694068303361054,0.0007540186937293833,UNRELIABLE,IDO
398,1,Digit 1,1,Digit 1,max_nhat,RELIABLE,RELIABLE,9.049137669340572,0.933578976146379,0.0009149073966234514,2,0.1076561102233381,1,1,True,69.87458594828735,0.7444815296231606,0.0007295918990306974,UNRELIABLE,IDO,9.049137669340572,0.933578976146379,0.0009149073966234514,RELIABLE,RELIABLE,23.884900240440754,0.8259228659230409,0.0008094044086045801,RELIABLE,RELIABLE,44.204813824763555,0.8141864097212842,0.0007979026815268585,RELIABLE,RELIABLE,47.52593765180634,0.8003141804225697,0.0007843078968141183,RELIABLE,RELIABLE,75.16603530445761,0.7919479506395412,0.0007761089916267503,UNRELIABLE,IDO
399,1,Digit 1,1,Digit 1,max_nhat,RELIABLE,RELIABLE,29.243216542605,0.8653465539539247,0.0008480396228748462,3,0.048477933304325815,1,1,True,90.71938952830777,0.7363086181584007,0.0007215824457952327,OOD,OOD,29.243216542605,0.8653465539539247,0.0008480396228748462,RELIABLE,RELIABLE,35.353297882902936,0.8158671460342589,0.0007995498031135737,RELIABLE,RELIABLE,43.97910912816114,0.8168686206495989,0.0008005312482366069,RELIABLE,RELIABLE,54.834533079830294,0.7738956144339721,0.0007584177021452927,RELIABLE,RELIABLE,71.69809175675344,0.7788979939593912,0.0007633200340802033,UNRELIABLE,IDO
400,2,Digit 2,2,Digit 2,max_nhat,RELIABLE,RELIABLE,18.60865457731758,0.8755103331560071,0.000858000126492887,3,0.026285753730216244,2,2,True,59.69773378209163,0.7802833746998895,0.0007646777072058917,RELIABLE,RELIABLE,119.0249239114777,0.8064600294819861,0.0007903308288923464,OOD,OOD,18.60865457731758,0.8755103331560071,0.000858000126492887,RELIABLE,RELIABLE,39.440487022265934,0.8492245794257909,0.000832240087837275,RELIABLE,RELIABLE,85.67621061990366,0.754355823119192,0.0007392687066568081,OOD,OOD,113.05886760980532,0.6858824969337023,0.0006721648469950282,OOD,OOD
401,2,Digit 2,2,Digit 2,max_nhat,RELIABLE,RELIABLE,27.01209837848049,0.8233628594990035,0.0008068956023090234,3,0.055749914121116184,2,2,True,62.30419694006253,0.762401599947272,0.0007471535679483265,UNRELIABLE,IDO,679.9223941675733,0.6174290403658361,0.0006050804595585194,OOD,OOD,27.01209837848049,0.8233628594990035,0.0008068956023090234,RELIABLE,RELIABLE,57.14837373427724,0.7676129453778873,0.0007522606864703295,RELIABLE,RELIABLE,124.88672276719647,0.7110111145473991,0.0006967908922564511,OOD,OOD,386.118139686057,0.6102570509886678,0.0005980519099688944,OOD,OOD
402,2,Digit 2,1,Digit 1,max_nhat,RELIABLE,RELIABLE,16.948804680896043,0.9062692672459425,0.0008881438819010235,2,0.046859532489447187,1,1,True,40.59500256170661,0.7740794403391583,0.0007585978515323752,RELIABLE,RELIABLE,16.948804680896043,0.9062692672459425,0.0008881438819010235,RELIABLE,RELIABLE,18.572907748611595,0.8594097347564953,0.0008422215400613654,RELIABLE,RELIABLE,22.153446597385923,0.8420704638271076,0.0008252290545505654,RELIABLE,RELIABLE,39.837672388368944,0.8246560846962299,0.0008081629630023053,RELIABLE,RELIABLE,46.66124726088295,0.7968384037671087,0.0007809016356917664,RELIABLE,RELIABLE
403,2,Digit 2,2,Digit 2,max_nhat,RELIABLE,RELIABLE,34.18027277200518,0.8387914177278675,0.0008220155893733101,3,0.028377270757542594,2,2,True,88.05554564674244,0.7388913067828349,0.0007241134806471782,OOD,OOD,147.03813619152956,0.7644458251488773,0.0007491569086458997,OOD,OOD,34.18027277200518,0.8387914177278675,0.0008220155893733101,RELIABLE,RELIABLE,71.59427080035756,0.8104141469703249,0.0007942058640309184,UNRELIABLE,IDO,99.29616393659207,0.7088806613185881,0.0006947030480922163,OOD,OOD,203.58487619548197,0.6623653213519304,0.0006491180149248918,OOD,OOD
404,2,Digit 2,2,Digit 2,max_nhat,RELIABLE,RELIABLE,39.861668136975034,0.8486416702295663,0.0008316688368249749,3,0.04496611642680559,2,2,True,81.04730407104782,0.7744440321870174,0.000758955151543277,UNRELIABLE,IDO,226.74870637019956,0.6829680008999662,0.0006693086408819669,OOD,OOD,39.861668136975034,0.8486416702295663,0.0008316688368249749,RELIABLE,RELIABLE,84.24937346995726,0.8036755538027607,0.0007876020427267054,UNRELIABLE,IDO,105.27763172786453,0.7371877099462538,0.0007224439557473287,OOD,OOD,147.54956852662744,0.6774164796590681,0.0006638681500658868,OOD,OOD
405,2,Digit 2,2,Digit 2,max_nhat,RELIABLE,RELIABLE,24.603136072933676,0.8391676835089976,0.0008223843298388176,3,0.049940877197934275,2,2,True,64.37672275992861,0.7421106058929043,0.0007272683937750462,UNRELIABLE,IDO,202.93808436095998,0.6864184435702174,0.0006726900746988131,OOD,OOD,24.603136072933676,0.8391676835089976,0.0008223843298388176,RELIABLE,RELIABLE,78.52107509086488,0.7892268063110633,0.000773442270184842,UNRELIABLE,IDO,99.76667041754973,0.7478682128669819,0.0007329108486096422,OOD,OOD,167.347779514479,0.7057723318940814,0.0006916568852561997,OOD,OOD
406,2,Digit 2,2,Digit 2,max_nhat,RELIABLE,RELIABLE,22.58102470070609,0.8704683369225296,0.000853058970184079,3,0.08522592600852485,2,2,True,102.52678171399768,0.7137252300640033,0.0006994507254627232,OOD,OOD,240.7324921716568,0.6758025594532983,0.0006622865082642322,OOD,OOD,22.58102470070609,0.8704683369225296,0.000853058970184079,RELIABLE,RELIABLE,99.01445115485876,0.7852424109140047,0.0007695375626957246,OOD,OOD,119.12213292571971,0.7100172140165469,0.000695816869736216,OOD,OOD,223.40976248762445,0.6616752549204591,0.0006484417498220499,OOD,OOD
407,2,Digit 2,2,Digit 2,max_nhat,RELIABLE,RELIABLE,17.8603289682336,0.8622505664450375,0.0008450055551161368,3,0.07890249978405572,2,2,True,73.74850770539585,0.710538079350169,0.0006963273177631656,UNRELIABLE,IDO,90.82195104050929,0.7767641039965055,0.0007612288219165754,OOD,OOD,17.8603289682336,0.8622505664450375,0.0008450055551161368,RELIABLE,RELIABLE,60.99664609979452,0.7833480666609818,0.0007676811053277621,RELIABLE,RELIABLE,164.47699301437183,0.7455819583270314,0.0007306703191604908,OOD,OOD,254.2268292132622,0.6752607625830419,0.000661755547331381,OOD,OOD
408,2,Digit 2,2,Digit 2,max_nhat,RELIABLE,RELIABLE,39.51017467966479,0.8687580708642648,0.0008513829094469795,3,0.087650658540673,2,2,True,100.1307948649047,0.6971935556138428,0.0006832496845015659,OOD,OOD,165.06088053656936,0.7698219065653855,0.0007544254684340777,OOD,OOD,39.51017467966479,0.8687580708642648,0.0008513829094469795,RELIABLE,RELIABLE,83.99441305882353,0.7811074123235918,0.00076548526407712,UNRELIABLE,IDO,86.91365057511045,0.7698386946171621,0.0007544419207248189,OOD,OOD,144.73446441587657,0.7482126696600144,0.0007332484162668141,OOD,OOD
409,2,Digit 2,2,Digit 2,max_nhat,RELIABLE,RELIABLE,56.865269552027335,0.7838117168865114,0.0007681354825487812,3,0.0242147940498193,2,2,True,96.85504496184413,0.6934367588979581,0.0006795680237199989,OOD,OOD,490.86250201442755,0.6706128852922268,0.0006572006275863823,OOD,OOD,56.865269552027335,0.7838117168865114,0.0007681354825487812,RELIABLE,RELIABLE,103.71886055820491,0.7595969228366921,0.0007444049843799582,OOD,OOD,134.9415036692667,0.7159910381041354,0.0007016712173420527,OOD,OOD,233.99742566019637,0.7023434415062869,0.0006882965726761612,OOD,OOD
410,2,Digit 2,2,Digit 2,max_nhat,RELIABLE,RELIABLE,15.240183840182567,0.8779484905712608,0.0008603895207598356,3,0.03163961799562531,2,2,True,51.48611880023577,0.7367885871996696,0.0007220528154556761,RELIABLE,RELIABLE,147.43308649182816,0.8300910252585313,0.0008134892047533607,OOD,OOD,15.240183840182567,0.8779484905712608,0.0008603895207598356,RELIABLE,RELIABLE,23.95717925557416,0.8463088725756355,0.0008293826951241227,RELIABLE,RELIABLE,58.76409397195495,0.7874428575608868,0.0007716940004096691,RELIABLE,RELIABLE,119.90347674821389,0.7633726874325564,0.0007481052336839052,OOD,OOD
411,2,Digit 2,2,Digit 2,max_nhat,RELIABLE,RELIABLE,31.986401283972338,0.8487635189870733,0.0008317882486073317,3,0.011345428901532562,2,2,True,42.789905259056226,0.7733267750556889,0.0007578602395545751,RELIABLE,RELIABLE,180.1320584026275,0.7659617613664998,0.0007506425261391698,OOD,OOD,31.986401283972338,0.8487635189870733,0.0008317882486073317,RELIABLE,RELIABLE,33.28376124387971,0.8374180900855407,0.0008206697282838298,RELIABLE,RELIABLE,489.4743942966628,0.7899136442501671,0.0007741153713651637,OOD,OOD,517.7265573943267,0.7711818188267686,0.0007557581824502332,OOD,OOD
412,2,Digit 2,2,Digit 2,max_nhat,RELIABLE,RELIABLE,27.611849948652495,0.8218552602524802,0.0008054181550474306,1,0.012018167673345737,2,2,True,64.62640126548862,0.7288267904013667,0.0007142502545933393,UNRELIABLE,IDO,122.19333892505851,0.8098370925791345,0.0007936403507275518,OOD,OOD,27.611849948652495,0.8218552602524802,0.0008054181550474306,RELIABLE,RELIABLE,35.61445182401084,0.8092504419168799,0.0007930654330785422,RELIABLE,RELIABLE,103.3896625941069,0.7431332173760935,0.0007282705530285717,OOD,OOD,139.85216960916225,0.710310867429985,0.0006961046500813852,OOD,OOD
413,2,Digit 2,2,Digit 2,max_nhat,RELIABLE,RELIABLE,18.307295658231613,0.8618464892473288,0.0008446095594623822,3,0.05682360883907167,2,2,True,70.8354679081944,0.7525865188142884,0.0007375347884380026,UNRELIABLE,IDO,129.8683058244726,0.6806167046635444,0.0006670043705702735,OOD,OOD,18.307295658231613,0.8618464892473288,0.0008446095594623822,RELIABLE,RELIABLE,74.92219502881703,0.8050228804082571,0.0007889224228000919,UNRELIABLE,IDO,82.78660817179403,0.7383485374930686,0.0007235815667432072,UNRELIABLE,IDO,166.32778208937881,0.655550768374138,0.0006424397530066552,OOD,OOD
414,2,Digit 2,3,Digit 3,max_nhat,RELIABLE,RELIABLE,41.237006420334,0.8445218562741847,0.000827631419148701,2,0.005953075162076216,3,2,False,39.35855316785889,0.7970602423576544,0.0007811190375105013,RELIABLE,RELIABLE,93.87444931019799,0.7753540630603027,0.0007598469817990967,OOD,OOD,28.90824557820876,0.8385687811121085,0.0008217974054898664,RELIABLE,RELIABLE,41.237006420334,0.8445218562741847,0.000827631419148701,RELIABLE,RELIABLE,228.29509272492746,0.7625190799703296,0.000747268698370923,OOD,OOD,324.2868286492991,0.7169663534472086,0.0007026270263782644,OOD,OOD
415,2,Digit 2,2,Digit 2,max_nhat,RELIABLE,RELIABLE,48.96088889545252,0.7659214054291985,0.0007506029773206145,4,0.014234432760995785,2,2,True,83.58080937018221,0.7144275786382545,0.0007001390270654893,UNRELIABLE,IDO,1359.1603968087413,0.7035241622787903,0.0006894536790332145,OOD,OOD,48.96088889545252,0.7659214054291985,0.0007506029773206145,RELIABLE,RELIABLE,136.16652385626455,0.7123337683718466,0.0006980870930044096,OOD,OOD,106.67950872717486,0.7516869726682027,0.0007366532332148387,OOD,OOD,899.9577748161037,0.6384305135291045,0.0006256619032585224,OOD,OOD
416,2,Digit 2,2,Digit 2,max_nhat,RELIABLE,RELIABLE,58.53943681018013,0.7897381065929729,0.0007739433444611134,4,0.03426129193946181,2,2,True,221.30896865313792,0.6399002644771855,0.0006271022591876418,OOD,OOD,760.9616780657236,0.709435817900084,0.0006952471015420823,OOD,OOD,58.53943681018013,0.7897381065929729,0.0007739433444611134,RELIABLE,RELIABLE,128.91509277701897,0.7359091316222051,0.0007211909489897609,OOD,OOD,139.78407512974087,0.7554768146535111,0.0007403672783604408,OOD,OOD,497.14613089523505,0.6600277394344095,0.0006468271846457213,OOD,OOD
417,2,Digit 2,1,Digit 1,max_nhat,OOD,OOD,118.33839724330568,0.7946570693078495,0.0007787639279216925,2,0.009696381418488942,1,2,False,78.21383331519439,0.6983892466244919,0.000684421461692002,UNRELIABLE,IDO,118.33839724330568,0.7946570693078495,0.0007787639279216925,OOD,OOD,45.61577697160813,0.7849606878893606,0.0007692614741315733,RELIABLE,RELIABLE,86.51361889904258,0.723457627569108,0.0007089884750177258,OOD,OOD,67.08512771911128,0.7513782966741446,0.0007363507307406616,UNRELIABLE,IDO,90.36837796215463,0.7394674401716687,0.0007246780913682352,OOD,OOD
418,2,Digit 2,2,Digit 2,max_nhat,RELIABLE,RELIABLE,36.36410713871542,0.7985556978378269,0.0007825845838810704,3,0.012377848610165332,2,2,True,104.38504297428497,0.6984770183005831,0.0006845074779345714,OOD,OOD,900.1102925040677,0.6887808258690694,0.000675005209351688,OOD,OOD,36.36410713871542,0.7985556978378269,0.0007825845838810704,RELIABLE,RELIABLE,110.79335067403872,0.7861778492276615,0.0007704542922431082,OOD,OOD,207.13303227481111,0.7199790266804891,0.0007055794461468792,OOD,OOD,432.0145510208838,0.6751714723624178,0.0006616680429151695,OOD,OOD
419,2,Digit 2,1,Digit 1,max_nhat,OOD,OOD,378.77429385784666,0.8302517576255866,0.0008136467224730748,2,0.01183673865917545,1,2,False,107.64216833775842,0.6937053868307174,0.000679831279094103,OOD,OOD,378.77429385784666,0.8302517576255866,0.0008136467224730748,OOD,OOD,28.702922030294683,0.8184150189664111,0.0008020467185870829,RELIABLE,RELIABLE,41.484907614559695,0.8013436813420171,0.0007853168077151767,RELIABLE,RELIABLE,98.89859186191698,0.7235944145129679,0.0007091225262227085,OOD,OOD,363.44660776557566,0.7007356510517455,0.0006867209380307105,OOD,OOD
420,2,Digit 2,2,Digit 2,max_nhat,RELIABLE,RELIABLE,27.399069792802845,0.8429174783739654,0.0008260591288064861,3,0.015021563112587066,2,2,True,94.97491384030621,0.680917981316793,0.0006672996216904571,OOD,OOD,116.28922381882239,0.8223143463164588,0.0008058680593901296,OOD,OOD,27.399069792802845,0.8429174783739654,0.0008260591288064861,RELIABLE,RELIABLE,46.51133294562632,0.8278959152613783,0.0008113379969561507,RELIABLE,RELIABLE,51.054540745074405,0.790958712659815,0.0007751395384066187,RELIABLE,RELIABLE,45.286369338683166,0.8180598702871709,0.0008016986728814274,RELIABLE,RELIABLE
421,2,Digit 2,2,Digit 2,max_nhat,RELIABLE,RELIABLE,33.94875916707338,0.798956941633899,0.0007829778028012209,0,0.051211223806925554,2,2,True,66.26861419436179,0.7477457178269734,0.0007327908034704339,UNRELIABLE,IDO,877.4107047198381,0.6796791083529626,0.0006660855261859034,OOD,OOD,33.94875916707338,0.798956941633899,0.0007829778028012209,RELIABLE,RELIABLE,79.77764202077938,0.7202362877869715,0.000705831562031232,UNRELIABLE,IDO,343.50389896882325,0.7037805793543433,0.0006897049677672565,OOD,OOD,815.2735577578972,0.6337309197572268,0.0006210563013620822,OOD,OOD
422,2,Digit 2,2,Digit 2,max_nhat,RELIABLE,RELIABLE,41.2806192203148,0.7962423836248497,0.0007803175359523527,3,0.041759490697535706,2,2,True,130.59098320425971,0.6617231505881862,0.0006484886875764225,OOD,OOD,425.11949414810704,0.7324756536882334,0.0007178261406144687,OOD,OOD,41.2806192203148,0.7962423836248497,0.0007803175359523527,RELIABLE,RELIABLE,91.41911510006501,0.754482892927314,0.0007393932350687677,OOD,OOD,137.4775543043743,0.7183588819177276,0.0007039917042793729,OOD,OOD,367.143789619595,0.677220629654555,0.0006636762170614638,OOD,OOD
423,2,Digit 2,2,Digit 2,max_nhat,RELIABLE,RELIABLE,50.404502507695504,0.8237014381089577,0.0008072274093467785,3,0.028333733507017733,2,2,True,196.99921828884962,0.6808676426221459,0.000667250289769703,OOD,OOD,308.7525351085826,0.7798613424798906,0.0007642641156302927,OOD,OOD,50.404502507695504,0.8237014381089577,0.0008072274093467785,RELIABLE,RELIABLE,72.20314110368221,0.79536770460194,0.0007794603505099011,UNRELIABLE,IDO,131.53500422880356,0.7119466812648195,0.0006977077476395231,OOD,OOD,193.85481900733168,0.6805589437335094,0.0006669477648588392,OOD,OOD
424,2,Digit 2,2,Digit 2,max_nhat,RELIABLE,RELIABLE,21.257248722164448,0.8408762518962924,0.0008240587268583666,3,0.05710126180241093,2,2,True,68.85218981700713,0.7470765540242472,0.0007321350229437622,UNRELIABLE,IDO,125.34454601934817,0.7126734692050164,0.0006984199998209161,OOD,OOD,21.257248722164448,0.8408762518962924,0.0008240587268583666,RELIABLE,RELIABLE,69.20743642034589,0.7837749900938815,0.0007680994902920039,UNRELIABLE,IDO,140.40279601493248,0.7332975800442597,0.0007186316284433744,OOD,OOD,217.86802488663238,0.7234067905005701,0.0007089386546905587,OOD,OOD
425,2,Digit 2,2,Digit 2,max_nhat,RELIABLE,RELIABLE,51.6563089310721,0.7523602763402897,0.0007373130708134838,3,0.007731281612060714,2,2,True,114.29903514802956,0.6959006837042399,0.0006819826700301551,OOD,OOD,631.3698224455468,0.67396157542228,0.0006604823439138344,OOD,OOD,51.6563089310721,0.7523602763402897,0.0007373130708134838,RELIABLE,RELIABLE,68.52826491407941,0.744628994728229,0.0007297364148336644,UNRELIABLE,IDO,165.8046031669033,0.6852486294665954,0.0006715436568772634,OOD,OOD,314.8269767688738,0.6629581290085492,0.0006496989664283782,OOD,OOD
426,2,Digit 2,2,Digit 2,max_nhat,RELIABLE,RELIABLE,44.506690086041026,0.7675280529588511,0.000752177491899674,0,0.008533485385077033,2,2,True,99.68586536451784,0.758994567573774,0.0007438146762222985,OOD,OOD,1057.3434828769698,0.7061828369535104,0.0006920591802144401,OOD,OOD,44.506690086041026,0.7675280529588511,0.000752177491899674,RELIABLE,RELIABLE,134.6927732856929,0.6918675818667545,0.0006780302302294193,OOD,OOD,57.814141197275866,0.7518830377929191,0.0007368453770370607,RELIABLE,RELIABLE,455.30224918711144,0.6617012076364145,0.0006484671834836862,OOD,OOD
427,2,Digit 2,2,Digit 2,max_nhat,RELIABLE,RELIABLE,22.2236186922921,0.8610251979884211,0.0008438046940286527,3,0.09458378510918508,2,2,True,152.06672249822094,0.6831840277569814,0.0006695203472018418,OOD,OOD,279.38943824899326,0.6965494416042748,0.0006826184527721893,OOD,OOD,22.2236186922921,0.8610251979884211,0.0008438046940286527,RELIABLE,RELIABLE,137.63505162172902,0.7664414128792361,0.0007511125846216513,OOD,OOD,197.9139382385932,0.6670737640370379,0.0006537322887562972,OOD,OOD,301.4952042284169,0.6086993673946542,0.0005965253800467612,OOD,OOD
428,2,Digit 2,2,Digit 2,max_nhat,RELIABLE,RELIABLE,28.42476711633291,0.8176632084195427,0.0008013099442511518,3,0.0411900369768845,2,2,True,79.79848943734571,0.7130472112257609,0.0006987862670012456,UNRELIABLE,IDO,617.0644506080328,0.699254926362889,0.0006852698278356312,OOD,OOD,28.42476711633291,0.8176632084195427,0.0008013099442511518,RELIABLE,RELIABLE,83.92281324476765,0.7764731714426581,0.000760943708013805,UNRELIABLE,IDO,222.04318743439785,0.7083836417076105,0.0006942159688734582,OOD,OOD,466.04784911779626,0.6374649011523186,0.0006247156031292722,OOD,OOD
429,2,Digit 2,2,Digit 2,max_nhat,UNRELIABLE,IDO,80.25895197703632,0.7327555251257382,0.0007181004146232234,0,0.0046325103864037764,2,2,True,112.14500051125285,0.7281230147393344,0.0007135605544445477,OOD,OOD,1975.803025787777,0.6605648575453181,0.0006473535603944118,OOD,OOD,80.25895197703632,0.7327555251257382,0.0007181004146232234,UNRELIABLE,IDO,251.05679264963942,0.6743903241906296,0.000660902517706817,OOD,OOD,144.20802939984833,0.7244987135949964,0.0007100087393230965,OOD,OOD,913.5763844496263,0.6605947490655705,0.000647382854084259,OOD,OOD
430,2,Digit 2,2,Digit 2,max_nhat,RELIABLE,RELIABLE,48.614388389699094,0.8194190936594777,0.0008030307117862882,0,0.005104103477632016,2,2,True,52.79122062372382,0.8143149901818457,0.0007980286903782088,RELIABLE,RELIABLE,322.2481372803595,0.6916162240785974,0.0006777838995970254,OOD,OOD,48.614388389699094,0.8194190936594777,0.0008030307117862882,RELIABLE,RELIABLE,54.70972047885033,0.7753984892333352,0.0007598905194486685,RELIABLE,RELIABLE,290.56424549374475,0.7953279297250369,0.0007794213711305361,OOD,OOD,320.3678588058664,0.7195536836789357,0.0007051626100053569,OOD,OOD
431,2,Digit 2,2,Digit 2,max_nhat,RELIABLE,RELIABLE,17.82226450662618,0.8720666375979602,0.000854625304846001,1,0.0024705651357964653,2,2,True,40.75235826745143,0.7702826495328965,0.0007548769965422385,RELIABLE,RELIABLE,64.00628105279526,0.8695960724621637,0.0008522041510129204,UNRELIABLE,IDO,17.82226450662618,0.8720666375979602,0.000854625304846001,RELIABLE,RELIABLE,21.584249193910914,0.8519747935425517,0.0008349352976717006,RELIABLE,RELIABLE,46.12987555580445,0.79701387090669,0.0007810735934885561,RELIABLE,RELIABLE,54.28043171006916,0.7805257294745186,0.0007649152148850282,RELIABLE,RELIABLE
432,2,Digit 2,2,Digit 2,max_nhat,RELIABLE,RELIABLE,40.62383372207601,0.8252811267560827,0.000808775504220961,3,0.03705419243235797,2,2,True,141.23525595494277,0.7399551420701135,0.0007251560392287112,OOD,OOD,649.3438419612656,0.7307799388678148,0.0007161643400904584,OOD,OOD,40.62383372207601,0.8252811267560827,0.000808775504220961,RELIABLE,RELIABLE,133.20528239158278,0.7882269343237247,0.0007724623956372502,OOD,OOD,165.19687861349155,0.7282517954414699,0.0007136867595326405,OOD,OOD,566.7283552161668,0.7040637620329043,0.0006899824867922462,OOD,OOD
433,2,Digit 2,2,Digit 2,max_nhat,RELIABLE,RELIABLE,57.72958022794254,0.8392309712489897,0.0008224463518240099,1,0.017102926323146028,2,2,True,183.68375773426493,0.7137113631669942,0.0006994371359036543,OOD,OOD,181.21355691353855,0.8221280449258437,0.0008056854840273268,OOD,OOD,57.72958022794254,0.8392309712489897,0.0008224463518240099,RELIABLE,RELIABLE,177.25689293287894,0.7555415368699502,0.0007404307061325511,OOD,OOD,155.99787019280427,0.7769700830806766,0.000761430681419063,OOD,OOD,182.16099582414807,0.7454755557441808,0.0007305660446292971,OOD,OOD
434,2,Digit 2,2,Digit 2,max_nhat,RELIABLE,RELIABLE,29.324560791715413,0.8702553474140878,0.0008528502404658061,3,0.06188415327297225,2,2,True,93.04797537933109,0.7363269841728863,0.0007216004444894286,OOD,OOD,135.28493092075553,0.7908186529364456,0.0007750022798777167,OOD,OOD,29.324560791715413,0.8702553474140878,0.0008528502404658061,RELIABLE,RELIABLE,84.03487542322793,0.8083711941411156,0.0007922037702582932,UNRELIABLE,IDO,90.91861595412573,0.7705269260604517,0.0007551163875392427,OOD,OOD,114.83763740170873,0.7617651166730663,0.000746529814339605,OOD,OOD
435,2,Digit 2,2,Digit 2,max_nhat,RELIABLE,RELIABLE,24.685761730299745,0.8272452596747526,0.0008107003544812575,3,0.025095943606491478,2,2,True,73.06424156081492,0.7167779063218472,0.0007024423481954103,UNRELIABLE,IDO,98.3935777750585,0.785981929603561,0.0007702622910114897,OOD,OOD,24.685761730299745,0.8272452596747526,0.0008107003544812575,RELIABLE,RELIABLE,72.11028557832654,0.8021493160682611,0.0007861063297468959,UNRELIABLE,IDO,89.9113069409414,0.7357917017016474,0.0007210758676676145,OOD,OOD,165.34312877727155,0.6845339249226907,0.0006708432464242369,OOD,OOD
436,2,Digit 2,3,Digit 3,max_nhat,RELIABLE,RELIABLE,24.444232723886067,0.8587604940603076,0.0008415852841791014,2,0.03211925645296976,3,3,True,49.39380395123852,0.7665661631728803,0.0007512348399094226,RELIABLE,RELIABLE,60.57970095449667,0.8087037682019069,0.0007925296928378687,RELIABLE,RELIABLE,24.666444493656023,0.8266412376073379,0.0008101084128551911,RELIABLE,RELIABLE,24.444232723886067,0.8587604940603076,0.0008415852841791014,RELIABLE,RELIABLE,74.72616088617795,0.7555728862786686,0.0007404614285530952,UNRELIABLE,IDO,95.9466582831902,0.744882833249158,0.0007299851765841749,OOD,OOD
437,2,Digit 2,2,Digit 2,max_nhat,RELIABLE,RELIABLE,32.22998870591859,0.8359287734652239,0.0008192101979959194,4,0.042386877465829254,2,2,True,101.4938017554627,0.7428193207450194,0.000727962934330119,OOD,OOD,245.8705174604274,0.7523208165066249,0.0007372744001764923,OOD,OOD,32.22998870591859,0.8359287734652239,0.0008192101979959194,RELIABLE,RELIABLE,79.27334395548841,0.7707873817756385,0.0007553716341401257,UNRELIABLE,IDO,63.25643450875721,0.7935418959993946,0.0007776710580794067,UNRELIABLE,IDO,164.9664480351936,0.685858198522381,0.0006721410345519333,OOD,OOD
438,2,Digit 2,3,Digit 3,max_nhat,UNRELIABLE,IDO,66.89412906284824,0.8116839616531335,0.0007954502824200708,2,0.003169123272779517,3,2,False,50.500516355715945,0.7880547001697387,0.0007722936061663439,RELIABLE,RELIABLE,212.83497927614587,0.7472975896772063,0.0007323516378836621,OOD,OOD,30.30041109133536,0.808514838380354,0.0007923445416127469,RELIABLE,RELIABLE,66.89412906284824,0.8116839616531335,0.0007954502824200708,UNRELIABLE,IDO,92.99374906570424,0.745401222000961,0.0007304931975609418,OOD,OOD,185.6553020164024,0.7293316782241382,0.0007147450446596555,OOD,OOD
439,2,Digit 2,3,Digit 3,max_nhat,RELIABLE,RELIABLE,27.704112442308578,0.8412350181572967,0.0008244103177941507,4,0.004360052021233796,3,3,True,34.51805945679446,0.7876740959274712,0.0007719206140089218,RELIABLE,RELIABLE,178.418668976585,0.784057805183252,0.0007683766490795869,OOD,OOD,28.445520081568645,0.8276149712502392,0.0008110626718252344,RELIABLE,RELIABLE,27.704112442308578,0.8412350181572967,0.0008244103177941507,RELIABLE,RELIABLE,47.11527916575736,0.8368749661360629,0.0008201374668133416,RELIABLE,RELIABLE,68.52924255218473,0.797548734990686,0.0007815977602908722,UNRELIABLE,IDO
440,2,Digit 2,2,Digit 2,max_nhat,RELIABLE,RELIABLE,59.33841680647314,0.7970317048868892,0.0007810910707891514,3,0.01577998498586075,2,2,True,124.34450462169184,0.6527302914046528,0.0006396756855765597,OOD,OOD,289.9110243424104,0.7527089441000102,0.00073765476521801,OOD,OOD,59.33841680647314,0.7970317048868892,0.0007810910707891514,RELIABLE,RELIABLE,84.82869635933619,0.7812517199010285,0.0007656266855030079,UNRELIABLE,IDO,119.26498776904666,0.7477120889865845,0.0007327578472068527,OOD,OOD,197.2438208108733,0.7443905592788581,0.0007295027480932809,OOD,OOD
441,2,Digit 2,1,Digit 1,max_nhat,OOD,OOD,338.74190357784005,0.827557640071774,0.0008110064872703385,3,0.02356916486418037,1,2,False,147.54309720624912,0.7104829159520117,0.0006962732576329715,OOD,OOD,338.74190357784005,0.827557640071774,0.0008110064872703385,OOD,OOD,29.109218790774495,0.7950962236367618,0.0007791942991640265,RELIABLE,RELIABLE,37.72947124118774,0.8039884752075936,0.0007879087057034418,RELIABLE,RELIABLE,109.79139796934764,0.7098365012599788,0.0006956397712347791,OOD,OOD,300.6962054312378,0.6968325755303406,0.0006828959240197338,OOD,OOD
442,2,Digit 2,0,Digit 0,max_nhat,UNRELIABLE,IDO,62.95228955427618,0.7711390220902076,0.0007557162416484034,2,0.0008668620445764219,0,2,False,62.95228955427618,0.7711390220902076,0.0007557162416484034,UNRELIABLE,IDO,1184.28408248592,0.6273606056262753,0.0006148133935137498,OOD,OOD,51.93863818367449,0.7702721600456311,0.0007548667168447185,RELIABLE,RELIABLE,88.88516774898815,0.7223928508171754,0.0007079449938008318,OOD,OOD,601.641193143979,0.7018615686319196,0.0006878243372592812,OOD,OOD,1119.0561058221224,0.6350156363767047,0.0006223153236491705,OOD,OOD
443,2,Digit 2,2,Digit 2,max_nhat,RELIABLE,RELIABLE,31.749946837743963,0.7966047207533163,0.00078067262633825,3,0.049523287905465674,2,2,True,86.81781776688123,0.7171355324454978,0.0007027928217965877,OOD,OOD,264.99223661488725,0.6887198952462275,0.0006749454973413028,OOD,OOD,31.749946837743963,0.7966047207533163,0.00078067262633825,RELIABLE,RELIABLE,93.37762268531407,0.7470814328478507,0.0007321398041908936,OOD,OOD,200.84059547384305,0.7132140124585726,0.0006989497322094011,OOD,OOD,354.2390397672227,0.6795187690446496,0.0006659283936637565,OOD,OOD
444,2,Digit 2,1,Digit 1,max_nhat,RELIABLE,RELIABLE,51.654381066108684,0.8618942255494026,0.0008446563410384146,2,0.024193465610772624,1,2,False,82.13033930128387,0.7291423577750344,0.0007145595106195338,UNRELIABLE,IDO,51.654381066108684,0.8618942255494026,0.0008446563410384146,RELIABLE,RELIABLE,23.79811984323359,0.83770075993863,0.0008209467447398574,RELIABLE,RELIABLE,50.64076262371002,0.8046315787051556,0.0007885389471310524,RELIABLE,RELIABLE,70.33114858954316,0.786347843610502,0.0007706208867382919,UNRELIABLE,IDO,96.57149120421236,0.7499898846094448,0.0007349900869172559,OOD,OOD
445,2,Digit 2,2,Digit 2,max_nhat,RELIABLE,RELIABLE,52.6665201248232,0.7867840301616703,0.0007710483495584369,3,0.03875930353110291,2,2,True,73.59895551488847,0.7239797508310644,0.000709500155814443,UNRELIABLE,IDO,693.2038858807825,0.6327110599319522,0.0006200568387333132,OOD,OOD,52.6665201248232,0.7867840301616703,0.0007710483495584369,RELIABLE,RELIABLE,70.99589279167705,0.7480247266305674,0.000733064232097956,UNRELIABLE,IDO,251.9561845431233,0.742160486041945,0.0007273172763211061,OOD,OOD,687.2701832358142,0.6416928683347587,0.0006288590109680635,OOD,OOD
446,2,Digit 2,2,Digit 2,max_nhat,RELIABLE,RELIABLE,18.772151523984594,0.8694984941028756,0.0008521085242208181,1,0.050311767660911166,2,2,True,66.71679116247464,0.7412670574209143,0.0007264417162724959,UNRELIABLE,IDO,86.54919698297397,0.8191867264419644,0.0008028029919131251,OOD,OOD,18.772151523984594,0.8694984941028756,0.0008521085242208181,RELIABLE,RELIABLE,64.14784417923467,0.8023504208519942,0.0007863034124349543,UNRELIABLE,IDO,56.63959002568264,0.7826923651519496,0.0007670385178489106,RELIABLE,RELIABLE,84.67105028774051,0.7704233823247899,0.0007550149146782941,UNRELIABLE,IDO
447,2,Digit 2,1,Digit 1,max_nhat,OOD,OOD,214.51309310739,0.8398296279035442,0.0008230330353454733,3,0.010699653683988064,1,3,False,64.12801962444638,0.7292625167483316,0.000714677266413365,UNRELIABLE,IDO,214.51309310739,0.8398296279035442,0.0008230330353454733,OOD,OOD,30.21181072896783,0.8154759839747393,0.0007991664642952445,RELIABLE,RELIABLE,28.843292752410676,0.8291299742195561,0.000812547374735165,RELIABLE,RELIABLE,84.96406313767027,0.7732768277709631,0.0007578112912155438,UNRELIABLE,IDO,129.2714544345773,0.7723723071335595,0.0007569248609908884,OOD,OOD
448,2,Digit 2,2,Digit 2,max_nhat,RELIABLE,RELIABLE,25.867446219660266,0.8618637907934501,0.0008446265149775811,3,0.04813687513206566,2,2,True,47.193736585539135,0.7708703631393043,0.0007554529558765182,RELIABLE,RELIABLE,358.5837249307939,0.6930398843031932,0.0006791790866171293,OOD,OOD,25.867446219660266,0.8618637907934501,0.0008446265149775811,RELIABLE,RELIABLE,46.560724548900644,0.8137269156613844,0.0007974523773481568,RELIABLE,RELIABLE,415.3564799946657,0.7820390573717232,0.0007663982762242887,OOD,OOD,551.7487589430693,0.7300614289692337,0.0007154602003898489,OOD,OOD
449,2,Digit 2,2,Digit 2,max_nhat,RELIABLE,RELIABLE,24.00327821896021,0.8436451963605192,0.0008267722924333087,3,0.04959034971291776,2,2,True,108.07371364562826,0.6866009206666569,0.0006728689022533238,OOD,OOD,417.75953872178064,0.7030505654799214,0.0006889895541703229,OOD,OOD,24.00327821896021,0.8436451963605192,0.0008267722924333087,RELIABLE,RELIABLE,89.36573033999784,0.7940548466476014,0.0007781737497146494,OOD,OOD,148.68361037043206,0.7070115895043356,0.0006928713577142489,OOD,OOD,471.2567335131093,0.6761652903304056,0.0006626419845237975,OOD,OOD
450,2,Digit 2,2,Digit 2,max_nhat,RELIABLE,RELIABLE,25.43245907102548,0.8239664501199171,0.0008074871211175188,3,0.04148385519126985,2,2,True,99.15831441693702,0.7400556464188747,0.0007252545334904972,OOD,OOD,513.8121810011423,0.7264001916911696,0.0007118721878573462,OOD,OOD,25.43245907102548,0.8239664501199171,0.0008074871211175188,RELIABLE,RELIABLE,89.12414600137433,0.7824825949286472,0.0007668329430300742,OOD,OOD,225.49205437494018,0.7269105926700853,0.0007123723808166836,OOD,OOD,643.6268589169459,0.6699500854675691,0.0006565510837582177,OOD,OOD
451,2,Digit 2,0,Digit 0,max_nhat,RELIABLE,RELIABLE,20.686160896884886,0.8679163303667901,0.0008505580037594542,2,0.10875972378389465,0,0,True,20.686160896884886,0.8679163303667901,0.0008505580037594542,RELIABLE,RELIABLE,747.7119140902189,0.6914842305392566,0.0006776545459284715,OOD,OOD,56.58667886557357,0.7591566065828954,0.0007439734744512375,RELIABLE,RELIABLE,77.32323018653929,0.7378737987242024,0.0007231163227497183,UNRELIABLE,IDO,242.5777771380121,0.7067279794740208,0.0006925934198845404,OOD,OOD,491.75583405884487,0.6764663624211945,0.0006629370351727706,OOD,OOD
452,2,Digit 2,2,Digit 2,max_nhat,RELIABLE,RELIABLE,43.152186266316924,0.7874294555902696,0.0007716808664784641,3,0.026338801093912845,2,2,True,75.62253643895542,0.7449663095684054,0.0007300669833770373,UNRELIABLE,IDO,454.1591699954465,0.6626744635780581,0.000649420974306497,OOD,OOD,43.152186266316924,0.7874294555902696,0.0007716808664784641,RELIABLE,RELIABLE,90.99709065698605,0.7610906544963567,0.0007458688414064296,OOD,OOD,173.13014641552508,0.7207823839479717,0.0007063667362690122,OOD,OOD,388.0499082699142,0.7070572586331784,0.0006929161134605148,OOD,OOD
453,2,Digit 2,2,Digit 2,max_nhat,RELIABLE,RELIABLE,15.653867573052967,0.8744271497022194,0.0008569386067081749,3,0.0380077321656529,2,2,True,42.387609536151956,0.788792514373047,0.0007730166640855861,RELIABLE,RELIABLE,60.6980132286972,0.8305027930376906,0.0008138927371769368,RELIABLE,RELIABLE,15.653867573052967,0.8744271497022194,0.0008569386067081749,RELIABLE,RELIABLE,33.255595517611056,0.8364194175365665,0.0008196910291858351,RELIABLE,RELIABLE,49.13181806949554,0.8073357388501845,0.0007911890240731808,RELIABLE,RELIABLE,68.37611437105744,0.7986164508365161,0.0007826441218197858,UNRELIABLE,IDO
454,2,Digit 2,2,Digit 2,max_nhat,RELIABLE,RELIABLE,13.845821351094777,0.8983000131442146,0.0008803340128813303,3,0.10585248940438519,2,2,True,87.06672492186749,0.7161919131426107,0.0007018680748797584,OOD,OOD,360.7855600751749,0.6819133832585724,0.0006682751155934009,OOD,OOD,13.845821351094777,0.8983000131442146,0.0008803340128813303,RELIABLE,RELIABLE,63.18681014408874,0.7924475237398294,0.0007765985732650328,UNRELIABLE,IDO,74.03906740057161,0.723770259416987,0.0007092948542286473,UNRELIABLE,IDO,165.18979624641605,0.6897257021035721,0.0006759311880615007,OOD,OOD
455,2,Digit 2,2,Digit 2,max_nhat,RELIABLE,RELIABLE,20.522067744014088,0.8636282592578503,0.0008463556940726932,3,0.031018053167245374,2,2,True,45.98874043018409,0.7642888804051425,0.0007490031027970397,RELIABLE,RELIABLE,178.5700260551087,0.7327061896780804,0.0007180520658845188,OOD,OOD,20.522067744014088,0.8636282592578503,0.0008463556940726932,RELIABLE,RELIABLE,34.94721302569662,0.8326102060906049,0.0008159580019687927,RELIABLE,RELIABLE,110.52143095022575,0.7832520773071807,0.0007675870357610371,OOD,OOD,137.27310286711855,0.7237021565877944,0.0007092281134560384,OOD,OOD
456,2,Digit 2,2,Digit 2,max_nhat,RELIABLE,RELIABLE,14.668387874561462,0.8761269501987748,0.0008586044111947994,3,0.032518065674846275,2,2,True,52.44490551421789,0.7308278913396826,0.000716211333512889,RELIABLE,RELIABLE,77.50467866576614,0.8175573058797778,0.0008012061597621823,UNRELIABLE,IDO,14.668387874561462,0.8761269501987748,0.0008586044111947994,RELIABLE,RELIABLE,28.097920172733858,0.8436088845239286,0.00082673670683345,RELIABLE,RELIABLE,52.4280291423905,0.7833813046253367,0.00076771367853283,RELIABLE,RELIABLE,70.96550295476939,0.7518320635755806,0.000736795422304069,UNRELIABLE,IDO
457,2,Digit 2,2,Digit 2,max_nhat,RELIABLE,RELIABLE,28.230325475681145,0.811788668857849,0.0007955528954806919,3,0.06705914617924069,2,2,True,88.09486526132335,0.7092492987405856,0.0006950643127657739,OOD,OOD,350.8843770237318,0.6776360815593581,0.0006640833599281709,OOD,OOD,28.230325475681145,0.811788668857849,0.0007955528954806919,RELIABLE,RELIABLE,81.35129697597381,0.7447295226786083,0.000729834932225036,UNRELIABLE,IDO,236.621827116786,0.7008462556123031,0.000686829330500057,OOD,OOD,503.24813390200586,0.645113509356959,0.0006322112391698198,OOD,OOD
458,2,Digit 2,3,Digit 3,max_nhat,RELIABLE,RELIABLE,27.489867046828603,0.8553702882835045,0.0008382628825178344,2,0.01712249541773192,3,2,False,44.25516524620102,0.7953254563109446,0.0007794189471847258,RELIABLE,RELIABLE,40.32871241397648,0.8290297745657662,0.0008124491790744508,RELIABLE,RELIABLE,21.712528502589226,0.8382477928657726,0.0008214828370084571,RELIABLE,RELIABLE,27.489867046828603,0.8553702882835045,0.0008382628825178344,RELIABLE,RELIABLE,62.48372584096065,0.7588878972661716,0.0007437101393208481,UNRELIABLE,IDO,90.6962319840846,0.7403958266127315,0.0007255879100804769,OOD,OOD
459,2,Digit 2,3,Digit 3,max_nhat,RELIABLE,RELIABLE,11.13841141276325,0.9058835203347841,0.0008877658499280884,2,0.018091747462932184,3,3,True,29.953663538265246,0.8147758266948706,0.0007984803101609731,RELIABLE,RELIABLE,179.66618954500098,0.778643994354053,0.0007630711144669719,OOD,OOD,17.355307579643288,0.887791772871852,0.0008700359374144149,RELIABLE,RELIABLE,11.13841141276325,0.9058835203347841,0.0008877658499280884,RELIABLE,RELIABLE,37.1917426501449,0.7961625996581462,0.0007802393476649832,RELIABLE,RELIABLE,106.69462077337452,0.7130614980144393,0.0006988002680541505,OOD,OOD
460,2,Digit 2,2,Digit 2,max_nhat,RELIABLE,RELIABLE,42.6567231316921,0.8335707608209373,0.0008168993456045185,4,0.052916543151345086,2,2,True,66.16095788269715,0.7456657054727378,0.000730752391363283,UNRELIABLE,IDO,728.4636711452167,0.6830030261577145,0.0006693429656345601,OOD,OOD,42.6567231316921,0.8335707608209373,0.0008168993456045185,RELIABLE,RELIABLE,64.52931850049893,0.7730501593826621,0.0007575891561950088,UNRELIABLE,IDO,537.5911619203607,0.7806542176695922,0.0007650411333162004,OOD,OOD,754.5221809955417,0.7136473259176981,0.0006993743793993441,OOD,OOD
461,2,Digit 2,3,Digit 3,max_nhat,RELIABLE,RELIABLE,25.494809696606627,0.8553244047669634,0.0008382179166716241,4,0.023973884339740903,3,3,True,31.367288477130394,0.8034740434756416,0.0007874045626061287,RELIABLE,RELIABLE,168.3238502598333,0.7254628323006043,0.0007109535756545922,OOD,OOD,30.263904321965928,0.8253902687510225,0.000808882463376002,RELIABLE,RELIABLE,25.494809696606627,0.8553244047669634,0.0008382179166716241,RELIABLE,RELIABLE,42.64749264299914,0.8313505204272225,0.000814723510018678,RELIABLE,RELIABLE,53.1926424620258,0.7881156184502784,0.0007723533060812729,RELIABLE,RELIABLE
462,2,Digit 2,2,Digit 2,max_nhat,RELIABLE,RELIABLE,40.70137079858279,0.7894699297784173,0.000773680531182849,0,0.06987633846172214,2,2,True,94.90734438545792,0.7195935913166952,0.0007052017194903613,OOD,OOD,657.4602861814128,0.6548828415972261,0.0006417851847652816,OOD,OOD,40.70137079858279,0.7894699297784173,0.000773680531182849,RELIABLE,RELIABLE,106.16739846859303,0.7099283997481258,0.0006957298317531633,OOD,OOD,440.75032152636174,0.6691274434398481,0.0006557448945710511,OOD,OOD,763.8022474724661,0.6014732117535286,0.0005894437475184581,OOD,OOD
463,2,Digit 2,0,Digit 0,max_nhat,RELIABLE,RELIABLE,55.36264008841725,0.7889972876049224,0.0007732173418528239,2,0.003687645889675628,0,2,False,55.36264008841725,0.7889972876049224,0.0007732173418528239,RELIABLE,RELIABLE,412.26326396992084,0.718131892761454,0.0007037692549062248,OOD,OOD,38.79748346255313,0.7853096417152468,0.0007696034488809417,RELIABLE,RELIABLE,71.39498701757361,0.7628563105285388,0.000747599184317968,UNRELIABLE,IDO,430.3278311472285,0.7377194794337116,0.0007229650898450373,OOD,OOD,682.6307543657559,0.6922295510157851,0.0006783849599954694,OOD,OOD
464,2,Digit 2,2,Digit 2,max_nhat,RELIABLE,RELIABLE,28.35000327543646,0.8191956495161767,0.0008028117365258532,4,0.030239536782895926,2,2,True,70.43590615414314,0.7193593679404339,0.0007049721805816252,UNRELIABLE,IDO,129.76391694468705,0.7842772389414688,0.0007685916941626395,OOD,OOD,28.35000327543646,0.8191956495161767,0.0008028117365258532,RELIABLE,RELIABLE,55.352908676023354,0.7844328248033969,0.0007687441683073289,RELIABLE,RELIABLE,258.49546778111574,0.7889561127332808,0.0007731769904786151,OOD,OOD,268.4923565045673,0.7330752246065264,0.0007184137201143958,OOD,OOD
465,2,Digit 2,2,Digit 2,max_nhat,RELIABLE,RELIABLE,59.27850870795741,0.7490780131643365,0.0007340964529010497,3,0.024509237768983172,2,2,True,170.3012501534286,0.6651789119671557,0.0006518753337278126,OOD,OOD,917.3735490250132,0.6661095268623894,0.0006527873363251416,OOD,OOD,59.27850870795741,0.7490780131643365,0.0007340964529010497,RELIABLE,RELIABLE,109.91718753114839,0.7245687753953534,0.0007100773998874462,OOD,OOD,202.27931387710856,0.6996447515909657,0.0006856518565591464,OOD,OOD,769.8201589975916,0.6892792241056278,0.0006754936396235153,OOD,OOD
466,2,Digit 2,0,Digit 0,max_nhat,RELIABLE,RELIABLE,58.12888352467036,0.7911160192619592,0.00077529369887672,2,0.03080164042904987,0,2,False,58.12888352467036,0.7911160192619592,0.00077529369887672,RELIABLE,RELIABLE,796.1620319704662,0.6666432253173467,0.0006533103608109997,OOD,OOD,39.26606687945988,0.7603143788329093,0.0007451080912562511,RELIABLE,RELIABLE,100.25630839973465,0.6873975507555975,0.0006736495997404855,OOD,OOD,190.94067895055002,0.6569936144856843,0.0006438537421959706,OOD,OOD,497.13896587805175,0.5989793046648223,0.0005869997185715258,OOD,OOD
467,2,Digit 2,2,Digit 2,max_nhat,RELIABLE,RELIABLE,38.248579119338906,0.8242985682370576,0.0008078125968723164,3,0.0006867627929493247,2,2,True,67.02054821767122,0.7338269130410789,0.0007191503747802574,UNRELIABLE,IDO,266.78667104099554,0.6812409405864653,0.000667616121774736,OOD,OOD,38.248579119338906,0.8242985682370576,0.0008078125968723164,RELIABLE,RELIABLE,42.50588261416136,0.8236118054441083,0.0008071395693352261,RELIABLE,RELIABLE,85.52392514784651,0.7104684539493898,0.000696259084870402,OOD,OOD,135.0009437890984,0.7031401801892042,0.0006890773765854201,OOD,OOD
468,2,Digit 2,2,Digit 2,max_nhat,RELIABLE,RELIABLE,25.902009019905787,0.8447292795866923,0.0008278346939949585,3,0.06421875297183033,2,2,True,59.49740660173025,0.7784401198620071,0.000762871317464767,RELIABLE,RELIABLE,420.6727588159246,0.6785399450377634,0.000664969146137008,OOD,OOD,25.902009019905787,0.8447292795866923,0.0008278346939949585,RELIABLE,RELIABLE,72.15499367296215,0.780510526614862,0.0007649003160825647,UNRELIABLE,IDO,245.28656280308903,0.7207573411194317,0.0007063421942970431,OOD,OOD,545.6409195682029,0.6845724433039682,0.0006708809944378888,OOD,OOD
469,2,Digit 2,2,Digit 2,max_nhat,RELIABLE,RELIABLE,42.04468872178836,0.7851238404043919,0.0007694213635963041,3,0.031131242466183817,2,2,True,126.50135233148376,0.7048001175310894,0.0006907041151804676,OOD,OOD,676.0625783896686,0.6552343003777584,0.0006421296143702032,OOD,OOD,42.04468872178836,0.7851238404043919,0.0007694213635963041,RELIABLE,RELIABLE,122.7041972698882,0.753992597938208,0.0007389127459794439,OOD,OOD,130.9556597151688,0.737656515998271,0.0007229033856783055,OOD,OOD,475.7119254107341,0.7168533426494723,0.0007025162757964828,OOD,OOD
470,2,Digit 2,2,Digit 2,max_nhat,RELIABLE,RELIABLE,30.885528269146608,0.8090167701336075,0.0007928364347309354,3,0.011066052512904045,2,2,True,277.6759264562976,0.6926272069439201,0.0006787746628050417,OOD,OOD,479.91683269528943,0.7921328184385454,0.0007762901620697745,OOD,OOD,30.885528269146608,0.8090167701336075,0.0007928364347309354,RELIABLE,RELIABLE,50.94897138710843,0.7979507176207035,0.0007819917032682894,RELIABLE,RELIABLE,115.60191835095938,0.7662434286802163,0.000750918560106612,OOD,OOD,296.0607547993666,0.7788832819466436,0.0007633056163077106,OOD,OOD
471,2,Digit 2,2,Digit 2,max_nhat,OOD,OOD,142.2441836093053,0.7840516346541437,0.0007683706019610608,4,0.044326172526348295,2,2,True,302.62207187552127,0.7268899672946042,0.0007123521679487121,OOD,OOD,1026.2797485479296,0.6468129822740133,0.000633876722628533,OOD,OOD,142.2441836093053,0.7840516346541437,0.0007683706019610608,OOD,OOD,320.0558826222658,0.6960264708669739,0.0006821059414496344,OOD,OOD,306.0162306496137,0.7397254621277954,0.0007249309528852395,OOD,OOD,704.142476306394,0.6009495286115668,0.0005889305380393354,OOD,OOD
472,2,Digit 2,3,Digit 3,max_nhat,RELIABLE,RELIABLE,36.68532516186005,0.8161523488134412,0.0007998293018371724,2,0.011606213703938661,3,2,False,53.87984798796171,0.7447574600696012,0.0007298623108682092,RELIABLE,RELIABLE,140.2392130440632,0.8024343178363234,0.0007863856314795968,OOD,OOD,30.333572394253014,0.8045461351095026,0.0007884552124073125,RELIABLE,RELIABLE,36.68532516186005,0.8161523488134412,0.0007998293018371724,RELIABLE,RELIABLE,86.02672629481498,0.7785401512741266,0.000762969348248644,OOD,OOD,100.56228190055648,0.7698498986870064,0.0007544529007132662,OOD,OOD
473,2,Digit 2,2,Digit 2,max_nhat,RELIABLE,RELIABLE,27.264058749606566,0.8449188876041342,0.0008280205098520516,4,0.06040215581985886,2,2,True,79.04052421183232,0.7617997640945485,0.0007465637688126575,UNRELIABLE,IDO,300.69516644551675,0.7138355120071607,0.0006995588017670174,OOD,OOD,27.264058749606566,0.8449188876041342,0.0008280205098520516,RELIABLE,RELIABLE,73.45396784050916,0.7592650507175567,0.0007440797497032055,UNRELIABLE,IDO,99.60696468871163,0.7845167317842754,0.0007688263971485899,OOD,OOD,237.52726745163778,0.6808862336249083,0.0006672685089524101,OOD,OOD
474,2,Digit 2,2,Digit 2,max_nhat,RELIABLE,RELIABLE,14.23896599705347,0.8810864097796203,0.0008634646815840278,3,0.02938079480594047,2,2,True,45.39896932472661,0.7482158689752603,0.000733251551595755,RELIABLE,RELIABLE,106.2748418645761,0.8086873703717192,0.0007925136229642848,OOD,OOD,14.23896599705347,0.8810864097796203,0.0008634646815840278,RELIABLE,RELIABLE,25.534260892194794,0.8517056149736798,0.0008346715026742062,RELIABLE,RELIABLE,46.58898299782351,0.8199065988238465,0.0008035084668473696,RELIABLE,RELIABLE,64.59302056931324,0.7818396536501416,0.0007662028605771387,UNRELIABLE,IDO
475,2,Digit 2,2,Digit 2,max_nhat,RELIABLE,RELIABLE,32.492527422847594,0.8110787769464819,0.0007948572014075523,3,0.049975195681606466,2,2,True,109.63994910303566,0.6546882467689081,0.00064159448183353,OOD,OOD,426.039581295765,0.6978368122863721,0.0006838800760406446,OOD,OOD,32.492527422847594,0.8110787769464819,0.0007948572014075523,RELIABLE,RELIABLE,73.14079950099384,0.7611035812648754,0.0007458815096395779,UNRELIABLE,IDO,125.92557079271003,0.7118993238081589,0.0006976613373319957,OOD,OOD,300.49510188433203,0.67922690947656,0.0006656423712870287,OOD,OOD
476,2,Digit 2,2,Digit 2,max_nhat,RELIABLE,RELIABLE,31.815875691201203,0.8157134411583463,0.0007993991723351793,3,0.01776800884547891,2,2,True,297.02509606702904,0.6612611720477319,0.0006480359486067773,OOD,OOD,390.46329214479454,0.775553327318305,0.0007600422607719388,OOD,OOD,31.815875691201203,0.8157134411583463,0.0007993991723351793,RELIABLE,RELIABLE,68.65656176283083,0.7979454323128674,0.00078198652366661,UNRELIABLE,IDO,118.53695316454676,0.7542842742005708,0.0007391985887165593,OOD,OOD,175.29720145661355,0.7585709826109612,0.000743399562958742,OOD,OOD
477,2,Digit 2,2,Digit 2,max_nhat,RELIABLE,RELIABLE,20.11647125414647,0.8471591147707519,0.0008302159324753368,3,0.003647372556771944,2,2,True,59.30589036660571,0.752600450849479,0.0007375484418324894,RELIABLE,RELIABLE,219.56911331494132,0.7830592283734391,0.0007673980438059703,OOD,OOD,20.11647125414647,0.8471591147707519,0.0008302159324753368,RELIABLE,RELIABLE,27.022789674855666,0.84351174221398,0.0008266415073697003,RELIABLE,RELIABLE,83.44120893208473,0.7387055409487554,0.0007239314301297802,UNRELIABLE,IDO,234.9695865752915,0.7066548756185933,0.0006925217781062214,OOD,OOD
478,2,Digit 2,2,Digit 2,max_nhat,RELIABLE,RELIABLE,18.08058238508644,0.8653841985844123,0.000848076514612724,1,0.06863330909330889,2,2,True,61.68318313084827,0.7377235864504714,0.000722969114721462,RELIABLE,RELIABLE,160.23624566419534,0.7967508894911034,0.0007808158717012813,OOD,OOD,18.08058238508644,0.8653841985844123,0.000848076514612724,RELIABLE,RELIABLE,55.67362598710976,0.7639396553434242,0.0007486608622365558,RELIABLE,RELIABLE,86.92896064116616,0.7908863595124223,0.0007750686323221737,OOD,OOD,179.72029067748014,0.7214512565007261,0.0007070222313707115,OOD,OOD
479,2,Digit 2,2,Digit 2,max_nhat,RELIABLE,RELIABLE,18.490219528306593,0.8544676285682824,0.0008373782759969167,3,0.08174271024048085,2,2,True,62.68367828726546,0.7456583357071187,0.0007307451689929763,UNRELIABLE,IDO,513.7939058307489,0.6956269053383275,0.000681714367231561,OOD,OOD,18.490219528306593,0.8544676285682824,0.0008373782759969167,RELIABLE,RELIABLE,60.79503497283504,0.7727249183278015,0.0007572704199612455,RELIABLE,RELIABLE,125.68652502245344,0.706430732257197,0.000692302117612053,OOD,OOD,391.22738296628955,0.6823332416420568,0.0006686865768092157,OOD,OOD
480,2,Digit 2,2,Digit 2,max_nhat,RELIABLE,RELIABLE,35.23169426560546,0.8023005816065542,0.000786254569974423,3,0.04264306377264704,2,2,True,69.53279186964748,0.7480236664898582,0.000733063193160061,UNRELIABLE,IDO,1164.0790991959625,0.6605964293240244,0.0006473845007375439,OOD,OOD,35.23169426560546,0.8023005816065542,0.000786254569974423,RELIABLE,RELIABLE,110.79781896306763,0.7596575178339071,0.0007444643674772289,OOD,OOD,137.05841731409254,0.7214771356455797,0.0007070475929326681,OOD,OOD,920.4957892120211,0.6559013752629924,0.0006427833477577325,OOD,OOD
481,2,Digit 2,2,Digit 2,max_nhat,RELIABLE,RELIABLE,18.21331195005815,0.8788772261938064,0.0008612996816699302,4,0.058675268186194285,2,2,True,51.8204850595196,0.7810495226007176,0.0007654285321487032,RELIABLE,RELIABLE,157.69747947466817,0.7371452034394467,0.0007224022993706577,OOD,OOD,18.21331195005815,0.8788772261938064,0.0008612996816699302,RELIABLE,RELIABLE,46.83137488410081,0.81722531344288,0.0008008808071740223,RELIABLE,RELIABLE,44.887871807896225,0.8202019580076121,0.0008037979188474598,RELIABLE,RELIABLE,76.85654610999654,0.7380910708050142,0.0007233292493889139,UNRELIABLE,IDO
482,2,Digit 2,2,Digit 2,max_nhat,RELIABLE,RELIABLE,47.196704042622535,0.7757050282530058,0.0007601909276879457,4,0.02150279091752072,2,2,True,140.66688813882038,0.656508384958205,0.0006433782172590408,OOD,OOD,286.18323219440697,0.6984356819775863,0.0006844669683380345,OOD,OOD,47.196704042622535,0.7757050282530058,0.0007601909276879457,RELIABLE,RELIABLE,157.20211948083556,0.6766999274876201,0.0006631659289378677,OOD,OOD,111.25237068902729,0.7542022373354851,0.0007391181925887753,OOD,OOD,169.91714275795135,0.695509511022508,0.0006815993208020578,OOD,OOD
483,2,Digit 2,3,Digit 3,max_nhat,RELIABLE,RELIABLE,49.8911070330174,0.8131330271567521,0.000796870366613617,2,0.016541486351983492,3,2,False,76.52121026278299,0.7641050027138722,0.0007488229026595946,UNRELIABLE,IDO,107.31623043282272,0.7199876363548117,0.0007055878836277154,OOD,OOD,33.08627287500513,0.7965915408047686,0.0007806597099886732,RELIABLE,RELIABLE,49.8911070330174,0.8131330271567521,0.000796870366613617,RELIABLE,RELIABLE,96.79629061318872,0.7313527024706956,0.0007167256484212817,OOD,OOD,143.50014157867733,0.6957761486795369,0.0006818606257059461,OOD,OOD
484,2,Digit 2,2,Digit 2,max_nhat,RELIABLE,RELIABLE,15.049623359564647,0.8796030447360208,0.0008620109838413004,3,0.03875477128989946,2,2,True,50.4798665261697,0.7677571034646118,0.0007524019613953196,RELIABLE,RELIABLE,79.70198285009423,0.791233069641284,0.0007754084082484584,UNRELIABLE,IDO,15.049623359564647,0.8796030447360208,0.0008620109838413004,RELIABLE,RELIABLE,46.36920866540299,0.8408482734461213,0.0008240313079771989,RELIABLE,RELIABLE,57.28561201930559,0.7894126570808672,0.0007736244039392498,RELIABLE,RELIABLE,77.37490266635005,0.7657874592246884,0.0007504717100401946,UNRELIABLE,IDO
485,2,Digit 2,2,Digit 2,max_nhat,UNRELIABLE,IDO,67.17524448625885,0.7653184650096383,0.0007500120957094455,0,0.03648823118772471,2,2,True,82.90119898215958,0.7288302338219136,0.0007142536291454753,UNRELIABLE,IDO,1343.3985829322517,0.642876433670387,0.0006300189049969793,OOD,OOD,67.17524448625885,0.7653184650096383,0.0007500120957094455,UNRELIABLE,IDO,204.24204921370116,0.6857748118104068,0.0006720593155741986,OOD,OOD,122.53975799400826,0.6951115247697774,0.0006812092942743819,OOD,OOD,827.8540553303544,0.613897108325957,0.0006016191661594378,OOD,OOD
486,2,Digit 2,3,Digit 3,max_nhat,RELIABLE,RELIABLE,27.51191597532368,0.8506387645570306,0.00083362598926589,2,0.0089952042886704,3,2,False,52.68921579590188,0.7719107327566025,0.0007564725181014704,RELIABLE,RELIABLE,135.79916551786695,0.8088757983237451,0.0007926982823572702,OOD,OOD,21.642881776976306,0.8416435602683602,0.0008248106890629929,RELIABLE,RELIABLE,27.51191597532368,0.8506387645570306,0.00083362598926589,RELIABLE,RELIABLE,73.3949066065669,0.7358945621562545,0.0007211766709131293,UNRELIABLE,IDO,175.24584903398676,0.7040556976379916,0.0006899745836852318,OOD,OOD
487,2,Digit 2,2,Digit 2,max_nhat,RELIABLE,RELIABLE,15.932420400379794,0.8749591940143038,0.0008574600101340176,3,0.060961117338718895,2,2,True,60.37382214531023,0.7381041884473672,0.0007233421046784199,RELIABLE,RELIABLE,72.11901316379334,0.7987342925141616,0.0007827596066638784,UNRELIABLE,IDO,15.932420400379794,0.8749591940143038,0.0008574600101340176,RELIABLE,RELIABLE,40.16038165802577,0.8139980766755849,0.0007977181151420732,RELIABLE,RELIABLE,70.41476267079014,0.8115557877541194,0.000795324671999037,UNRELIABLE,IDO,85.30180590591257,0.7419653189801096,0.0007271260126005075,UNRELIABLE,IDO
488,2,Digit 2,2,Digit 2,max_nhat,RELIABLE,RELIABLE,27.511375436299595,0.8064358044933816,0.000790307088403514,3,0.046357602935637954,2,2,True,106.06830278840111,0.6743577443232933,0.0006608705894368274,OOD,OOD,402.39131790601925,0.6844548743983457,0.0006707657769103788,OOD,OOD,27.511375436299595,0.8064358044933816,0.000790307088403514,RELIABLE,RELIABLE,68.18410755260467,0.7600782015577436,0.0007448766375265887,UNRELIABLE,IDO,138.39449012742583,0.666659448694939,0.0006533262597210402,OOD,OOD,254.3118400382311,0.651887772214582,0.0006388500167702904,OOD,OOD
489,2,Digit 2,2,Digit 2,max_nhat,RELIABLE,RELIABLE,39.60495513751872,0.7900409563118195,0.000774240137185583,3,0.06529814832641423,2,2,True,95.31679987475303,0.6766487641258617,0.0006631157888433444,OOD,OOD,1016.0751759095584,0.5767563654382624,0.0005652212381294971,OOD,OOD,39.60495513751872,0.7900409563118195,0.000774240137185583,RELIABLE,RELIABLE,109.01568838099114,0.7247428079854052,0.0007102479518256971,OOD,OOD,350.36629054560115,0.6859050430571382,0.0006721869421959953,OOD,OOD,737.2703019830782,0.6376367923595312,0.0006248840565123405,OOD,OOD
490,2,Digit 2,2,Digit 2,max_nhat,RELIABLE,RELIABLE,20.912900471368015,0.8494548905941947,0.0008324657927823107,3,0.04435463123681416,2,2,True,114.04371686338894,0.6926788706765398,0.0006788252932630089,OOD,OOD,398.13510725178276,0.7619058951520292,0.0007466677772489886,OOD,OOD,20.912900471368015,0.8494548905941947,0.0008324657927823107,RELIABLE,RELIABLE,46.525706798517504,0.8051002593573805,0.0007889982541702329,RELIABLE,RELIABLE,83.37359067983868,0.7748922538861223,0.0007593944088083998,UNRELIABLE,IDO,310.54890492844095,0.763511464288838,0.0007482412350030612,OOD,OOD
491,2,Digit 2,2,Digit 2,max_nhat,RELIABLE,RELIABLE,20.43221726187952,0.8498980486343494,0.0008329000876616624,1,0.04934100382275308,2,2,True,69.12369008880599,0.7398273788640846,0.0007250308312868028,UNRELIABLE,IDO,593.6768088407229,0.8005570448115963,0.0007845459039153643,OOD,OOD,20.43221726187952,0.8498980486343494,0.0008329000876616624,RELIABLE,RELIABLE,76.93982871866852,0.7752747514139675,0.0007597692563856882,UNRELIABLE,IDO,72.71467598046786,0.7579272958039769,0.0007427687498878973,UNRELIABLE,IDO,442.40133285747703,0.709865650539338,0.0006956683375285512,OOD,OOD
492,2,Digit 2,2,Digit 2,max_nhat,RELIABLE,RELIABLE,38.73132153583736,0.8491684108776678,0.0008321850426601144,3,0.04006229461652222,2,2,True,90.87736974279629,0.7209481005863161,0.0007065291385745897,OOD,OOD,394.4034809997391,0.643805464769836,0.0006309293554744393,OOD,OOD,38.73132153583736,0.8491684108776678,0.0008321850426601144,RELIABLE,RELIABLE,60.941584812477345,0.8091061162611456,0.0007929239939359227,RELIABLE,RELIABLE,119.22811398846093,0.7289771208440586,0.0007143975784271774,OOD,OOD,253.99739940591365,0.6237749483453101,0.0006112994493784039,OOD,OOD
493,2,Digit 2,2,Digit 2,max_nhat,RELIABLE,RELIABLE,29.176605488032322,0.8274076431278343,0.0008108594902652776,3,0.028164618397593433,2,2,True,95.39963420130647,0.7408994944239994,0.0007260815045355193,OOD,OOD,234.0741453288334,0.6967740592992722,0.0006828385781132867,OOD,OOD,29.176605488032322,0.8274076431278343,0.0008108594902652776,RELIABLE,RELIABLE,54.74204548685256,0.7992430247302409,0.000783258164235636,RELIABLE,RELIABLE,93.83472511170447,0.7191844817408525,0.0007048007921060354,OOD,OOD,116.87145218656399,0.676130220199609,0.0006626076157956168,OOD,OOD
494,2,Digit 2,0,Digit 0,max_nhat,UNRELIABLE,IDO,76.16810517527851,0.753962414176756,0.0007388831658932209,2,0.012607364104631813,0,2,False,76.16810517527851,0.753962414176756,0.0007388831658932209,UNRELIABLE,IDO,1166.000879460044,0.6398840421116806,0.000627086361269447,OOD,OOD,72.36749841685852,0.7413550500721242,0.0007265279490706817,UNRELIABLE,IDO,173.80623727215493,0.6891084895074139,0.0006753263197172655,OOD,OOD,135.07377716790018,0.7026345066888233,0.0006885818165550468,OOD,OOD,659.6288935241729,0.5667765260187889,0.0005554409954984131,OOD,OOD
495,2,Digit 2,2,Digit 2,max_nhat,RELIABLE,RELIABLE,15.66500317856741,0.8757222676614964,0.0008582078223082664,4,0.0694485160949786,2,2,True,52.02818806082047,0.777307343959057,0.0007617611970798759,RELIABLE,RELIABLE,511.7106009250498,0.7404741999092198,0.0007256647159110354,OOD,OOD,15.66500317856741,0.8757222676614964,0.0008582078223082664,RELIABLE,RELIABLE,49.96014490236763,0.7947202258078967,0.0007788258212917387,RELIABLE,RELIABLE,51.41138645814358,0.8062737515665178,0.0007901482765351874,RELIABLE,RELIABLE,353.0658697191499,0.7012255056336458,0.0006872009955209728,OOD,OOD
496,2,Digit 2,2,Digit 2,max_nhat,RELIABLE,RELIABLE,22.033223100890797,0.8448960910677854,0.0008279981692464296,3,0.04546335096645382,2,2,True,67.33143825263525,0.7340114448283994,0.0007193312159318314,UNRELIABLE,IDO,172.13712831971458,0.7624413519390434,0.0007471925249002625,OOD,OOD,22.033223100890797,0.8448960910677854,0.0008279981692464296,RELIABLE,RELIABLE,52.792930480383305,0.7994327401013316,0.000783444085299305,RELIABLE,RELIABLE,155.2184442705324,0.7715411446070771,0.0007561103217149356,OOD,OOD,220.11547803151055,0.707220893212569,0.0006930764753483176,OOD,OOD
497,2,Digit 2,2,Digit 2,max_nhat,RELIABLE,RELIABLE,17.962498413092053,0.8728252852964644,0.0008553687795905352,3,0.0307501950273269,2,2,True,56.042509673325505,0.7426298229630092,0.000727777226503749,RELIABLE,RELIABLE,191.43426840010335,0.7806212495643748,0.0007650088245730873,OOD,OOD,17.962498413092053,0.8728252852964644,0.0008553687795905352,RELIABLE,RELIABLE,31.451814269102613,0.8420750902691375,0.0008252335884637547,RELIABLE,RELIABLE,95.9500800919998,0.7891821506239581,0.0007733985076114789,OOD,OOD,130.4120381342904,0.7395634277847399,0.0007247721592290451,OOD,OOD
498,2,Digit 2,3,Digit 3,max_nhat,RELIABLE,RELIABLE,46.131526358414085,0.8070218589573482,0.0007908814217782012,2,0.030838822570105062,3,2,False,67.73850973842589,0.7487262648234531,0.000733751739526984,UNRELIABLE,IDO,199.57767581989071,0.7076915902572506,0.0006935377584521055,OOD,OOD,45.67179450705015,0.7761830363872432,0.0007606593756594983,RELIABLE,RELIABLE,46.131526358414085,0.8070218589573482,0.0007908814217782012,RELIABLE,RELIABLE,93.09378379813722,0.7700696503681483,0.0007546682573607854,OOD,OOD,112.01454704884677,0.7637508765515825,0.0007484758590205508,OOD,OOD
499,2,Digit 2,2,Digit 2,max_nhat,RELIABLE,RELIABLE,23.14418579233952,0.8618723292793683,0.000844634882693781,3,0.06236254495263993,2,2,True,110.0581350354592,0.7140622802432144,0.00069978103463835,OOD,OOD,357.0431186104533,0.676823879884283,0.0006632874022865974,OOD,OOD,23.14418579233952,0.8618723292793683,0.000844634882693781,RELIABLE,RELIABLE,89.21211997587935,0.7995097843267284,0.0007835195886401938,OOD,OOD,177.06986045455682,0.7229726480228955,0.0007085131950624376,OOD,OOD,409.60757176585355,0.682072550247844,0.0006684310992428871,OOD,OOD
500,2,Digit 2,4,Digit 4,max_nhat,RELIABLE,RELIABLE,40.26071773713501,0.8335391620164975,0.0008168683787761674,7,0.008106127664160412,4,2,False,84.84407376007069,0.7182354342908377,0.0007038707256050209,UNRELIABLE,IDO,221.80076885756347,0.7743943478227034,0.0007589064608662493,OOD,OOD,24.62076818724474,0.8238736859685191,0.0008073962122491486,RELIABLE,RELIABLE,68.60990086778762,0.7495840824510782,0.0007345924008020566,UNRELIABLE,IDO,40.26071773713501,0.8335391620164975,0.0008168683787761674,RELIABLE,RELIABLE,63.27694600557734,0.8254330343523371,0.0008089243736652903,UNRELIABLE,IDO
501,2,Digit 2,2,Digit 2,max_nhat,RELIABLE,RELIABLE,22.1584817268708,0.8548170319024373,0.0008377206912643885,3,0.07664580384419428,2,2,True,65.04998369790127,0.7360510773129,0.0007213300557666419,UNRELIABLE,IDO,300.2493848678622,0.7413746183085652,0.0007265471259423939,OOD,OOD,22.1584817268708,0.8548170319024373,0.0008377206912643885,RELIABLE,RELIABLE,46.885745507444895,0.778171228058243,0.0007626078034970781,RELIABLE,RELIABLE,84.14116986624065,0.7693067439212158,0.0007539206090427914,UNRELIABLE,IDO,295.61531941341747,0.7162679732477193,0.0007019426137827648,OOD,OOD
502,2,Digit 2,2,Digit 2,max_nhat,RELIABLE,RELIABLE,11.011367790273484,0.9055237535820165,0.0008874132785103762,3,0.053167535176979364,2,2,True,46.89909822899169,0.7608070622613573,0.0007455909210161301,RELIABLE,RELIABLE,62.873873298580286,0.8186269178466156,0.0008022543794896832,UNRELIABLE,IDO,11.011367790273484,0.9055237535820165,0.0008874132785103762,RELIABLE,RELIABLE,28.438517907383634,0.8523562184050372,0.0008353090940369364,RELIABLE,RELIABLE,48.90474418393292,0.8306358619560253,0.0008140231447169048,RELIABLE,RELIABLE,74.57017649021137,0.7733850761567063,0.0007579173746335721,UNRELIABLE,IDO
503,2,Digit 2,2,Digit 2,max_nhat,RELIABLE,RELIABLE,26.840649526285294,0.8394417805332905,0.0008226529449226247,1,0.0565362299145179,2,2,True,67.68155354187576,0.74109060351879,0.0007262687914484141,UNRELIABLE,IDO,473.0751054418175,0.7829055506187726,0.0007672474396063972,OOD,OOD,26.840649526285294,0.8394417805332905,0.0008226529449226247,RELIABLE,RELIABLE,63.609241542663185,0.7717362849484757,0.0007563015592495061,UNRELIABLE,IDO,180.8736641432307,0.7724939878715493,0.0007570441081141184,OOD,OOD,285.9606647796116,0.7121846171448739,0.0006979409248019764,OOD,OOD
504,2,Digit 2,2,Digit 2,max_nhat,RELIABLE,RELIABLE,26.339432008754745,0.8191827800121277,0.0008027991244118852,3,0.016779281554690884,2,2,True,95.24123622572989,0.6772769908604147,0.0006637314510432063,OOD,OOD,253.85379393936915,0.780709329650279,0.0007650951430572733,OOD,OOD,26.339432008754745,0.8191827800121277,0.0008027991244118852,RELIABLE,RELIABLE,43.35506761407853,0.8024034984574369,0.0007863554284882881,RELIABLE,RELIABLE,79.18993207699913,0.7484536931455316,0.0007334846192826209,UNRELIABLE,IDO,225.4020253683077,0.7235409587086936,0.0007090701395345197,OOD,OOD
505,2,Digit 2,7,Digit 2,max_nhat,OOD,OOD,143.62846366974566,0.8422370202952041,0.0008253922798893,4,0.017700751908083845,7,2,False,75.8017287268535,0.7048113958016562,0.000690715167885623,UNRELIABLE,IDO,317.7235656188418,0.7982115123844546,0.0007822472821367656,OOD,OOD,36.70471571993888,0.7920835519116288,0.0007762418808733962,RELIABLE,RELIABLE,65.41995774667721,0.7423274204214355,0.0007274808720130068,UNRELIABLE,IDO,46.61821123253602,0.8245362683871202,0.0008080455430193778,RELIABLE,RELIABLE,143.62846366974566,0.8422370202952041,0.0008253922798893,OOD,OOD
506,2,Digit 2,2,Digit 2,max_nhat,RELIABLE,RELIABLE,30.4264366990442,0.8144574202331356,0.0007981682718284728,3,0.06979892616588301,2,2,True,74.11538742417986,0.7211230110923745,0.000706700550870527,UNRELIABLE,IDO,543.4527005822774,0.6590611120835022,0.0006458798898418321,OOD,OOD,30.4264366990442,0.8144574202331356,0.0007981682718284728,RELIABLE,RELIABLE,83.14477028378184,0.7446584940672526,0.0007297653241859076,UNRELIABLE,IDO,294.99848214848083,0.7243605474587069,0.0007098733365095328,OOD,OOD,628.1686310765442,0.6798352860066735,0.00066623858028654,OOD,OOD
507,2,Digit 2,2,Digit 2,max_nhat,RELIABLE,RELIABLE,22.657372273595694,0.8420884695509856,0.0008252467001599659,3,0.03122943766680608,2,2,True,61.0252084320923,0.7289244126605285,0.000714345924407318,RELIABLE,RELIABLE,182.3093922290423,0.7657542945513648,0.0007504392086603375,OOD,OOD,22.657372273595694,0.8420884695509856,0.0008252467001599659,RELIABLE,RELIABLE,38.396873464762244,0.8108590318841795,0.0007946418512464959,RELIABLE,RELIABLE,70.68548048159924,0.7536762384929219,0.0007386027137230634,UNRELIABLE,IDO,176.25095734562828,0.7327512084875668,0.0007180961843178154,OOD,OOD
508,2,Digit 2,2,Digit 2,max_nhat,RELIABLE,RELIABLE,18.927354073571752,0.8610244171818856,0.0008438039288382479,1,0.060602369241178344,2,2,True,61.320642764435505,0.7314614968026467,0.0007168322668665937,RELIABLE,RELIABLE,162.6354552817455,0.8004220479407073,0.0007844136069818931,OOD,OOD,18.927354073571752,0.8610244171818856,0.0008438039288382479,RELIABLE,RELIABLE,52.99461653084175,0.7792625270637538,0.0007636772765224787,RELIABLE,RELIABLE,51.124197914319396,0.7753016230373395,0.0007597955905765927,RELIABLE,RELIABLE,77.62089119397308,0.7534863500593162,0.0007384166230581298,UNRELIABLE,IDO
509,2,Digit 2,2,Digit 2,max_nhat,RELIABLE,RELIABLE,46.38879311874019,0.7975599817748562,0.0007816087821393591,3,0.01728409938179465,2,2,True,62.78218607087596,0.755749007368689,0.0007406340272213152,UNRELIABLE,IDO,625.8004377844172,0.6485342640132823,0.0006355635787330166,OOD,OOD,46.38879311874019,0.7975599817748562,0.0007816087821393591,RELIABLE,RELIABLE,71.57283786496374,0.7802758823930616,0.0007646703647452003,UNRELIABLE,IDO,604.4697218669729,0.7411322935717549,0.0007263096477003198,OOD,OOD,813.4154976146201,0.6613420406998441,0.0006481151998858472,OOD,OOD
510,2,Digit 2,2,Digit 2,max_nhat,RELIABLE,RELIABLE,38.50142533052952,0.8079762399894176,0.0007918167151896292,3,0.0832149806372946,2,2,True,125.3060729539298,0.6802970967378227,0.0006666911548030662,OOD,OOD,597.0333443721407,0.6842615727734338,0.0006705763413179651,OOD,OOD,38.50142533052952,0.8079762399894176,0.0007918167151896292,RELIABLE,RELIABLE,77.1589299768545,0.724761259352123,0.0007102660341650805,UNRELIABLE,IDO,118.27406371460748,0.6762869587269569,0.0006627612195524177,OOD,OOD,269.1042045406149,0.6694567441039528,0.0006560676092218738,OOD,OOD
511,2,Digit 2,2,Digit 2,max_nhat,RELIABLE,RELIABLE,29.190569680448125,0.8108318839296221,0.0007946152462510297,1,0.013100649427163269,2,2,True,84.12577008168455,0.704203596818251,0.0006901195248818859,UNRELIABLE,IDO,241.9815867386509,0.7977312345024589,0.0007817766098124096,OOD,OOD,29.190569680448125,0.8108318839296221,0.0007946152462510297,RELIABLE,RELIABLE,40.16106905444682,0.7937897745075696,0.0007779139790174182,RELIABLE,RELIABLE,122.2897828068534,0.7081283156574089,0.0006939657493442606,OOD,OOD,253.4227579473132,0.6744276856587775,0.0006609391319456019,OOD,OOD
512,2,Digit 2,1,Digit 1,max_nhat,RELIABLE,RELIABLE,34.31475963006096,0.8908510145328656,0.0008730339942422083,2,0.028170193781951847,1,2,False,52.6058965981613,0.7406507694979604,0.0007258377541080011,RELIABLE,RELIABLE,34.31475963006096,0.8908510145328656,0.0008730339942422083,RELIABLE,RELIABLE,19.02125210402826,0.8626808207509138,0.0008454272043358955,RELIABLE,RELIABLE,27.81132529389036,0.8310104605167226,0.000814390251306388,RELIABLE,RELIABLE,32.785182561302136,0.8253511022258777,0.0008088440801813601,RELIABLE,RELIABLE,34.33283145736891,0.8223229710784951,0.0008058765116569251,RELIABLE,RELIABLE
513,2,Digit 2,2,Digit 2,max_nhat,RELIABLE,RELIABLE,39.27739005276671,0.8071090053588328,0.0007909668252516561,3,0.06272153750959453,2,2,True,132.50696188364802,0.6664709340585961,0.0006531415153774242,OOD,OOD,430.7395464275877,0.6388285403780782,0.0006260519695705166,OOD,OOD,39.27739005276671,0.8071090053588328,0.0007909668252516561,RELIABLE,RELIABLE,132.73410658439911,0.7443874678492383,0.0007294997184922534,OOD,OOD,148.7677589659674,0.6737513878446627,0.0006602763600877694,OOD,OOD,313.43528414025786,0.6210896910974647,0.0006086678972755154,OOD,OOD
514,2,Digit 2,2,Digit 2,max_nhat,RELIABLE,RELIABLE,31.681168093007972,0.8174643525068827,0.000801115065456745,3,0.008738283335665065,2,2,True,65.45939135721548,0.7487099114938283,0.0007337357132639517,UNRELIABLE,IDO,180.97534870385016,0.6983611705870216,0.0006843939471752812,OOD,OOD,31.681168093007972,0.8174643525068827,0.000801115065456745,RELIABLE,RELIABLE,53.86346076526545,0.8087260691712176,0.0007925515477877932,RELIABLE,RELIABLE,171.47647469681618,0.7726117935255522,0.0007571595576550412,OOD,OOD,221.56324115003878,0.7019967653203159,0.0006879568300139095,OOD,OOD
515,2,Digit 2,2,Digit 2,max_nhat,UNRELIABLE,IDO,64.83616153850069,0.7035149402136206,0.0006894446414093482,3,0.016585694036339027,2,2,True,113.0926047413295,0.6640037721001938,0.0006507236966581899,OOD,OOD,937.4225070303472,0.5880513433217938,0.0005762903164553578,OOD,OOD,64.83616153850069,0.7035149402136206,0.0006894446414093482,UNRELIABLE,IDO,130.15718692334863,0.6869292461772816,0.000673190661253736,OOD,OOD,367.04616736435986,0.6528323243356138,0.0006397756778489014,OOD,OOD,989.7605882960216,0.6260651870629264,0.0006135438833216678,OOD,OOD
516,2,Digit 2,2,Digit 2,max_nhat,RELIABLE,RELIABLE,29.08192715966904,0.8070854099753788,0.0007909437017758713,3,0.06490007965037492,2,2,True,81.10185400354162,0.6788827917507265,0.000665305135915712,UNRELIABLE,IDO,614.9706746747668,0.6787666849399595,0.0006651913512411603,OOD,OOD,29.08192715966904,0.8070854099753788,0.0007909437017758713,RELIABLE,RELIABLE,77.58678785929766,0.7421853303250039,0.0007273416237185038,UNRELIABLE,IDO,246.37851249920664,0.6807357544910804,0.0006671210394012587,OOD,OOD,388.8507505294744,0.6312402133476533,0.0006186154090807003,OOD,OOD
517,2,Digit 2,2,Digit 2,max_nhat,RELIABLE,RELIABLE,43.59004692225354,0.7910020348899445,0.0007751819941921456,4,0.006208160642982019,2,2,True,94.3731944015405,0.7227012193883356,0.0007082471950005689,OOD,OOD,803.8121932638958,0.6680941669527278,0.0006547322836136732,OOD,OOD,43.59004692225354,0.7910020348899445,0.0007751819941921456,RELIABLE,RELIABLE,105.67306105852575,0.7322800280235907,0.0007176344274631189,OOD,OOD,146.22105920140166,0.7847938742469625,0.0007690979967620231,OOD,OOD,770.9886510076012,0.6658643894155244,0.0006525471016272139,OOD,OOD
518,2,Digit 2,2,Digit 2,max_nhat,RELIABLE,RELIABLE,40.00775543664839,0.8052145492255208,0.0007891102582410104,3,0.03076911860730569,2,2,True,44.78105880516168,0.7529691705913443,0.0007379097871795173,RELIABLE,RELIABLE,322.0476521945358,0.6571998734118307,0.0006440558759435941,OOD,OOD,40.00775543664839,0.8052145492255208,0.0007891102582410104,RELIABLE,RELIABLE,49.0604279260749,0.7744454306182151,0.0007589565220058508,RELIABLE,RELIABLE,367.2916684446326,0.7470587869631051,0.000732117611223843,OOD,OOD,465.2192515762193,0.7075770196603418,0.000693425479267135,OOD,OOD
519,2,Digit 2,2,Digit 2,max_nhat,RELIABLE,RELIABLE,45.50017241298204,0.8166922473728592,0.000800358402425402,3,0.013068066146315616,2,2,True,78.77533042506498,0.6882805230898749,0.0006745149126280774,UNRELIABLE,IDO,381.9238345189965,0.742470944039427,0.0007276215251586385,OOD,OOD,45.50017241298204,0.8166922473728592,0.000800358402425402,RELIABLE,RELIABLE,46.82417726537404,0.8036241812265436,0.0007875516976020127,RELIABLE,RELIABLE,77.51992216638841,0.7280091219581651,0.0007134489395190019,UNRELIABLE,IDO,149.79336336609344,0.7202544098406684,0.0007058493216438549,OOD,OOD
520,2,Digit 2,2,Digit 2,max_nhat,RELIABLE,RELIABLE,28.82497862271475,0.8239969206324207,0.0008075169822197723,0,0.044246622116868584,2,2,True,225.18571225775446,0.7797502985155521,0.000764155292545241,OOD,OOD,658.0240412401417,0.7731862592584052,0.0007577225340732371,OOD,OOD,28.82497862271475,0.8239969206324207,0.0008075169822197723,RELIABLE,RELIABLE,60.35575578005781,0.7504735825220427,0.0007354641108716017,RELIABLE,RELIABLE,137.25869291266304,0.7405390689705387,0.0007257282875911279,OOD,OOD,182.59313654102954,0.6900106851410857,0.000676210471438264,OOD,OOD
521,2,Digit 2,2,Digit 2,max_nhat,RELIABLE,RELIABLE,32.30442440842146,0.8056261160249075,0.0007895135937044094,4,0.05718689467458815,2,2,True,75.25708142840082,0.7472909951895913,0.0007323451752857995,UNRELIABLE,IDO,600.539311273156,0.6783012312024761,0.0006647352065784265,OOD,OOD,32.30442440842146,0.8056261160249075,0.0007895135937044094,RELIABLE,RELIABLE,93.92360660458233,0.738575184995573,0.0007238036812956615,OOD,OOD,138.26687776065987,0.7484392213503194,0.0007334704369233129,OOD,OOD,628.926935997656,0.6825932576645687,0.0006689413925112773,OOD,OOD
522,2,Digit 2,0,Digit 0,max_nhat,RELIABLE,RELIABLE,25.193331369850565,0.8321828376740291,0.0008155391809205485,2,0.05138844067271464,0,0,True,25.193331369850565,0.8321828376740291,0.0008155391809205485,RELIABLE,RELIABLE,339.83786838745084,0.73371093918727,0.0007190367204035246,OOD,OOD,43.88257108270319,0.7807943970013145,0.0007651785090612882,RELIABLE,RELIABLE,43.14220158852339,0.7734777685980715,0.0007580082132261101,RELIABLE,RELIABLE,364.3082347637628,0.7494062264659699,0.0007344181019366504,OOD,OOD,527.9892307762068,0.7256783342743349,0.0007111647675888482,OOD,OOD
523,2,Digit 2,2,Digit 2,max_nhat,RELIABLE,RELIABLE,21.80273305478934,0.8640099730432559,0.0008467297735823907,3,0.025831168766729307,2,2,True,58.23170898872553,0.7299547941832308,0.0007153556982995662,RELIABLE,RELIABLE,141.2177019358948,0.8360961185852643,0.0008193741962135591,OOD,OOD,21.80273305478934,0.8640099730432559,0.0008467297735823907,RELIABLE,RELIABLE,29.509063456975433,0.8381788042765266,0.000821415228190996,RELIABLE,RELIABLE,53.66247290120572,0.7729043322018478,0.0007574462455578109,RELIABLE,RELIABLE,148.9623649542586,0.7332420853478236,0.0007185772436408671,OOD,OOD
524,2,Digit 2,0,Digit 0,max_nhat,RELIABLE,RELIABLE,52.04375908393837,0.7931392770905848,0.0007772764915487732,2,0.005552301925863867,0,2,False,52.04375908393837,0.7931392770905848,0.0007772764915487732,RELIABLE,RELIABLE,666.8762588060496,0.7383272846720585,0.0007235607389786174,OOD,OOD,34.40619684928826,0.787586975164721,0.0007718352356614266,RELIABLE,RELIABLE,94.10701754795406,0.7263236465732691,0.0007117971736418036,OOD,OOD,78.70909994737549,0.7570881394241374,0.0007419463766356547,UNRELIABLE,IDO,347.37760633834694,0.7474199223060671,0.0007324715238599457,OOD,OOD
525,2,Digit 2,2,Digit 2,max_nhat,RELIABLE,RELIABLE,47.139668328160205,0.7609716263482676,0.0007457521938213022,0,0.03384741499355859,2,2,True,98.40276104069025,0.7271242113547091,0.0007125817271276148,OOD,OOD,1093.683675747572,0.6181270439593597,0.0006057645030801725,OOD,OOD,47.139668328160205,0.7609716263482676,0.0007457521938213022,RELIABLE,RELIABLE,88.86772710138115,0.6990819599358751,0.0006851003207371575,OOD,OOD,507.403744909891,0.7088191952507193,0.0006946428113457049,OOD,OOD,899.3484344065305,0.6529476539292602,0.000639888700850675,OOD,OOD
526,2,Digit 2,2,Digit 2,max_nhat,RELIABLE,RELIABLE,38.367784114944534,0.8061615736943131,0.0007900383422204268,3,0.011231688856103483,2,2,True,82.08655344782991,0.7279480872319867,0.0007133891254873469,UNRELIABLE,IDO,428.02424997050343,0.7276350627338969,0.0007130823614792189,OOD,OOD,38.367784114944534,0.8061615736943131,0.0007900383422204268,RELIABLE,RELIABLE,53.94288801284498,0.7949298848382096,0.0007790312871414454,RELIABLE,RELIABLE,158.48804080108678,0.7284567072213906,0.0007138875730769627,OOD,OOD,248.39374337810708,0.7066660485016626,0.0006925327275316293,OOD,OOD
527,2,Digit 2,2,Digit 2,max_nhat,RELIABLE,RELIABLE,18.481515165617086,0.861851293913365,0.0008446142680350977,0,0.046815572290595076,2,2,True,41.80746421885901,0.8150357216227699,0.0007987350071903145,RELIABLE,RELIABLE,204.56377533406857,0.729925854088475,0.0007153273370067055,OOD,OOD,18.481515165617086,0.861851293913365,0.0008446142680350977,RELIABLE,RELIABLE,50.692402264953515,0.813005313910641,0.0007967452076324281,RELIABLE,RELIABLE,111.63300255425051,0.7938081224622003,0.0007779319600129563,OOD,OOD,156.3161086806096,0.7224381837995539,0.0007079894201235628,OOD,OOD
528,2,Digit 2,4,Digit 4,max_nhat,RELIABLE,RELIABLE,39.328066123065845,0.8313299700889439,0.0008147033706871651,2,0.0060792802618704345,4,2,False,55.5158371211549,0.7572737785442715,0.0007421283029733861,RELIABLE,RELIABLE,220.40826687794643,0.8249523676840744,0.000808453320330393,OOD,OOD,27.410489611719072,0.8252506898270735,0.000808745676030532,RELIABLE,RELIABLE,31.974297881751433,0.8103448085189368,0.000794137912348558,RELIABLE,RELIABLE,39.328066123065845,0.8313299700889439,0.0008147033706871651,RELIABLE,RELIABLE,147.34623815373862,0.782015720000066,0.0007663754056000647,OOD,OOD
529,2,Digit 2,2,Digit 2,max_nhat,RELIABLE,RELIABLE,58.59496180679297,0.8147460652270717,0.0007984511439225303,1,0.04400019456064741,2,2,True,182.98703480374095,0.6673757347114063,0.0006540282200171782,OOD,OOD,189.7173597099333,0.7707458706664243,0.0007553309532530958,OOD,OOD,58.59496180679297,0.8147460652270717,0.0007984511439225303,RELIABLE,RELIABLE,174.30474791539208,0.7633705331225535,0.0007481031224601025,OOD,OOD,160.15024652815333,0.7428683709705771,0.0007280110035511655,OOD,OOD,255.50271874781524,0.6953906477573333,0.0006814828348021865,OOD,OOD
530,2,Digit 2,2,Digit 2,max_nhat,RELIABLE,RELIABLE,53.45985269302127,0.7914690760979305,0.0007756396945759719,4,0.03957871410033553,2,2,True,73.35696385106878,0.7490030402037867,0.0007340229793997109,UNRELIABLE,IDO,697.6912657070627,0.6808101169473123,0.000667193914608366,OOD,OOD,53.45985269302127,0.7914690760979305,0.0007756396945759719,RELIABLE,RELIABLE,71.84655596886246,0.7442645167939568,0.0007293792264580776,UNRELIABLE,IDO,306.26593322649774,0.751890361997595,0.000736852554757643,OOD,OOD,754.9680411343227,0.6562628628854149,0.0006431376056277066,OOD,OOD
531,2,Digit 2,2,Digit 2,max_nhat,RELIABLE,RELIABLE,20.61061524618562,0.8756407883173469,0.000858127972551,3,0.06987021055086473,2,2,True,75.02626530948216,0.7249406530090484,0.0007104418399488674,UNRELIABLE,IDO,177.17730822551826,0.739017125119837,0.0007242367826174402,OOD,OOD,20.61061524618562,0.8756407883173469,0.000858127972551,RELIABLE,RELIABLE,61.87341188497453,0.8057705777664822,0.0007896551662111525,RELIABLE,RELIABLE,94.69732809497219,0.7360108790863168,0.0007212906615045904,OOD,OOD,125.85667487078024,0.6799101476691144,0.0006663119447157321,OOD,OOD
532,2,Digit 2,4,Digit 4,max_nhat,RELIABLE,RELIABLE,29.241495881966717,0.8559721612764318,0.0008388527180509032,2,0.01484032059682694,4,2,False,46.392863443948556,0.8055764356799575,0.0007894649069663584,RELIABLE,RELIABLE,283.05044789584286,0.7634224033644191,0.0007481539552971308,OOD,OOD,22.72856814633644,0.8411318406796049,0.0008243092038660128,RELIABLE,RELIABLE,39.070260685029524,0.7899561420987268,0.0007741570192567523,RELIABLE,RELIABLE,29.241495881966717,0.8559721612764318,0.0008388527180509032,RELIABLE,RELIABLE,146.3673679949447,0.7530539673466287,0.000737992887999696,OOD,OOD
533,2,Digit 2,2,Digit 2,max_nhat,RELIABLE,RELIABLE,55.4523270854265,0.7702434471366079,0.0007548385781938757,0,0.033100688100867526,2,2,True,104.07242629921446,0.7371427590357403,0.0007223999038550255,OOD,OOD,750.1700038751214,0.6688072356925846,0.0006554310909787328,OOD,OOD,55.4523270854265,0.7702434471366079,0.0007548385781938757,RELIABLE,RELIABLE,132.8840361867586,0.6930533472181506,0.0006791922802737876,OOD,OOD,186.12663368713123,0.6756002171913681,0.0006620882128475407,OOD,OOD,624.9053606190907,0.6439548655314754,0.0006310757682208459,OOD,OOD
534,2,Digit 2,2,Digit 2,max_nhat,RELIABLE,RELIABLE,39.81712840661802,0.7702077955391672,0.0007548036396283839,1,0.006774282208530935,2,2,True,105.72263242295159,0.7089561747257019,0.0006947770512311878,OOD,OOD,427.62258246248047,0.7634335133306362,0.0007481648430640235,OOD,OOD,39.81712840661802,0.7702077955391672,0.0007548036396283839,RELIABLE,RELIABLE,104.08424645748087,0.7052234388866798,0.0006911189701089462,OOD,OOD,78.24013132086583,0.7622422901826995,0.0007469974443790455,UNRELIABLE,IDO,202.5631339241473,0.7503538634132271,0.0007353467861449625,OOD,OOD
535,2,Digit 2,2,Digit 2,max_nhat,RELIABLE,RELIABLE,55.50321306915841,0.7712643172075603,0.0007558390308634091,3,0.021150785912158132,2,2,True,387.36212546325464,0.651250076451533,0.0006382250749225023,OOD,OOD,1044.0932545277715,0.652213361964691,0.0006391690947253972,OOD,OOD,55.50321306915841,0.7712643172075603,0.0007558390308634091,RELIABLE,RELIABLE,129.65753008544303,0.7501135312954021,0.0007351112606694941,OOD,OOD,233.65245046508744,0.6720335261121592,0.0006585928555899159,OOD,OOD,767.5673142595243,0.6663659221366597,0.0006530386036939264,OOD,OOD
536,2,Digit 2,2,Digit 2,max_nhat,RELIABLE,RELIABLE,22.14411557302437,0.8413841799881899,0.0008245564963884261,4,0.05327161540833314,2,2,True,53.19218331125708,0.7851475904852415,0.0007694446386755367,RELIABLE,RELIABLE,481.55274833969395,0.7323277105446269,0.0007176811563337343,OOD,OOD,22.14411557302437,0.8413841799881899,0.0008245564963884261,RELIABLE,RELIABLE,81.18405076567642,0.7617079887194323,0.0007464738289450437,UNRELIABLE,IDO,42.78782939849945,0.7881125645798568,0.0007723503132882596,RELIABLE,RELIABLE,341.74591298232747,0.7308922844685529,0.0007162744387791819,OOD,OOD
537,2,Digit 2,2,Digit 2,max_nhat,RELIABLE,RELIABLE,20.81975603523864,0.8588724579871899,0.0008416950088274461,3,0.017642604557466912,2,2,True,76.03514203196222,0.7187628398150165,0.0007043875830187162,UNRELIABLE,IDO,105.91764023708504,0.7901821020258187,0.0007743784599853023,OOD,OOD,20.81975603523864,0.8588724579871899,0.0008416950088274461,RELIABLE,RELIABLE,70.35104449391076,0.841229853429723,0.0008244052563611286,UNRELIABLE,IDO,56.06873819302574,0.8128745282148174,0.000796617037650521,RELIABLE,RELIABLE,106.87085003198703,0.7737918224440475,0.0007583159859951666,OOD,OOD
538,2,Digit 2,2,Digit 2,max_nhat,RELIABLE,RELIABLE,24.938432868265142,0.8205806148556245,0.000804169002558512,3,0.01803488160255229,2,2,True,53.10299683578359,0.7877020647642375,0.0007719480234689527,RELIABLE,RELIABLE,235.26871876249305,0.6982850281901838,0.0006843193276263801,OOD,OOD,24.938432868265142,0.8205806148556245,0.000804169002558512,RELIABLE,RELIABLE,57.28473467457296,0.8025457332530722,0.0007864948185880107,RELIABLE,RELIABLE,187.97087720208782,0.7564866534179591,0.0007413569203495999,OOD,OOD,287.97971529943334,0.7269962085563563,0.0007124562843852291,OOD,OOD
539,2,Digit 2,2,Digit 2,max_nhat,RELIABLE,RELIABLE,21.325257622829813,0.8496357496298952,0.0008326430346372973,3,0.016172019214124922,2,2,True,71.7495595948039,0.7376555857948329,0.0007229024740789362,UNRELIABLE,IDO,51.14428478075154,0.8126262888098902,0.0007963737630336924,RELIABLE,RELIABLE,21.325257622829813,0.8496357496298952,0.0008326430346372973,RELIABLE,RELIABLE,47.60291450032351,0.8334637304157703,0.0008167944558074548,RELIABLE,RELIABLE,69.55239314173878,0.7677831545449864,0.0007524274914540866,UNRELIABLE,IDO,79.52233166742037,0.7398062678022272,0.0007250101424461827,UNRELIABLE,IDO
540,2,Digit 2,2,Digit 2,max_nhat,RELIABLE,RELIABLE,45.984380874274535,0.7777189813251695,0.0007621646016986661,4,0.015825166996537465,2,2,True,344.7100262176917,0.6511785979796856,0.0006381550260200918,OOD,OOD,768.0868774255903,0.7514201459111212,0.0007363917429928987,OOD,OOD,45.984380874274535,0.7777189813251695,0.0007621646016986661,RELIABLE,RELIABLE,92.60813040385946,0.7427762956109075,0.0007279207696986894,OOD,OOD,147.3086869386584,0.761893814328632,0.0007466559380420593,OOD,OOD,484.33730393471586,0.7119324676598114,0.0006976938183066152,OOD,OOD
541,2,Digit 2,2,Digit 2,max_nhat,RELIABLE,RELIABLE,43.1225948092642,0.7659764991172414,0.0007506569691348965,3,0.010696198227373999,2,2,True,122.22704286422763,0.6795626641484118,0.0006659714108654436,OOD,OOD,711.3294976972506,0.6506066848579437,0.0006375945511607848,OOD,OOD,43.1225948092642,0.7659764991172414,0.0007506569691348965,RELIABLE,RELIABLE,88.4408388880187,0.7552803008898674,0.0007401746948720701,OOD,OOD,136.90915341610963,0.6422144290455685,0.0006293701404646571,OOD,OOD,321.53268591957067,0.6766766158548976,0.0006631430835377996,OOD,OOD
542,2,Digit 2,2,Digit 2,max_nhat,RELIABLE,RELIABLE,22.598641719508677,0.8468235973252024,0.0008298871253786984,3,0.012325071642993013,2,2,True,42.85789278472376,0.7775436563167453,0.0007619927831904104,RELIABLE,RELIABLE,117.2877781670871,0.7570226892006546,0.0007418822354166415,OOD,OOD,22.598641719508677,0.8468235973252024,0.0008298871253786984,RELIABLE,RELIABLE,25.976467128636187,0.8344985256822094,0.0008178085551685651,RELIABLE,RELIABLE,90.03873134532166,0.7633331883437026,0.0007480665245768285,OOD,OOD,141.77107972421672,0.7009510821362853,0.0006869320604935596,OOD,OOD
543,2,Digit 2,3,Digit 3,max_nhat,RELIABLE,RELIABLE,26.73552098975123,0.8441481043521307,0.000827265142265088,2,0.024252600530799806,3,3,True,41.14462330050398,0.7672681240248229,0.0007519227615443264,RELIABLE,RELIABLE,89.28447657521264,0.7704387359018754,0.0007550299611838379,OOD,OOD,31.45504738311618,0.8198955038213309,0.0008034975937449043,RELIABLE,RELIABLE,26.73552098975123,0.8441481043521307,0.000827265142265088,RELIABLE,RELIABLE,46.84343090652184,0.7964060439795485,0.0007804779230999575,RELIABLE,RELIABLE,61.02532008698472,0.8098779349531557,0.0007936803762540926,RELIABLE,RELIABLE
544,2,Digit 2,2,Digit 2,max_nhat,RELIABLE,RELIABLE,16.16501639583668,0.8763516660948617,0.0008588246327729645,3,0.07112469447852765,2,2,True,54.09057482540034,0.7761901496693567,0.0007606663466759696,RELIABLE,RELIABLE,410.56422804384727,0.7638151617498196,0.0007485388585148231,OOD,OOD,16.16501639583668,0.8763516660948617,0.0008588246327729645,RELIABLE,RELIABLE,49.02863762157891,0.805226971616334,0.0007891224321840074,RELIABLE,RELIABLE,58.23567805256727,0.7555782152608543,0.0007404666509556372,RELIABLE,RELIABLE,350.10252364095834,0.7073194027356738,0.0006931730146809604,OOD,OOD
545,2,Digit 2,2,Digit 2,max_nhat,RELIABLE,RELIABLE,26.251991776573256,0.8192166215114698,0.0008028322890812404,3,0.08432969819495717,2,2,True,99.54369697682267,0.7273489038774061,0.000712801925799858,OOD,OOD,636.3589259826629,0.7007361185560448,0.0006867213961849239,OOD,OOD,26.251991776573256,0.8192166215114698,0.0008028322890812404,RELIABLE,RELIABLE,88.550181165823,0.7348869233165126,0.0007201891848501823,OOD,OOD,91.82291065598832,0.719936708195223,0.0007055379740313186,OOD,OOD,380.9298335305665,0.6164057322322669,0.0006040776175876215,OOD,OOD
546,2,Digit 2,2,Digit 2,max_nhat,RELIABLE,RELIABLE,21.060177150539175,0.8600867661338979,0.0008428850308112199,3,0.011469807927119158,2,2,True,31.944514338902756,0.8174105282885091,0.0008010623177227389,RELIABLE,RELIABLE,75.29891354753963,0.7391474511835128,0.0007243645021598425,UNRELIABLE,IDO,21.060177150539175,0.8600867661338979,0.0008428850308112199,RELIABLE,RELIABLE,27.03704671805648,0.8486169582067787,0.0008316446190426431,RELIABLE,RELIABLE,103.15482464975778,0.7847162053964718,0.0007690218812885423,OOD,OOD,165.27360623466072,0.7100821838052183,0.0006958805401291139,OOD,OOD
547,2,Digit 2,2,Digit 2,max_nhat,RELIABLE,RELIABLE,32.83693729572649,0.8274458877640818,0.0008108969700088001,3,0.03828874967664231,2,2,True,99.44816035767231,0.7167374348533604,0.0007024026861562931,OOD,OOD,168.3804799307045,0.7577960245421347,0.0007426401040512919,OOD,OOD,32.83693729572649,0.8274458877640818,0.0008108969700088001,RELIABLE,RELIABLE,82.05774727604859,0.7891571380874395,0.0007733739953256906,UNRELIABLE,IDO,167.0450608658349,0.7497382351024772,0.0007347434704004276,OOD,OOD,236.23492191312602,0.6498987482385871,0.0006369007732738153,OOD,OOD
548,2,Digit 2,2,Digit 2,max_nhat,UNRELIABLE,IDO,66.79283138803278,0.7307168882384705,0.0007161025504737011,0,0.044624108111137706,2,2,True,130.0092507635428,0.6860927801273328,0.0006723709245247861,OOD,OOD,763.4674424332293,0.5892588175624885,0.0005774736412112387,OOD,OOD,66.79283138803278,0.7307168882384705,0.0007161025504737011,UNRELIABLE,IDO,151.78091708817493,0.6718506750220684,0.000658413661521627,OOD,OOD,381.26367302911,0.6137163789026975,0.0006014420513246435,OOD,OOD,714.3494466218979,0.5722399576671248,0.0005607951585137823,OOD,OOD
549,2,Digit 2,2,Digit 2,max_nhat,RELIABLE,RELIABLE,26.485629817142133,0.8328671719864186,0.0008162098285466902,3,0.003405519670485746,2,2,True,97.56648391033555,0.7378898982032537,0.0007231321002391886,OOD,OOD,330.7774031828365,0.7553660084073757,0.0007402586882392281,OOD,OOD,26.485629817142133,0.8328671719864186,0.0008162098285466902,RELIABLE,RELIABLE,30.33314106093079,0.8294616523159328,0.0008128724192696141,RELIABLE,RELIABLE,86.87581824112313,0.751459434507831,0.0007364302458176744,OOD,OOD,120.01457092831315,0.7443885780585213,0.0007295008064973509,OOD,OOD
550,2,Digit 2,2,Digit 2,max_nhat,UNRELIABLE,IDO,74.25860252452179,0.756241459913628,0.0007411166307153554,0,0.03214129947728106,2,2,True,106.82573011732418,0.724100160436347,0.00070961815722762,OOD,OOD,797.2132921861335,0.6113165748114302,0.0005990902433152016,OOD,OOD,74.25860252452179,0.756241459913628,0.0007411166307153554,UNRELIABLE,IDO,111.24910763818384,0.6989799321585567,0.0006850003335153855,OOD,OOD,700.8474054038014,0.6848329991009113,0.000671136339118893,OOD,OOD,1118.414824429206,0.6506113247203809,0.0006375990982259732,OOD,OOD
551,2,Digit 2,2,Digit 2,max_nhat,RELIABLE,RELIABLE,20.277940874444926,0.856032623007021,0.0008389119705468805,3,0.02991223485810468,2,2,True,52.38889728190759,0.7841507277830378,0.0007684677132273771,RELIABLE,RELIABLE,208.205353707499,0.7199413255983144,0.0007055424990863481,OOD,OOD,20.277940874444926,0.856032623007021,0.0008389119705468805,RELIABLE,RELIABLE,44.214402508753395,0.8261203881489163,0.0008095979803859379,RELIABLE,RELIABLE,146.79610585461782,0.7113025365431436,0.0006970764858122806,OOD,OOD,307.90716010046253,0.6797929303232305,0.0006661970717167659,OOD,OOD
552,2,Digit 2,2,Digit 2,max_nhat,RELIABLE,RELIABLE,14.598482362649634,0.8884651711985122,0.0008706958677745419,3,0.04182633642565714,2,2,True,37.74161542690504,0.8028672390805238,0.0007868098942989133,RELIABLE,RELIABLE,66.44093995682825,0.8256471220148128,0.0008091341795745166,UNRELIABLE,IDO,14.598482362649634,0.8884651711985122,0.0008706958677745419,RELIABLE,RELIABLE,32.60262801805194,0.8466388347728551,0.000829706058077398,RELIABLE,RELIABLE,45.05874761962585,0.8153672705524736,0.0007990599251414242,RELIABLE,RELIABLE,67.94946537952586,0.7832571538212589,0.0007675920107448337,UNRELIABLE,IDO
553,2,Digit 2,2,Digit 2,max_nhat,RELIABLE,RELIABLE,26.301306506461696,0.8423461638176403,0.0008254992405412875,3,0.017308396843449425,2,2,True,47.006712051737985,0.7684787572751431,0.0007531091821296402,RELIABLE,RELIABLE,106.28483252171829,0.7700435922008995,0.0007546427203568815,OOD,OOD,26.301306506461696,0.8423461638176403,0.0008254992405412875,RELIABLE,RELIABLE,30.049716027980065,0.8250377669741908,0.000808537011634707,RELIABLE,RELIABLE,93.25435754573755,0.7857047256995768,0.0007699906311855853,OOD,OOD,114.9860186387497,0.7517207216550654,0.0007366863072219641,OOD,OOD
554,2,Digit 2,2,Digit 2,max_nhat,RELIABLE,RELIABLE,42.141585336274424,0.7844303484956263,0.0007687417415257137,3,0.02413426920778794,2,2,True,65.71049418000061,0.7280676659218975,0.0007135063126034595,UNRELIABLE,IDO,555.4547775128121,0.6594015719108566,0.0006462135404726394,OOD,OOD,42.141585336274424,0.7844303484956263,0.0007687417415257137,RELIABLE,RELIABLE,68.08336633796593,0.7602960792878384,0.0007450901577020815,UNRELIABLE,IDO,465.56719162659545,0.7087871691970405,0.0006946114258130997,OOD,OOD,700.3101027141972,0.6413251541402951,0.0006284986510574892,OOD,OOD
555,2,Digit 2,2,Digit 2,max_nhat,RELIABLE,RELIABLE,43.7034769731299,0.7773417618538305,0.0007617949266167539,3,0.0009624776807749535,2,2,True,138.85575776713,0.6961140357076613,0.000682191754993508,OOD,OOD,623.1016702692679,0.7314560162472524,0.0007168268959223073,OOD,OOD,43.7034769731299,0.7773417618538305,0.0007617949266167539,RELIABLE,RELIABLE,87.73288385718317,0.7763792841730556,0.0007608516984895944,OOD,OOD,158.2755033266727,0.7092160545101719,0.0006950317334199685,OOD,OOD,600.9301461740494,0.6942839279386257,0.0006803982493798532,OOD,OOD
556,2,Digit 2,1,Digit 1,max_nhat,OOD,OOD,350.98524209399955,0.814645786900005,0.0007983528711620048,2,0.00019077286124213888,1,2,False,114.14891119746244,0.6821045990925931,0.0006684625071107413,OOD,OOD,350.98524209399955,0.814645786900005,0.0007983528711620048,OOD,OOD,38.031612771232645,0.8144550140387629,0.0007981659137579876,RELIABLE,RELIABLE,73.36503292605573,0.7959978280711599,0.0007800778715097367,UNRELIABLE,IDO,127.62971853684384,0.7268986936015539,0.0007123607197295228,OOD,OOD,312.3491351000259,0.6805287638342377,0.0006669181885575529,OOD,OOD
557,2,Digit 2,0,Digit 0,max_nhat,RELIABLE,RELIABLE,25.92777442284497,0.8542798181894924,0.0008371942218257025,2,0.024887619879002676,0,2,False,25.92777442284497,0.8542798181894924,0.0008371942218257025,RELIABLE,RELIABLE,619.6069116740332,0.6824256135165614,0.0006687771012462301,OOD,OOD,24.332316129524568,0.8293921983104897,0.0008128043543442799,RELIABLE,RELIABLE,43.07794113599306,0.8183922974917812,0.0008020244515419456,RELIABLE,RELIABLE,104.6763758342573,0.7244941563173898,0.0007100042731910419,OOD,OOD,346.9625364460016,0.6684585724353487,0.0006550894009866417,OOD,OOD
558,2,Digit 2,2,Digit 2,max_nhat,RELIABLE,RELIABLE,44.16183564189085,0.7968713833760463,0.0007809339557085254,0,0.027880266246423813,2,2,True,59.85791435618351,0.7689911171296225,0.00075361129478703,RELIABLE,RELIABLE,244.78658563158396,0.6979002306852709,0.0006839422260715654,OOD,OOD,44.16183564189085,0.7968713833760463,0.0007809339557085254,RELIABLE,RELIABLE,68.85683667362282,0.7681551544088719,0.0007527920513206945,UNRELIABLE,IDO,484.8919182430302,0.7613802964247902,0.0007461526904962944,OOD,OOD,591.2415401653553,0.7183492031220453,0.0007039822190596044,OOD,OOD
559,2,Digit 2,2,Digit 2,max_nhat,RELIABLE,RELIABLE,37.79170201827628,0.8150400810941705,0.000798739279472287,3,0.047457144521787065,2,2,True,65.84382679897817,0.7551990329473004,0.0007400950522883544,UNRELIABLE,IDO,435.7165656208998,0.7132447956015068,0.0006989798996894766,OOD,OOD,37.79170201827628,0.8150400810941705,0.000798739279472287,RELIABLE,RELIABLE,87.78992232472916,0.7675829365723834,0.0007522312778409357,OOD,OOD,306.220195722936,0.7419059069348035,0.0007270677887961074,OOD,OOD,423.93295430128563,0.6970038030946889,0.0006830637270327951,OOD,OOD
560,2,Digit 2,4,Digit 4,max_nhat,RELIABLE,RELIABLE,52.52941811950045,0.8568395737428215,0.000839702782267965,2,0.002960143473246024,4,2,False,40.961491821612455,0.7776195841757401,0.0007620671924922252,RELIABLE,RELIABLE,74.57308504861147,0.8422364506593115,0.0008253917216461253,UNRELIABLE,IDO,19.328426189992243,0.8538794302695755,0.000836801841664184,RELIABLE,RELIABLE,33.117071964091565,0.8210273442819913,0.0008046067973963515,RELIABLE,RELIABLE,52.52941811950045,0.8568395737428215,0.000839702782267965,RELIABLE,RELIABLE,49.95110915186504,0.8274531156756895,0.0008109040533621757,RELIABLE,RELIABLE
561,2,Digit 2,2,Digit 2,max_nhat,RELIABLE,RELIABLE,38.801821859489756,0.7874013490877102,0.000771653322105956,0,0.04446465595203297,2,2,True,76.44144509132684,0.7429366931356772,0.0007280779592729636,UNRELIABLE,IDO,534.2078000980692,0.6076325740837595,0.0005954799226020842,OOD,OOD,38.801821859489756,0.7874013490877102,0.000771653322105956,RELIABLE,RELIABLE,96.99415939536154,0.7268525983856415,0.0007123155464179286,OOD,OOD,354.6169263620118,0.7060623832252363,0.0006919411355607315,OOD,OOD,703.468722019344,0.6359558907448755,0.0006232367729299779,OOD,OOD
562,2,Digit 2,2,Digit 2,max_nhat,RELIABLE,RELIABLE,34.63616862605982,0.812503549620748,0.0007962534786283331,0,0.012059412438193862,2,2,True,44.949386014214475,0.8004441371825541,0.000784435254438903,RELIABLE,RELIABLE,418.24393938702445,0.6811132910981929,0.000667491025276229,OOD,OOD,34.63616862605982,0.812503549620748,0.0007962534786283331,RELIABLE,RELIABLE,56.566237089046055,0.7821675075201758,0.0007665241573697723,RELIABLE,RELIABLE,127.3576304277606,0.754836273791384,0.0007397395483155563,OOD,OOD,181.1174742277219,0.7630440637326278,0.0007477831824579752,OOD,OOD
563,2,Digit 2,0,Digit 0,max_nhat,RELIABLE,RELIABLE,52.443811050292155,0.7618148980716494,0.0007465786001102163,2,0.013581080952759894,0,0,True,52.443811050292155,0.7618148980716494,0.0007465786001102163,RELIABLE,RELIABLE,924.7809454070809,0.6823516759467194,0.000668704642427785,OOD,OOD,58.454701429839666,0.7482338171188895,0.0007332691407765117,RELIABLE,RELIABLE,97.60775287252518,0.701757470034231,0.0006877223206335463,OOD,OOD,259.8156717855071,0.6744176702254371,0.0006609293168209283,OOD,OOD,733.5069960386024,0.6291623100165373,0.0006165790638162066,OOD,OOD
564,2,Digit 2,2,Digit 2,max_nhat,RELIABLE,RELIABLE,37.1795683187623,0.832986891284749,0.000816327153459054,3,0.07903019517728316,2,2,True,53.97653542455009,0.7423578018327716,0.0007275106457961161,RELIABLE,RELIABLE,1244.3681306580347,0.6623936232987058,0.0006491457508327317,OOD,OOD,37.1795683187623,0.832986891284749,0.000816327153459054,RELIABLE,RELIABLE,93.0882412559374,0.7539566961074659,0.0007388775621853165,OOD,OOD,100.92155271418673,0.7214570849121887,0.0007070279432139449,OOD,OOD,528.7561915169001,0.711096170833766,0.0006968742474170906,OOD,OOD
565,2,Digit 2,1,Digit 1,max_nhat,OOD,OOD,529.3703157461647,0.8391168495130936,0.0008223345125228318,2,0.012258160779453076,1,2,False,355.1995317874721,0.6963584346390282,0.0006824312659462476,OOD,OOD,529.3703157461647,0.8391168495130936,0.0008223345125228318,OOD,OOD,28.04541948026777,0.8268586887336405,0.0008103215149589677,RELIABLE,RELIABLE,57.3800442967257,0.8018187924075216,0.0007857824165593712,RELIABLE,RELIABLE,133.94318350610374,0.7737733525354952,0.0007582978854847852,OOD,OOD,327.107907663614,0.7448083564778577,0.0007299121893483005,OOD,OOD
566,2,Digit 2,2,Digit 2,max_nhat,RELIABLE,RELIABLE,24.02703503615506,0.8268067014497109,0.0008102705674207166,3,0.0342959576957117,2,2,True,100.19406375755669,0.7131012924516074,0.0006988392666025752,OOD,OOD,335.04000282351285,0.7057306525602659,0.0006916160395090606,OOD,OOD,24.02703503615506,0.8268067014497109,0.0008102705674207166,RELIABLE,RELIABLE,88.55123174804855,0.7925107437539992,0.0007766605288789192,OOD,OOD,122.63552699096888,0.63505143765104,0.0006223504088980192,OOD,OOD,339.152762828003,0.6154710553051072,0.000603161634199005,OOD,OOD
567,2,Digit 2,2,Digit 2,max_nhat,RELIABLE,RELIABLE,29.441958205346694,0.818605974559158,0.0008022338550679747,3,0.014334173028879627,2,2,True,94.15182213765698,0.7135012257522052,0.0006992312012371611,OOD,OOD,236.8971100473266,0.7419171905506386,0.0007270788467396258,OOD,OOD,29.441958205346694,0.818605974559158,0.0008022338550679747,RELIABLE,RELIABLE,69.16883862262111,0.8042718015302783,0.0007881863654996727,UNRELIABLE,IDO,132.38714750847572,0.6822497796331721,0.0006686047840405087,OOD,OOD,269.24906775294676,0.6768281882947663,0.000663291624528871,OOD,OOD
568,2,Digit 2,2,Digit 2,max_nhat,RELIABLE,RELIABLE,21.916397532220483,0.8541752428519735,0.000837091737994934,3,0.033209229454875255,2,2,True,69.38891161372833,0.721761022807023,0.0007073258023508825,UNRELIABLE,IDO,305.23738028840114,0.7266348896975384,0.0007121021919035876,OOD,OOD,21.916397532220483,0.8541752428519735,0.000837091737994934,RELIABLE,RELIABLE,43.19038204421321,0.8209660133970983,0.0008045466931291563,RELIABLE,RELIABLE,62.738340334529546,0.7709256896732983,0.0007555071758798324,UNRELIABLE,IDO,193.06053103279618,0.7053836078071395,0.0006912759356509967,OOD,OOD
569,2,Digit 2,2,Digit 2,max_nhat,RELIABLE,RELIABLE,46.77840536552448,0.7607248789297819,0.0007455103813511862,3,0.02918409280434997,2,2,True,142.03884937010037,0.6589439437613591,0.0006457650648861319,OOD,OOD,384.19950217522614,0.7074314277450423,0.0006932827991901414,OOD,OOD,46.77840536552448,0.7607248789297819,0.0007455103813511862,RELIABLE,RELIABLE,60.69290132411615,0.7315407861254319,0.0007169099704029233,RELIABLE,RELIABLE,103.11397599189412,0.7101547566132331,0.0006959516614809684,OOD,OOD,241.81992478634675,0.7149139112555184,0.000700615633030408,OOD,OOD
570,2,Digit 2,2,Digit 2,max_nhat,RELIABLE,RELIABLE,35.28596462129693,0.8033480925437221,0.0007872811306928476,3,0.08600074612071507,2,2,True,114.8173042336378,0.6809641384121289,0.0006673448556438863,OOD,OOD,725.2412615968215,0.636451361126428,0.0006237223339038994,OOD,OOD,35.28596462129693,0.8033480925437221,0.0007872811306928476,RELIABLE,RELIABLE,133.11212265709406,0.717347346423007,0.0007030003994945469,OOD,OOD,155.9482954314829,0.6899557460841629,0.0006761566311624796,OOD,OOD,462.1111846282268,0.6392024646965868,0.0006264184154026551,OOD,OOD
571,2,Digit 2,3,Digit 3,max_nhat,UNRELIABLE,IDO,73.14643651202954,0.8226834237371798,0.0008062297552624362,2,0.009863101919755035,3,2,False,90.96664866458039,0.7256951444206734,0.0007111812415322599,OOD,OOD,222.52153865763592,0.6989831659591953,0.0006850035026400113,OOD,OOD,31.467188949044466,0.8128203218174248,0.0007965639153810763,RELIABLE,RELIABLE,73.14643651202954,0.8226834237371798,0.0008062297552624362,UNRELIABLE,IDO,175.92641501421863,0.6976678020397932,0.0006837144459989973,OOD,OOD,224.96682908824457,0.6358609554832186,0.0006231437363735542,OOD,OOD
572,2,Digit 2,2,Digit 2,max_nhat,RELIABLE,RELIABLE,22.804705614782293,0.838705916672163,0.0008219317983387197,4,0.025903336144002975,2,2,True,66.25458510637789,0.7485931696727034,0.0007336213062792493,UNRELIABLE,IDO,258.971415766689,0.7787078930731531,0.0007631337352116901,OOD,OOD,22.804705614782293,0.838705916672163,0.0008219317983387197,RELIABLE,RELIABLE,64.29670899139354,0.7429954581490982,0.0007281355489861162,UNRELIABLE,IDO,38.669714967107126,0.81280258052816,0.0007965465289175968,RELIABLE,RELIABLE,134.16276085747165,0.7905883742548514,0.0007747766067697544,OOD,OOD
573,2,Digit 2,2,Digit 2,max_nhat,RELIABLE,RELIABLE,14.001247853873073,0.8827169620322375,0.0008650626227915927,3,0.06065116314096142,2,2,True,47.39184796928732,0.7763276100535605,0.0007608010578524893,RELIABLE,RELIABLE,224.5684187358026,0.7606951616192077,0.0007454812583868235,OOD,OOD,14.001247853873073,0.8827169620322375,0.0008650626227915927,RELIABLE,RELIABLE,45.39765057261544,0.8220657988912761,0.0008056244829134506,RELIABLE,RELIABLE,81.84871905876149,0.7531870441595337,0.0007381233032763431,UNRELIABLE,IDO,137.1664833052386,0.7197212648669382,0.0007053268395695994,OOD,OOD
574,2,Digit 2,2,Digit 2,max_nhat,RELIABLE,RELIABLE,19.63364166486206,0.847536134147717,0.0008305854114647627,4,0.07525590932970971,2,2,True,74.51591974324427,0.736519833714083,0.0007217894370398013,UNRELIABLE,IDO,466.796863021101,0.760971299022626,0.0007457518730421734,OOD,OOD,19.63364166486206,0.847536134147717,0.0008305854114647627,RELIABLE,RELIABLE,77.00686959595552,0.7628394210285793,0.0007475826326080076,UNRELIABLE,IDO,71.33604099398649,0.7722802248180073,0.0007568346203216471,UNRELIABLE,IDO,295.59724758142045,0.7426739349976224,0.0007278204562976699,OOD,OOD
575,2,Digit 2,2,Digit 2,max_nhat,RELIABLE,RELIABLE,36.37209343646925,0.7843385165798702,0.0007686517462482728,0,0.00693362299470035,2,2,True,87.16765611449438,0.7774048935851698,0.0007618567957134665,OOD,OOD,1003.2977673688807,0.6518067708275594,0.0006387706354110082,OOD,OOD,36.37209343646925,0.7843385165798702,0.0007686517462482728,RELIABLE,RELIABLE,114.30503008036005,0.7381567518407246,0.00072339361680391,OOD,OOD,137.8162185421849,0.7527403707122753,0.0007376855632980297,OOD,OOD,953.4096070597514,0.6666110341866417,0.0006532788135029089,OOD,OOD
576,2,Digit 2,2,Digit 2,max_nhat,RELIABLE,RELIABLE,25.005192038722093,0.8347655608415756,0.0008180702496247441,3,0.024312587034721833,2,2,True,71.81363468204763,0.7009177678621166,0.0006868994125048743,UNRELIABLE,IDO,417.1401264895049,0.669196207364552,0.0006558122832172609,OOD,OOD,25.005192038722093,0.8347655608415756,0.0008180702496247441,RELIABLE,RELIABLE,63.7228529442709,0.8104529738068538,0.0007942439143307166,UNRELIABLE,IDO,284.1489675394183,0.7509416977375027,0.0007359228637827526,OOD,OOD,401.3757953335894,0.6862557494002807,0.0006725306344122751,OOD,OOD
577,2,Digit 2,2,Digit 2,max_nhat,RELIABLE,RELIABLE,22.28052634840604,0.8564922063031727,0.0008393623621771092,3,0.017643784167642784,2,2,True,80.19708301033609,0.761775214066566,0.0007465397097852347,UNRELIABLE,IDO,315.94532903916183,0.7205281352807079,0.0007061175725750937,OOD,OOD,22.28052634840604,0.8564922063031727,0.0008393623621771092,RELIABLE,RELIABLE,27.823760333838628,0.8388484221355299,0.0008220714536928193,RELIABLE,RELIABLE,60.514563078091086,0.7498426312378185,0.0007348457786130621,RELIABLE,RELIABLE,94.83283053120275,0.7123784855624142,0.0006981309158511659,OOD,OOD
578,2,Digit 2,2,Digit 2,max_nhat,RELIABLE,RELIABLE,36.65171553338731,0.8320547859143111,0.0008154136901960249,3,0.0582374875572198,2,2,True,124.14356487874724,0.7243556172044698,0.0007098685048603804,OOD,OOD,261.7790106886753,0.7610189115084511,0.0007457985332782821,OOD,OOD,36.65171553338731,0.8320547859143111,0.0008154136901960249,RELIABLE,RELIABLE,129.12677329490413,0.7738172983570913,0.0007583409523899495,OOD,OOD,144.63298378097323,0.7484789232455027,0.0007335093447805927,OOD,OOD,238.4874091459552,0.6879690604154615,0.0006742096792071522,OOD,OOD
579,2,Digit 2,2,Digit 2,max_nhat,RELIABLE,RELIABLE,39.83481341180485,0.7729536973674682,0.0007574946234201189,3,0.01681984873557385,2,2,True,106.0419657920146,0.6562869576508001,0.0006431612184977842,OOD,OOD,298.7290487884464,0.6566373107188208,0.0006435045645044444,OOD,OOD,39.83481341180485,0.7729536973674682,0.0007574946234201189,RELIABLE,RELIABLE,69.54571954657165,0.7561338486318944,0.0007410111716592564,UNRELIABLE,IDO,121.88740547077947,0.622005456336781,0.0006095653472100453,OOD,OOD,306.3664369359052,0.6007041513245474,0.0005886900682980563,OOD,OOD
580,2,Digit 2,0,Digit 0,max_nhat,OOD,OOD,128.4461579057302,0.7858815166375066,0.0007701638863047564,2,0.020579678830718873,0,2,False,128.4461579057302,0.7858815166375066,0.0007701638863047564,OOD,OOD,954.3233921063415,0.7052008346087721,0.0006910968179165966,OOD,OOD,44.37663307511219,0.7653018378067877,0.000749995801050652,RELIABLE,RELIABLE,176.02729734876567,0.7118610095653857,0.0006976237893740779,OOD,OOD,136.9770864700097,0.7565880790798654,0.0007414563174982681,OOD,OOD,451.37124931640665,0.6195162452146964,0.0006071259203104025,OOD,OOD
581,2,Digit 2,2,Digit 2,max_nhat,RELIABLE,RELIABLE,28.442858982109552,0.817226599748738,0.0008008820677537633,3,0.014553232866415522,2,2,True,77.7868814020381,0.7235064119459591,0.0007090362837070399,UNRELIABLE,IDO,332.7279543036746,0.6712342146031212,0.0006578095303110587,OOD,OOD,28.442858982109552,0.817226599748738,0.0008008820677537633,RELIABLE,RELIABLE,87.43314128263388,0.8026733668823225,0.0007866198995446761,OOD,OOD,66.97884914274748,0.7529731828518252,0.0007379137191947887,UNRELIABLE,IDO,225.23021562931112,0.7234224548752677,0.0007089540057777623,OOD,OOD
582,2,Digit 2,2,Digit 2,max_nhat,RELIABLE,RELIABLE,28.802840311621196,0.8135400374464244,0.0007972692366974959,3,0.02056574084122076,2,2,True,135.6770653328805,0.7512161365649723,0.0007361918138336728,OOD,OOD,690.0993185463524,0.7060380757374101,0.0006919173142226618,OOD,OOD,28.802840311621196,0.8135400374464244,0.0007972692366974959,RELIABLE,RELIABLE,34.97037344047753,0.7929742966052037,0.0007771148106730996,RELIABLE,RELIABLE,85.81002113931476,0.7682714126100619,0.0007529059843578606,OOD,OOD,240.00201466012138,0.6806329312959195,0.0006670202726700011,OOD,OOD
583,2,Digit 2,4,Digit 4,max_nhat,RELIABLE,RELIABLE,48.04777554438918,0.8456170519100369,0.0008287047108718361,2,0.006910012431862733,4,2,False,54.50613562273048,0.7757588902800642,0.0007602437124744629,RELIABLE,RELIABLE,672.4920971038302,0.760512404156626,0.0007453021560734935,OOD,OOD,22.66341338980756,0.8387070394781742,0.0008219328986886107,RELIABLE,RELIABLE,63.47603782541487,0.7478483285371397,0.0007328913619663969,UNRELIABLE,IDO,48.04777554438918,0.8456170519100369,0.0008287047108718361,RELIABLE,RELIABLE,403.5403098927538,0.7242995182079212,0.0007098135278437627,OOD,OOD
584,2,Digit 2,2,Digit 2,max_nhat,RELIABLE,RELIABLE,33.378278638080225,0.8178778799768084,0.0008015203223772722,3,0.07606683378385226,2,2,True,91.94411796478133,0.7349195963473761,0.0007202212044204286,OOD,OOD,621.3780589489138,0.6009315760404776,0.000588912944519668,OOD,OOD,33.378278638080225,0.8178778799768084,0.0008015203223772722,RELIABLE,RELIABLE,79.12554087894883,0.7418110461929561,0.000726974825269097,UNRELIABLE,IDO,393.7347865617162,0.7143017099449113,0.000700015675746013,OOD,OOD,686.0436218957774,0.6503616078269634,0.0006373543756704242,OOD,OOD
585,2,Digit 2,3,Digit 3,max_nhat,RELIABLE,RELIABLE,23.32749587399551,0.8457272872806896,0.0008288127415350758,2,0.002091143907811399,3,3,True,34.37623348924556,0.8021476480490285,0.0007861046950880479,RELIABLE,RELIABLE,184.35904852658712,0.8064780646066737,0.0007903485033145402,OOD,OOD,23.893108781937553,0.8436361433728782,0.0008267634205054206,RELIABLE,RELIABLE,23.32749587399551,0.8457272872806896,0.0008288127415350758,RELIABLE,RELIABLE,76.99077711209782,0.791928215503851,0.0007760896511937739,UNRELIABLE,IDO,112.03045776637617,0.7707987290081563,0.0007553827544279931,OOD,OOD
586,2,Digit 2,2,Digit 2,max_nhat,RELIABLE,RELIABLE,49.657701354627136,0.799754706101013,0.0007837596119789926,0,0.019450052076470215,2,0,False,44.02060505240561,0.7803046540245427,0.0007646985609440519,RELIABLE,RELIABLE,726.4864580362434,0.628779217316138,0.0006162036329698152,OOD,OOD,49.657701354627136,0.799754706101013,0.0007837596119789926,RELIABLE,RELIABLE,71.6646055288274,0.759496507479606,0.0007443065773300138,UNRELIABLE,IDO,388.8929149009478,0.7640233832965544,0.0007487429156306232,OOD,OOD,864.8136852277345,0.6580886777530663,0.000644926904198005,OOD,OOD
587,2,Digit 2,3,Digit 3,max_nhat,RELIABLE,RELIABLE,61.86440266299468,0.8434078679609466,0.0008265397106017276,2,0.0001972271315945351,3,2,False,59.34370091425793,0.7496748149489229,0.0007346813186499444,RELIABLE,RELIABLE,118.9090588608259,0.7289824792627334,0.0007144028296774787,OOD,OOD,21.906316945703754,0.843210640829352,0.0008263464280127649,RELIABLE,RELIABLE,61.86440266299468,0.8434078679609466,0.0008265397106017276,RELIABLE,RELIABLE,75.51157082759872,0.7791932114916467,0.0007636093472618138,UNRELIABLE,IDO,123.32305552802511,0.751373569956796,0.0007363460985576601,OOD,OOD
588,2,Digit 2,2,Digit 2,max_nhat,RELIABLE,RELIABLE,48.99132125403195,0.7640110392482651,0.0007487308184632997,3,0.04186078163793705,2,2,True,213.0160876966144,0.6417747136350377,0.0006289392193623369,OOD,OOD,643.1844715928839,0.708598832454863,0.0006944268558057657,OOD,OOD,48.99132125403195,0.7640110392482651,0.0007487308184632997,RELIABLE,RELIABLE,193.49872737377902,0.722150257610328,0.0007077072524581215,OOD,OOD,190.78864597034183,0.7129336002832265,0.000698674928277562,OOD,OOD,316.6822416207719,0.6801098197797112,0.0006665076233841169,OOD,OOD
589,2,Digit 2,2,Digit 2,max_nhat,RELIABLE,RELIABLE,19.27865585144885,0.8663185802572761,0.0008489922086521306,3,0.01564568163777935,2,2,True,73.77556540027072,0.732461132543589,0.0007178119098927172,UNRELIABLE,IDO,273.27823058244496,0.7905914200681529,0.0007747795916667897,OOD,OOD,19.27865585144885,0.8663185802572761,0.0008489922086521306,RELIABLE,RELIABLE,36.171517559267315,0.8506728986194968,0.0008336594406471069,RELIABLE,RELIABLE,85.5801968087949,0.8064153121111406,0.0007902870058689177,OOD,OOD,171.09217032038737,0.7702252650978182,0.0007548207597958618,OOD,OOD
590,2,Digit 2,2,Digit 2,max_nhat,UNRELIABLE,IDO,64.31826010537299,0.8221658217085916,0.0008057225052744198,3,0.05079765409679671,2,2,True,191.41206071716005,0.6626053032009375,0.0006493531971369187,OOD,OOD,692.1366963407696,0.6790586725609028,0.0006654774991096847,OOD,OOD,64.31826010537299,0.8221658217085916,0.0008057225052744198,UNRELIABLE,IDO,133.43423517126564,0.7713681676117949,0.000755940804259559,OOD,OOD,271.70653534205417,0.66320107270689,0.0006499370512527522,OOD,OOD,431.6111532155403,0.6166032029676116,0.0006042711389082593,OOD,OOD
591,2,Digit 2,2,Digit 2,max_nhat,RELIABLE,RELIABLE,20.34882727483975,0.8711023612518578,0.0008536803140268206,3,0.01180251961681067,2,2,True,51.458649982538404,0.7336504519399669,0.0007189774429011675,RELIABLE,RELIABLE,160.7109744740667,0.7647598553331157,0.0007494646582264534,OOD,OOD,20.34882727483975,0.8711023612518578,0.0008536803140268206,RELIABLE,RELIABLE,31.077708625592685,0.8592998416350471,0.0008421138448023462,RELIABLE,RELIABLE,60.78484361394194,0.8090364352112338,0.0007928557065070091,RELIABLE,RELIABLE,90.74475495708117,0.757506820961139,0.0007423566845419162,OOD,OOD
592,2,Digit 2,2,Digit 2,max_nhat,RELIABLE,RELIABLE,25.03101160641577,0.831264431481084,0.0008146391428514622,4,0.0015992335760447451,2,2,True,68.71854235712607,0.7517131180046085,0.0007366788556445163,UNRELIABLE,IDO,157.5397874824671,0.7878674301857307,0.000772110081582016,OOD,OOD,25.03101160641577,0.831264431481084,0.0008146391428514622,RELIABLE,RELIABLE,51.935467569256815,0.7860485579207174,0.000770327586762303,RELIABLE,RELIABLE,37.414632324789565,0.8296651979050392,0.0008130718939469385,RELIABLE,RELIABLE,101.46492745114054,0.7471663570664403,0.0007322230299251115,OOD,OOD
593,2,Digit 2,2,Digit 2,max_nhat,RELIABLE,RELIABLE,15.076460364487094,0.8907722071342842,0.0008729567629915984,3,0.01798392269685334,2,2,True,37.32426637931801,0.79204841684969,0.0007762074485126962,RELIABLE,RELIABLE,246.32085385764563,0.8136923256689081,0.00079741847915553,OOD,OOD,15.076460364487094,0.8907722071342842,0.0008729567629915984,RELIABLE,RELIABLE,17.587340226720833,0.8727882844374308,0.0008553325187486822,RELIABLE,RELIABLE,34.680952046686116,0.8334617424066373,0.0008167925075585046,RELIABLE,RELIABLE,80.05084693865348,0.7681373265172161,0.0007527745799868718,UNRELIABLE,IDO
594,2,Digit 2,2,Digit 2,max_nhat,RELIABLE,RELIABLE,16.669518568193553,0.8692647440657363,0.0008518794491844215,3,0.07135493445655383,2,2,True,70.86352690559228,0.7456125822482154,0.0007307003306032511,UNRELIABLE,IDO,565.5232450596352,0.6857083176402167,0.0006719941512874123,OOD,OOD,16.669518568193553,0.8692647440657363,0.0008518794491844215,RELIABLE,RELIABLE,64.77526506742092,0.7979098096091825,0.0007819516134169988,UNRELIABLE,IDO,154.20272935492147,0.751530903565604,0.0007365002854942919,OOD,OOD,352.6258779564514,0.6983310706665806,0.000684364449253249,OOD,OOD
595,2,Digit 2,2,Digit 2,max_nhat,RELIABLE,RELIABLE,28.695219956644344,0.8486352361066857,0.000831662531384552,1,0.07162516494760796,2,2,True,139.15025232711827,0.6674999884416918,0.0006541499886728579,OOD,OOD,254.51964000602462,0.7770100711590777,0.0007614698697358961,OOD,OOD,28.695219956644344,0.8486352361066857,0.000831662531384552,RELIABLE,RELIABLE,77.47452435638414,0.7655583741315678,0.0007502472066489365,UNRELIABLE,IDO,114.03689081564373,0.7340658271411309,0.0007193845105983082,OOD,OOD,230.28369675166272,0.6752519602212939,0.000661746921016868,OOD,OOD
596,2,Digit 2,2,Digit 2,max_nhat,RELIABLE,RELIABLE,37.218018405464996,0.8679438460810357,0.000850584969159415,3,0.08080672564437097,2,2,True,135.84138666554236,0.7177864148624267,0.0007034306865651781,OOD,OOD,145.69654138447555,0.7621656226870094,0.0007469223102332692,OOD,OOD,37.218018405464996,0.8679438460810357,0.000850584969159415,RELIABLE,RELIABLE,129.74727467656226,0.7871371204366647,0.0007713943780279314,OOD,OOD,111.64662028158459,0.7744128057595985,0.0007589245496444065,OOD,OOD,162.6820575249989,0.7142459239114219,0.0006999610054331935,OOD,OOD
597,2,Digit 2,3,Digit 3,max_nhat,RELIABLE,RELIABLE,52.94654868350885,0.8091772296155906,0.0007929936850232787,2,0.015520689456274384,3,2,False,88.43528631237689,0.7522611981435885,0.0007372159741807167,OOD,OOD,467.8894216867693,0.6724738550922151,0.0006590243779903708,OOD,OOD,32.55355595076945,0.7936565401593162,0.0007777834093561298,RELIABLE,RELIABLE,52.94654868350885,0.8091772296155906,0.0007929936850232787,RELIABLE,RELIABLE,124.09417570857045,0.7379418182891835,0.0007231829819233997,OOD,OOD,397.4811128816601,0.6843007176920372,0.0006706147033381964,OOD,OOD
598,2,Digit 2,2,Digit 2,max_nhat,RELIABLE,RELIABLE,41.66235048108086,0.7726614040345546,0.0007572081759538636,3,0.020581305809345696,2,2,True,109.68878032373566,0.703184925345099,0.000689121226838197,OOD,OOD,919.497388418976,0.676638441035608,0.0006631056722148958,OOD,OOD,41.66235048108086,0.7726614040345546,0.0007572081759538636,RELIABLE,RELIABLE,105.27251005200272,0.7520800982252089,0.0007370384962607047,OOD,OOD,184.586066378051,0.6833492551950074,0.0006696822700911073,OOD,OOD,723.003548325823,0.6024290018955814,0.0005903804218576697,OOD,OOD
599,2,Digit 2,2,Digit 2,max_nhat,RELIABLE,RELIABLE,46.32098763520558,0.8222066943041623,0.000805762560418079,3,0.0798304205061664,2,2,True,175.2908436241069,0.635315499428012,0.0006226091894394517,OOD,OOD,471.8638896462776,0.7104548502644502,0.0006962457532591612,OOD,OOD,46.32098763520558,0.8222066943041623,0.000805762560418079,RELIABLE,RELIABLE,104.43729866789712,0.7423762737979959,0.0007275287483220359,OOD,OOD,142.18959297355622,0.7117913238712624,0.0006975554973938371,OOD,OOD,387.37552355224904,0.6798856283763741,0.0006662879158088466,OOD,OOD
600,3,Digit 3,7,Digit 2,max_nhat,OOD,OOD,466.18777455163246,0.6939755324902241,0.0006800960218404196,3,0.0047585589596675915,7,3,False,253.47905683388183,0.6491959666575217,0.0006362120473243712,OOD,OOD,1608.1345706552954,0.5814690663215716,0.0005698396849951401,OOD,OOD,112.52338701376864,0.6496436624367843,0.0006366507891880486,OOD,OOD,84.15565724379566,0.6892169735305566,0.0006754326340599454,UNRELIABLE,IDO,195.19948385706792,0.6487531676427737,0.0006357781042899182,OOD,OOD,466.18777455163246,0.6939755324902241,0.0006800960218404196,OOD,OOD
601,3,Digit 3,3,Digit 3,max_nhat,RELIABLE,RELIABLE,37.522964649584296,0.8331149229682118,0.0008164526245088475,1,0.041691712808222814,3,3,True,77.95795070384891,0.7269506716642345,0.0007124116582309498,UNRELIABLE,IDO,165.50566341985913,0.791423210159989,0.0007755947459567892,OOD,OOD,60.616660754434804,0.7774554812087457,0.0007619063715845709,RELIABLE,RELIABLE,37.522964649584296,0.8331149229682118,0.0008164526245088475,RELIABLE,RELIABLE,356.18185975921256,0.7502283046457875,0.0007352237385528718,OOD,OOD,370.11387195085,0.7591326761174589,0.0007439500225951098,OOD,OOD
602,3,Digit 3,3,Digit 3,max_nhat,UNRELIABLE,IDO,82.18379668028072,0.755238447263212,0.0007401336783179477,7,0.014169332698325876,3,3,True,168.2804751395621,0.6420066780642576,0.0006291665445029725,OOD,OOD,974.2698498536438,0.6715148313552951,0.0006580845347281892,OOD,OOD,125.32511201962383,0.7382613007577621,0.0007234960747426069,OOD,OOD,82.18379668028072,0.755238447263212,0.0007401336783179477,UNRELIABLE,IDO,121.35983545787974,0.6931435740782462,0.0006792807025966812,OOD,OOD,209.2853557983413,0.7410691145648861,0.0007262477322735884,OOD,OOD
603,3,Digit 3,1,Digit 1,max_nhat,UNRELIABLE,IDO,81.96843886782548,0.8472985726571867,0.000830352601204043,3,0.012646421423499254,1,3,False,86.90673632103643,0.7130710998108472,0.0006988096778146302,OOD,OOD,81.96843886782548,0.8472985726571867,0.000830352601204043,UNRELIABLE,IDO,58.15870988601243,0.8179174822148596,0.0008015591325705624,RELIABLE,RELIABLE,28.95219376962126,0.8346521512336874,0.0008179591082090136,RELIABLE,RELIABLE,74.54027666145323,0.7380634541147216,0.0007233021850324272,UNRELIABLE,IDO,71.4739546869308,0.7756255500951927,0.0007601130390932889,UNRELIABLE,IDO
604,3,Digit 3,3,Digit 3,max_nhat,UNRELIABLE,IDO,79.87676830021744,0.7483546147949751,0.0007333875224990756,0,0.0016588014650990024,3,4,False,91.24839482031285,0.7466958133298761,0.0007317618970632785,OOD,OOD,1158.1687858879168,0.6858091486700136,0.0006720929656966134,OOD,OOD,82.67869209773137,0.722545600551941,0.0007080946885409021,UNRELIABLE,IDO,79.87676830021744,0.7483546147949751,0.0007333875224990756,UNRELIABLE,IDO,74.97663026679862,0.7377340426146969,0.0007229793617624029,UNRELIABLE,IDO,115.95971599027669,0.7305969837310561,0.000715985044056435,OOD,OOD
605,3,Digit 3,3,Digit 3,max_nhat,RELIABLE,RELIABLE,29.459605478567596,0.8296013643787741,0.0008130093370911985,2,0.02216142662264242,3,3,True,70.99664844170672,0.6915539722418482,0.0006777228927970112,UNRELIABLE,IDO,119.98623340823627,0.7886193198841215,0.0007728469334864391,OOD,OOD,45.48427414262979,0.8074399377561317,0.000791291139001009,RELIABLE,RELIABLE,29.459605478567596,0.8296013643787741,0.0008130093370911985,RELIABLE,RELIABLE,211.092487044696,0.732399463594437,0.0007177514743225482,OOD,OOD,209.31128978338032,0.7676413050629884,0.0007522884789617286,OOD,OOD
606,3,Digit 3,3,Digit 3,max_nhat,RELIABLE,RELIABLE,11.67188991401608,0.900313707295167,0.0008823074331492637,2,0.04223222780417479,3,3,True,36.477458672323145,0.7891830265471457,0.0007733993660162027,RELIABLE,RELIABLE,106.90064075785287,0.8278104663785177,0.0008112542570509473,OOD,OOD,23.28838595605443,0.8580814794909922,0.0008409198499011723,RELIABLE,RELIABLE,11.67188991401608,0.900313707295167,0.0008823074331492637,RELIABLE,RELIABLE,41.73225527219864,0.792094245438548,0.000776252360529777,RELIABLE,RELIABLE,55.46984123379114,0.7513353839554605,0.0007363086762763513,RELIABLE,RELIABLE
607,3,Digit 3,2,Digit 2,max_nhat,RELIABLE,RELIABLE,28.629505348741898,0.8235573658199737,0.0008070862185035742,3,0.006963772681262026,2,2,True,154.19603639938035,0.727630527745253,0.000713077917190348,OOD,OOD,618.9089711403723,0.7584245591293791,0.0007432560679467915,OOD,OOD,28.629505348741898,0.8235573658199737,0.0008070862185035742,RELIABLE,RELIABLE,31.924587488017092,0.8165935931387117,0.0008002617212759374,RELIABLE,RELIABLE,79.71946432091637,0.7560515558447565,0.0007409305247278613,UNRELIABLE,IDO,214.73738322871193,0.7237150555266291,0.0007092407544160964,OOD,OOD
608,3,Digit 3,1,Digit 1,max_nhat,UNRELIABLE,IDO,78.27719553196515,0.8644034281318879,0.0008471153595692501,3,0.0022816823440129363,1,3,False,57.145684220238934,0.7628873689402966,0.0007476296215614906,RELIABLE,RELIABLE,78.27719553196515,0.8644034281318879,0.0008471153595692501,UNRELIABLE,IDO,30.44811833713861,0.8035094455882782,0.0007874392566765126,RELIABLE,RELIABLE,18.144100034247817,0.8621217457878749,0.0008448793108721174,RELIABLE,RELIABLE,71.51538590197192,0.75246839159562,0.0007374190237637075,UNRELIABLE,IDO,81.56861295559463,0.7696038736880186,0.0007542117962142582,UNRELIABLE,IDO
609,3,Digit 3,3,Digit 3,max_nhat,RELIABLE,RELIABLE,47.348494507629155,0.8080510906125407,0.0007918900688002899,2,0.04043801243195522,3,3,True,79.57561851337508,0.7174859758646857,0.0007031362563473919,UNRELIABLE,IDO,297.5606736364351,0.7294365063366991,0.0007148477762099651,OOD,OOD,55.52629869752718,0.7676130781805854,0.0007522608166169737,RELIABLE,RELIABLE,47.348494507629155,0.8080510906125407,0.0007918900688002899,RELIABLE,RELIABLE,69.49580311830567,0.7285155627263268,0.0007139452514718002,UNRELIABLE,IDO,103.11778510834858,0.7380366349988231,0.0007232759022988466,OOD,OOD
610,3,Digit 3,3,Digit 3,max_nhat,RELIABLE,RELIABLE,9.571867437240671,0.917859459544314,0.0008995022703534277,2,0.07491461959483281,3,3,True,45.852458313965585,0.7870306321037711,0.0007712900194616957,RELIABLE,RELIABLE,145.56519752145354,0.760270224296294,0.0007450648198103681,OOD,OOD,27.451720095871213,0.8429448399494812,0.0008260859431504916,RELIABLE,RELIABLE,9.571867437240671,0.917859459544314,0.0008995022703534277,RELIABLE,RELIABLE,64.73348755676193,0.7577166243489134,0.0007425622918619351,UNRELIABLE,IDO,88.95543817880957,0.7395793413428723,0.0007247877545160148,OOD,OOD
611,3,Digit 3,3,Digit 3,max_nhat,RELIABLE,RELIABLE,34.162955170952856,0.8016753421232559,0.0007856418352807907,0,0.06118277990241883,3,3,True,86.05636419834244,0.740492562220837,0.0007256827109764203,OOD,OOD,426.04319772049195,0.65667405316247,0.0006435405720992205,OOD,OOD,74.34771864622905,0.7140966981752079,0.0006998147642117038,UNRELIABLE,IDO,34.162955170952856,0.8016753421232559,0.0007856418352807907,RELIABLE,RELIABLE,271.54520405103017,0.7341637275089885,0.0007194804529588087,OOD,OOD,323.525077100971,0.6958669992249421,0.0006819496592404432,OOD,OOD
612,3,Digit 3,3,Digit 3,max_nhat,RELIABLE,RELIABLE,36.242433862488376,0.8150184122180159,0.0007987180439736555,0,0.05245068414886889,3,3,True,57.80913199158597,0.762567728069147,0.000747316373507764,RELIABLE,RELIABLE,298.251090721809,0.7563828268211213,0.0007412551702846989,OOD,OOD,52.16260123385121,0.7564830169812915,0.0007413533566416657,RELIABLE,RELIABLE,36.242433862488376,0.8150184122180159,0.0007987180439736555,RELIABLE,RELIABLE,441.2600245135725,0.7529889621820683,0.0007379291829384269,OOD,OOD,493.7649881315066,0.6901878973582175,0.0006763841394110532,OOD,OOD
613,3,Digit 3,3,Digit 3,max_nhat,RELIABLE,RELIABLE,26.22432774337117,0.8447818539437527,0.0008278862168648776,2,0.03156566370196878,3,3,True,54.959917005514214,0.7540133443325528,0.0007389330774459018,RELIABLE,RELIABLE,315.4302402160628,0.7657699401842643,0.0007504545413805789,OOD,OOD,41.513914306422386,0.8132161902417839,0.0007969518664369482,RELIABLE,RELIABLE,26.22432774337117,0.8447818539437527,0.0008278862168648776,RELIABLE,RELIABLE,51.17501535446668,0.7908765573175535,0.0007750590261712024,RELIABLE,RELIABLE,105.526721841984,0.707731835785747,0.0006935771990700321,OOD,OOD
614,3,Digit 3,3,Digit 3,max_nhat,RELIABLE,RELIABLE,14.273457724267857,0.884376703527737,0.0008666891694571823,1,0.037449552059852786,3,3,True,51.38187438602008,0.7854904289150579,0.0007697806203367568,RELIABLE,RELIABLE,155.7700282451359,0.8469271514678842,0.0008299886084385265,OOD,OOD,28.376836619968454,0.8193735888413369,0.0008029861170645102,RELIABLE,RELIABLE,14.273457724267857,0.884376703527737,0.0008666891694571823,RELIABLE,RELIABLE,43.36664461491813,0.7998106047197273,0.0007838143926253327,RELIABLE,RELIABLE,63.25909608892596,0.77675750359213,0.0007612223535202874,UNRELIABLE,IDO
615,3,Digit 3,3,Digit 3,max_nhat,RELIABLE,RELIABLE,38.654831406792,0.8420056056254772,0.0008251654935129677,2,0.06297934973918462,3,3,True,146.92413620958177,0.7408445683956602,0.0007260276770277469,OOD,OOD,722.8786005676652,0.6635940983929929,0.000650322216425133,OOD,OOD,42.01338279184543,0.7790262558862926,0.0007634457307685667,RELIABLE,RELIABLE,38.654831406792,0.8420056056254772,0.0008251654935129677,RELIABLE,RELIABLE,103.47415070431576,0.7384071740444146,0.0007236390305635263,OOD,OOD,221.10148525859697,0.7074841848681456,0.0006933345011707826,OOD,OOD
616,3,Digit 3,3,Digit 3,max_nhat,RELIABLE,RELIABLE,11.367260388996016,0.9080622549081434,0.0008899010098099805,2,0.0630747721066246,3,3,True,46.277443461905,0.7960599071011525,0.0007801387089591295,RELIABLE,RELIABLE,197.66938381610655,0.789786170217993,0.0007739904468136331,OOD,OOD,26.345948018977225,0.8449874828015188,0.0008280877331454884,RELIABLE,RELIABLE,11.367260388996016,0.9080622549081434,0.0008899010098099805,RELIABLE,RELIABLE,107.30798950349654,0.7029940978791258,0.0006889342159215433,OOD,OOD,170.1211846136316,0.6854689090450993,0.0006717595308641973,OOD,OOD
617,3,Digit 3,3,Digit 3,max_nhat,OOD,OOD,98.4022104846079,0.7047599449502603,0.0006906647460512551,7,0.04222009874667498,3,3,True,432.5451320096945,0.6429387608001674,0.0006300799855841641,OOD,OOD,1065.5622294752052,0.5380168100798607,0.0005272564738782635,OOD,OOD,111.97188409519488,0.6579361732952487,0.0006447774498293437,OOD,OOD,98.4022104846079,0.7047599449502603,0.0006906647460512551,OOD,OOD,383.96834903464935,0.6614647263673042,0.0006482354318399582,OOD,OOD,579.6596560873155,0.6625398462035853,0.0006492890492795136,OOD,OOD
618,3,Digit 3,7,Digit 2,max_nhat,RELIABLE,RELIABLE,28.411645686659153,0.8621044767013302,0.0008448623871673036,3,0.00255547648262322,7,3,False,70.38522858097258,0.691203473102037,0.0006773794036399962,UNRELIABLE,IDO,114.46705125011056,0.7849776862185607,0.0007692781324941894,OOD,OOD,30.182866929757353,0.8308996615336636,0.0008142816683029902,RELIABLE,RELIABLE,22.94914010334512,0.859549000218707,0.0008423580202143328,RELIABLE,RELIABLE,26.681205436875675,0.8444990254568746,0.0008276090449477371,RELIABLE,RELIABLE,28.411645686659153,0.8621044767013302,0.0008448623871673036,RELIABLE,RELIABLE
619,3,Digit 3,0,Digit 0,max_nhat,OOD,OOD,95.35733016594149,0.7313432209758882,0.0007167163565563704,3,0.024092096170538868,0,2,False,95.35733016594149,0.7313432209758882,0.0007167163565563704,OOD,OOD,887.9677495461617,0.6240756529095461,0.0006115941398513552,OOD,OOD,69.89185809762924,0.7042666877403967,0.0006901813539855888,UNRELIABLE,IDO,72.91552524066951,0.7072511248053494,0.0006931061023092423,UNRELIABLE,IDO,270.52543074835626,0.6952419467810858,0.000681337107845464,OOD,OOD,687.9358013957185,0.6386102689692267,0.0006258380635898421,OOD,OOD
620,3,Digit 3,3,Digit 3,max_nhat,RELIABLE,RELIABLE,38.14708996310657,0.8280400903121264,0.0008114792885058839,2,0.033126664315817234,3,2,False,168.56331343575562,0.694936618070466,0.0006810378857090567,OOD,OOD,623.6446200920478,0.7366632806569388,0.0007219300150437999,OOD,OOD,36.86223563164573,0.7949134259963092,0.000779015157476383,RELIABLE,RELIABLE,38.14708996310657,0.8280400903121264,0.0008114792885058839,RELIABLE,RELIABLE,107.87964094904478,0.7003514670764642,0.000686344437734935,OOD,OOD,330.547990430417,0.7221602043414213,0.0007077170002545929,OOD,OOD
621,3,Digit 3,1,Digit 1,max_nhat,OOD,OOD,292.61139476676567,0.8106641824583974,0.0007944508988092294,3,0.01968784671557866,1,3,False,207.51403002041928,0.7383965046832616,0.0007236285745895963,OOD,OOD,292.61139476676567,0.8106641824583974,0.0007944508988092294,OOD,OOD,204.87956508917682,0.7824782510154039,0.0007668286859950958,OOD,OOD,117.6101640112695,0.7909763357428188,0.0007751568090279624,OOD,OOD,223.75362091075831,0.7234816271180734,0.0007090119945757119,OOD,OOD,131.22330084016153,0.7550860012641921,0.0007399842812389082,OOD,OOD
622,3,Digit 3,3,Digit 3,max_nhat,RELIABLE,RELIABLE,33.31546651374958,0.8252480760180613,0.0008087431144977001,2,0.08959662633151455,3,3,True,80.73355802735348,0.7192782772377205,0.0007048927116929661,UNRELIABLE,IDO,298.4721236991863,0.6933502166210905,0.0006794832122886687,OOD,OOD,73.17681478365417,0.7356514496865467,0.0007209384206928157,UNRELIABLE,IDO,33.31546651374958,0.8252480760180613,0.0008087431144977001,RELIABLE,RELIABLE,114.54234451300218,0.7199389656877815,0.0007055401863740259,OOD,OOD,119.0443668397056,0.7149743134520992,0.0007006748271830572,OOD,OOD
623,3,Digit 3,3,Digit 3,max_nhat,RELIABLE,RELIABLE,11.173089151111714,0.904105329408083,0.0008860232228199213,2,0.039070410010585865,3,3,True,44.23368755573739,0.8097636615582485,0.0007935683883270835,RELIABLE,RELIABLE,55.66433313421764,0.8565561335344729,0.0008394250108637834,RELIABLE,RELIABLE,23.203190124927712,0.8650349193974971,0.0008477342210095471,RELIABLE,RELIABLE,11.173089151111714,0.904105329408083,0.0008860232228199213,RELIABLE,RELIABLE,71.5280413202675,0.7839372807506527,0.0007682585351356396,UNRELIABLE,IDO,91.40096435770621,0.7585893668979159,0.0007434175795599575,OOD,OOD
624,3,Digit 3,3,Digit 3,max_nhat,RELIABLE,RELIABLE,27.904182680827297,0.8403602489433649,0.0008235530439644976,0,0.032232978025617975,3,3,True,34.327593511782034,0.8081272709177469,0.0007919647254993919,RELIABLE,RELIABLE,458.1230031437896,0.6867821147533356,0.0006730464724582689,OOD,OOD,49.85585239640793,0.7828886612770751,0.0007672308880515336,RELIABLE,RELIABLE,27.904182680827297,0.8403602489433649,0.0008235530439644976,RELIABLE,RELIABLE,546.914241348816,0.734268692446968,0.0007195833185980286,OOD,OOD,601.6438708881296,0.6854508064112912,0.0006717417902830653,OOD,OOD
625,3,Digit 3,3,Digit 3,max_nhat,RELIABLE,RELIABLE,29.779081970665402,0.82558561154319,0.0008090738993123262,1,0.0040027770536040785,3,2,False,60.659224011411695,0.7454213134088536,0.0007305128871406766,RELIABLE,RELIABLE,72.26374442157702,0.8215828344895859,0.0008051511777997941,UNRELIABLE,IDO,29.47742051957109,0.8151317351429656,0.0007988291004401062,RELIABLE,RELIABLE,29.779081970665402,0.82558561154319,0.0008090738993123262,RELIABLE,RELIABLE,57.25340962269831,0.7526472033068576,0.0007375942592407204,RELIABLE,RELIABLE,74.83867407437333,0.7338901200724419,0.000719212317670993,UNRELIABLE,IDO
626,3,Digit 3,3,Digit 3,max_nhat,RELIABLE,RELIABLE,15.388216148700758,0.8802513460198474,0.0008626463190994504,2,0.022758248490313604,3,3,True,37.642694499958786,0.7975791332220358,0.0007816275505575951,RELIABLE,RELIABLE,217.69392085936124,0.7378706277338096,0.0007231132151791335,OOD,OOD,24.148734572610497,0.8574930975295338,0.0008403432355789431,RELIABLE,RELIABLE,15.388216148700758,0.8802513460198474,0.0008626463190994504,RELIABLE,RELIABLE,78.66816261253882,0.7717989444903847,0.0007563629656005769,UNRELIABLE,IDO,96.61633367368607,0.7168075629069267,0.0007024714116487882,OOD,OOD
627,3,Digit 3,3,Digit 3,max_nhat,RELIABLE,RELIABLE,21.510647420936394,0.8572973476950762,0.0008401514007411746,2,0.0946877320413203,3,3,True,150.14574777067676,0.7256836012248911,0.0007111699292003932,OOD,OOD,288.8260831413778,0.7071917552701302,0.0006930479201647276,OOD,OOD,45.815691099323146,0.7626096156537558,0.0007473574233406807,RELIABLE,RELIABLE,21.510647420936394,0.8572973476950762,0.0008401514007411746,RELIABLE,RELIABLE,166.66498822890193,0.6855037913608312,0.0006717937155336145,OOD,OOD,198.66413845010212,0.7011521558707742,0.0006871291127533587,OOD,OOD
628,3,Digit 3,3,Digit 3,max_nhat,RELIABLE,RELIABLE,20.266592991359317,0.8557684586687427,0.0008386530894953679,0,0.0673094818196508,3,3,True,57.83892255642223,0.7884589768490919,0.0007726897973121101,RELIABLE,RELIABLE,319.6631886290192,0.6891160352146901,0.0006753337145103963,OOD,OOD,50.83482289385187,0.7528999327625151,0.0007378419341072648,RELIABLE,RELIABLE,20.266592991359317,0.8557684586687427,0.0008386530894953679,RELIABLE,RELIABLE,219.00335463950242,0.7319211868375828,0.0007172827631008311,OOD,OOD,312.6775974093638,0.703425024463511,0.0006893565239742408,OOD,OOD
629,3,Digit 3,3,Digit 3,max_nhat,RELIABLE,RELIABLE,10.674841264130352,0.9049017034419435,0.0008868036693731046,2,0.06438639883565178,3,3,True,31.206093056267505,0.8157864362337792,0.0007994707075091036,RELIABLE,RELIABLE,84.3784920886739,0.7939051401151415,0.0007780270373128386,UNRELIABLE,IDO,24.871426969950065,0.8405153046062918,0.0008237049985141659,RELIABLE,RELIABLE,10.674841264130352,0.9049017034419435,0.0008868036693731046,RELIABLE,RELIABLE,53.65657027070133,0.7938654620210778,0.0007779881527806561,RELIABLE,RELIABLE,64.6625144693502,0.7792186771778654,0.000763634303634308,UNRELIABLE,IDO
630,3,Digit 3,3,Digit 3,max_nhat,RELIABLE,RELIABLE,16.977702478749755,0.8783756438369618,0.0008608081309602225,2,0.05069153701186946,3,3,True,53.71732622777083,0.7335586958751897,0.0007188875219576859,RELIABLE,RELIABLE,132.577548071541,0.7938591119044266,0.000777981929666338,OOD,OOD,29.46646607272071,0.8276841068250923,0.0008111304246885905,RELIABLE,RELIABLE,16.977702478749755,0.8783756438369618,0.0008608081309602225,RELIABLE,RELIABLE,59.02807459298095,0.7842153324687581,0.0007685310258193829,RELIABLE,RELIABLE,71.77189992844617,0.8018295770884482,0.0007857929855466792,UNRELIABLE,IDO
631,3,Digit 3,3,Digit 3,max_nhat,RELIABLE,RELIABLE,45.827073665968975,0.771038147990575,0.0007556173850307634,2,0.07411489926787385,3,3,True,106.96178293282848,0.6853192083224218,0.0006716128241559733,OOD,OOD,442.8461413292325,0.590669265303557,0.0005788558799974859,OOD,OOD,82.479014233536,0.6969232487227012,0.0006829847837482472,UNRELIABLE,IDO,45.827073665968975,0.771038147990575,0.0007556173850307634,RELIABLE,RELIABLE,439.43440200571507,0.6539791981736319,0.0006408996142101593,OOD,OOD,551.8808006273504,0.6361990902459727,0.0006234751084410532,OOD,OOD
632,3,Digit 3,3,Digit 3,max_nhat,RELIABLE,RELIABLE,43.51496276327943,0.8108362439651674,0.000794619519085864,2,0.0040753976541798576,3,2,False,60.715267897467854,0.753569727726731,0.0007384983331721964,RELIABLE,RELIABLE,364.5207773926843,0.7740200065966557,0.0007585396064647225,OOD,OOD,40.5760339392366,0.8067608463109875,0.0007906256293847678,RELIABLE,RELIABLE,43.51496276327943,0.8108362439651674,0.000794619519085864,RELIABLE,RELIABLE,411.564229467295,0.7712819154511664,0.0007558562771421431,OOD,OOD,427.00229169682683,0.7238971282429192,0.0007094191856780608,OOD,OOD
633,3,Digit 3,3,Digit 3,max_nhat,RELIABLE,RELIABLE,23.097189588386737,0.832639763089236,0.0008159869678274513,0,0.06705533212823156,3,3,True,78.31883486387088,0.7655844309610045,0.0007502727423417844,UNRELIABLE,IDO,231.2113877180394,0.7185645985912399,0.0007041933066194151,OOD,OOD,56.41898759184935,0.7575763333321657,0.0007424248066655223,RELIABLE,RELIABLE,23.097189588386737,0.832639763089236,0.0008159869678274513,RELIABLE,RELIABLE,81.77220030891422,0.7436733919818985,0.0007287999241422606,UNRELIABLE,IDO,104.7816537190844,0.7554073746370648,0.0007402992271443235,OOD,OOD
634,3,Digit 3,3,Digit 3,max_nhat,RELIABLE,RELIABLE,17.952209353586674,0.862865928289991,0.0008456086097241911,2,0.055240901793844,3,3,True,73.61719602433224,0.7533902438614007,0.0007383224389841727,UNRELIABLE,IDO,105.99274357169136,0.7999936055216649,0.0007839937334112316,OOD,OOD,49.08680273636518,0.807625026496147,0.000791472525966224,RELIABLE,RELIABLE,17.952209353586674,0.862865928289991,0.0008456086097241911,RELIABLE,RELIABLE,72.99067398791762,0.7568778462602214,0.000741740289335017,UNRELIABLE,IDO,91.4967863618512,0.765470905881088,0.0007501614877634663,OOD,OOD
635,3,Digit 3,3,Digit 3,max_nhat,RELIABLE,RELIABLE,12.901190330823303,0.8934957011328165,0.0008756257871101601,2,0.07533513465247854,3,3,True,59.67615340765933,0.7537508451084949,0.000738675828206325,RELIABLE,RELIABLE,233.80129379538693,0.7880893477081384,0.0007723275607539756,OOD,OOD,31.082170460021903,0.818160566480338,0.0008017973551507312,RELIABLE,RELIABLE,12.901190330823303,0.8934957011328165,0.0008756257871101601,RELIABLE,RELIABLE,56.08939203964965,0.8000095354439309,0.0007840093447350523,RELIABLE,RELIABLE,85.07231821883695,0.7578224023985585,0.0007426659543505873,UNRELIABLE,IDO
636,3,Digit 3,3,Digit 3,max_nhat,RELIABLE,RELIABLE,18.87649718251604,0.8625001166146342,0.0008452501142823415,2,0.09892189805536789,3,3,True,93.76303190011046,0.6975974527154911,0.0006836455036611813,OOD,OOD,266.67738155422336,0.6995701908994076,0.0006855787870814195,OOD,OOD,67.68168442445487,0.7635782185592663,0.000748306654188081,UNRELIABLE,IDO,18.87649718251604,0.8625001166146342,0.0008452501142823415,RELIABLE,RELIABLE,97.78543509196419,0.7079571179490121,0.0006937979755900318,OOD,OOD,111.91429362174085,0.7286350020150651,0.0007140623019747638,OOD,OOD
637,3,Digit 3,3,Digit 3,max_nhat,RELIABLE,RELIABLE,16.468953634539012,0.8751318177190978,0.0008576291813647157,2,0.06782886747678984,3,3,True,37.37935664092614,0.803902763461324,0.0007878247081920975,RELIABLE,RELIABLE,134.99980289844166,0.7792995973501982,0.0007637136054031942,OOD,OOD,42.01905357534905,0.8073029502423079,0.0007911568912374618,RELIABLE,RELIABLE,16.468953634539012,0.8751318177190978,0.0008576291813647157,RELIABLE,RELIABLE,50.18684406552015,0.7491974899057173,0.000734213540107603,RELIABLE,RELIABLE,50.68929877950552,0.7997356461279497,0.0007837409332053907,RELIABLE,RELIABLE
638,3,Digit 3,3,Digit 3,max_nhat,RELIABLE,RELIABLE,28.337366969036776,0.8585305972972512,0.0008413599853513062,0,0.022788049223542495,3,0,False,24.660506693775368,0.8357425480737087,0.0008190276971122345,RELIABLE,RELIABLE,376.28011683159457,0.7497018465368909,0.000734707809606153,OOD,OOD,34.51187861084794,0.8128233802566096,0.0007965669126514774,RELIABLE,RELIABLE,28.337366969036776,0.8585305972972512,0.0008413599853513062,RELIABLE,RELIABLE,158.36467351645368,0.726027348656059,0.0007115068016829378,OOD,OOD,194.5154592309866,0.7190165328203965,0.0007046362021639885,OOD,OOD
639,3,Digit 3,3,Digit 3,max_nhat,RELIABLE,RELIABLE,17.27211324453684,0.8826511689204525,0.0008649981455420434,2,0.07617959165383248,3,3,True,75.9555018966573,0.7325869152590789,0.0007179351769538973,UNRELIABLE,IDO,135.1653324868163,0.7689835535399706,0.0007536038824691711,OOD,OOD,41.29503703083733,0.80647157726662,0.0007903421457212876,RELIABLE,RELIABLE,17.27211324453684,0.8826511689204525,0.0008649981455420434,RELIABLE,RELIABLE,96.7081389099288,0.737385191333808,0.0007226374875071318,OOD,OOD,102.3857760057806,0.7503274812016744,0.0007353209315776409,OOD,OOD
640,3,Digit 3,3,Digit 3,max_nhat,RELIABLE,RELIABLE,28.56015228515737,0.8396823675525814,0.0008228887202015297,7,0.018222424715255592,3,3,True,73.488520165734,0.7521126476613017,0.0007370703947080756,UNRELIABLE,IDO,349.46237837340925,0.7438954407329026,0.0007290175319182445,OOD,OOD,48.05704025785685,0.8161137806066437,0.0007997915049945108,RELIABLE,RELIABLE,28.56015228515737,0.8396823675525814,0.0008228887202015297,RELIABLE,RELIABLE,34.2969691891974,0.813843013646111,0.0007975661533731887,RELIABLE,RELIABLE,36.42358959044729,0.8214599428373258,0.0008050307439805793,RELIABLE,RELIABLE
641,3,Digit 3,3,Digit 3,max_nhat,RELIABLE,RELIABLE,12.93498285556754,0.8963188899350327,0.000878392512136332,2,0.1136792203840602,3,3,True,85.3024350796968,0.729277311231259,0.0007146917650066338,UNRELIABLE,IDO,271.31868479831735,0.6697168531572053,0.0006563225160940611,OOD,OOD,42.30248401897113,0.7826396695509725,0.0007669868761599531,RELIABLE,RELIABLE,12.93498285556754,0.8963188899350327,0.000878392512136332,RELIABLE,RELIABLE,92.99588822131437,0.7107940537856822,0.0006965781727099685,OOD,OOD,114.43149021239842,0.7382227433788897,0.0007234582885113119,OOD,OOD
642,3,Digit 3,3,Digit 3,max_nhat,RELIABLE,RELIABLE,49.00700706249431,0.8228688733753757,0.0008064114959078682,7,0.020697445159359007,3,3,True,98.07384841973001,0.7335427426781882,0.0007188718878246244,OOD,OOD,357.9756691287853,0.7322905041364967,0.0007176446940537667,OOD,OOD,89.23606501292171,0.7865793769591446,0.0007708477894199617,OOD,OOD,49.00700706249431,0.8228688733753757,0.0008064114959078682,RELIABLE,RELIABLE,57.147122589431106,0.7684176075932068,0.0007530492554413427,RELIABLE,RELIABLE,50.63349831528488,0.8021714282160167,0.0007861279996516963,RELIABLE,RELIABLE
643,3,Digit 3,3,Digit 3,max_nhat,RELIABLE,RELIABLE,23.050478988378373,0.8362433504451517,0.0008195184834362487,1,0.018014369107478667,3,3,True,44.71271102384724,0.7775210842775546,0.0007619706625920035,RELIABLE,RELIABLE,202.2024956508924,0.8182289813376731,0.0008018644017109196,OOD,OOD,40.13054194479613,0.7712485483355034,0.0007558235773687933,RELIABLE,RELIABLE,23.050478988378373,0.8362433504451517,0.0008195184834362487,RELIABLE,RELIABLE,58.90479834106277,0.8079694776948924,0.0007918100881409945,RELIABLE,RELIABLE,82.82417624818451,0.7621960960151705,0.000746952174094867,UNRELIABLE,IDO
644,3,Digit 3,3,Digit 3,max_nhat,RELIABLE,RELIABLE,16.65529549609178,0.8751156760958485,0.0008576133625739315,2,0.10030895791666972,3,3,True,67.73043135053199,0.7509506316831251,0.0007359316190494626,UNRELIABLE,IDO,327.4189244735256,0.716020004186626,0.0007016996041028935,OOD,OOD,61.66448728148306,0.7748067181791788,0.0007593105838155952,RELIABLE,RELIABLE,16.65529549609178,0.8751156760958485,0.0008576133625739315,RELIABLE,RELIABLE,200.2789884135965,0.7462784261709259,0.0007313528576475074,OOD,OOD,258.7841096999507,0.7124796029087107,0.0006982300108505365,OOD,OOD
645,3,Digit 3,3,Digit 3,max_nhat,RELIABLE,RELIABLE,13.046301413173262,0.8956178526224706,0.0008777054955700212,2,0.07077840110598943,3,3,True,62.48265674415099,0.7572045105825969,0.0007420604203709449,UNRELIABLE,IDO,127.04513596360749,0.7896127846221196,0.0007738205289296772,OOD,OOD,31.21050699800962,0.8248394515164812,0.0008083426624861515,RELIABLE,RELIABLE,13.046301413173262,0.8956178526224706,0.0008777054955700212,RELIABLE,RELIABLE,50.69382007207723,0.7746281651063344,0.0007591356018042077,RELIABLE,RELIABLE,71.85448397398697,0.775345733315543,0.0007598388186492322,UNRELIABLE,IDO
646,3,Digit 3,3,Digit 3,max_nhat,RELIABLE,RELIABLE,11.140955415915208,0.908983936720895,0.000890804257986477,2,0.0757330975530196,3,3,True,55.30695462469278,0.7572800967476427,0.0007421344948126898,RELIABLE,RELIABLE,171.12842505869625,0.7749777431636982,0.0007594781883004241,OOD,OOD,47.1338007662879,0.8332508391678753,0.0008165858223845178,RELIABLE,RELIABLE,11.140955415915208,0.908983936720895,0.000890804257986477,RELIABLE,RELIABLE,107.86543070155898,0.7818512523887696,0.0007662142273409942,OOD,OOD,120.42783111403729,0.7750846687879975,0.0007595829754122376,OOD,OOD
647,3,Digit 3,3,Digit 3,max_nhat,RELIABLE,RELIABLE,15.445908405114558,0.8808896635334534,0.0008632718702627843,2,0.06797516265915593,3,3,True,66.10817153049555,0.7823839452922563,0.0007667362663864112,UNRELIABLE,IDO,189.61644965900558,0.7603461320315685,0.0007451392093909371,OOD,OOD,32.22518274484209,0.8129145008742975,0.0007966562108568116,RELIABLE,RELIABLE,15.445908405114558,0.8808896635334534,0.0008632718702627843,RELIABLE,RELIABLE,61.80653490200351,0.7768407795021729,0.0007613039639121294,RELIABLE,RELIABLE,87.38108830140294,0.7209806700800809,0.0007065610566784793,OOD,OOD
648,3,Digit 3,3,Digit 3,max_nhat,RELIABLE,RELIABLE,30.49636763944983,0.8094928668176481,0.0007933030094812951,2,0.03247095353991469,3,3,True,65.14191381570319,0.7235163299535523,0.0007090460033544813,UNRELIABLE,IDO,619.2962508490957,0.6742539185417575,0.0006607688401709224,OOD,OOD,50.089334582291215,0.7770219132777334,0.0007614814750121787,RELIABLE,RELIABLE,30.49636763944983,0.8094928668176481,0.0007933030094812951,RELIABLE,RELIABLE,107.86245945719183,0.749404449478291,0.0007344163604887251,OOD,OOD,204.23403581145544,0.7194564778341077,0.0007050673482774255,OOD,OOD
649,3,Digit 3,3,Digit 3,max_nhat,RELIABLE,RELIABLE,15.038148019515628,0.8833997997157784,0.0008657318037214629,1,0.055109768750042365,3,3,True,62.86783156750123,0.787862333115068,0.0007721050864527666,UNRELIABLE,IDO,138.9788207887462,0.8282900309657361,0.0008117242303464213,OOD,OOD,29.08019840891338,0.8194677898480442,0.0008030784340510833,RELIABLE,RELIABLE,15.038148019515628,0.8833997997157784,0.0008657318037214629,RELIABLE,RELIABLE,55.47666946575049,0.7829012515246035,0.0007672432264941115,RELIABLE,RELIABLE,78.54902202711966,0.7476548252601967,0.0007327017287549928,UNRELIABLE,IDO
650,3,Digit 3,3,Digit 3,max_nhat,RELIABLE,RELIABLE,17.357095047164627,0.8730662925719462,0.0008556049667205073,2,0.07839034616399054,3,3,True,70.56201231033205,0.7643410334357414,0.0007490542127670266,UNRELIABLE,IDO,146.233625371365,0.7187773718419767,0.000704401824405137,OOD,OOD,53.97956774348103,0.7946759464079557,0.0007787824274797966,RELIABLE,RELIABLE,17.357095047164627,0.8730662925719462,0.0008556049667205073,RELIABLE,RELIABLE,95.87910196009759,0.7508731773914421,0.0007358557138436132,OOD,OOD,105.5446200377599,0.7775433433873059,0.0007619924765195598,OOD,OOD
651,3,Digit 3,3,Digit 3,max_nhat,RELIABLE,RELIABLE,19.335970113441874,0.8684568349158945,0.0008510876982175766,0,0.1147340493274317,3,3,True,64.48267441251488,0.7537227855884628,0.0007386483298766935,UNRELIABLE,IDO,349.7962188624274,0.6848693729714754,0.0006711719855120459,OOD,OOD,53.74298743219854,0.7435850798856214,0.0007287133782879089,RELIABLE,RELIABLE,19.335970113441874,0.8684568349158945,0.0008510876982175766,RELIABLE,RELIABLE,173.12228221668173,0.7276043686981308,0.0007130522813241682,OOD,OOD,208.63637798219344,0.7238409989840275,0.0007093641790043469,OOD,OOD
652,3,Digit 3,3,Digit 3,max_nhat,RELIABLE,RELIABLE,29.208490853461445,0.8775178087387571,0.000859967452563982,2,0.0561717501776976,3,3,True,119.86597714549136,0.7479860392499955,0.0007330263184649956,OOD,OOD,196.62810759800414,0.7759055498428954,0.0007603874388460375,OOD,OOD,116.8767919438815,0.8213460585610595,0.0008049191373898383,OOD,OOD,29.208490853461445,0.8775178087387571,0.000859967452563982,RELIABLE,RELIABLE,84.91616773640435,0.7893688394743238,0.0007735814626848372,UNRELIABLE,IDO,48.94903290589961,0.803684772330397,0.0007876110768837891,RELIABLE,RELIABLE
653,3,Digit 3,2,Digit 2,max_nhat,UNRELIABLE,IDO,83.09500278212387,0.6954967728707981,0.0006815868374133821,3,0.009622692574007274,2,2,True,115.28224234901535,0.676762384834431,0.0006632271371377423,OOD,OOD,1480.3737033167554,0.622116482058239,0.0006096741524170742,OOD,OOD,83.09500278212387,0.6954967728707981,0.0006815868374133821,UNRELIABLE,IDO,92.51516613149363,0.6858740802967909,0.0006721565986908551,OOD,OOD,194.59549806230487,0.6743430733620592,0.000660856211894818,OOD,OOD,411.00515598872744,0.6418321273968332,0.0006289954848488964,OOD,OOD
654,3,Digit 3,3,Digit 3,max_nhat,RELIABLE,RELIABLE,10.815000253221601,0.9061002019917318,0.0008879781979518972,2,0.05699377553770113,3,3,True,43.00369340538748,0.8204472069452665,0.0008040382628063612,RELIABLE,RELIABLE,119.7440878887144,0.8459353196164546,0.0008290166132241255,OOD,OOD,22.477556714770092,0.8491064264540307,0.0008321242979249501,RELIABLE,RELIABLE,10.815000253221601,0.9061002019917318,0.0008879781979518972,RELIABLE,RELIABLE,41.30260966667819,0.7834076344360584,0.0007677394817473373,RELIABLE,RELIABLE,73.1876193074111,0.7245766294003556,0.0007100850968123485,UNRELIABLE,IDO
655,3,Digit 3,3,Digit 3,max_nhat,RELIABLE,RELIABLE,16.14259969017988,0.8860584741052744,0.0008683373046231689,2,0.065638835263785,3,3,True,41.79318429979499,0.773876149536523,0.0007583986265457924,RELIABLE,RELIABLE,292.4483338512423,0.7676483037696576,0.0007522953376942644,OOD,OOD,33.38723910490699,0.8204196388414894,0.0008040112460646596,RELIABLE,RELIABLE,16.14259969017988,0.8860584741052744,0.0008683373046231689,RELIABLE,RELIABLE,64.81103933070358,0.7860796719878341,0.0007703580785480774,UNRELIABLE,IDO,104.85597294832957,0.7276721384961278,0.0007131186957262052,OOD,OOD
656,3,Digit 3,3,Digit 3,max_nhat,RELIABLE,RELIABLE,14.400911445948466,0.8780093334825737,0.0008604491468129222,2,0.07544388944890013,3,3,True,46.11949051267638,0.8025182611076874,0.0007864678958855336,RELIABLE,RELIABLE,183.7938290779906,0.7433177885688179,0.0007284514327974415,OOD,OOD,32.056137552271,0.8025654440336736,0.0007865141351530001,RELIABLE,RELIABLE,14.400911445948466,0.8780093334825737,0.0008604491468129222,RELIABLE,RELIABLE,188.3086023668076,0.7929249588394608,0.0007770664596626715,OOD,OOD,233.92478140116353,0.719123630017306,0.0007047411574169598,OOD,OOD
657,3,Digit 3,3,Digit 3,max_nhat,RELIABLE,RELIABLE,30.18065703930621,0.8137913163389929,0.000797515490012213,2,0.03704931440136883,3,3,True,74.78907338943755,0.7160022821675416,0.0007016822365241908,UNRELIABLE,IDO,214.40280940013287,0.7134389779137958,0.0006991701983555199,OOD,OOD,43.31160418354244,0.7767420019376241,0.0007612071618988716,RELIABLE,RELIABLE,30.18065703930621,0.8137913163389929,0.000797515490012213,RELIABLE,RELIABLE,271.75582847697564,0.7470225633310943,0.0007320821120644724,OOD,OOD,317.3196060969892,0.7276388132902808,0.0007130860370244751,OOD,OOD
658,3,Digit 3,3,Digit 3,max_nhat,UNRELIABLE,IDO,76.73771090639788,0.8092915104579088,0.0007931056802487506,7,0.006074164742276067,3,7,False,141.43306929119638,0.7301737780229064,0.0007155703024624482,OOD,OOD,379.433891423188,0.7568515890537065,0.0007417145572726324,OOD,OOD,130.26909244139316,0.7977546850876306,0.000781799591385878,OOD,OOD,76.73771090639788,0.8092915104579088,0.0007931056802487506,UNRELIABLE,IDO,122.37256046065889,0.7513256214621823,0.0007362991090329386,OOD,OOD,44.86717934080581,0.8032173457156327,0.00078715299880132,RELIABLE,RELIABLE
659,3,Digit 3,3,Digit 3,max_nhat,RELIABLE,RELIABLE,24.36079040086814,0.8469638102341165,0.0008300245340294341,7,0.06879903547895838,3,3,True,61.53930971682847,0.7589525933102673,0.000743773541444062,RELIABLE,RELIABLE,268.6297997409747,0.7138655395074809,0.0006995882287173312,OOD,OOD,53.589855210139376,0.7657268238551546,0.0007504122873780515,RELIABLE,RELIABLE,24.36079040086814,0.8469638102341165,0.0008300245340294341,RELIABLE,RELIABLE,88.20453447309038,0.7615856519699136,0.0007463539389305153,OOD,OOD,117.00568850936963,0.7781647747551581,0.0007626014792600549,OOD,OOD
660,3,Digit 3,3,Digit 3,max_nhat,RELIABLE,RELIABLE,25.595323302945225,0.8377955672490857,0.0008210396559041039,2,0.06783013280588446,3,3,True,71.7571379286762,0.7173227843575675,0.0007029763286704161,UNRELIABLE,IDO,193.00121329808394,0.763795962061183,0.0007485200428199594,OOD,OOD,46.27513042881933,0.7699654344432012,0.0007545661257543372,RELIABLE,RELIABLE,25.595323302945225,0.8377955672490857,0.0008210396559041039,RELIABLE,RELIABLE,93.27366152855865,0.732717606734522,0.0007180632545998316,OOD,OOD,112.61136909756598,0.7390976571826534,0.0007243157040390003,OOD,OOD
661,3,Digit 3,3,Digit 3,max_nhat,RELIABLE,RELIABLE,34.50696849960515,0.8523453216051129,0.0008352984151730106,2,0.036830844762465564,3,3,True,69.32746639155616,0.8073500536063826,0.0007912030525342549,UNRELIABLE,IDO,198.2814877720821,0.7732770043807421,0.0007578114642931272,OOD,OOD,49.64540234641141,0.8155144768426473,0.0007992041873057943,RELIABLE,RELIABLE,34.50696849960515,0.8523453216051129,0.0008352984151730106,RELIABLE,RELIABLE,213.28856814593712,0.7864603213637344,0.0007707311149364597,OOD,OOD,254.50582554315343,0.7160329391629445,0.0007017122803796856,OOD,OOD
662,3,Digit 3,1,Digit 1,max_nhat,OOD,OOD,234.1363715609989,0.8032606907420586,0.0007871954769272174,3,0.02037993725207543,1,3,False,109.40812547479382,0.6957006034191087,0.0006817865913507265,OOD,OOD,234.1363715609989,0.8032606907420586,0.0007871954769272174,OOD,OOD,76.0163907496203,0.7807905473649591,0.0007651747364176599,UNRELIABLE,IDO,66.54841591696459,0.7828807534899832,0.0007672231384201836,UNRELIABLE,IDO,306.9788301323206,0.7549280669381703,0.0007398295055994069,OOD,OOD,321.44456686747253,0.7238925435282638,0.0007094146926576986,OOD,OOD
663,3,Digit 3,3,Digit 3,max_nhat,RELIABLE,RELIABLE,44.450811049344026,0.8088190966063067,0.0007926427146741805,2,0.04718489394226655,3,3,True,61.5438258366282,0.7213041389626956,0.0007068780561834417,RELIABLE,RELIABLE,780.1215395610951,0.7369493251852148,0.0007222103386815105,OOD,OOD,50.07270972024302,0.7616342026640401,0.0007464015186107593,RELIABLE,RELIABLE,44.450811049344026,0.8088190966063067,0.0007926427146741805,RELIABLE,RELIABLE,71.86468881598832,0.7527249830793507,0.0007376704834177637,UNRELIABLE,IDO,226.7418509312588,0.7276574572399774,0.0007131043080951778,OOD,OOD
664,3,Digit 3,3,Digit 3,max_nhat,UNRELIABLE,IDO,63.588211035565635,0.8168942895880059,0.0008005564037962458,0,0.045259187885362984,3,3,True,103.74449066754144,0.7716351017026429,0.0007562023996685901,OOD,OOD,568.7951134696902,0.652591649964957,0.0006395398169656578,OOD,OOD,95.83568658779076,0.7618104252668376,0.0007465742167615008,OOD,OOD,63.588211035565635,0.8168942895880059,0.0008005564037962458,UNRELIABLE,IDO,648.3563428278205,0.7065079295055007,0.0006923777709153906,OOD,OOD,777.5128289175793,0.6534594512251573,0.0006403902622006541,OOD,OOD
665,3,Digit 3,3,Digit 3,max_nhat,RELIABLE,RELIABLE,12.924826163238333,0.8979328693330256,0.0008799742119463651,2,0.06323337501952686,3,3,True,48.05280090413854,0.7639335445432133,0.000748654873652349,RELIABLE,RELIABLE,166.4228360182295,0.7805232416796701,0.0007649127768460767,OOD,OOD,29.10873375273405,0.8346994943134988,0.0008180055044272287,RELIABLE,RELIABLE,12.924826163238333,0.8979328693330256,0.0008799742119463651,RELIABLE,RELIABLE,62.03540050609096,0.7631563768465063,0.0007478932493095761,RELIABLE,RELIABLE,82.70521616857899,0.7535885790630367,0.0007385168074817759,UNRELIABLE,IDO
666,3,Digit 3,3,Digit 3,max_nhat,RELIABLE,RELIABLE,29.49413660315772,0.8177867159251113,0.000801430981606609,1,0.006075700921181815,3,3,True,89.33982841005968,0.7094708149234878,0.000695281398625018,OOD,OOD,144.4223426925539,0.8117110150039295,0.0007954767947038508,OOD,OOD,45.03304949459537,0.7971452338346042,0.0007812023291579121,RELIABLE,RELIABLE,29.49413660315772,0.8177867159251113,0.000801430981606609,RELIABLE,RELIABLE,48.00809433541572,0.7817226561281788,0.0007660882030056152,RELIABLE,RELIABLE,51.360721692704516,0.8006797336133703,0.0007846661389411029,RELIABLE,RELIABLE
667,3,Digit 3,3,Digit 3,max_nhat,RELIABLE,RELIABLE,44.57201726800706,0.8218894216687476,0.0008054516332353726,2,0.044574898323383794,3,3,True,91.82313714518585,0.7204570198819611,0.0007060478794843219,OOD,OOD,237.7094953393823,0.7446465897078859,0.0007297536579137281,OOD,OOD,51.41025494922666,0.7773145233453638,0.0007617682328784564,RELIABLE,RELIABLE,44.57201726800706,0.8218894216687476,0.0008054516332353726,RELIABLE,RELIABLE,61.249111492200896,0.7332295486016721,0.0007185649576296387,RELIABLE,RELIABLE,108.08011451554302,0.7584811280640588,0.0007433115055027775,OOD,OOD
668,3,Digit 3,3,Digit 3,max_nhat,RELIABLE,RELIABLE,12.905048917668754,0.8979646663416518,0.0008800053730148188,2,0.0827162130153194,3,3,True,62.734468722277796,0.7684006605419809,0.0007530326473311412,UNRELIABLE,IDO,105.43830828021922,0.7862258212693847,0.000770501304843997,OOD,OOD,35.09459934872192,0.8152484533263324,0.0007989434842598057,RELIABLE,RELIABLE,12.905048917668754,0.8979646663416518,0.0008800053730148188,RELIABLE,RELIABLE,53.192740093432036,0.7842064550652403,0.0007685223259639355,RELIABLE,RELIABLE,52.338868527555505,0.7894019121851624,0.0007736138739414592,RELIABLE,RELIABLE
669,3,Digit 3,3,Digit 3,max_nhat,RELIABLE,RELIABLE,21.486314729714536,0.8489775261260459,0.000831997975603525,2,0.0469501031817241,3,3,True,52.48418625977741,0.7708540673950632,0.000755436986047162,RELIABLE,RELIABLE,583.8927484728406,0.7005212324902703,0.0006865108078404649,OOD,OOD,37.421252509475984,0.8020274229443218,0.0007859868744854354,RELIABLE,RELIABLE,21.486314729714536,0.8489775261260459,0.000831997975603525,RELIABLE,RELIABLE,150.6751539999114,0.7131234806643972,0.0006988610110511093,OOD,OOD,346.74306851053166,0.670755575777839,0.0006573404642622821,OOD,OOD
670,3,Digit 3,3,Digit 3,max_nhat,RELIABLE,RELIABLE,12.509390199985239,0.8930930766231601,0.0008752312150906969,2,0.07137184676454345,3,3,True,56.64332073530382,0.8033364793169182,0.0007872697497305799,RELIABLE,RELIABLE,146.9052973566007,0.7988332839168198,0.0007828566182384834,OOD,OOD,29.389448895192167,0.8217212298586166,0.0008052868052614442,RELIABLE,RELIABLE,12.509390199985239,0.8930930766231601,0.0008752312150906969,RELIABLE,RELIABLE,57.70126099384381,0.7860687400561205,0.000770347365254998,RELIABLE,RELIABLE,76.52754582895665,0.7466366609712897,0.0007317039277518638,UNRELIABLE,IDO
671,3,Digit 3,3,Digit 3,max_nhat,OOD,OOD,168.96140706132618,0.7589717626156899,0.0007437923273633761,2,0.013885952098490972,3,2,False,308.0646697175114,0.6243444978598872,0.0006118576079026895,OOD,OOD,1293.5217381774146,0.6639960389009752,0.0006507161181229557,OOD,OOD,135.5049244325338,0.7450858105171989,0.0007301840943068549,OOD,OOD,168.96140706132618,0.7589717626156899,0.0007437923273633761,OOD,OOD,162.78624862202855,0.6924813887410701,0.0006786317609662487,OOD,OOD,420.4190742195061,0.7260423919080417,0.0007115215440698808,OOD,OOD
672,3,Digit 3,2,Digit 2,max_nhat,RELIABLE,RELIABLE,60.744372570606984,0.8126321353327588,0.0007963794926261036,3,0.014791806502301164,2,2,True,93.31633226316113,0.7221124706119267,0.0007076702211996882,OOD,OOD,238.82907767462493,0.7108878891549142,0.0006966701313718159,OOD,OOD,60.744372570606984,0.8126321353327588,0.0007963794926261036,RELIABLE,RELIABLE,77.49432909851565,0.7978403288304576,0.0007818835222538485,UNRELIABLE,IDO,116.13794277693556,0.6885031212391571,0.000674733058814374,OOD,OOD,174.595370271699,0.6908967488015848,0.0006770788138255531,OOD,OOD
673,3,Digit 3,3,Digit 3,max_nhat,RELIABLE,RELIABLE,29.478985347850653,0.82243281796436,0.0008059841616050728,1,0.01921074272492962,3,3,True,37.63689528378539,0.7939006687781295,0.0007780226554025669,RELIABLE,RELIABLE,191.2433232788473,0.8032220752394303,0.0007871576337346417,OOD,OOD,30.309251846908055,0.8014407594311117,0.0007854119442424894,RELIABLE,RELIABLE,29.478985347850653,0.82243281796436,0.0008059841616050728,RELIABLE,RELIABLE,122.10786026538054,0.7617599093240709,0.0007465247111375895,OOD,OOD,254.82262782244175,0.7862831997701426,0.0007705575357747397,OOD,OOD
674,3,Digit 3,3,Digit 3,max_nhat,RELIABLE,RELIABLE,14.893127738432007,0.8867329859492672,0.0008689983262302818,2,0.09480837882102011,3,3,True,49.92436039989845,0.7801485894732169,0.0007645456176837525,RELIABLE,RELIABLE,176.658746330025,0.7260201988700374,0.0007114997948926366,OOD,OOD,40.66910674090119,0.7919246071282471,0.0007760861149856822,RELIABLE,RELIABLE,14.893127738432007,0.8867329859492672,0.0008689983262302818,RELIABLE,RELIABLE,320.76420069549727,0.7320195617218911,0.0007173791704874532,OOD,OOD,366.0243347620302,0.7159063911152715,0.000701588263292966,OOD,OOD
675,3,Digit 3,3,Digit 3,max_nhat,RELIABLE,RELIABLE,28.59093913912763,0.8345955545148686,0.0008179036434245711,7,0.012856599558810355,3,3,True,66.294254500969,0.7085643905685322,0.0006943931027571615,UNRELIABLE,IDO,116.32215671350754,0.7708172789370208,0.0007554009333582804,OOD,OOD,44.21741629847344,0.7907253034829133,0.000774910797413255,RELIABLE,RELIABLE,28.59093913912763,0.8345955545148686,0.0008179036434245711,RELIABLE,RELIABLE,49.66044493348274,0.7667745666386995,0.0007514390753059255,RELIABLE,RELIABLE,51.48597649985962,0.8217389549560582,0.000805304175856937,RELIABLE,RELIABLE
676,3,Digit 3,3,Digit 3,max_nhat,RELIABLE,RELIABLE,8.201823118011529,0.9302485077580871,0.0009116435376029254,2,0.07581601467798793,3,3,True,42.20318041411784,0.8160382904842425,0.0007997175246745576,RELIABLE,RELIABLE,94.80006149069695,0.8349290609591636,0.0008182304797399804,OOD,OOD,22.69071057278789,0.8544324930800992,0.0008373438432184971,RELIABLE,RELIABLE,8.201823118011529,0.9302485077580871,0.0009116435376029254,RELIABLE,RELIABLE,59.679785060086985,0.77703095178758,0.0007614903327518283,RELIABLE,RELIABLE,73.88797442779664,0.7474458477533591,0.0007324969307982919,UNRELIABLE,IDO
677,3,Digit 3,7,Digit 2,max_nhat,RELIABLE,RELIABLE,50.2071294009088,0.8303819084053025,0.0008137742702371964,4,0.00731775290570158,7,7,True,108.62293618005424,0.7326312671070735,0.000717978641764932,OOD,OOD,352.1745967518863,0.724777388805761,0.0007102818410296458,OOD,OOD,87.7599545598189,0.7917123708421389,0.000775878123425296,OOD,OOD,81.0320032596013,0.8205275262084912,0.0008041169756843214,UNRELIABLE,IDO,77.72161298269464,0.8230641554996009,0.0008066028723896088,UNRELIABLE,IDO,50.2071294009088,0.8303819084053025,0.0008137742702371964,RELIABLE,RELIABLE
678,3,Digit 3,1,Digit 1,max_nhat,OOD,OOD,186.34329506105243,0.8638619154561485,0.0008465846771470256,7,0.01905545332532721,1,7,False,107.64654507562335,0.7350634318525862,0.0007203621632155344,OOD,OOD,186.34329506105243,0.8638619154561485,0.0008465846771470256,OOD,OOD,118.40647806689911,0.8125623040050085,0.0007963110579249083,OOD,OOD,45.46073361439792,0.8162487578222694,0.000799923782665824,RELIABLE,RELIABLE,75.75731613295049,0.8059566251877197,0.0007898374926839653,UNRELIABLE,IDO,25.75263932211991,0.8448064621308213,0.0008279103328882049,RELIABLE,RELIABLE
679,3,Digit 3,3,Digit 3,max_nhat,RELIABLE,RELIABLE,8.966058422034022,0.9180158956355637,0.0008996555777228525,2,0.07096131703185071,3,3,True,38.76547179946188,0.7885134580917529,0.0007727431889299178,RELIABLE,RELIABLE,98.95450577576548,0.8422297441200007,0.0008253851492376007,OOD,OOD,25.772453011093127,0.847054578603713,0.0008301134870316387,RELIABLE,RELIABLE,8.966058422034022,0.9180158956355637,0.0008996555777228525,RELIABLE,RELIABLE,56.27145360084598,0.7648327855625466,0.0007495361298512957,RELIABLE,RELIABLE,67.04709897429534,0.7597518201171358,0.0007445567837147931,UNRELIABLE,IDO
680,3,Digit 3,3,Digit 3,max_nhat,RELIABLE,RELIABLE,24.616061274475694,0.8556118698277997,0.0008384996324312437,2,0.007561898343347417,3,3,True,54.54908161319463,0.7490785546554236,0.0007340969835623151,RELIABLE,RELIABLE,76.20227262568778,0.8050440389217248,0.0007889431581432903,UNRELIABLE,IDO,31.476984481229376,0.8480499714844523,0.0008310889720547632,RELIABLE,RELIABLE,24.616061274475694,0.8556118698277997,0.0008384996324312437,RELIABLE,RELIABLE,222.9415383272428,0.7809506890086708,0.0007653316752284974,OOD,OOD,248.08418336623342,0.7726318472103954,0.0007571792102661875,OOD,OOD
681,3,Digit 3,3,Digit 3,max_nhat,RELIABLE,RELIABLE,21.821455623789536,0.8515719801132084,0.0008345405405109442,2,0.041428364865951806,3,3,True,61.61259938167451,0.7557266471249479,0.0007406121141824488,RELIABLE,RELIABLE,185.20271342274754,0.7323656180387511,0.0007177183056779761,OOD,OOD,37.317982071600845,0.8101436152472566,0.0007939407429423114,RELIABLE,RELIABLE,21.821455623789536,0.8515719801132084,0.0008345405405109442,RELIABLE,RELIABLE,67.752182056653,0.7808968669014387,0.0007652789295634098,UNRELIABLE,IDO,101.08467753924296,0.735728187895584,0.0007210136241376724,OOD,OOD
682,3,Digit 3,3,Digit 3,max_nhat,RELIABLE,RELIABLE,13.975389656795095,0.8917937083705497,0.0008739578342031387,2,0.07350440289371352,3,3,True,63.391808218941094,0.7708290416147586,0.0007554124607824634,UNRELIABLE,IDO,169.5449184444528,0.7042237310424975,0.0006901392564216475,OOD,OOD,40.66068850118615,0.8182893054768362,0.0008019235193672995,RELIABLE,RELIABLE,13.975389656795095,0.8917937083705497,0.0008739578342031387,RELIABLE,RELIABLE,119.58320933944049,0.7422402034294242,0.0007273953993608357,OOD,OOD,161.68518565755738,0.7285878470023949,0.000714016090062347,OOD,OOD
683,3,Digit 3,3,Digit 3,max_nhat,RELIABLE,RELIABLE,12.491827031724872,0.8996676898818535,0.0008816743360842164,2,0.09153876535759775,3,3,True,63.1266501321049,0.7574410351525346,0.0007422922144494839,UNRELIABLE,IDO,186.41344486163587,0.7690549813568966,0.0007536738817297587,OOD,OOD,36.749516112914556,0.8081289245242558,0.0007919663460337706,RELIABLE,RELIABLE,12.491827031724872,0.8996676898818535,0.0008816743360842164,RELIABLE,RELIABLE,61.3874381022764,0.7459471032337245,0.00073102816116905,RELIABLE,RELIABLE,87.65544803279471,0.7502161343763911,0.0007352118116888633,OOD,OOD
684,3,Digit 3,1,Digit 1,max_nhat,RELIABLE,RELIABLE,41.299860446493454,0.889522647938934,0.0008717321949801552,3,0.030188761098817185,1,3,False,36.05624903084317,0.7851720607783311,0.0007694686195627645,RELIABLE,RELIABLE,41.299860446493454,0.889522647938934,0.0008717321949801552,RELIABLE,RELIABLE,24.60714075616664,0.8513060973199553,0.0008342799753735562,RELIABLE,RELIABLE,19.11059904378692,0.8593338868401168,0.0008421472091033144,RELIABLE,RELIABLE,40.92485890162136,0.7955112467300877,0.0007796010217954859,RELIABLE,RELIABLE,45.379551585870274,0.8035630549198142,0.0007874917938214179,RELIABLE,RELIABLE
685,3,Digit 3,3,Digit 3,max_nhat,RELIABLE,RELIABLE,12.04817351883437,0.9049021445545846,0.0008868041016634929,2,0.07845924331820908,3,3,True,42.413912626634655,0.8025851736372343,0.0007865334701644895,RELIABLE,RELIABLE,344.43869944186554,0.7417988897221643,0.000726962911927721,OOD,OOD,29.642201462397722,0.8264429012363755,0.000809914043211648,RELIABLE,RELIABLE,12.04817351883437,0.9049021445545846,0.0008868041016634929,RELIABLE,RELIABLE,136.88170533696203,0.7389558361061251,0.0007241767193840027,OOD,OOD,212.8130328696583,0.7044656774769147,0.0006903763639273763,OOD,OOD
686,3,Digit 3,2,Digit 2,max_nhat,RELIABLE,RELIABLE,55.28793244201519,0.793179575130666,0.0007773159836280526,3,0.00529632470833219,2,3,False,81.54738296610597,0.7550873381817683,0.000739985591418133,UNRELIABLE,IDO,189.5653845006413,0.7783114802651925,0.0007627452506598886,OOD,OOD,55.28793244201519,0.793179575130666,0.0007773159836280526,RELIABLE,RELIABLE,46.87565209362461,0.7878832504223338,0.0007721255854138871,RELIABLE,RELIABLE,278.7839985692234,0.7692286563204895,0.0007538440831940797,OOD,OOD,342.8781618465326,0.7217095038190087,0.0007072753137426285,OOD,OOD
687,3,Digit 3,3,Digit 3,max_nhat,RELIABLE,RELIABLE,15.360581154006367,0.8896266943137816,0.000871834160427506,2,0.07383662762418974,3,3,True,54.67075926076386,0.7673631363960004,0.0007520158736680803,RELIABLE,RELIABLE,282.9433093722086,0.697595004665037,0.0006836431045717362,OOD,OOD,33.990689720380715,0.8157900666895919,0.0007994742653558,RELIABLE,RELIABLE,15.360581154006367,0.8896266943137816,0.000871834160427506,RELIABLE,RELIABLE,107.62227511550236,0.7197802076094265,0.0007053846034572379,OOD,OOD,160.08424564836105,0.6947569451903328,0.0006808618062865261,OOD,OOD
688,3,Digit 3,3,Digit 3,max_nhat,UNRELIABLE,IDO,84.26174351450797,0.6526007860339843,0.0006395487703133046,2,0.008047838472169055,3,3,True,231.00725076901466,0.643447994472449,0.000630579034583,OOD,OOD,1061.373545716116,0.5426649819475224,0.0005318116823085719,OOD,OOD,104.72094721086862,0.6445529475618152,0.0006316618886105789,OOD,OOD,84.26174351450797,0.6526007860339843,0.0006395487703133046,UNRELIABLE,IDO,163.3499684201297,0.6412139462196503,0.0006283896672952573,OOD,OOD,357.5367787339444,0.6386986282048129,0.0006259246556407167,OOD,OOD
689,3,Digit 3,3,Digit 3,max_nhat,RELIABLE,RELIABLE,11.387274306813115,0.9047487448292739,0.0008866537699326884,2,0.07557644932650642,3,3,True,49.47334698627138,0.7821623289516926,0.0007665190823726587,RELIABLE,RELIABLE,128.6488292365921,0.8038396189223456,0.0007877628265438987,OOD,OOD,30.823285636900412,0.8291722955027675,0.0008125888495927121,RELIABLE,RELIABLE,11.387274306813115,0.9047487448292739,0.0008866537699326884,RELIABLE,RELIABLE,68.69405656660999,0.7284014586449837,0.0007138334294720841,UNRELIABLE,IDO,83.3625758527347,0.7416724886760354,0.0007268390389025146,UNRELIABLE,IDO
690,3,Digit 3,3,Digit 3,max_nhat,RELIABLE,RELIABLE,47.51220607262041,0.7940434604212951,0.0007781625912128692,2,0.028652881166445376,3,2,False,300.52269566877885,0.706348830735869,0.0006922218541211515,OOD,OOD,858.7672799369954,0.7202952536239703,0.0007058893485514909,OOD,OOD,45.22687284112755,0.7653905792548498,0.0007500827676697527,RELIABLE,RELIABLE,47.51220607262041,0.7940434604212951,0.0007781625912128692,RELIABLE,RELIABLE,189.9904370289023,0.6838339040211852,0.0006701572259407614,OOD,OOD,434.00150356731285,0.6680750812261096,0.0006547135796015873,OOD,OOD
691,3,Digit 3,7,Digit 2,max_nhat,RELIABLE,RELIABLE,29.81252130160641,0.8467631246611301,0.0008298278621679075,1,0.00036383959094188345,7,3,False,62.74200429508451,0.7173505174324293,0.0007030035070837807,UNRELIABLE,IDO,74.11204989328441,0.8463992850701882,0.0008294712993687845,UNRELIABLE,IDO,46.65668731279777,0.8277747055575839,0.0008112192114464323,RELIABLE,RELIABLE,24.190784880048035,0.830833161230882,0.0008142164980062644,RELIABLE,RELIABLE,43.34612748770509,0.8028792639333786,0.000786821678654711,RELIABLE,RELIABLE,29.81252130160641,0.8467631246611301,0.0008298278621679075,RELIABLE,RELIABLE
692,3,Digit 3,1,Digit 1,max_nhat,OOD,OOD,103.86476651820401,0.8592539763000534,0.0008420688967740523,3,0.004346432127768862,1,3,False,65.7030128205794,0.7342895381773227,0.0007196037474137762,UNRELIABLE,IDO,103.86476651820401,0.8592539763000534,0.0008420688967740523,OOD,OOD,31.38315613666346,0.802972409218114,0.0007869129610337517,RELIABLE,RELIABLE,20.615414462372733,0.8549075441722845,0.0008378093932888388,RELIABLE,RELIABLE,60.2115807419695,0.7497939925390505,0.0007347981126882695,RELIABLE,RELIABLE,76.61153359873549,0.7779632903325027,0.0007624040245258525,UNRELIABLE,IDO
693,3,Digit 3,3,Digit 3,max_nhat,RELIABLE,RELIABLE,19.671374229527345,0.859273721725377,0.0008420882472908694,7,0.058035830986568504,3,3,True,60.74768046178569,0.7590590574966652,0.0007438778763467319,RELIABLE,RELIABLE,143.17978495052898,0.7599242860331326,0.0007447258003124698,OOD,OOD,63.984919484324735,0.7871138925420383,0.0007713716146911975,UNRELIABLE,IDO,19.671374229527345,0.859273721725377,0.0008420882472908694,RELIABLE,RELIABLE,230.54347633842625,0.7805378635116851,0.0007649271062414514,OOD,OOD,231.25419737928263,0.8012378907388085,0.0007852131329240322,OOD,OOD
694,3,Digit 3,3,Digit 3,max_nhat,RELIABLE,RELIABLE,28.74867256867971,0.8428886761348486,0.0008260309026121516,2,0.0022087122119412994,3,2,False,57.71481876894032,0.7653022043235479,0.0007499961602370769,RELIABLE,RELIABLE,135.00831969716035,0.7942741489233566,0.0007783886659448894,OOD,OOD,20.2588633117753,0.8406799639229073,0.0008238663646444492,RELIABLE,RELIABLE,28.74867256867971,0.8428886761348486,0.0008260309026121516,RELIABLE,RELIABLE,110.16367970236794,0.7919213610686651,0.0007760829338472917,OOD,OOD,153.06052187237515,0.7299796398029729,0.0007153800470069134,OOD,OOD
695,3,Digit 3,2,Digit 2,max_nhat,RELIABLE,RELIABLE,46.358994291721835,0.7986155925583073,0.0007826432807071411,3,0.006682568424149715,2,2,True,295.3202609975714,0.6872267285731711,0.0006734821940017077,OOD,OOD,739.0172571210594,0.7296496883549727,0.0007150566945878732,OOD,OOD,46.358994291721835,0.7986155925583073,0.0007826432807071411,RELIABLE,RELIABLE,58.372272297219865,0.7919330241341576,0.0007760943636514743,RELIABLE,RELIABLE,119.9669039479432,0.7347109730881181,0.0007200167536263556,OOD,OOD,332.2336844678939,0.7285790031482204,0.000714007423085256,OOD,OOD
696,3,Digit 3,3,Digit 3,max_nhat,RELIABLE,RELIABLE,16.77908677307479,0.8758010565377817,0.000858285035407026,2,0.08833343002078253,3,3,True,61.712944538900935,0.7471750853708993,0.0007322315836634812,RELIABLE,RELIABLE,451.25573256901015,0.7347609617495475,0.0007200657425145566,OOD,OOD,40.020379789133656,0.7874676265169992,0.0007717182739866592,RELIABLE,RELIABLE,16.77908677307479,0.8758010565377817,0.000858285035407026,RELIABLE,RELIABLE,70.99804902158682,0.7706564530854938,0.0007552433240237839,UNRELIABLE,IDO,135.15693749272288,0.758912244807708,0.0007437339999115538,OOD,OOD
697,3,Digit 3,3,Digit 3,max_nhat,RELIABLE,RELIABLE,23.03793572619685,0.8452034960849679,0.0008282994261632685,2,0.039167585780927716,3,3,True,42.740974750276024,0.7485345828294677,0.0007335638911728783,RELIABLE,RELIABLE,98.34294951307588,0.8008611394087756,0.0007848439166206001,OOD,OOD,35.369320674282676,0.8060359103040402,0.0007899151920979594,RELIABLE,RELIABLE,23.03793572619685,0.8452034960849679,0.0008282994261632685,RELIABLE,RELIABLE,67.6345434674911,0.7772792162029154,0.0007617336318788571,UNRELIABLE,IDO,69.7699865462864,0.8026837675253014,0.0007866300921747953,UNRELIABLE,IDO
698,3,Digit 3,3,Digit 3,max_nhat,RELIABLE,RELIABLE,30.566250406167832,0.8118186753742935,0.0007955823018668077,2,0.03714683252159623,3,3,True,132.29859462319936,0.6917872706316605,0.0006779515252190272,OOD,OOD,372.122750879793,0.6880811194838328,0.0006743194970941561,OOD,OOD,43.740006168746085,0.7746718428526973,0.0007591784059956434,RELIABLE,RELIABLE,30.566250406167832,0.8118186753742935,0.0007955823018668077,RELIABLE,RELIABLE,80.70376473762083,0.749950633711816,0.0007349516210375797,UNRELIABLE,IDO,127.91701071782468,0.7505675691252299,0.0007355562177427253,OOD,OOD
699,3,Digit 3,3,Digit 3,max_nhat,RELIABLE,RELIABLE,55.761607445252295,0.7933673685438538,0.0007775000211729768,0,0.007114662446150888,3,3,True,61.728392351717915,0.7862527060977029,0.0007705276519757488,RELIABLE,RELIABLE,329.7923343305862,0.6924374768425829,0.0006785887273057313,OOD,OOD,65.01848857586599,0.7529868595030091,0.0007379271223129489,UNRELIABLE,IDO,55.761607445252295,0.7933673685438538,0.0007775000211729768,RELIABLE,RELIABLE,250.2838335544359,0.7129093924625108,0.0006986512046132606,OOD,OOD,384.05857023431616,0.7237318528677084,0.0007092572158103542,OOD,OOD
700,3,Digit 3,3,Digit 3,max_nhat,RELIABLE,RELIABLE,17.264835602482282,0.8734533450944854,0.0008559842781925957,1,0.025204863885304518,3,3,True,57.038390976901965,0.7773472641708302,0.0007618003188874136,RELIABLE,RELIABLE,106.97170059990536,0.8482484812091808,0.0008312835115849972,OOD,OOD,29.0208918991824,0.8144101668447807,0.0007981219635078851,RELIABLE,RELIABLE,17.264835602482282,0.8734533450944854,0.0008559842781925957,RELIABLE,RELIABLE,43.88851826189925,0.786574108301845,0.0007708426261358081,RELIABLE,RELIABLE,64.77952845687918,0.7671698946563995,0.0007518264967632715,UNRELIABLE,IDO
701,3,Digit 3,3,Digit 3,max_nhat,RELIABLE,RELIABLE,12.733137552588634,0.8925434853577653,0.00087469261565061,2,0.04028060206676387,3,3,True,49.96588884036013,0.7497840005148636,0.0007347883205045664,RELIABLE,RELIABLE,128.3297904829891,0.7910909651890137,0.0007752691458852333,OOD,OOD,23.100619156518523,0.8522628832910014,0.0008352176256251814,RELIABLE,RELIABLE,12.733137552588634,0.8925434853577653,0.00087469261565061,RELIABLE,RELIABLE,59.8317227833373,0.8055185435248695,0.0007894081726543722,RELIABLE,RELIABLE,67.17571530126328,0.7908342417324035,0.0007750175568977554,UNRELIABLE,IDO
702,3,Digit 3,1,Digit 1,max_nhat,UNRELIABLE,IDO,65.71085515741125,0.8431205835736669,0.0008262581719021936,3,0.018218223380153664,1,3,False,75.1490301185496,0.7155361610709903,0.0007012254378495705,UNRELIABLE,IDO,65.71085515741125,0.8431205835736669,0.0008262581719021936,UNRELIABLE,IDO,49.18658405952902,0.790861110017942,0.0007750438878175831,RELIABLE,RELIABLE,27.416167757911523,0.8249023601935133,0.000808404312989643,RELIABLE,RELIABLE,40.07203412278991,0.7900187423333639,0.0007742183674866966,RELIABLE,RELIABLE,42.55259393539406,0.8243424203244218,0.0008078555719179334,RELIABLE,RELIABLE
703,3,Digit 3,3,Digit 3,max_nhat,RELIABLE,RELIABLE,10.580022967144131,0.9108610477698511,0.0008926438268144541,2,0.04555150985845502,3,3,True,33.527912779865396,0.7989690635842479,0.0007829896823125629,RELIABLE,RELIABLE,177.42258769879385,0.7669852819931638,0.0007516455763533006,OOD,OOD,24.5166750076599,0.8653095379113961,0.0008480033471531681,RELIABLE,RELIABLE,10.580022967144131,0.9108610477698511,0.0008926438268144541,RELIABLE,RELIABLE,56.632286319032644,0.7646901671416556,0.0007493963637988225,RELIABLE,RELIABLE,106.50426950311476,0.7173336175031972,0.0007029869451531332,OOD,OOD
704,3,Digit 3,3,Digit 3,max_nhat,RELIABLE,RELIABLE,13.128618037383017,0.8922812925436483,0.0008744356666927753,1,0.04203000294141912,3,3,True,33.31400723232312,0.8076001437158756,0.0007914481408415581,RELIABLE,RELIABLE,42.40963681487227,0.8502512896022292,0.0008332462638101846,RELIABLE,RELIABLE,25.676216677691603,0.8444087188960228,0.0008275205445181023,RELIABLE,RELIABLE,13.128618037383017,0.8922812925436483,0.0008744356666927753,RELIABLE,RELIABLE,47.90309848825935,0.7841112673211456,0.0007684290419747226,RELIABLE,RELIABLE,62.70332736097428,0.7910953017887525,0.0007752733957529774,UNRELIABLE,IDO
705,3,Digit 3,3,Digit 3,max_nhat,RELIABLE,RELIABLE,12.925454183331372,0.8939361300664032,0.0008760574074650751,2,0.07150870614722882,3,3,True,58.583178916623886,0.7760734230044559,0.0007605519545443668,RELIABLE,RELIABLE,149.0960963770251,0.7455900113952291,0.0007306782111673244,OOD,OOD,41.82214714669624,0.8224274239191743,0.0008059788754407909,RELIABLE,RELIABLE,12.925454183331372,0.8939361300664032,0.0008760574074650751,RELIABLE,RELIABLE,242.3695243624378,0.7967260372710611,0.0007807915165256398,OOD,OOD,270.32142573257244,0.7854754660688295,0.0007697659567474528,OOD,OOD
706,3,Digit 3,3,Digit 3,max_nhat,RELIABLE,RELIABLE,26.273165696463913,0.833203251689458,0.0008165391866556688,2,0.04723952981953994,3,3,True,61.96243119239758,0.7436178398711134,0.0007287454830736911,RELIABLE,RELIABLE,96.10359310704015,0.767587049263524,0.0007522353082782535,OOD,OOD,40.36913376388477,0.785963721869918,0.0007702444474325196,RELIABLE,RELIABLE,26.273165696463913,0.833203251689458,0.0008165391866556688,RELIABLE,RELIABLE,127.47729289263664,0.7576449064325527,0.0007424920083039016,OOD,OOD,155.36137921078335,0.7692114818597462,0.0007538272522225512,OOD,OOD
707,3,Digit 3,3,Digit 3,max_nhat,RELIABLE,RELIABLE,19.712384781584582,0.8626056423174971,0.0008453535294711471,2,0.06438458373110367,3,3,True,78.19526209180363,0.7341988848571475,0.0007195149071600045,UNRELIABLE,IDO,321.1571023962267,0.7114006184355472,0.0006971726060668363,OOD,OOD,40.105152398256,0.7982210585863935,0.0007822566374146656,RELIABLE,RELIABLE,19.712384781584582,0.8626056423174971,0.0008453535294711471,RELIABLE,RELIABLE,279.269105860914,0.7356532189632323,0.0007209401545839677,OOD,OOD,305.61818272428206,0.6962629293640982,0.0006823376707768162,OOD,OOD
708,3,Digit 3,2,Digit 2,max_nhat,RELIABLE,RELIABLE,32.66201813682709,0.8241181634519168,0.0008076358001828784,3,0.0062921446424992755,2,3,False,42.362875627346924,0.7719173022232554,0.0007564789561787902,RELIABLE,RELIABLE,402.42002644267654,0.7744992024055474,0.0007590092183574363,OOD,OOD,32.66201813682709,0.8241181634519168,0.0008076358001828784,RELIABLE,RELIABLE,31.290020930921358,0.8178260188094175,0.0008014694984332291,RELIABLE,RELIABLE,60.43073628683388,0.7490047206371061,0.0007340246262243639,RELIABLE,RELIABLE,186.42599891978836,0.6881599973958372,0.0006743967974479205,OOD,OOD
709,3,Digit 3,7,Digit 2,max_nhat,RELIABLE,RELIABLE,21.075666628611636,0.8496495832054282,0.0008326565915413196,4,0.024628296273358163,7,7,True,65.75026925419414,0.7317927581417769,0.0007171569029789413,UNRELIABLE,IDO,154.27881392738573,0.7383856642449173,0.0007236179509600189,OOD,OOD,46.66914323118635,0.7709070966472005,0.0007554889547142565,RELIABLE,RELIABLE,54.926681303755146,0.787079453382287,0.0007713378643146412,RELIABLE,RELIABLE,28.353570649959984,0.82502128693207,0.0008085208611934286,RELIABLE,RELIABLE,21.075666628611636,0.8496495832054282,0.0008326565915413196,RELIABLE,RELIABLE
710,3,Digit 3,3,Digit 3,max_nhat,RELIABLE,RELIABLE,25.86965462986162,0.8651604813527743,0.0008478572717257188,2,0.031907434632087006,3,3,True,96.11032406989995,0.7053031331329499,0.0006911970704702909,OOD,OOD,208.65227229405852,0.7613625612310669,0.0007461353100064455,OOD,OOD,51.38970281310104,0.8332530467206873,0.0008165879857862736,RELIABLE,RELIABLE,25.86965462986162,0.8651604813527743,0.0008478572717257188,RELIABLE,RELIABLE,51.056050659737465,0.7925433960361795,0.0007766925281154559,RELIABLE,RELIABLE,40.037856453301714,0.8206387478965063,0.0008042259729385762,RELIABLE,RELIABLE
711,3,Digit 3,3,Digit 3,max_nhat,RELIABLE,RELIABLE,21.34729535873658,0.8605550947670823,0.0008433439928717405,2,0.03833530745220681,3,3,True,50.62298365684969,0.7842562641379954,0.0007685711388552355,RELIABLE,RELIABLE,61.80457481759808,0.8012252897267137,0.0007852007839321794,RELIABLE,RELIABLE,27.186677397677503,0.8222197873148754,0.0008057753915685779,RELIABLE,RELIABLE,21.34729535873658,0.8605550947670823,0.0008433439928717405,RELIABLE,RELIABLE,128.82872988794855,0.7765779431021745,0.0007610463842401311,OOD,OOD,156.38565370451593,0.7759819399234091,0.0007604623011249409,OOD,OOD
712,3,Digit 3,3,Digit 3,max_nhat,RELIABLE,RELIABLE,19.84696520785039,0.8644475403183173,0.000847158589511951,2,0.05238649960195685,3,3,True,36.96946158734798,0.7795884638527367,0.000763996694575682,RELIABLE,RELIABLE,158.44067156591274,0.731818907646696,0.000717182529493762,OOD,OOD,36.68356612136932,0.8120610407163604,0.0007958198199020332,RELIABLE,RELIABLE,19.84696520785039,0.8644475403183173,0.000847158589511951,RELIABLE,RELIABLE,165.8859396860524,0.7664698775222539,0.0007511404799718088,OOD,OOD,225.63857109730807,0.7247115692698153,0.000710217337884419,OOD,OOD
713,3,Digit 3,3,Digit 3,max_nhat,RELIABLE,RELIABLE,13.81607300260873,0.8882318251157112,0.0008704671886133969,2,0.0647657570920207,3,3,True,58.65903381376114,0.7892483830610117,0.0007734634153997914,RELIABLE,RELIABLE,102.84713951226709,0.8099073442634345,0.0007937091973781658,OOD,OOD,28.31562637634351,0.8234660680236905,0.0008069967466632166,RELIABLE,RELIABLE,13.81607300260873,0.8882318251157112,0.0008704671886133969,RELIABLE,RELIABLE,210.01619065290265,0.7781409573245007,0.0007625781381780107,OOD,OOD,248.80138309321603,0.764343807640585,0.0007490569314877732,OOD,OOD
714,3,Digit 3,3,Digit 3,max_nhat,RELIABLE,RELIABLE,46.39500966405694,0.826738801573663,0.0008102040255421897,2,0.04781152440058156,3,2,False,212.72466226358858,0.7202889881525572,0.000705883208389506,OOD,OOD,938.3711653091078,0.7186834745874829,0.0007043098050957332,OOD,OOD,42.87456036486095,0.7789272771730814,0.0007633487316296198,RELIABLE,RELIABLE,46.39500966405694,0.826738801573663,0.0008102040255421897,RELIABLE,RELIABLE,129.29418374804322,0.7316619252195498,0.0007170286867151588,OOD,OOD,460.18742213792194,0.7119841560888276,0.000697744472967051,OOD,OOD
715,3,Digit 3,3,Digit 3,max_nhat,RELIABLE,RELIABLE,18.990685161257172,0.8947035060833582,0.0008768094359616911,2,0.04227738042548623,3,3,True,100.39194026303991,0.7366181569064034,0.0007218857937682753,OOD,OOD,191.58429332286698,0.7883177820976812,0.0007725514264557276,OOD,OOD,75.13434654553835,0.852426125657872,0.0008353776031447145,UNRELIABLE,IDO,18.990685161257172,0.8947035060833582,0.0008768094359616911,RELIABLE,RELIABLE,66.18295629554477,0.7823008305145686,0.0007666548139042772,UNRELIABLE,IDO,51.32690654488533,0.7910523476398426,0.0007752313006870457,RELIABLE,RELIABLE
716,3,Digit 3,3,Digit 3,max_nhat,RELIABLE,RELIABLE,40.09097988805743,0.81440404796209,0.0007981159670028482,2,0.026281132758285475,3,3,True,206.0719533178164,0.7841823166161379,0.0007684986702838152,OOD,OOD,676.0318553628251,0.7266219415303113,0.0007120895026997051,OOD,OOD,41.570872281312916,0.7881229152038045,0.0007723604568997284,RELIABLE,RELIABLE,40.09097988805743,0.81440404796209,0.0007981159670028482,RELIABLE,RELIABLE,221.77991925920162,0.703035360730547,0.000688974653515936,OOD,OOD,288.9169542513778,0.6721483181604524,0.0006587053517972433,OOD,OOD
717,3,Digit 3,2,Digit 2,max_nhat,RELIABLE,RELIABLE,32.84837874868835,0.8048154169082451,0.0007887191085700801,3,5.669416803666394e-05,2,2,True,41.065115785603666,0.7882264166857335,0.0007724618883520188,RELIABLE,RELIABLE,445.92369257744645,0.7752330024057348,0.0007597283423576201,OOD,OOD,32.84837874868835,0.8048154169082451,0.0007887191085700801,RELIABLE,RELIABLE,34.933284411080066,0.8047587227402084,0.0007886635482854043,RELIABLE,RELIABLE,41.232771121774974,0.7896554231539279,0.0007738623146908493,RELIABLE,RELIABLE,176.01327776597134,0.80470173925733,0.0007886077044721834,OOD,OOD
718,3,Digit 3,7,Digit 2,max_nhat,RELIABLE,RELIABLE,18.165165289669442,0.8713536170857598,0.0008539265447440445,4,0.05557257619897005,7,7,True,157.03681008956136,0.7627760304961784,0.0007475205098862547,OOD,OOD,551.1191423415764,0.7235417138548318,0.0007090708795777351,OOD,OOD,216.76604304601463,0.7520702519440284,0.0007370288469051478,OOD,OOD,71.83625221356667,0.7806475503825915,0.0007650345993749396,UNRELIABLE,IDO,123.37463894799647,0.8157810408867897,0.0007994654200690539,OOD,OOD,18.165165289669442,0.8713536170857598,0.0008539265447440445,RELIABLE,RELIABLE
719,3,Digit 3,3,Digit 3,max_nhat,RELIABLE,RELIABLE,27.004865118663012,0.8573302570739118,0.0008401836519324335,2,0.08278831631630479,3,3,True,52.41818036645501,0.7662330000985375,0.0007509083400965667,RELIABLE,RELIABLE,245.07137433495672,0.6772553889086007,0.0006637102811304287,OOD,OOD,55.962584722666605,0.774541940757607,0.0007590511019424548,RELIABLE,RELIABLE,27.004865118663012,0.8573302570739118,0.0008401836519324335,RELIABLE,RELIABLE,370.5971710755318,0.7526117874430742,0.0007375595516942127,OOD,OOD,419.50060158253854,0.7093089268876888,0.0006951227483499349,OOD,OOD
720,3,Digit 3,3,Digit 3,max_nhat,RELIABLE,RELIABLE,29.202678035257442,0.820987789164194,0.0008045680333809101,7,0.029069861719586476,3,3,True,100.1452190199337,0.7011977560939231,0.0006871738009720446,OOD,OOD,237.835385368421,0.7742553413756065,0.0007587702345480944,OOD,OOD,48.88240896692072,0.7759602278626887,0.0007604410233054349,RELIABLE,RELIABLE,29.202678035257442,0.820987789164194,0.0008045680333809101,RELIABLE,RELIABLE,80.50640472740763,0.7742407119329509,0.0007587558976942918,UNRELIABLE,IDO,101.46040132781124,0.7919179274446075,0.0007760795688957154,OOD,OOD
721,3,Digit 3,3,Digit 3,max_nhat,RELIABLE,RELIABLE,8.18508911812851,0.9280238738962847,0.000909463396418359,2,0.08098295966607383,3,3,True,30.794072017009842,0.8077243127019536,0.0007915698264479144,RELIABLE,RELIABLE,145.18411416766565,0.7368822548653824,0.0007221446097680748,OOD,OOD,26.116498696574222,0.8470409142302109,0.0008301000959456067,RELIABLE,RELIABLE,8.18508911812851,0.9280238738962847,0.000909463396418359,RELIABLE,RELIABLE,133.58510165408774,0.7828945235749063,0.0007672366331034082,OOD,OOD,150.8766809042948,0.774691938232168,0.0007591980994675246,OOD,OOD
722,3,Digit 3,3,Digit 3,max_nhat,RELIABLE,RELIABLE,19.014300957098065,0.8691852199009946,0.0008518015155029747,0,0.05961297640758856,3,3,True,36.94554876749109,0.8095722434934061,0.000793380798623538,RELIABLE,RELIABLE,137.67103157078122,0.7803325249823128,0.0007647258744826665,OOD,OOD,34.31706865421647,0.8088077406207207,0.0007926315858083063,RELIABLE,RELIABLE,19.014300957098065,0.8691852199009946,0.0008518015155029747,RELIABLE,RELIABLE,150.22990311314211,0.7769602772612002,0.0007614210717159762,OOD,OOD,195.71822021549877,0.7590880066830069,0.0007439062465493467,OOD,OOD
723,3,Digit 3,3,Digit 3,max_nhat,RELIABLE,RELIABLE,23.07132232126582,0.8735012410279155,0.0008560312162073572,2,0.0293347741515968,3,3,True,41.17827122137883,0.7956390752821811,0.0007797262937765375,RELIABLE,RELIABLE,67.58155728552022,0.7884717301546769,0.0007727022955515833,UNRELIABLE,IDO,24.163073633227704,0.8441664668763187,0.0008272831375387923,RELIABLE,RELIABLE,23.07132232126582,0.8735012410279155,0.0008560312162073572,RELIABLE,RELIABLE,51.61573741578181,0.7769229568539565,0.0007613844977168774,RELIABLE,RELIABLE,49.92039010543163,0.7785288679392026,0.0007629582905804186,RELIABLE,RELIABLE
724,3,Digit 3,2,Digit 2,max_nhat,OOD,OOD,98.89164045382601,0.7104311219829469,0.000696222499543288,3,0.00626368222362117,2,3,False,154.9017203787845,0.639467200291257,0.0006266778562854318,OOD,OOD,1001.0765440077141,0.5562657761592386,0.0005451404606360538,OOD,OOD,98.89164045382601,0.7104311219829469,0.000696222499543288,OOD,OOD,74.31205219493123,0.7041674397593257,0.0006900840909641392,UNRELIABLE,IDO,322.09721343935996,0.6091488491679338,0.0005969658721845751,OOD,OOD,561.8592833600394,0.6519373182382616,0.0006388985718734964,OOD,OOD
725,3,Digit 3,3,Digit 3,max_nhat,RELIABLE,RELIABLE,17.343516691686247,0.861984172477872,0.0008447444890283145,2,0.06175282046473063,3,3,True,59.13276011346481,0.7655230688659891,0.0007502126074886693,RELIABLE,RELIABLE,193.10027253500192,0.7581384469726441,0.0007429756780331912,OOD,OOD,34.1196331420188,0.8002313520131413,0.0007842267249728785,RELIABLE,RELIABLE,17.343516691686247,0.861984172477872,0.0008447444890283145,RELIABLE,RELIABLE,89.84824307168736,0.7647692957329743,0.0007494739098183147,OOD,OOD,135.67483923021828,0.7150573323478175,0.0007007561857008611,OOD,OOD
726,3,Digit 3,3,Digit 3,max_nhat,RELIABLE,RELIABLE,19.803829318444023,0.8787904436003355,0.0008612146347283288,2,0.027761835581923577,3,3,True,39.74317190424154,0.7818885497576464,0.0007662507787624935,RELIABLE,RELIABLE,635.9376300464653,0.7029010185533394,0.0006888429981822726,OOD,OOD,25.533125892987304,0.851028608018412,0.0008340080358580437,RELIABLE,RELIABLE,19.803829318444023,0.8787904436003355,0.0008612146347283288,RELIABLE,RELIABLE,91.48958952853135,0.7086111593267174,0.000694438936140183,OOD,OOD,356.0746766166743,0.6869164147912734,0.0006731780864954479,OOD,OOD
727,3,Digit 3,3,Digit 3,max_nhat,UNRELIABLE,IDO,80.92595446641351,0.7011245279257189,0.0006871020373672045,7,0.008796321375255656,3,3,True,277.9348018388584,0.6569611311346959,0.000643821908512002,OOD,OOD,1435.3120661062103,0.6195185534036276,0.000607128182335555,OOD,OOD,91.79025654412514,0.6575137296890861,0.0006443634550953043,OOD,OOD,80.92595446641351,0.7011245279257189,0.0006871020373672045,UNRELIABLE,IDO,178.91317277956927,0.6643167582544329,0.0006510304230893443,OOD,OOD,458.0302623225441,0.6923282065504632,0.000678481642419454,OOD,OOD
728,3,Digit 3,3,Digit 3,max_nhat,RELIABLE,RELIABLE,12.880333980598829,0.9013139453420145,0.0008832876664351742,2,0.09737098931632893,3,3,True,42.13768332974658,0.7871671585276925,0.0007714238153571386,RELIABLE,RELIABLE,335.63278231740514,0.6479310556613732,0.0006349724345481458,OOD,OOD,38.5470137806744,0.8039429560256856,0.0007878640969051718,RELIABLE,RELIABLE,12.880333980598829,0.9013139453420145,0.0008832876664351742,RELIABLE,RELIABLE,79.92148164476484,0.7856095915091503,0.0007698973996789673,UNRELIABLE,IDO,143.22680390349308,0.712622280397868,0.0006983698347899106,OOD,OOD
729,3,Digit 3,3,Digit 3,max_nhat,RELIABLE,RELIABLE,29.671732150848207,0.8529874489184543,0.0008359276999400853,2,0.09249844098315052,3,3,True,171.85822235755163,0.7341246548790802,0.0007194421617814985,OOD,OOD,447.32881682811546,0.6396621496213402,0.0006268689066289134,OOD,OOD,63.91845196494595,0.7604890079353038,0.0007452792277765978,UNRELIABLE,IDO,29.671732150848207,0.8529874489184543,0.0008359276999400853,RELIABLE,RELIABLE,153.0937982841195,0.6957769843434831,0.0006818614446566135,OOD,OOD,186.08675174038416,0.681648823841682,0.0006680158473648483,OOD,OOD
730,3,Digit 3,3,Digit 3,max_nhat,RELIABLE,RELIABLE,42.64959411484455,0.7863628660393636,0.0007706356087185763,0,0.010199342190291283,3,3,True,65.93653605281605,0.7761635238490723,0.0007606402533720908,UNRELIABLE,IDO,212.1171474679967,0.7315014023120145,0.0007168713742657742,OOD,OOD,55.74382671141353,0.7515830357880605,0.0007365513750722993,RELIABLE,RELIABLE,42.64959411484455,0.7863628660393636,0.0007706356087185763,RELIABLE,RELIABLE,450.1624213351862,0.7542022726816179,0.0007391182272279855,OOD,OOD,542.9298368953831,0.6874785181382931,0.0006737289477755272,OOD,OOD
731,3,Digit 3,3,Digit 3,max_nhat,RELIABLE,RELIABLE,14.264986639358497,0.8871918237239026,0.0008694479872494245,2,0.04546657771607321,3,3,True,59.514878686001865,0.7706398643763449,0.000755227067088818,RELIABLE,RELIABLE,85.01659824538656,0.7499401861582247,0.0007349413824350601,UNRELIABLE,IDO,34.95288493446815,0.8417252460078294,0.0008248907410876728,RELIABLE,RELIABLE,14.264986639358497,0.8871918237239026,0.0008694479872494245,RELIABLE,RELIABLE,73.00537389833895,0.7686890562621069,0.0007533152751368647,UNRELIABLE,IDO,69.22281068596062,0.784938093390922,0.0007692393315231036,UNRELIABLE,IDO
732,3,Digit 3,2,Digit 2,max_nhat,RELIABLE,RELIABLE,24.523790503535476,0.8347909225829849,0.0008180951041313252,3,0.010990448723515622,2,2,True,38.511050192772856,0.7910615229024005,0.0007752402924443524,RELIABLE,RELIABLE,183.75511336992008,0.793873478396848,0.000777996008828911,OOD,OOD,24.523790503535476,0.8347909225829849,0.0008180951041313252,RELIABLE,RELIABLE,25.04751740647034,0.8238004738594693,0.0008073244643822799,RELIABLE,RELIABLE,190.73464368516062,0.7868220128539617,0.0007710855725968825,OOD,OOD,261.15659766198013,0.6970555771505524,0.0006831144656075414,OOD,OOD
733,3,Digit 3,3,Digit 3,max_nhat,RELIABLE,RELIABLE,11.944129908664035,0.9033087037967598,0.0008852425297208246,2,0.043198443505781614,3,3,True,32.240579069765815,0.8115181900948469,0.00079528782629295,RELIABLE,RELIABLE,69.32875312157326,0.8356175045451374,0.0008189051544542346,UNRELIABLE,IDO,21.973003289885554,0.8601102602909781,0.0008429080550851585,RELIABLE,RELIABLE,11.944129908664035,0.9033087037967598,0.0008852425297208246,RELIABLE,RELIABLE,58.19037693426008,0.7863321234987741,0.0007706054810287987,RELIABLE,RELIABLE,54.718837862686456,0.7726698521458476,0.0007572164551029306,RELIABLE,RELIABLE
734,3,Digit 3,3,Digit 3,max_nhat,RELIABLE,RELIABLE,46.314296368494816,0.7975050966736634,0.0007815549947401901,2,0.04034344074265939,3,3,True,49.611533110824034,0.741634624449068,0.0007268019319600867,RELIABLE,RELIABLE,795.543232223645,0.6677597464614656,0.0006544045515322363,OOD,OOD,66.07692453101522,0.757161655931004,0.000742018422812384,UNRELIABLE,IDO,46.314296368494816,0.7975050966736634,0.0007815549947401901,RELIABLE,RELIABLE,484.4201800489246,0.7325656407233183,0.0007179143279088519,OOD,OOD,600.057789034194,0.700454269500075,0.0006864451841100735,OOD,OOD
735,3,Digit 3,3,Digit 3,max_nhat,RELIABLE,RELIABLE,49.26831516164051,0.7905614676989863,0.0007747502383450065,2,0.030254183998491113,3,2,False,302.9324061152677,0.7009333243992932,0.0006869146579113073,OOD,OOD,580.5845016120286,0.712113359246561,0.0006978710920616298,OOD,OOD,47.67786606920638,0.7603072837004952,0.0007451011380264853,RELIABLE,RELIABLE,49.26831516164051,0.7905614676989863,0.0007747502383450065,RELIABLE,RELIABLE,108.33213118335495,0.7364947313861826,0.0007217648367584589,OOD,OOD,204.90791561495024,0.7009593293860785,0.0006869401427983569,OOD,OOD
736,3,Digit 3,3,Digit 3,max_nhat,RELIABLE,RELIABLE,11.862237988046523,0.8969623767141117,0.0008790231291798294,2,0.09592335147672049,3,3,True,45.274616635483795,0.7830562109872363,0.0007673950867674916,RELIABLE,RELIABLE,185.4104756575481,0.7215429217627193,0.0007071120633274649,OOD,OOD,41.13703417829075,0.8010390252373912,0.0007850182447326434,RELIABLE,RELIABLE,11.862237988046523,0.8969623767141117,0.0008790231291798294,RELIABLE,RELIABLE,92.00106510393937,0.7660470361669305,0.0007507260954435919,OOD,OOD,117.40340742040526,0.7353189006179598,0.0007206125226056005,OOD,OOD
737,3,Digit 3,3,Digit 3,max_nhat,RELIABLE,RELIABLE,30.19081925124134,0.8258059512781224,0.0008092898322525599,1,0.009225176510597954,3,2,False,95.2853123360454,0.7047158209875305,0.0006906215045677799,OOD,OOD,175.79441531792773,0.8165807747675244,0.000800249159272174,OOD,OOD,29.596814366953655,0.8109012495083493,0.0007946832245181823,RELIABLE,RELIABLE,30.19081925124134,0.8258059512781224,0.0008092898322525599,RELIABLE,RELIABLE,73.12040367950287,0.7790045125036493,0.0007634244222535764,UNRELIABLE,IDO,98.20458289790975,0.7838455488048547,0.0007681686378287575,OOD,OOD
738,3,Digit 3,3,Digit 3,max_nhat,RELIABLE,RELIABLE,26.699776268344603,0.8148564701088579,0.0007985593407066807,7,0.05953028895797563,3,3,True,81.90142044234346,0.7472484241700079,0.0007323034556866077,UNRELIABLE,IDO,189.92803321610785,0.7272395935699937,0.0007126948016985937,OOD,OOD,70.86702872604879,0.7337907692897088,0.0007191149539039146,UNRELIABLE,IDO,26.699776268344603,0.8148564701088579,0.0007985593407066807,RELIABLE,RELIABLE,205.0430541428371,0.7273044620141931,0.0007127583727739091,OOD,OOD,216.75215192882547,0.7553261811508822,0.0007402196575278646,OOD,OOD
739,3,Digit 3,3,Digit 3,max_nhat,RELIABLE,RELIABLE,19.743271404010837,0.8585760678287679,0.0008414045464721926,1,0.03759302299325662,3,3,True,44.877518995964884,0.7463496402216023,0.0007314226474171702,RELIABLE,RELIABLE,76.5746070355039,0.8209830448355113,0.0008045633839388011,UNRELIABLE,IDO,31.982951779202708,0.8047771708406151,0.0007886816274238028,RELIABLE,RELIABLE,19.743271404010837,0.8585760678287679,0.0008414045464721926,RELIABLE,RELIABLE,52.901305609277316,0.7989574725727828,0.0007829783231213272,RELIABLE,RELIABLE,51.048160680448646,0.8176315038378257,0.0008012788737610691,RELIABLE,RELIABLE
740,3,Digit 3,2,Digit 2,max_nhat,RELIABLE,RELIABLE,43.34790335834415,0.8119071828371849,0.0007956690391804412,3,0.009087038149922178,2,3,False,59.506491708770426,0.7215992739928299,0.0007071672885129733,RELIABLE,RELIABLE,163.3636230740939,0.7861836585817764,0.0007704599854101409,OOD,OOD,43.34790335834415,0.8119071828371849,0.0007956690391804412,RELIABLE,RELIABLE,36.02864752436399,0.8028201446872627,0.0007867637417935175,RELIABLE,RELIABLE,484.6746810071028,0.789551503759997,0.0007737604736847971,OOD,OOD,574.8906058212036,0.7502898890062317,0.0007352840912261071,OOD,OOD
741,3,Digit 3,3,Digit 3,max_nhat,RELIABLE,RELIABLE,18.181666866353986,0.8669872087470152,0.0008496474645720749,1,0.0223408368802821,3,3,True,59.88412549521698,0.7809084430185228,0.0007652902741581523,RELIABLE,RELIABLE,195.83654773609385,0.8446463718667331,0.0008277534444293984,OOD,OOD,43.301377482762625,0.7892632700573537,0.0007734780046562066,RELIABLE,RELIABLE,18.181666866353986,0.8669872087470152,0.0008496474645720749,RELIABLE,RELIABLE,48.7385039733663,0.8033332439635508,0.0007872665790842798,RELIABLE,RELIABLE,74.83210472152527,0.7800431488551441,0.0007644422858780412,UNRELIABLE,IDO
742,3,Digit 3,1,Digit 1,max_nhat,RELIABLE,RELIABLE,28.052824263825425,0.8664148785978454,0.0008490865810258884,4,0.032468901525115945,1,1,True,57.63124710015903,0.731638488696366,0.0007170057189224387,RELIABLE,RELIABLE,28.052824263825425,0.8664148785978454,0.0008490865810258884,RELIABLE,RELIABLE,29.517807066229764,0.8079599943619387,0.0007918007944746998,RELIABLE,RELIABLE,32.21952476737067,0.803142829423502,0.0007870799728350319,RELIABLE,RELIABLE,35.2194200044984,0.8339459770727294,0.0008172670575312749,RELIABLE,RELIABLE,41.489244658037656,0.8309958623849787,0.0008143759451372791,RELIABLE,RELIABLE
743,3,Digit 3,3,Digit 3,max_nhat,RELIABLE,RELIABLE,29.391400089990178,0.8320362301068055,0.0008153955055046694,2,0.0434881888354236,3,3,True,60.315724503058476,0.7524388626754989,0.0007373900854219889,RELIABLE,RELIABLE,277.4228610195777,0.7316188483725822,0.0007169864714051305,OOD,OOD,46.08511227795861,0.7885480412713819,0.0007727770804459543,RELIABLE,RELIABLE,29.391400089990178,0.8320362301068055,0.0008153955055046694,RELIABLE,RELIABLE,67.77150506572386,0.7184653232701399,0.000704096016804737,UNRELIABLE,IDO,84.73653431468861,0.7452597120924948,0.0007303545178506449,UNRELIABLE,IDO
744,3,Digit 3,3,Digit 3,max_nhat,RELIABLE,RELIABLE,40.99276067431256,0.8212231472625405,0.0008047986843172897,2,0.01141368133658549,3,2,False,200.52507885148677,0.7289139980551158,0.0007143357180940135,OOD,OOD,670.8256239927708,0.7388748421134684,0.000724097345271199,OOD,OOD,35.0613962195035,0.809809465925955,0.0007936132766074359,RELIABLE,RELIABLE,40.99276067431256,0.8212231472625405,0.0008047986843172897,RELIABLE,RELIABLE,101.18151768685223,0.7429760988864714,0.0007281165769087419,OOD,OOD,338.4642709316015,0.7213680813085737,0.0007069407196824022,OOD,OOD
745,3,Digit 3,3,Digit 3,max_nhat,RELIABLE,RELIABLE,15.039268444784488,0.880597088723052,0.0008629851469485909,2,0.07858032881253907,3,3,True,61.22513511511958,0.7558646176803119,0.0007407473253267056,RELIABLE,RELIABLE,277.57413341949825,0.7329937545013493,0.0007183338794113223,OOD,OOD,35.73922933596981,0.8020167599105129,0.0007859764247123026,RELIABLE,RELIABLE,15.039268444784488,0.880597088723052,0.0008629851469485909,RELIABLE,RELIABLE,71.76283631373028,0.7510928708394835,0.0007360710134226938,UNRELIABLE,IDO,123.0544518152625,0.7013154187624698,0.0006872891103872204,OOD,OOD
746,3,Digit 3,3,Digit 3,max_nhat,RELIABLE,RELIABLE,23.734480958354993,0.8816765362766433,0.0008640430055511105,2,0.042998645575032524,3,3,True,45.445085111259516,0.7748364105128694,0.000759339682302612,RELIABLE,RELIABLE,291.53118082153685,0.6794963645585684,0.0006659064372673971,OOD,OOD,46.11298152429702,0.8386778907016108,0.0008219043328875785,RELIABLE,RELIABLE,23.734480958354993,0.8816765362766433,0.0008640430055511105,RELIABLE,RELIABLE,115.27698764650488,0.730001587605213,0.0007154015558531087,OOD,OOD,173.72161068074774,0.7085579799460032,0.0006943868203470831,OOD,OOD
747,3,Digit 3,3,Digit 3,max_nhat,RELIABLE,RELIABLE,20.603209456492863,0.8474376556473203,0.0008304889025343738,0,0.061905776820234126,3,3,True,56.1302324852189,0.7855318788270862,0.0007698212412505445,RELIABLE,RELIABLE,310.7305010794597,0.6889063353410382,0.0006751282086342174,OOD,OOD,46.96089548682075,0.7588116254970686,0.0007436353929871272,RELIABLE,RELIABLE,20.603209456492863,0.8474376556473203,0.0008304889025343738,RELIABLE,RELIABLE,292.40874643609675,0.7699729054884635,0.0007545734473786942,OOD,OOD,344.1980669731893,0.6972784006010669,0.0006833328325890456,OOD,OOD
748,3,Digit 3,2,Digit 2,max_nhat,RELIABLE,RELIABLE,33.901339976236926,0.8287205503268953,0.0008121461393203574,3,0.006054525321829929,2,3,False,132.69914474109132,0.7142850542448166,0.0006999993531599202,OOD,OOD,357.3219557909467,0.7286376875728038,0.0007140649338213477,OOD,OOD,33.901339976236926,0.8287205503268953,0.0008121461393203574,RELIABLE,RELIABLE,30.924315593463284,0.8226660250050654,0.0008062127045049641,RELIABLE,RELIABLE,123.02070850368247,0.7639628373660344,0.0007486835806187137,OOD,OOD,171.48346348701517,0.7094131971629232,0.0006952249332196647,OOD,OOD
749,3,Digit 3,3,Digit 3,max_nhat,RELIABLE,RELIABLE,45.27265516574067,0.8249111545115771,0.0008084129314213455,2,0.01660506949777285,3,2,False,49.75422492408479,0.8035738489085922,0.0007875023719304203,RELIABLE,RELIABLE,329.76783687254266,0.6942607040250434,0.0006803754899445425,OOD,OOD,35.55965590847505,0.8083060850138043,0.0007921399633135282,RELIABLE,RELIABLE,45.27265516574067,0.8249111545115771,0.0008084129314213455,RELIABLE,RELIABLE,96.90194064330909,0.7028119311287432,0.0006887556925061683,OOD,OOD,224.88315828059422,0.6878049839941549,0.0006740488843142718,OOD,OOD
750,3,Digit 3,3,Digit 3,max_nhat,RELIABLE,RELIABLE,37.72718782549121,0.7783813301182043,0.0007628137035158402,2,0.05939971433066227,3,3,True,98.73894857560057,0.7111397178038986,0.0006969169234478206,OOD,OOD,496.82905442057523,0.5920838304833512,0.0005802421538736842,OOD,OOD,80.63080417861781,0.718981615787542,0.0007046019834717912,UNRELIABLE,IDO,37.72718782549121,0.7783813301182043,0.0007628137035158402,RELIABLE,RELIABLE,124.19648247460766,0.7019547737959243,0.0006879156783200058,OOD,OOD,188.8793289487674,0.6801683105546578,0.0006665649443435646,OOD,OOD
751,3,Digit 3,3,Digit 3,max_nhat,RELIABLE,RELIABLE,11.775965549215433,0.9097102485173052,0.0008915160435469591,2,0.07791076726830404,3,3,True,31.753421919027467,0.814946174431654,0.0007986472509430209,RELIABLE,RELIABLE,156.44109621634894,0.7521736079645494,0.0007371301358052583,OOD,OOD,35.01232704462457,0.8317994812490012,0.0008151634916240212,RELIABLE,RELIABLE,11.775965549215433,0.9097102485173052,0.0008915160435469591,RELIABLE,RELIABLE,379.7271363122302,0.7925850988899144,0.0007767333969121161,OOD,OOD,405.9209349260671,0.765924738069023,0.0007506062433076425,OOD,OOD
752,3,Digit 3,3,Digit 3,max_nhat,RELIABLE,RELIABLE,28.157274950707155,0.8505131455488439,0.000833502882637867,7,0.05822156415315993,3,3,True,98.35041250737845,0.7358022867989478,0.0007210862410629688,OOD,OOD,222.22856796223715,0.7794453989561887,0.0007638564909770649,OOD,OOD,65.98333151191859,0.7921600179545022,0.0007763168175954121,UNRELIABLE,IDO,28.157274950707155,0.8505131455488439,0.000833502882637867,RELIABLE,RELIABLE,55.30437414810253,0.7902612694435587,0.0007744560440546875,RELIABLE,RELIABLE,57.96547513709188,0.792291581395684,0.0007764457497677703,RELIABLE,RELIABLE
753,3,Digit 3,3,Digit 3,max_nhat,RELIABLE,RELIABLE,31.16204220381004,0.8335342881157694,0.0008168636023534539,2,0.029323596886614567,3,3,True,158.94996761964808,0.7249772878974531,0.000710477742139504,OOD,OOD,514.2245941858738,0.7598978776313339,0.0007446999200787072,OOD,OOD,35.55298471405618,0.8042106912291548,0.0007881264774045717,RELIABLE,RELIABLE,31.16204220381004,0.8335342881157694,0.0008168636023534539,RELIABLE,RELIABLE,96.72815057506976,0.6772971957121644,0.0006637512517979211,OOD,OOD,249.45819352370435,0.6611882496136599,0.0006479644846213866,OOD,OOD
754,3,Digit 3,3,Digit 3,max_nhat,RELIABLE,RELIABLE,17.723284559027967,0.8701308327576089,0.0008527282161024568,4,0.014474577272193034,3,3,True,49.776978178649095,0.749343426622867,0.0007343565580904096,RELIABLE,RELIABLE,33.99123713332483,0.8381355300091311,0.0008213728194089485,RELIABLE,RELIABLE,22.19369431738307,0.853985249467461,0.0008369055444781118,RELIABLE,RELIABLE,17.723284559027967,0.8701308327576089,0.0008527282161024568,RELIABLE,RELIABLE,33.65433464259868,0.8556562554854159,0.0008385431303757076,RELIABLE,RELIABLE,41.8404113031321,0.8417263046845375,0.0008248917785908466,RELIABLE,RELIABLE
755,3,Digit 3,3,Digit 3,max_nhat,RELIABLE,RELIABLE,34.52218837131751,0.7867880861906206,0.0007710523244668082,2,0.007591467902528293,3,3,True,110.58595097774872,0.7088169889253483,0.0006946406491468413,OOD,OOD,694.7685311421458,0.6972030276285391,0.0006832589670759683,OOD,OOD,39.68867349762798,0.7791966182880923,0.0007636126859223304,RELIABLE,RELIABLE,34.52218837131751,0.7867880861906206,0.0007710523244668082,RELIABLE,RELIABLE,99.29267596001394,0.73349104692372,0.0007188212259852456,OOD,OOD,257.55007335530564,0.686255917455845,0.0006725307991067281,OOD,OOD
756,3,Digit 3,3,Digit 3,max_nhat,RELIABLE,RELIABLE,15.069649002636611,0.8779949654783539,0.0008604350661687868,2,0.03752567838951615,3,3,True,53.45770510210633,0.71907169843885,0.000704690264470073,RELIABLE,RELIABLE,110.56102757070349,0.8234135371691901,0.0008069452664258062,OOD,OOD,30.21818947873542,0.8404692870888377,0.0008236599013470609,RELIABLE,RELIABLE,15.069649002636611,0.8779949654783539,0.0008604350661687868,RELIABLE,RELIABLE,41.730131221462834,0.8059339028977031,0.000789815224839749,RELIABLE,RELIABLE,39.35188688814903,0.8267653746003258,0.0008102300671083193,RELIABLE,RELIABLE
757,3,Digit 3,3,Digit 3,max_nhat,RELIABLE,RELIABLE,20.561895396660084,0.8682900175289944,0.0008509242171784144,2,0.08140241444946827,3,3,True,70.23357829914598,0.7441621501584099,0.0007292789071552417,UNRELIABLE,IDO,378.6948268238825,0.7200716111501546,0.0007056701789271515,OOD,OOD,43.78824085745914,0.7868876030795261,0.0007711498510179355,RELIABLE,RELIABLE,20.561895396660084,0.8682900175289944,0.0008509242171784144,RELIABLE,RELIABLE,57.51647720914194,0.7801447688923467,0.0007645418735144998,RELIABLE,RELIABLE,95.6312404105395,0.7480397979270328,0.0007330790019684921,OOD,OOD
758,3,Digit 3,3,Digit 3,max_nhat,RELIABLE,RELIABLE,18.529072436724384,0.8763336158526153,0.000858806943535563,2,0.05184530749141547,3,3,True,74.94541605949848,0.7023360571138721,0.0006882893359715946,UNRELIABLE,IDO,203.24034170274115,0.7488899573843303,0.0007339121582366437,OOD,OOD,38.361349872189464,0.8244883083611998,0.0008079985421939758,RELIABLE,RELIABLE,18.529072436724384,0.8763336158526153,0.000858806943535563,RELIABLE,RELIABLE,61.259821651038706,0.7709208707334224,0.000755502453318754,RELIABLE,RELIABLE,88.69775455367629,0.7293753765936415,0.0007147878690617687,OOD,OOD
759,3,Digit 3,3,Digit 3,max_nhat,RELIABLE,RELIABLE,12.734531759691045,0.8920116563622937,0.0008741714232350478,2,0.05815068537957668,3,3,True,66.37800989012288,0.7574205496793519,0.0007422721386857649,UNRELIABLE,IDO,130.7425686505485,0.79626161651656,0.0007803363841862288,OOD,OOD,27.339262437694703,0.833860970982717,0.0008171837515630627,RELIABLE,RELIABLE,12.734531759691045,0.8920116563622937,0.0008741714232350478,RELIABLE,RELIABLE,96.17436507017877,0.7497519440184277,0.0007347569051380592,OOD,OOD,112.11893551050849,0.7557214565251986,0.0007406070273946946,OOD,OOD
760,3,Digit 3,3,Digit 3,max_nhat,RELIABLE,RELIABLE,34.641742707788225,0.8210191430581028,0.0008045987601969407,2,0.03978130187732143,3,3,True,94.35608399720078,0.6999810424965452,0.0006859814216466143,OOD,OOD,487.67893175730194,0.712941802259628,0.0006986829662144354,OOD,OOD,49.55716187158751,0.7812378411807813,0.0007656130843571656,RELIABLE,RELIABLE,34.641742707788225,0.8210191430581028,0.0008045987601969407,RELIABLE,RELIABLE,68.34236345954824,0.7192292256305879,0.0007048446411179761,UNRELIABLE,IDO,119.15959671772775,0.7346455345943291,0.0007199526239024426,OOD,OOD
761,3,Digit 3,3,Digit 3,max_nhat,RELIABLE,RELIABLE,20.239157988638045,0.8563373298382264,0.0008392105832414618,2,0.07175517561293765,3,3,True,54.25807726211896,0.754536862111753,0.0007394461248695179,RELIABLE,RELIABLE,200.5913821857064,0.7094205538439801,0.0006952321427671004,OOD,OOD,42.285687665066966,0.7845821542252888,0.000768890511140783,RELIABLE,RELIABLE,20.239157988638045,0.8563373298382264,0.0008392105832414618,RELIABLE,RELIABLE,243.81176056323787,0.7484449673405461,0.0007334760679937351,OOD,OOD,334.89469898556627,0.6788710546093021,0.000665293633517116,OOD,OOD
762,3,Digit 3,3,Digit 3,max_nhat,RELIABLE,RELIABLE,20.858457465872366,0.8512682170621032,0.0008342428527208612,2,0.039291538544392046,3,3,True,59.17618948695822,0.7732085915393546,0.0007577444197085675,RELIABLE,RELIABLE,106.51453441761417,0.7971036040552059,0.0007811615319741018,OOD,OOD,29.97621874427355,0.8119766785177112,0.0007957371449473569,RELIABLE,RELIABLE,20.858457465872366,0.8512682170621032,0.0008342428527208612,RELIABLE,RELIABLE,80.56822636185501,0.8047250673018688,0.0007886305659558314,UNRELIABLE,IDO,97.66150659983313,0.764216888875093,0.0007489325510975911,OOD,OOD
763,3,Digit 3,3,Digit 3,max_nhat,RELIABLE,RELIABLE,47.097779368530055,0.8364836589171946,0.0008197539857388507,2,0.05310237381546712,3,3,True,432.0070150173294,0.7219313440173484,0.0007074927171370014,OOD,OOD,605.137442350553,0.7423037902185742,0.0007274577144142026,OOD,OOD,47.75450998775166,0.7833812851017274,0.0007677136593996929,RELIABLE,RELIABLE,47.097779368530055,0.8364836589171946,0.0008197539857388507,RELIABLE,RELIABLE,185.0169005526306,0.7101574632441965,0.0006959543139793125,OOD,OOD,232.95205118492655,0.6925905569873017,0.0006787387458475556,OOD,OOD
764,3,Digit 3,4,Digit 4,max_nhat,RELIABLE,RELIABLE,53.674019292595474,0.8222479848048151,0.0008058030251087187,2,0.016908522284469485,4,2,False,113.37112962155435,0.7821249675755257,0.0007664824682240152,OOD,OOD,480.6207100729064,0.7441738716060021,0.0007292903941738821,OOD,OOD,31.002803536890205,0.8053394625203456,0.0007892326732699387,RELIABLE,RELIABLE,36.95959655246703,0.7842924101633766,0.000768606561960109,RELIABLE,RELIABLE,53.674019292595474,0.8222479848048151,0.0008058030251087187,RELIABLE,RELIABLE,118.10258127053396,0.7683969170851465,0.0007530289787434435,OOD,OOD
765,3,Digit 3,3,Digit 3,max_nhat,RELIABLE,RELIABLE,28.105860362892784,0.866209778836321,0.0008488855832595946,0,0.03674353720654333,3,3,True,29.139647080453926,0.8294662416297777,0.000812876916797182,RELIABLE,RELIABLE,630.1207036144365,0.7055306278159453,0.0006914200152596265,OOD,OOD,36.05033883687164,0.8102437711956783,0.0007940388957717647,RELIABLE,RELIABLE,28.105860362892784,0.866209778836321,0.0008488855832595946,RELIABLE,RELIABLE,236.48800739976681,0.7505283554932753,0.0007355177883834099,OOD,OOD,331.6528701138541,0.7514872379398523,0.0007364574931810552,OOD,OOD
766,3,Digit 3,3,Digit 3,max_nhat,RELIABLE,RELIABLE,28.172584248023725,0.8253879908189028,0.0008088802310025247,2,0.022348189774309857,3,3,True,51.556164230140084,0.7427999921882712,0.0007279439923445057,RELIABLE,RELIABLE,62.51318151496137,0.7800017376894066,0.0007644017029356184,UNRELIABLE,IDO,32.76967745872928,0.8030398010445929,0.000786979005023701,RELIABLE,RELIABLE,28.172584248023725,0.8253879908189028,0.0008088802310025247,RELIABLE,RELIABLE,53.5765419108027,0.7794648172120487,0.0007638755208678078,RELIABLE,RELIABLE,55.60761422687521,0.7900758270660615,0.0007742743105247403,RELIABLE,RELIABLE
767,3,Digit 3,3,Digit 3,max_nhat,RELIABLE,RELIABLE,14.078661329009796,0.8901351877164433,0.0008723324839621144,1,0.01080150816923009,3,3,True,41.54962556784496,0.7792084261337409,0.000763624257611066,RELIABLE,RELIABLE,39.09562933305204,0.8793336795472132,0.000861747005956269,RELIABLE,RELIABLE,25.866222378583263,0.8491267647926193,0.0008321442294967669,RELIABLE,RELIABLE,14.078661329009796,0.8901351877164433,0.0008723324839621144,RELIABLE,RELIABLE,45.612717334205755,0.8023258327549599,0.0007862793160998607,RELIABLE,RELIABLE,50.53532895292645,0.8089576167006622,0.0007927784643666489,RELIABLE,RELIABLE
768,3,Digit 3,3,Digit 3,max_nhat,RELIABLE,RELIABLE,28.900087191543143,0.8280842593459948,0.000811522574159075,4,0.026324178418210664,3,3,True,61.112733428102246,0.7187993533744992,0.0007044233663070092,RELIABLE,RELIABLE,167.51953800553488,0.709272137154029,0.0006950866944109485,OOD,OOD,40.22246668520729,0.7751463783006285,0.0007596434507346159,RELIABLE,RELIABLE,28.900087191543143,0.8280842593459948,0.000811522574159075,RELIABLE,RELIABLE,60.41955229709843,0.8017600809277842,0.0007857248793092284,RELIABLE,RELIABLE,66.58552951356344,0.7936202344326576,0.0007777478297440045,UNRELIABLE,IDO
769,3,Digit 3,3,Digit 3,max_nhat,RELIABLE,RELIABLE,19.475780983044256,0.859438099595039,0.0008422493376031383,0,0.09475025717828667,3,3,True,46.16340924183368,0.7646878424167524,0.0007493940855684173,RELIABLE,RELIABLE,283.61240915071045,0.7034290405885535,0.0006893604597767824,OOD,OOD,45.41628853308206,0.7633177376726342,0.0007480513829191815,RELIABLE,RELIABLE,19.475780983044256,0.859438099595039,0.0008422493376031383,RELIABLE,RELIABLE,294.7025763126809,0.7522420743090895,0.0007371972328229077,OOD,OOD,359.71574192269276,0.7184461083308529,0.0007040771861642358,OOD,OOD
770,3,Digit 3,3,Digit 3,max_nhat,RELIABLE,RELIABLE,16.71315787105783,0.8789046242510608,0.0008613265317660396,2,0.03832616085207552,3,3,True,61.82253922199935,0.7252782115550194,0.000710772647323919,RELIABLE,RELIABLE,134.71677148123086,0.7832852002875321,0.0007676194962817815,OOD,OOD,28.554345586181466,0.8405784633989852,0.0008237668941310055,RELIABLE,RELIABLE,16.71315787105783,0.8789046242510608,0.0008613265317660396,RELIABLE,RELIABLE,46.49350794360279,0.8176046688411477,0.0008012525754643248,RELIABLE,RELIABLE,50.53335617098357,0.8195078547465854,0.0008031176976516537,RELIABLE,RELIABLE
771,3,Digit 3,3,Digit 3,max_nhat,RELIABLE,RELIABLE,16.58937521347742,0.8854449607558156,0.0008677360615406992,1,0.05458736824616528,3,3,True,51.878525993999,0.767273628058205,0.0007519281554970408,RELIABLE,RELIABLE,79.96945949196913,0.8308575925096503,0.0008142404406594573,UNRELIABLE,IDO,34.324720823121694,0.8059464555571024,0.0007898275264459604,RELIABLE,RELIABLE,16.58937521347742,0.8854449607558156,0.0008677360615406992,RELIABLE,RELIABLE,37.32125596776589,0.8064724079798642,0.0007903429598202669,RELIABLE,RELIABLE,44.73474644589052,0.8134839015246315,0.0007972142234941388,RELIABLE,RELIABLE
772,3,Digit 3,3,Digit 3,max_nhat,RELIABLE,RELIABLE,39.21375698790138,0.7900892278911454,0.0007742874433333225,2,0.0066743649779800185,3,2,False,61.99389662267738,0.7750557591824951,0.0007595546439988452,RELIABLE,RELIABLE,447.5912793457201,0.6932580909515553,0.0006793929291325242,OOD,OOD,39.14081930410014,0.7834148629131654,0.0007677465656549021,RELIABLE,RELIABLE,39.21375698790138,0.7900892278911454,0.0007742874433333225,RELIABLE,RELIABLE,150.02789433763024,0.7268389224471611,0.0007123021439982178,OOD,OOD,410.2137749813035,0.6718866585200249,0.0006584489253496245,OOD,OOD
773,3,Digit 3,3,Digit 3,max_nhat,RELIABLE,RELIABLE,20.13736195890579,0.8604880731015626,0.0008432783116395314,2,0.08814475711891268,3,3,True,62.149513991487474,0.75688199930883,0.0007417443593226535,UNRELIABLE,IDO,199.68472404879384,0.7499993744591787,0.0007349993869699952,OOD,OOD,40.349424222560764,0.7723433159826499,0.0007568964496629969,RELIABLE,RELIABLE,20.13736195890579,0.8604880731015626,0.0008432783116395314,RELIABLE,RELIABLE,100.56414485190176,0.6951750629429837,0.000681271561684124,OOD,OOD,123.42411589521964,0.7000510293024657,0.0006860500087164163,OOD,OOD
774,3,Digit 3,3,Digit 3,max_nhat,RELIABLE,RELIABLE,17.7437001594652,0.8712109956408843,0.0008537867757280666,0,0.04850940145451432,3,3,True,29.361280335864688,0.82270159418637,0.0008062475623026426,RELIABLE,RELIABLE,517.7077372657193,0.6965499912169325,0.0006826189913925938,OOD,OOD,33.87490008988846,0.8171573392472927,0.0008008141924623468,RELIABLE,RELIABLE,17.7437001594652,0.8712109956408843,0.0008537867757280666,RELIABLE,RELIABLE,245.9277112195049,0.7469656928680846,0.0007320263790107229,OOD,OOD,338.64685263777795,0.6964898009227474,0.0006825600049042924,OOD,OOD
775,3,Digit 3,7,Digit 2,max_nhat,RELIABLE,RELIABLE,41.230772329069275,0.827471215299824,0.0008109217909938275,3,0.0007069162232655746,7,3,False,79.33461927295689,0.7451882162236789,0.0007302844518992053,UNRELIABLE,IDO,197.72011430719976,0.7669216355041875,0.0007515832027941037,OOD,OOD,72.99047833884244,0.789789137327719,0.0007739933545811646,UNRELIABLE,IDO,28.93008769056238,0.8267642990765585,0.0008102290130950272,RELIABLE,RELIABLE,52.18318535464518,0.8184754650832167,0.0008021059557815523,RELIABLE,RELIABLE,41.230772329069275,0.827471215299824,0.0008109217909938275,RELIABLE,RELIABLE
776,3,Digit 3,3,Digit 3,max_nhat,RELIABLE,RELIABLE,17.08320992991428,0.8684879471882491,0.000851118188244484,2,0.05059397696875456,3,3,True,74.74510931426056,0.7299917177376624,0.000715391883382909,UNRELIABLE,IDO,390.8322332656477,0.704968632706461,0.0006908692600523318,OOD,OOD,30.32925461434046,0.8178939702194945,0.0008015360908151046,RELIABLE,RELIABLE,17.08320992991428,0.8684879471882491,0.000851118188244484,RELIABLE,RELIABLE,96.02018857643404,0.7024426825430665,0.0006883938288922051,OOD,OOD,167.10968081057783,0.6731249379428582,0.000659662439184001,OOD,OOD
777,3,Digit 3,3,Digit 3,max_nhat,RELIABLE,RELIABLE,9.083666614527415,0.9226980655249664,0.000904244104214467,2,0.05590313841762973,3,3,True,32.39125021671823,0.8396362179997093,0.0008228434936397151,RELIABLE,RELIABLE,81.64317287172989,0.7893714100753922,0.0007735839818738844,UNRELIABLE,IDO,20.05543765921079,0.8667949271073366,0.0008494590285651899,RELIABLE,RELIABLE,9.083666614527415,0.9226980655249664,0.000904244104214467,RELIABLE,RELIABLE,51.20313074033201,0.7976921238967681,0.0007817382814188327,RELIABLE,RELIABLE,72.18171277593687,0.746973468873302,0.0007320339994958359,UNRELIABLE,IDO
778,3,Digit 3,3,Digit 3,max_nhat,RELIABLE,RELIABLE,23.358736041300183,0.8503637962549557,0.0008333565203298566,2,0.07525682476271489,3,3,True,59.016510920185716,0.7449541725328084,0.0007300550890821522,RELIABLE,RELIABLE,274.4433285268645,0.7211540897429084,0.0007067310079480503,OOD,OOD,46.2702273164607,0.7751069714922408,0.000759604832062396,RELIABLE,RELIABLE,23.358736041300183,0.8503637962549557,0.0008333565203298566,RELIABLE,RELIABLE,340.82061537934203,0.7424291508787576,0.0007275805678611825,OOD,OOD,409.376635738695,0.7050087782542818,0.0006909086026891961,OOD,OOD
779,3,Digit 3,3,Digit 3,max_nhat,RELIABLE,RELIABLE,44.22209446843736,0.7979124072404249,0.0007819541590956164,0,0.04811607003125373,3,3,True,133.5926392733938,0.7497963372091712,0.0007348004104649877,OOD,OOD,862.900101781288,0.5824698868619338,0.000570820489124695,OOD,OOD,68.28247714337186,0.7296635546770538,0.0007150702835835127,UNRELIABLE,IDO,44.22209446843736,0.7979124072404249,0.0007819541590956164,RELIABLE,RELIABLE,597.1253058858285,0.6805492130696087,0.0006669382288082165,OOD,OOD,742.384242570037,0.6067781579159479,0.0005946425947576289,OOD,OOD
780,3,Digit 3,3,Digit 3,max_nhat,RELIABLE,RELIABLE,49.20205625618514,0.7925196264100977,0.0007766692338818956,2,0.021092484940793854,3,3,True,153.7113524079891,0.6924221830649125,0.0006785737394036143,OOD,OOD,391.07565191119113,0.7437764549779174,0.0007289009258783591,OOD,OOD,73.06900436353979,0.7714271414693038,0.0007559985986399177,UNRELIABLE,IDO,49.20205625618514,0.7925196264100977,0.0007766692338818956,RELIABLE,RELIABLE,71.92036165685393,0.7365888847901061,0.0007218571070943039,UNRELIABLE,IDO,111.50706201048595,0.7041812149401776,0.000690097590641374,OOD,OOD
781,3,Digit 3,2,Digit 2,max_nhat,RELIABLE,RELIABLE,55.26041395317052,0.8381583156966383,0.0008213951493827056,3,0.005994674298872349,2,3,False,79.34292085063046,0.7728682691869696,0.0007574109038032302,UNRELIABLE,IDO,81.56540165401101,0.7639262704290348,0.0007486477450204541,UNRELIABLE,IDO,55.26041395317052,0.8381583156966383,0.0008213951493827056,RELIABLE,RELIABLE,37.67780581936451,0.832163641397766,0.0008155203685698107,RELIABLE,RELIABLE,126.06955013198055,0.758013248917765,0.0007428529839394097,OOD,OOD,136.62409199388242,0.7551602311431533,0.0007400570265202902,OOD,OOD
782,3,Digit 3,7,Digit 2,max_nhat,UNRELIABLE,IDO,73.45513396581885,0.8020095840079011,0.0007859693923277431,1,0.02965427234787088,7,3,False,61.26192367828915,0.7402248148127422,0.0007254203185164873,RELIABLE,RELIABLE,534.5358160964558,0.7723553116600302,0.0007569082054268297,OOD,OOD,56.372623663062086,0.7488188871267906,0.0007338425093842547,RELIABLE,RELIABLE,48.97961763930741,0.7594178335019178,0.0007442294768318794,RELIABLE,RELIABLE,53.59753545147345,0.7710432767635668,0.0007556224112282954,RELIABLE,RELIABLE,73.45513396581885,0.8020095840079011,0.0007859693923277431,UNRELIABLE,IDO
783,3,Digit 3,3,Digit 3,max_nhat,RELIABLE,RELIABLE,24.704712239600134,0.8414213294264439,0.000824592902837915,2,0.06849726738494111,3,3,True,66.43482890128836,0.7576021778911599,0.0007424501343333367,UNRELIABLE,IDO,197.39995661511733,0.7583899050213662,0.0007432221069209388,OOD,OOD,45.622931303808286,0.7729240620415028,0.0007574655808006727,RELIABLE,RELIABLE,24.704712239600134,0.8414213294264439,0.000824592902837915,RELIABLE,RELIABLE,99.01216350500427,0.7460315278159135,0.0007311108972595953,OOD,OOD,108.62489371543276,0.7340620287484558,0.0007193807881734867,OOD,OOD
784,3,Digit 3,3,Digit 3,max_nhat,RELIABLE,RELIABLE,18.593690275411745,0.8655207847236546,0.0008482103690291814,0,0.04020662675803932,3,3,True,36.352527463210144,0.8253141579656152,0.000808807874806303,RELIABLE,RELIABLE,369.32933974262835,0.6522283618100846,0.0006391837945738829,OOD,OOD,29.53245873174883,0.8246443912984196,0.0008081515034724511,RELIABLE,RELIABLE,18.593690275411745,0.8655207847236546,0.0008482103690291814,RELIABLE,RELIABLE,114.9288787386277,0.7457668080883779,0.0007308514719266103,OOD,OOD,217.66483782215698,0.6848756123764566,0.0006711781001289274,OOD,OOD
785,3,Digit 3,3,Digit 3,max_nhat,RELIABLE,RELIABLE,11.643799623584181,0.8976886824258579,0.0008797349087773407,2,0.04368425125221098,3,3,True,35.14832860242559,0.8077921302899732,0.0007916362876841738,RELIABLE,RELIABLE,126.99569920714296,0.8304320057223199,0.0008138233656078735,OOD,OOD,25.02838227104397,0.8540044311736469,0.000836924342550174,RELIABLE,RELIABLE,11.643799623584181,0.8976886824258579,0.0008797349087773407,RELIABLE,RELIABLE,35.089205292886476,0.8334923057952052,0.0008168224596793011,RELIABLE,RELIABLE,56.391495082625184,0.7924191380917442,0.0007765707553299094,RELIABLE,RELIABLE
786,3,Digit 3,3,Digit 3,max_nhat,RELIABLE,RELIABLE,23.825152138025736,0.8365652058088245,0.000819833901692648,7,0.03838060817479694,3,3,True,77.02772698853701,0.7093884013000926,0.0006952006332740907,UNRELIABLE,IDO,361.058242603537,0.7208291391002625,0.0007064125563182572,OOD,OOD,41.56880363973401,0.7747815109858922,0.0007592858807661744,RELIABLE,RELIABLE,23.825152138025736,0.8365652058088245,0.000819833901692648,RELIABLE,RELIABLE,68.8887977464035,0.7864643248075301,0.0007707350383113795,UNRELIABLE,IDO,108.7114464374412,0.7981845976340276,0.000782220905681347,OOD,OOD
787,3,Digit 3,3,Digit 3,max_nhat,RELIABLE,RELIABLE,13.244535361552307,0.8888162338668367,0.0008710399091894999,2,0.056261205531081715,3,3,True,51.254861491758575,0.7759977725368173,0.0007604778170860809,RELIABLE,RELIABLE,105.00861928306836,0.7996968265358608,0.0007837028900051436,OOD,OOD,24.026566108063733,0.832555028335755,0.0008159039277690399,RELIABLE,RELIABLE,13.244535361552307,0.8888162338668367,0.0008710399091894999,RELIABLE,RELIABLE,108.70079226110884,0.7586986951223058,0.0007435247212198596,OOD,OOD,132.81291680399116,0.7449376991951573,0.0007300389452112541,OOD,OOD
788,3,Digit 3,3,Digit 3,max_nhat,RELIABLE,RELIABLE,13.774869752976397,0.9060087903977386,0.0008878886145897838,2,0.047014542325092834,3,3,True,58.21749994894502,0.744807687318741,0.0007299115335723662,RELIABLE,RELIABLE,129.4396985951133,0.7809058565943394,0.0007652877394624526,OOD,OOD,26.291849806220895,0.8589942480726458,0.0008418143631111929,RELIABLE,RELIABLE,13.774869752976397,0.9060087903977386,0.0008878886145897838,RELIABLE,RELIABLE,49.726569831759974,0.7749309687082786,0.000759432349334113,RELIABLE,RELIABLE,66.95011428678927,0.7794457300375425,0.0007638568154367916,UNRELIABLE,IDO
789,3,Digit 3,3,Digit 3,max_nhat,RELIABLE,RELIABLE,19.101449721699023,0.8606515084783541,0.0008434384783087871,0,0.044240904915206936,3,3,True,44.62327799161532,0.8164106035631472,0.0008000823914918842,RELIABLE,RELIABLE,384.3500664856295,0.69024632312184,0.0006764413966594032,OOD,OOD,41.076558559699976,0.7757666318794664,0.000760251299241877,RELIABLE,RELIABLE,19.101449721699023,0.8606515084783541,0.0008434384783087871,RELIABLE,RELIABLE,214.0469353610419,0.7712850967210758,0.0007558593947866543,OOD,OOD,349.2477290861473,0.7153005367297486,0.0007009945259951536,OOD,OOD
790,3,Digit 3,3,Digit 3,max_nhat,UNRELIABLE,IDO,71.07705498714255,0.7913846064248927,0.0007755569142963948,2,0.06612233434024573,3,3,True,204.1466722257707,0.691243272849408,0.0006774184073924199,OOD,OOD,727.0889415058762,0.6303420923843687,0.0006177352505366813,OOD,OOD,188.0327638315121,0.725262272084647,0.000710757026642954,OOD,OOD,71.07705498714255,0.7913846064248927,0.0007755569142963948,UNRELIABLE,IDO,302.9923131354038,0.7037123626515427,0.0006896381153985118,OOD,OOD,308.79000936786605,0.6705912373953454,0.0006571794126474385,OOD,OOD
791,3,Digit 3,3,Digit 3,max_nhat,RELIABLE,RELIABLE,20.43735717130349,0.8609026491257961,0.0008436845961432801,0,0.05351799394172441,3,3,True,55.11420870669279,0.8073846551840717,0.0007912369620803902,RELIABLE,RELIABLE,252.67824120891208,0.714483167354636,0.0007001935040075433,OOD,OOD,44.827955646309505,0.7741439036084714,0.0007586610255363019,RELIABLE,RELIABLE,20.43735717130349,0.8609026491257961,0.0008436845961432801,RELIABLE,RELIABLE,256.5702945896822,0.7279110522729101,0.0007133528312274519,OOD,OOD,337.5322860221517,0.6815697557300888,0.000667938360615487,OOD,OOD
792,3,Digit 3,3,Digit 3,max_nhat,RELIABLE,RELIABLE,19.367278286250297,0.8669996565977774,0.0008496596634658219,4,0.02172686691214898,3,3,True,64.6718798648432,0.7455501348174566,0.0007306391321211074,UNRELIABLE,IDO,116.39978797195052,0.8010213668653143,0.000785000939528008,OOD,OOD,29.547947099635774,0.8312362339630861,0.0008146115092838243,RELIABLE,RELIABLE,19.367278286250297,0.8669996565977774,0.0008496596634658219,RELIABLE,RELIABLE,34.13366366448606,0.8452727896856285,0.0008283673338919158,RELIABLE,RELIABLE,39.769711184067596,0.8330407379589273,0.0008163799231997487,RELIABLE,RELIABLE
793,3,Digit 3,3,Digit 3,max_nhat,RELIABLE,RELIABLE,23.44882097513774,0.8453051331834924,0.0008283990305198225,0,0.05139037947664005,3,3,True,47.40519669889245,0.7939147537068524,0.0007780364586327153,RELIABLE,RELIABLE,539.8675951338188,0.7417118608227924,0.0007268776236063365,OOD,OOD,39.10074620285814,0.7936118218515535,0.0007777395854145225,RELIABLE,RELIABLE,23.44882097513774,0.8453051331834924,0.0008283990305198225,RELIABLE,RELIABLE,264.12240695088076,0.7664148043424338,0.0007510865082555851,OOD,OOD,337.1590206441664,0.7176544961115409,0.00070330140618931,OOD,OOD
794,3,Digit 3,3,Digit 3,max_nhat,RELIABLE,RELIABLE,12.279940125407173,0.894331097307151,0.0008764444753610079,2,0.08521406915269492,3,3,True,40.94783367023341,0.7908915150413032,0.000775073684740477,RELIABLE,RELIABLE,183.21081805525932,0.7667615025208828,0.0007514262724704652,OOD,OOD,32.4991563403457,0.8091170281544561,0.0007929346875913669,RELIABLE,RELIABLE,12.279940125407173,0.894331097307151,0.0008764444753610079,RELIABLE,RELIABLE,142.40632422659252,0.791810972863543,0.0007759747534062721,OOD,OOD,167.3012772226291,0.7146136106458537,0.0007003213384329366,OOD,OOD
795,3,Digit 3,3,Digit 3,max_nhat,RELIABLE,RELIABLE,27.371952640263505,0.815040337197335,0.0007987395304533883,0,0.0313122411998743,3,3,True,90.28210791398098,0.7837280959974607,0.0007680535340775115,OOD,OOD,432.2583745831926,0.6367193080910859,0.0006239849219292641,OOD,OOD,39.64304054968341,0.7836386046378746,0.0007679658325451171,RELIABLE,RELIABLE,27.371952640263505,0.815040337197335,0.0007987395304533883,RELIABLE,RELIABLE,93.45049354947304,0.7792477605456258,0.0007636628053347133,OOD,OOD,134.2541158278325,0.6871002500145407,0.0006733582450142499,OOD,OOD
796,3,Digit 3,3,Digit 3,max_nhat,RELIABLE,RELIABLE,9.765136155648644,0.9144076515167181,0.0008961194984863837,2,0.04688473146248595,3,3,True,38.120695644184835,0.7909989707770243,0.0007751789913614837,RELIABLE,RELIABLE,105.11182346682412,0.8125995763154931,0.0007963475847891832,OOD,OOD,22.20854059368104,0.8675229200542321,0.0008501724616531475,RELIABLE,RELIABLE,9.765136155648644,0.9144076515167181,0.0008961194984863837,RELIABLE,RELIABLE,84.00705154024695,0.8229566584432451,0.0008064975252743802,UNRELIABLE,IDO,91.70151801303152,0.7878197441298878,0.00077206334924729,OOD,OOD
797,3,Digit 3,3,Digit 3,max_nhat,RELIABLE,RELIABLE,17.18105595549455,0.8726774981214439,0.000855223948159015,2,0.03397509808837762,3,3,True,71.26814954241952,0.748099534643867,0.0007331375439509896,UNRELIABLE,IDO,66.59877317137702,0.7970214229908944,0.0007810809945310765,UNRELIABLE,IDO,43.354665297443795,0.8387024000330663,0.0008219283520324049,RELIABLE,RELIABLE,17.18105595549455,0.8726774981214439,0.000855223948159015,RELIABLE,RELIABLE,61.08145025311917,0.7694331877380906,0.0007540445239833287,RELIABLE,RELIABLE,66.1769895774137,0.7951264960855833,0.0007792239661638716,UNRELIABLE,IDO
798,3,Digit 3,3,Digit 3,max_nhat,RELIABLE,RELIABLE,33.277282505013574,0.7948712397393287,0.0007789738149445422,0,0.028921576889062273,3,3,True,57.65449895267971,0.7659496628502664,0.0007506306695932611,RELIABLE,RELIABLE,289.5075360331067,0.709463335446306,0.0006952740687373799,OOD,OOD,59.39306451691303,0.7292076001180268,0.0007146234481156662,RELIABLE,RELIABLE,33.277282505013574,0.7948712397393287,0.0007789738149445422,RELIABLE,RELIABLE,434.14870906553455,0.7495615985723958,0.0007345703666009479,OOD,OOD,531.0528008843746,0.7000647829943998,0.0006860634873345117,OOD,OOD
799,3,Digit 3,2,Digit 2,max_nhat,RELIABLE,RELIABLE,42.777449317952055,0.7909277379918537,0.0007751091832320165,3,0.0001205629544701603,2,3,False,58.720815111855565,0.7482920812437469,0.0007333262396188719,RELIABLE,RELIABLE,373.74642283515186,0.6962275886639334,0.0006823030368906547,OOD,OOD,42.777449317952055,0.7909277379918537,0.0007751091832320165,RELIABLE,RELIABLE,35.951369163165054,0.7908071750373835,0.0007749910315366359,RELIABLE,RELIABLE,381.4426509203777,0.7463716296871913,0.0007314441970934474,OOD,OOD,453.26125580870496,0.670121028180133,0.0006567186076165303,OOD,OOD
800,4,Digit 4,4,Digit 4,max_nhat,RELIABLE,RELIABLE,9.737781799802523,0.9137396076918765,0.0008954648155380389,7,0.039688544238844714,4,4,True,53.74737698789127,0.7545992044960939,0.000739507220406172,RELIABLE,RELIABLE,234.66515822289048,0.8063937622738551,0.0007902658870283779,OOD,OOD,31.877661138910828,0.827747283165864,0.0008111923375025467,RELIABLE,RELIABLE,31.335511488962396,0.8305381025200301,0.0008139273404696295,RELIABLE,RELIABLE,9.737781799802523,0.9137396076918765,0.0008954648155380389,RELIABLE,RELIABLE,33.53552883486406,0.8740510634530317,0.0008565700421839711,RELIABLE,RELIABLE
801,4,Digit 4,3,Digit 3,max_nhat,UNRELIABLE,IDO,74.05988323894374,0.7956985317759379,0.0007797845611404191,2,0.0003963862192037926,3,4,False,73.54757155130653,0.7343137373667116,0.0007196274626193773,UNRELIABLE,IDO,440.2387044572872,0.7610400105193499,0.0007458192103089628,OOD,OOD,46.358312302887306,0.7953021455567341,0.0007793961026455994,RELIABLE,RELIABLE,74.05988323894374,0.7956985317759379,0.0007797845611404191,UNRELIABLE,IDO,38.728110846407624,0.7792449436945301,0.0007636600448206395,RELIABLE,RELIABLE,100.73540185874421,0.7570733356266863,0.0007419318689141526,OOD,OOD
802,4,Digit 4,4,Digit 4,max_nhat,RELIABLE,RELIABLE,13.485268805031048,0.8905964286626121,0.0008727845000893598,2,0.09139981145640286,4,4,True,59.48172811666295,0.7578188754719712,0.0007426624979625318,RELIABLE,RELIABLE,194.72717438215562,0.7844422320263795,0.0007687533873858519,OOD,OOD,28.695865722389602,0.7991966172062093,0.000783212684862085,RELIABLE,RELIABLE,62.1262780739921,0.7776199573139256,0.0007620675581676471,UNRELIABLE,IDO,13.485268805031048,0.8905964286626121,0.0008727845000893598,RELIABLE,RELIABLE,72.25115684047151,0.7622949719975942,0.0007470490725576424,UNRELIABLE,IDO
803,4,Digit 4,2,Digit 2,max_nhat,UNRELIABLE,IDO,77.14612580365088,0.7397884595499156,0.0007249926903589172,4,0.01310035154860656,2,2,True,188.39091323116648,0.6567034018602754,0.0006435693338230699,OOD,OOD,1216.786075569085,0.6139682989507513,0.0006016889329717363,OOD,OOD,77.14612580365088,0.7397884595499156,0.0007249926903589172,UNRELIABLE,IDO,160.7489783974931,0.6643448999766053,0.0006510580019770732,OOD,OOD,92.46975209130983,0.726688108001309,0.0007121543458412828,OOD,OOD,485.0875958880433,0.6400847342013424,0.0006272830395173155,OOD,OOD
804,4,Digit 4,0,Digit 0,max_nhat,RELIABLE,RELIABLE,48.143564516693964,0.7979487161759717,0.0007819897418524523,2,0.0334604230101575,0,2,False,48.143564516693964,0.7979487161759717,0.0007819897418524523,RELIABLE,RELIABLE,939.0056471997904,0.6072150878763458,0.0005950707861188189,OOD,OOD,47.988919262870645,0.7644882931658142,0.000749198527302498,RELIABLE,RELIABLE,100.36367804225159,0.6794607567385056,0.0006658715416037354,OOD,OOD,83.89410779618905,0.7514768014583028,0.0007364472654291367,UNRELIABLE,IDO,495.9867855602959,0.6549143180457647,0.0006418160316848494,OOD,OOD
805,4,Digit 4,4,Digit 4,max_nhat,RELIABLE,RELIABLE,32.73839100082219,0.8212709550631232,0.0008048455359618607,2,0.03755021637931011,4,4,True,45.37992427409324,0.7777820356067818,0.0007622263948946461,RELIABLE,RELIABLE,609.7571010871342,0.7089865357247306,0.000694806805010236,OOD,OOD,35.746060232966705,0.7837207386838131,0.0007680463239101368,RELIABLE,RELIABLE,90.42589352452153,0.7234720313077272,0.0007090025906815726,OOD,OOD,32.73839100082219,0.8212709550631232,0.0008048455359618607,RELIABLE,RELIABLE,308.1893033168769,0.7192715010141685,0.0007048860709938851,OOD,OOD
806,4,Digit 4,4,Digit 4,max_nhat,UNRELIABLE,IDO,82.4297834180854,0.7794902853779344,0.0007639004796703757,2,0.00848284037561442,4,2,False,85.8894639882405,0.7572938730156358,0.000742147995555323,OOD,OOD,780.6358732050052,0.7115238414381516,0.0006972933646093886,OOD,OOD,55.92987177501393,0.77100744500232,0.0007555872961022736,RELIABLE,RELIABLE,102.04364699225354,0.7665757354945347,0.000751244220784644,OOD,OOD,82.4297834180854,0.7794902853779344,0.0007639004796703757,UNRELIABLE,IDO,258.02867369489553,0.7098196526995348,0.0006956232596455441,OOD,OOD
807,4,Digit 4,4,Digit 4,max_nhat,RELIABLE,RELIABLE,18.14322970799642,0.8784806332290409,0.0008609110205644601,2,0.09499335250704066,4,4,True,56.031207454926545,0.748294651297487,0.0007333287582715372,RELIABLE,RELIABLE,263.69566364891625,0.7768277125113442,0.0007612911582611173,OOD,OOD,35.39190423869382,0.7834872807220002,0.0007678175351075602,RELIABLE,RELIABLE,49.277693852912684,0.7554184001095798,0.0007403100321073882,RELIABLE,RELIABLE,18.14322970799642,0.8784806332290409,0.0008609110205644601,RELIABLE,RELIABLE,78.20899072131145,0.7786839105855025,0.0007631102323737924,UNRELIABLE,IDO
808,4,Digit 4,4,Digit 4,max_nhat,RELIABLE,RELIABLE,12.264047310219546,0.913129455814717,0.0008948668666984227,7,0.10721898309596878,4,4,True,55.00475274053751,0.7597380355420016,0.0007445432748311615,RELIABLE,RELIABLE,335.43579045129854,0.7304133408144846,0.0007158050739981949,OOD,OOD,44.656554007194295,0.7824853547147701,0.0007668356476204747,RELIABLE,RELIABLE,41.74459028395365,0.7668028544644523,0.0007514667973751632,RELIABLE,RELIABLE,12.264047310219546,0.913129455814717,0.0008948668666984227,RELIABLE,RELIABLE,56.27987122394383,0.8059104727187483,0.0007897922632643733,RELIABLE,RELIABLE
809,4,Digit 4,1,Digit 1,max_nhat,UNRELIABLE,IDO,71.01908818044599,0.8725916389541623,0.0008551398061750789,2,0.028621837936093186,1,4,False,76.80622551091174,0.7199439046862911,0.0007055450265925653,UNRELIABLE,IDO,71.01908818044599,0.8725916389541623,0.0008551398061750789,UNRELIABLE,IDO,42.62649812931768,0.8439698010180691,0.0008270904049977076,RELIABLE,RELIABLE,48.261776153013784,0.8023554739701368,0.000786308364490734,RELIABLE,RELIABLE,35.76484099765263,0.8150267644552183,0.0007987262291661139,RELIABLE,RELIABLE,43.599548371862774,0.7931911501528314,0.0007773273271497747,RELIABLE,RELIABLE
810,4,Digit 4,4,Digit 4,max_nhat,RELIABLE,RELIABLE,12.78662257213593,0.8973760238005175,0.0008794285033245071,3,0.06366524476875168,4,4,True,64.19858413919837,0.7303628142844545,0.0007157555579987654,UNRELIABLE,IDO,137.78092948102795,0.8088766163781436,0.0007926990840505806,OOD,OOD,28.312218864651076,0.8265991767710097,0.0008100671932355895,RELIABLE,RELIABLE,32.190883841152434,0.8337107790317658,0.0008170365634511305,RELIABLE,RELIABLE,12.78662257213593,0.8973760238005175,0.0008794285033245071,RELIABLE,RELIABLE,33.53085585653656,0.8197307768487059,0.0008033361613117317,RELIABLE,RELIABLE
811,4,Digit 4,4,Digit 4,max_nhat,RELIABLE,RELIABLE,38.693094740608686,0.8443009314347706,0.0008274149128060751,2,0.006207327587532507,4,2,False,48.69193412059089,0.7686173022585914,0.0007532449562134196,RELIABLE,RELIABLE,484.633214586466,0.7415692140363829,0.0007267378297556552,OOD,OOD,27.497632139682743,0.8380936038472381,0.0008213317317702932,RELIABLE,RELIABLE,53.50468003154796,0.7949164838636456,0.0007790181541863726,RELIABLE,RELIABLE,38.693094740608686,0.8443009314347706,0.0008274149128060751,RELIABLE,RELIABLE,136.6882092974186,0.7774043215980649,0.0007618562351661036,OOD,OOD
812,4,Digit 4,4,Digit 4,max_nhat,RELIABLE,RELIABLE,19.62453827125649,0.887252654910359,0.0008695076018121518,2,0.024877065940356213,4,2,False,47.65302451481366,0.7839404614707604,0.0007682616522413451,RELIABLE,RELIABLE,137.0672998778463,0.8128492808323666,0.0007965922952157193,OOD,OOD,18.325377017462834,0.8623755889700028,0.0008451280771906027,RELIABLE,RELIABLE,37.465236596702916,0.8308476461981426,0.0008142306932741797,RELIABLE,RELIABLE,19.62453827125649,0.887252654910359,0.0008695076018121518,RELIABLE,RELIABLE,37.72226444674072,0.8369792408418095,0.0008202396560249733,RELIABLE,RELIABLE
813,4,Digit 4,4,Digit 4,max_nhat,UNRELIABLE,IDO,64.89238844595353,0.7469973900840937,0.0007320574422824118,2,0.011322488564585287,4,4,True,103.37999908043079,0.68272621511949,0.0006690716908171003,OOD,OOD,1259.3687926829093,0.6655640271085319,0.0006522527465663612,OOD,OOD,106.44500790965931,0.7356749015195084,0.0007209614034891182,OOD,OOD,255.1934590483158,0.644798811126012,0.0006319028349034918,OOD,OOD,64.89238844595353,0.7469973900840937,0.0007320574422824118,UNRELIABLE,IDO,401.06483191459654,0.6814496067440765,0.000667820614609195,OOD,OOD
814,4,Digit 4,1,Digit 1,max_nhat,OOD,OOD,134.79676579224414,0.8942223319280093,0.0008763378852894491,4,0.02224347100990831,1,4,False,55.9359657739124,0.740154548502036,0.0007253514575319952,RELIABLE,RELIABLE,134.79676579224414,0.8942223319280093,0.0008763378852894491,OOD,OOD,26.59626594351227,0.8287329558361369,0.0008121582967194141,RELIABLE,RELIABLE,27.49290504982817,0.8370852726621557,0.0008203435672089126,RELIABLE,RELIABLE,16.461913590889413,0.871978860918101,0.0008545392836997389,RELIABLE,RELIABLE,36.612924436945626,0.8384291926317529,0.0008216606087791178,RELIABLE,RELIABLE
815,4,Digit 4,4,Digit 4,max_nhat,RELIABLE,RELIABLE,36.73732216214068,0.8031765591129653,0.0007871130279307059,2,0.020738914152645838,4,4,True,61.46318788097142,0.7465196772851456,0.0007315892837394427,RELIABLE,RELIABLE,838.5836663483568,0.6520620188775418,0.0006390207784999909,OOD,OOD,71.06804817469809,0.7824376449603194,0.000766788892061113,UNRELIABLE,IDO,178.98997510541707,0.7125071312715454,0.0006982569886461145,OOD,OOD,36.73732216214068,0.8031765591129653,0.0007871130279307059,RELIABLE,RELIABLE,275.3238354186129,0.6813747316978715,0.0006677472370639141,OOD,OOD
816,4,Digit 4,4,Digit 4,max_nhat,RELIABLE,RELIABLE,13.93743806133278,0.9005086668487181,0.0008824984935117437,2,0.1086152484495958,4,4,True,88.69981855596961,0.7420278325550752,0.0007271872759039737,OOD,OOD,301.9476418176765,0.7367272188285414,0.0007219926744519706,OOD,OOD,33.295667754543835,0.7918934183991223,0.0007760555500311399,RELIABLE,RELIABLE,59.941398355829435,0.7721902918679985,0.0007567464860306385,RELIABLE,RELIABLE,13.93743806133278,0.9005086668487181,0.0008824984935117437,RELIABLE,RELIABLE,55.50197708231073,0.7800236684383377,0.0007644231950695709,RELIABLE,RELIABLE
817,4,Digit 4,4,Digit 4,max_nhat,RELIABLE,RELIABLE,28.208342911452633,0.8440723122882268,0.0008271908660424622,7,0.02792373469018894,4,4,True,105.91215908824336,0.751330437441341,0.0007363038286925141,OOD,OOD,241.04437244643702,0.789993592059236,0.0007741937202180513,OOD,OOD,45.1773243984022,0.774104678824229,0.0007586225852477444,RELIABLE,RELIABLE,61.76927638639597,0.8034233177082507,0.0007873548513540856,RELIABLE,RELIABLE,28.208342911452633,0.8440723122882268,0.0008271908660424622,RELIABLE,RELIABLE,32.61115169150594,0.8161485775980378,0.000799825606046077,RELIABLE,RELIABLE
818,4,Digit 4,4,Digit 4,max_nhat,RELIABLE,RELIABLE,17.167307061446415,0.8682834554721174,0.000850917786362675,3,0.046234967138626626,4,4,True,70.0819913067834,0.7334095202743997,0.0007187413298689117,UNRELIABLE,IDO,212.0457072542663,0.7557297089113425,0.0007406151147331156,OOD,OOD,34.24237302469806,0.79715256705756,0.0007812095157164088,RELIABLE,RELIABLE,37.9814920848633,0.8220484883334908,0.000805607518566821,RELIABLE,RELIABLE,17.167307061446415,0.8682834554721174,0.000850917786362675,RELIABLE,RELIABLE,39.93322750659185,0.8065111576214443,0.0007903809344690154,RELIABLE,RELIABLE
819,4,Digit 4,4,Digit 4,max_nhat,RELIABLE,RELIABLE,18.55305273687424,0.8593965635797395,0.0008422086323081446,1,0.003886079554552224,4,4,True,73.98970525333263,0.7269344122783529,0.0007123957240327858,UNRELIABLE,IDO,93.03280878661623,0.8555104840251873,0.0008384002743446835,OOD,OOD,27.82010920820846,0.8170204018199245,0.0008006799937835261,RELIABLE,RELIABLE,30.593603587307687,0.8313717543245037,0.0008147443192380136,RELIABLE,RELIABLE,18.55305273687424,0.8593965635797395,0.0008422086323081446,RELIABLE,RELIABLE,27.290805728964955,0.8352018525359047,0.0008184978154851866,RELIABLE,RELIABLE
820,4,Digit 4,4,Digit 4,max_nhat,RELIABLE,RELIABLE,45.58748937074319,0.8068565990072,0.000790719467027056,2,0.04419461384131251,4,4,True,74.96140544381785,0.7350825546041339,0.0007203809035120512,UNRELIABLE,IDO,1072.158873443444,0.6932885410725537,0.0006794227702511025,OOD,OOD,70.27222566296525,0.7626619851658875,0.0007474087454625697,UNRELIABLE,IDO,176.35465981776838,0.7310706089482334,0.0007164491967692687,OOD,OOD,45.58748937074319,0.8068565990072,0.000790719467027056,RELIABLE,RELIABLE,267.1142251531728,0.697456148146203,0.0006835070251832789,OOD,OOD
821,4,Digit 4,4,Digit 4,max_nhat,OOD,OOD,93.30668356611385,0.7547548494993165,0.0007396597525093302,2,0.017506805105548695,4,2,False,101.97341454537973,0.7251920557733178,0.0007106882146578514,OOD,OOD,761.9715874539056,0.6937382134588367,0.0006798634491896599,OOD,OOD,89.65052448790344,0.7372480443937678,0.0007225030835058924,OOD,OOD,118.1951258529002,0.6840859624647181,0.0006704042432154237,OOD,OOD,93.30668356611385,0.7547548494993165,0.0007396597525093302,OOD,OOD,134.32458857750078,0.638820418093789,0.0006260440097319132,OOD,OOD
822,4,Digit 4,4,Digit 4,max_nhat,RELIABLE,RELIABLE,17.235646960643166,0.8846853596770133,0.0008669916524834731,2,0.07576499943900261,4,4,True,54.856107743524255,0.7616427132741919,0.000746409859008708,RELIABLE,RELIABLE,449.09267785576526,0.728351792670719,0.0007137847568173046,OOD,OOD,44.741529687694545,0.8089203602380107,0.0007927419530332505,RELIABLE,RELIABLE,95.365060800338,0.7939742657401249,0.0007780947804253224,OOD,OOD,17.235646960643166,0.8846853596770133,0.0008669916524834731,RELIABLE,RELIABLE,132.57797222917358,0.7507201472306682,0.0007357057442860548,OOD,OOD
823,4,Digit 4,4,Digit 4,max_nhat,RELIABLE,RELIABLE,38.41776059640109,0.8124751707478209,0.0007962256673328645,2,0.02766123726687031,4,4,True,72.15528632198645,0.7188096738393168,0.0007044334803625304,UNRELIABLE,IDO,745.6677022353817,0.6732477351967594,0.0006597827804928242,OOD,OOD,69.62674641492546,0.7848139334809506,0.0007691176548113316,UNRELIABLE,IDO,199.45006909430984,0.694537254413274,0.0006806465093250084,OOD,OOD,38.41776059640109,0.8124751707478209,0.0007962256673328645,RELIABLE,RELIABLE,395.30495644356836,0.74170734408857,0.0007268731972067986,OOD,OOD
824,4,Digit 4,2,Digit 2,max_nhat,UNRELIABLE,IDO,73.97734735151907,0.7274174599598652,0.0007128691107606679,0,0.019477626610295395,2,2,True,112.50629929233365,0.7079398333495698,0.0006937810366825784,OOD,OOD,1202.9877695063537,0.6394817037934157,0.0006266920697175474,OOD,OOD,73.97734735151907,0.7274174599598652,0.0007128691107606679,UNRELIABLE,IDO,186.04256964800504,0.6708823674916381,0.0006574647201418053,OOD,OOD,153.74657897318733,0.6943129375727563,0.0006804266788213011,OOD,OOD,560.2797578184761,0.6326823579077953,0.0006200287107496394,OOD,OOD
825,4,Digit 4,4,Digit 4,max_nhat,RELIABLE,RELIABLE,15.363793791688005,0.8795872250204407,0.0008619954805200319,3,0.07357848774363263,4,4,True,66.13311590755964,0.7208471555959824,0.0007064302124840628,UNRELIABLE,IDO,239.62514532113903,0.7665445813766315,0.0007512136897490988,OOD,OOD,32.55567936344142,0.8034862324858729,0.0007874165078361555,RELIABLE,RELIABLE,39.955181543261524,0.8060087372768081,0.0007898885625312719,RELIABLE,RELIABLE,15.363793791688005,0.8795872250204407,0.0008619954805200319,RELIABLE,RELIABLE,38.651885497152016,0.8040726358372929,0.0007879911831205471,RELIABLE,RELIABLE
826,4,Digit 4,4,Digit 4,max_nhat,RELIABLE,RELIABLE,23.115003689694625,0.8391847450137592,0.000822401050113484,3,0.05243645375135464,4,4,True,68.8069800183943,0.7384018112049946,0.0007236337749808947,UNRELIABLE,IDO,425.06526597583144,0.7119408549510919,0.00069770203785207,OOD,OOD,47.136711998335684,0.7683916809014724,0.0007530238472834429,RELIABLE,RELIABLE,56.68394299409599,0.7867482912624045,0.0007710133254371564,RELIABLE,RELIABLE,23.115003689694625,0.8391847450137592,0.000822401050113484,RELIABLE,RELIABLE,88.56866564039254,0.7193970237761453,0.0007050090833006224,OOD,OOD
827,4,Digit 4,4,Digit 4,max_nhat,RELIABLE,RELIABLE,19.241008747612312,0.866464428756295,0.0008491351401811691,2,0.04161135577693431,4,4,True,52.20797011661594,0.7652047641498168,0.0007499006688668204,RELIABLE,RELIABLE,355.0031909855916,0.7290293924424308,0.0007144488045935822,OOD,OOD,29.576809110512404,0.8248530729793607,0.0008083560115197735,RELIABLE,RELIABLE,36.075614830404575,0.8079775770754573,0.0007918180255339481,RELIABLE,RELIABLE,19.241008747612312,0.866464428756295,0.0008491351401811691,RELIABLE,RELIABLE,67.35107471729404,0.7733922562221661,0.0007579244110977228,UNRELIABLE,IDO
828,4,Digit 4,2,Digit 2,max_nhat,RELIABLE,RELIABLE,23.597399657989417,0.8442683687090641,0.0008273830013348827,1,0.0028121901084627865,2,4,False,72.81025018592274,0.7315586484659236,0.0007169274754966051,UNRELIABLE,IDO,67.76060037594918,0.8414561786006013,0.0008246270550285892,UNRELIABLE,IDO,23.597399657989417,0.8442683687090641,0.0008273830013348827,RELIABLE,RELIABLE,31.109222641961903,0.8329575910229353,0.0008162984392024766,RELIABLE,RELIABLE,22.975382541396506,0.8403303186371053,0.0008235237122643631,RELIABLE,RELIABLE,26.32584328365148,0.8350130824841746,0.0008183128208344911,RELIABLE,RELIABLE
829,4,Digit 4,4,Digit 4,max_nhat,RELIABLE,RELIABLE,14.108825096626354,0.8919624554739342,0.0008741232063644555,2,0.034746089400688907,4,4,True,49.953951452601515,0.7666115869578302,0.0007512793552186736,RELIABLE,RELIABLE,226.87138470389647,0.7355376488520015,0.0007208268958749614,OOD,OOD,26.43411044114436,0.8572163660732453,0.0008400720387517803,RELIABLE,RELIABLE,50.19407252223763,0.7912084180361237,0.0007753842496754013,RELIABLE,RELIABLE,14.108825096626354,0.8919624554739342,0.0008741232063644555,RELIABLE,RELIABLE,38.383501615837176,0.8083417927406039,0.0007921749568857918,RELIABLE,RELIABLE
830,4,Digit 4,4,Digit 4,max_nhat,RELIABLE,RELIABLE,18.23907466372503,0.8632520173813918,0.000845986977033764,1,0.0005011500805395253,4,4,True,65.71374201136996,0.7419164614797783,0.0007270781322501827,UNRELIABLE,IDO,282.1955415879884,0.8627508673008523,0.0008454958499548352,OOD,OOD,34.257572998533,0.8036642878672345,0.0007875910021098899,RELIABLE,RELIABLE,42.74352124518487,0.8183817397001336,0.000802014104906131,RELIABLE,RELIABLE,18.23907466372503,0.8632520173813918,0.000845986977033764,RELIABLE,RELIABLE,60.99770827822886,0.8474232847730847,0.000830474819077623,RELIABLE,RELIABLE
831,4,Digit 4,2,Digit 2,max_nhat,RELIABLE,RELIABLE,24.644724155373115,0.8631783520433077,0.0008459147850024415,4,0.03260974424409668,2,2,True,54.49036795386522,0.7363906095114112,0.000721662797321183,RELIABLE,RELIABLE,99.16589116528746,0.812698456723801,0.000796444487589325,OOD,OOD,24.644724155373115,0.8631783520433077,0.0008459147850024415,RELIABLE,RELIABLE,63.53603689710478,0.8041130223843019,0.0007880307619366159,UNRELIABLE,IDO,30.33418613549002,0.830568607799211,0.0008139572356432267,RELIABLE,RELIABLE,125.67320964176864,0.7935192110806982,0.0007776488268590843,OOD,OOD
832,4,Digit 4,4,Digit 4,max_nhat,RELIABLE,RELIABLE,16.535743252773983,0.8691712326259836,0.000851787807973464,7,0.04062068643373362,4,4,True,75.9247369123258,0.7212489236531029,0.0007068239451800408,UNRELIABLE,IDO,280.6585504788409,0.8250248865560471,0.0008085243888249262,OOD,OOD,37.473708732370575,0.7891364143878459,0.0007733536861000889,RELIABLE,RELIABLE,42.0580143069342,0.7970596721559883,0.0007811184787128685,RELIABLE,RELIABLE,16.535743252773983,0.8691712326259836,0.000851787807973464,RELIABLE,RELIABLE,49.3592875234949,0.82855054619225,0.000811979535268405,RELIABLE,RELIABLE
833,4,Digit 4,1,Digit 1,max_nhat,OOD,OOD,111.2440385999302,0.8515090431015465,0.0008344788622395155,4,0.0026975809682475704,1,2,False,54.92868236757822,0.7429615613628753,0.0007281023301356177,RELIABLE,RELIABLE,111.2440385999302,0.8515090431015465,0.0008344788622395155,OOD,OOD,24.550324182888595,0.8351855257059444,0.0008184818151918255,RELIABLE,RELIABLE,41.16907219334935,0.7859759806430595,0.0007702564610301983,RELIABLE,RELIABLE,32.30891843358407,0.8488114621332989,0.000831835232890633,RELIABLE,RELIABLE,62.17185060081259,0.7799493605304916,0.0007643503733198817,UNRELIABLE,IDO
834,4,Digit 4,4,Digit 4,max_nhat,RELIABLE,RELIABLE,11.49735681083276,0.9092631939173864,0.0008910779300390386,7,0.07625173144341024,4,4,True,55.34895841830873,0.7502169030321846,0.0007352125649715409,RELIABLE,RELIABLE,254.74243197253054,0.7749256283413128,0.0007594271157744866,OOD,OOD,30.831110907510084,0.8181627245058837,0.000801799470015766,RELIABLE,RELIABLE,35.75467379491222,0.8285639730537171,0.0008119926935926427,RELIABLE,RELIABLE,11.49735681083276,0.9092631939173864,0.0008910779300390386,RELIABLE,RELIABLE,34.91645324553031,0.8330114624739762,0.0008163512332244967,RELIABLE,RELIABLE
835,4,Digit 4,4,Digit 4,max_nhat,RELIABLE,RELIABLE,14.108352222076267,0.8834092689376009,0.0008657410835588488,7,0.02388984535381844,4,4,True,54.055865681385505,0.7440793141126221,0.0007291977278303697,RELIABLE,RELIABLE,104.82322803474425,0.8342778970966422,0.0008175923391547093,OOD,OOD,30.08526074579184,0.8079479501950118,0.0007917889911911115,RELIABLE,RELIABLE,32.76535539840202,0.8222400544022708,0.0008057952533142254,RELIABLE,RELIABLE,14.108352222076267,0.8834092689376009,0.0008657410835588488,RELIABLE,RELIABLE,21.926796940782047,0.8595194235837824,0.0008423290351121067,RELIABLE,RELIABLE
836,4,Digit 4,4,Digit 4,max_nhat,RELIABLE,RELIABLE,11.475499488859725,0.9058555154160084,0.0008877384051076882,7,0.07637452944579337,4,4,True,58.2026045222791,0.737943902220712,0.0007231850241762978,RELIABLE,RELIABLE,297.6470510208949,0.7905429373408247,0.0007747320785940082,OOD,OOD,41.29258614932688,0.7773506652435669,0.0007618036519386955,RELIABLE,RELIABLE,47.18924897809438,0.7776237021690346,0.0007620712281256539,RELIABLE,RELIABLE,11.475499488859725,0.9058555154160084,0.0008877384051076882,RELIABLE,RELIABLE,58.31705091750836,0.829480985970215,0.0008128913662508107,RELIABLE,RELIABLE
837,4,Digit 4,4,Digit 4,max_nhat,RELIABLE,RELIABLE,23.386580826577095,0.8406349507034403,0.0008238222516893715,0,0.05804435737652558,4,4,True,53.71682926391952,0.7825905933269147,0.0007669387814603764,RELIABLE,RELIABLE,431.10486014062826,0.6923936242426589,0.0006785457517578058,OOD,OOD,44.34577907635639,0.7620072882424096,0.0007467671424775614,RELIABLE,RELIABLE,100.38392240584105,0.7076712931119699,0.0006935178672497304,OOD,OOD,23.386580826577095,0.8406349507034403,0.0008238222516893715,RELIABLE,RELIABLE,196.63877295575386,0.7524912515378391,0.0007374414265070823,OOD,OOD
838,4,Digit 4,4,Digit 4,max_nhat,RELIABLE,RELIABLE,11.497086228305733,0.9025003022976787,0.0008844502962517251,7,0.03319276981729391,4,4,True,47.17549420786602,0.7724351656788367,0.00075698646236526,RELIABLE,RELIABLE,166.1191584711968,0.8430883994050572,0.000826226631416956,OOD,OOD,26.289571738430045,0.8279317150596995,0.0008113730807585056,RELIABLE,RELIABLE,36.813714505933234,0.8122691115058628,0.0007960237292757455,RELIABLE,RELIABLE,11.497086228305733,0.9025003022976787,0.0008844502962517251,RELIABLE,RELIABLE,33.77735413856195,0.8693075324803848,0.0008519213818307771,RELIABLE,RELIABLE
839,4,Digit 4,4,Digit 4,max_nhat,RELIABLE,RELIABLE,17.72186779324833,0.874515663523919,0.0008570253502534406,2,0.038188365567438765,4,4,True,50.77827191176267,0.7931565220518283,0.0007772933916107917,RELIABLE,RELIABLE,171.61799155762492,0.7413727275920984,0.0007265452730402564,OOD,OOD,23.785818595713128,0.8363272979564802,0.0008196007519973505,RELIABLE,RELIABLE,56.854635927819174,0.7870157639014858,0.000771275448623456,RELIABLE,RELIABLE,17.72186779324833,0.874515663523919,0.0008570253502534406,RELIABLE,RELIABLE,77.79435189944215,0.7810287052507321,0.0007654081311457174,UNRELIABLE,IDO
840,4,Digit 4,4,Digit 4,max_nhat,OOD,OOD,166.00755711594059,0.7978602948372454,0.0007819030889405005,2,0.028305781392883533,4,4,True,207.84139547475888,0.6809452301819291,0.0006673263255782904,OOD,OOD,378.09065170029567,0.719437813135557,0.0007050490568728459,OOD,OOD,173.13661651441157,0.7695545134443619,0.0007541634231754747,OOD,OOD,214.62237149731703,0.7551526784337512,0.0007400496248650761,OOD,OOD,166.00755711594059,0.7978602948372454,0.0007819030889405005,OOD,OOD,224.06793462058772,0.7197152054410196,0.0007053209013321993,OOD,OOD
841,4,Digit 4,4,Digit 4,max_nhat,RELIABLE,RELIABLE,22.510366148901362,0.8537625711384911,0.0008366873197157213,2,0.03626410912464939,4,4,True,53.3779204818443,0.7489627021697748,0.0007339834481263792,RELIABLE,RELIABLE,191.6816061108252,0.7839384214994716,0.0007682596530694822,OOD,OOD,31.473943610311558,0.8174984620138417,0.0008011484927735648,RELIABLE,RELIABLE,43.791607224368875,0.764005029184764,0.0007487249286010686,RELIABLE,RELIABLE,22.510366148901362,0.8537625711384911,0.0008366873197157213,RELIABLE,RELIABLE,69.3833509633237,0.7712998663090279,0.0007558738689828474,UNRELIABLE,IDO
842,4,Digit 4,1,Digit 1,max_nhat,OOD,OOD,242.1840412993148,0.8351149324831637,0.0008184126338335004,4,0.004692021227143961,1,4,False,86.25910551925736,0.7182245936098419,0.0007038601017376451,OOD,OOD,242.1840412993148,0.8351149324831637,0.0008184126338335004,OOD,OOD,46.63206645968531,0.7581463981734958,0.0007429834702100259,RELIABLE,RELIABLE,48.54404494419816,0.7814128973529385,0.0007657846394058797,RELIABLE,RELIABLE,27.816710125981214,0.8304229112560197,0.0008138144530308993,RELIABLE,RELIABLE,58.53502309750863,0.8174994704578399,0.000801149481048683,RELIABLE,RELIABLE
843,4,Digit 4,4,Digit 4,max_nhat,RELIABLE,RELIABLE,32.66801022647514,0.8183614277976996,0.0008019941992417456,2,0.01998690550045945,4,4,True,78.22810779606704,0.7418253872049622,0.0007269888794608629,UNRELIABLE,IDO,623.0312514757263,0.7379400789725062,0.000723181277393056,OOD,OOD,63.72271289661971,0.7983745222972402,0.0007824070318512953,UNRELIABLE,IDO,61.99432383748869,0.7933487201450868,0.000777481745742185,RELIABLE,RELIABLE,32.66801022647514,0.8183614277976996,0.0008019941992417456,RELIABLE,RELIABLE,90.11011625430041,0.7681849651949356,0.0007528212658910369,OOD,OOD
844,4,Digit 4,4,Digit 4,max_nhat,RELIABLE,RELIABLE,29.18036499594608,0.8224377750669387,0.0008059890195655999,7,0.05065166606159566,4,4,True,98.30586575666845,0.6543989465489853,0.0006413109676180057,OOD,OOD,449.9081923033915,0.7099887648300885,0.0006957889895334868,OOD,OOD,46.89181045969654,0.7714053268617765,0.000755977220324541,RELIABLE,RELIABLE,63.780412507961515,0.7388998268263773,0.0007241218302898498,UNRELIABLE,IDO,29.18036499594608,0.8224377750669387,0.0008059890195655999,RELIABLE,RELIABLE,67.52210133946741,0.7717861090053431,0.0007563503868252362,UNRELIABLE,IDO
845,4,Digit 4,4,Digit 4,max_nhat,RELIABLE,RELIABLE,29.22394502495552,0.8196599488648006,0.0008032667498875046,7,0.051986069903626975,4,4,True,109.36726756125498,0.6689571020726709,0.0006555779600312175,OOD,OOD,459.1454745503745,0.6991065389132795,0.0006851244081350138,OOD,OOD,48.093552318466415,0.7536481416894592,0.00073857517885567,RELIABLE,RELIABLE,57.00006557519732,0.7478410075970979,0.0007328841874451559,RELIABLE,RELIABLE,29.22394502495552,0.8196599488648006,0.0008032667498875046,RELIABLE,RELIABLE,67.44498545309271,0.7676738789611737,0.0007523204013819501,UNRELIABLE,IDO
846,4,Digit 4,4,Digit 4,max_nhat,RELIABLE,RELIABLE,13.26380272282097,0.8917735072746236,0.000873938037129131,7,0.05602121356272827,4,4,True,57.000793211119635,0.7681533903965762,0.0007527903225886446,RELIABLE,RELIABLE,118.35850844957884,0.766302444846694,0.00075097639594976,OOD,OOD,25.0638323522887,0.8218294092035492,0.0008053928210194781,RELIABLE,RELIABLE,43.405494556983946,0.8001508707680494,0.0007841478533526883,RELIABLE,RELIABLE,13.26380272282097,0.8917735072746236,0.000873938037129131,RELIABLE,RELIABLE,26.836231082241948,0.8357522937118953,0.0008190372478376574,RELIABLE,RELIABLE
847,4,Digit 4,4,Digit 4,max_nhat,RELIABLE,RELIABLE,46.32099284635824,0.8074710436470893,0.0007913216227741476,3,0.06249659297175869,4,4,True,171.78949150427997,0.6624123770981162,0.0006491641295561538,OOD,OOD,571.8073594685252,0.7090273675953261,0.0006948468202434196,OOD,OOD,57.57067569263719,0.7423068671283989,0.0007274607297858309,RELIABLE,RELIABLE,66.51748692558,0.7449744506753306,0.000730074961661824,UNRELIABLE,IDO,46.32099284635824,0.8074710436470893,0.0007913216227741476,RELIABLE,RELIABLE,78.33830813968959,0.7370542386562411,0.0007223131538831162,UNRELIABLE,IDO
848,4,Digit 4,4,Digit 4,max_nhat,RELIABLE,RELIABLE,17.008473864185667,0.8769483080407028,0.0008594093418798887,2,0.017937579202897513,4,4,True,50.35426898752008,0.7877777123120111,0.0007720221580657709,RELIABLE,RELIABLE,326.46230770892697,0.7338471559240762,0.0007191702128055946,OOD,OOD,20.48286951595798,0.8590107288378053,0.0008418305142610491,RELIABLE,RELIABLE,54.20053231702051,0.7984436760632503,0.0007824748025419852,RELIABLE,RELIABLE,17.008473864185667,0.8769483080407028,0.0008594093418798887,RELIABLE,RELIABLE,73.89390781961961,0.7705340699874296,0.0007551233885876809,UNRELIABLE,IDO
849,4,Digit 4,4,Digit 4,max_nhat,RELIABLE,RELIABLE,14.998192535136136,0.8873321313223046,0.0008695854886958585,3,0.057649814948139144,4,4,True,61.86945695937369,0.7429827087125641,0.0007281230545383128,RELIABLE,RELIABLE,121.70167403689746,0.7833268756855353,0.0007676603381718245,OOD,OOD,28.53426964900806,0.8250185748159052,0.0008085182033195871,RELIABLE,RELIABLE,30.611610321101068,0.8296823163741655,0.0008130886700466821,RELIABLE,RELIABLE,14.998192535136136,0.8873321313223046,0.0008695854886958585,RELIABLE,RELIABLE,28.353249032347875,0.8295497020883127,0.0008129587080465464,RELIABLE,RELIABLE
850,4,Digit 4,4,Digit 4,max_nhat,RELIABLE,RELIABLE,61.10140380254646,0.8053265375510315,0.0007892200068000108,2,0.04944282809103018,4,4,True,184.4676444500691,0.6679348867404724,0.0006545761890056629,OOD,OOD,821.6192621080545,0.7162504945967604,0.0007019254847048252,OOD,OOD,64.59159177635043,0.7558837094600013,0.0007407660352708013,UNRELIABLE,IDO,95.90630615011378,0.7215387724999184,0.00070710799704992,OOD,OOD,61.10140380254646,0.8053265375510315,0.0007892200068000108,RELIABLE,RELIABLE,226.60927377810975,0.6818557544594575,0.0006682186393702683,OOD,OOD
851,4,Digit 4,4,Digit 4,max_nhat,RELIABLE,RELIABLE,56.739287938882306,0.8247870634284823,0.0008082913221599126,2,0.05277330475433539,4,4,True,82.799601343521,0.7480511887392467,0.0007330901649644617,UNRELIABLE,IDO,1307.2135870703453,0.7115839308293956,0.0006973522522128078,OOD,OOD,63.16369076237396,0.7720137586741469,0.000756573483500664,UNRELIABLE,IDO,120.44702849723095,0.6930977440580509,0.0006792357891768899,OOD,OOD,56.739287938882306,0.8247870634284823,0.0008082913221599126,RELIABLE,RELIABLE,179.3769667723414,0.7423127496282084,0.0007274664946356441,OOD,OOD
852,4,Digit 4,4,Digit 4,max_nhat,RELIABLE,RELIABLE,25.17915166366177,0.8702052053022358,0.000852801101196191,2,0.04511142273345414,4,4,True,68.73167065889159,0.7389496556178721,0.0007241706625055146,UNRELIABLE,IDO,251.31061140886283,0.7857748500389278,0.0007700593530381492,OOD,OOD,28.171894024692232,0.8250937825687816,0.000808591906917406,RELIABLE,RELIABLE,76.66917423428428,0.8052452098193461,0.0007891403056229591,UNRELIABLE,IDO,25.17915166366177,0.8702052053022358,0.000852801101196191,RELIABLE,RELIABLE,93.37957320168073,0.8142517637401382,0.0007979667284653354,OOD,OOD
853,4,Digit 4,4,Digit 4,max_nhat,RELIABLE,RELIABLE,12.384138930680333,0.8958164056940194,0.0008779000775801391,2,0.06141915098987538,4,4,True,56.21507390605079,0.776421209110474,0.0007608927849282644,RELIABLE,RELIABLE,331.61776233851003,0.7505314616214561,0.000735520832389027,OOD,OOD,29.09691436676273,0.834397254704144,0.0008177093096100611,RELIABLE,RELIABLE,42.245193229488,0.8033598938366643,0.0007872926959599309,RELIABLE,RELIABLE,12.384138930680333,0.8958164056940194,0.0008779000775801391,RELIABLE,RELIABLE,84.61293256696965,0.768435704992029,0.0007530669908921883,UNRELIABLE,IDO
854,4,Digit 4,4,Digit 4,max_nhat,RELIABLE,RELIABLE,35.261136909746384,0.8176388174826744,0.0008012860411330209,2,0.018711645006700417,4,4,True,87.54044852996455,0.6671592855179034,0.0006538160998075452,OOD,OOD,392.2990877129406,0.6958950650811443,0.0006819771637795214,OOD,OOD,38.63483575588102,0.798927172475974,0.0007829486290264545,RELIABLE,RELIABLE,47.805553680856235,0.7792925202904792,0.0007637066698846696,RELIABLE,RELIABLE,35.261136909746384,0.8176388174826744,0.0008012860411330209,RELIABLE,RELIABLE,146.14277427421843,0.74040355457539,0.0007255954834838822,OOD,OOD
855,4,Digit 4,4,Digit 4,max_nhat,RELIABLE,RELIABLE,57.82298798853572,0.7827671171596954,0.0007671117748165014,2,0.038120006249524496,4,4,True,94.05512472387223,0.7409419328853638,0.0007261230942276566,OOD,OOD,684.5427575526328,0.6293318135924825,0.0006167451773206328,OOD,OOD,86.01027447724064,0.7446471109101709,0.0007297541686919674,OOD,OOD,182.60242885031684,0.6707380352660172,0.0006573232745606968,OOD,OOD,57.82298798853572,0.7827671171596954,0.0007671117748165014,RELIABLE,RELIABLE,270.6860504639273,0.6995907420816708,0.0006855989272400374,OOD,OOD
856,4,Digit 4,4,Digit 4,max_nhat,RELIABLE,RELIABLE,10.206386882228845,0.9144710755999731,0.0008961816540879736,7,0.0715772938417053,4,4,True,56.866542916411916,0.7376347987443113,0.000722882102769425,RELIABLE,RELIABLE,252.67048354459757,0.8125285000859006,0.0007962779300841826,OOD,OOD,31.153062199747154,0.8296223584621705,0.000813029911292927,RELIABLE,RELIABLE,32.67577727021264,0.833633032995404,0.0008169603723354959,RELIABLE,RELIABLE,10.206386882228845,0.9144710755999731,0.0008961816540879736,RELIABLE,RELIABLE,38.507904906598476,0.8428937817582678,0.0008260359061231024,RELIABLE,RELIABLE
857,4,Digit 4,1,Digit 1,max_nhat,OOD,OOD,121.21963472998883,0.8699902566881587,0.0008525904515543954,4,0.005384979543688551,1,4,False,50.5501410694996,0.7761453940703423,0.0007606224861889354,RELIABLE,RELIABLE,121.21963472998883,0.8699902566881587,0.0008525904515543954,OOD,OOD,22.80567508383849,0.8304639315095549,0.0008138546528793638,RELIABLE,RELIABLE,38.72668483482299,0.8107511091205019,0.0007945360869380918,RELIABLE,RELIABLE,19.439623258326307,0.8646052771444701,0.0008473131716015806,RELIABLE,RELIABLE,34.633865511408544,0.8203006595013111,0.0008038946463112849,RELIABLE,RELIABLE
858,4,Digit 4,4,Digit 4,max_nhat,RELIABLE,RELIABLE,21.136021302847816,0.848225971846712,0.0008312614524097777,2,0.022470323883949428,4,4,True,51.70028655547247,0.7924935973675671,0.0007766437254202157,RELIABLE,RELIABLE,195.77183929363562,0.7022209162452105,0.0006881764979203063,OOD,OOD,23.374017087094426,0.8257556479627626,0.0008092405350035073,RELIABLE,RELIABLE,49.25712830951652,0.7881429898691338,0.000772380130071751,RELIABLE,RELIABLE,21.136021302847816,0.848225971846712,0.0008312614524097777,RELIABLE,RELIABLE,105.30570454302287,0.7584479356964972,0.0007432789769825672,OOD,OOD
859,4,Digit 4,4,Digit 4,max_nhat,RELIABLE,RELIABLE,18.943010039577743,0.865642766173899,0.000848329910850421,3,0.06830267578720528,4,4,True,55.59454445385667,0.7807846438666713,0.0007651689509893379,RELIABLE,RELIABLE,551.9812893288283,0.7381048793067465,0.0007233427817206115,OOD,OOD,44.10537065961174,0.789767674437489,0.0007739723209487392,RELIABLE,RELIABLE,81.38019289229199,0.7973400903866937,0.0007813932885789598,UNRELIABLE,IDO,18.943010039577743,0.865642766173899,0.000848329910850421,RELIABLE,RELIABLE,163.47133392970002,0.7586552379079049,0.0007434821331497468,OOD,OOD
860,4,Digit 4,4,Digit 4,max_nhat,RELIABLE,RELIABLE,16.24137347014727,0.9000824831423702,0.0008820808334795227,2,0.04256181166868389,4,4,True,44.93413163966507,0.7902751495771931,0.0007744696465856492,RELIABLE,RELIABLE,112.10099245488692,0.8309226382187116,0.0008143041854543373,OOD,OOD,19.023857394596103,0.8575206714736863,0.0008403702580442125,RELIABLE,RELIABLE,25.698393775759733,0.8397937864131657,0.0008229979106849024,RELIABLE,RELIABLE,16.24137347014727,0.9000824831423702,0.0008820808334795227,RELIABLE,RELIABLE,26.066841284473323,0.8455871870889181,0.0008286754433471397,RELIABLE,RELIABLE
861,4,Digit 4,4,Digit 4,max_nhat,UNRELIABLE,IDO,71.62655361823096,0.7724903839398548,0.0007570405762610577,2,0.010589913655211891,4,4,True,182.15443529841693,0.6651502141751423,0.0006518472098916394,OOD,OOD,986.380921014633,0.6385642086705117,0.0006257929244971014,OOD,OOD,75.69733603748924,0.7619004702846429,0.0007466624608789501,UNRELIABLE,IDO,173.50766870323238,0.731716471385603,0.0007170821419578909,OOD,OOD,71.62655361823096,0.7724903839398548,0.0007570405762610577,UNRELIABLE,IDO,355.17801920497254,0.7192679863457355,0.0007048826266188208,OOD,OOD
862,4,Digit 4,4,Digit 4,max_nhat,RELIABLE,RELIABLE,42.46493473281456,0.8006427049647461,0.0007846298508654511,2,0.027390859414833213,4,4,True,134.56704370449657,0.6938251041475801,0.0006799486020646285,OOD,OOD,501.75264281907226,0.6666838868915652,0.0006533502091537339,OOD,OOD,46.81386768687078,0.7732518455499129,0.0007577868086389146,RELIABLE,RELIABLE,52.526373412866796,0.7723767006285122,0.0007569291666159419,RELIABLE,RELIABLE,42.46493473281456,0.8006427049647461,0.0007846298508654511,RELIABLE,RELIABLE,115.43594932843634,0.7172975089144872,0.0007029515587361974,OOD,OOD
863,4,Digit 4,4,Digit 4,max_nhat,RELIABLE,RELIABLE,13.259938200720791,0.8933276902440397,0.0008754611364391588,7,0.005955940911383184,4,4,True,62.19000673004914,0.7115154773642426,0.0006972851678169577,UNRELIABLE,IDO,131.30459703333872,0.8015233840626547,0.0007854929163814016,OOD,OOD,25.003578849489244,0.8335552568015733,0.0008168841516655418,RELIABLE,RELIABLE,37.84363996330998,0.8009148734198483,0.0007848965759514513,RELIABLE,RELIABLE,13.259938200720791,0.8933276902440397,0.0008754611364391588,RELIABLE,RELIABLE,19.31817086595294,0.8873717493326565,0.0008696243143460034,RELIABLE,RELIABLE
864,4,Digit 4,4,Digit 4,max_nhat,RELIABLE,RELIABLE,6.847402465416693,0.9375045470031401,0.0009187544560630773,2,0.10968380602941064,4,4,True,50.38630440839975,0.7811156893386955,0.0007654933755519215,RELIABLE,RELIABLE,189.19710967024298,0.7222963501111772,0.0007078504231089537,OOD,OOD,23.75321429540079,0.8278207409737295,0.0008112643261542549,RELIABLE,RELIABLE,49.099915835946746,0.7918719372805817,0.00077603449853497,RELIABLE,RELIABLE,6.847402465416693,0.9375045470031401,0.0009187544560630773,RELIABLE,RELIABLE,60.272618571754904,0.7808666855596449,0.0007652493518484519,RELIABLE,RELIABLE
865,4,Digit 4,4,Digit 4,max_nhat,RELIABLE,RELIABLE,33.165228135182424,0.8331881772351939,0.00081652441369049,7,0.005062390982033205,4,4,True,124.26357669289845,0.7380661557281362,0.0007233048326135734,OOD,OOD,345.05822899036013,0.7670244250281586,0.0007516839365275954,OOD,OOD,57.08826927241203,0.7698066649757611,0.0007544105316762458,RELIABLE,RELIABLE,71.73686729195867,0.7890325747616124,0.0007732519232663801,UNRELIABLE,IDO,33.165228135182424,0.8331881772351939,0.00081652441369049,RELIABLE,RELIABLE,41.3007400404818,0.8281257862531607,0.0008115632705280975,RELIABLE,RELIABLE
866,4,Digit 4,4,Digit 4,max_nhat,RELIABLE,RELIABLE,8.346035341167216,0.9242174550998268,0.0009057331059978302,7,0.06142832232302731,4,4,True,51.25291678908134,0.743010487053923,0.0007281502773128446,RELIABLE,RELIABLE,175.35997156285936,0.8336279076475532,0.0008169553494946022,OOD,OOD,26.723491380748076,0.8246828047726885,0.0008081891486772348,RELIABLE,RELIABLE,37.25808876342299,0.8113508901513238,0.0007951238723482972,RELIABLE,RELIABLE,8.346035341167216,0.9242174550998268,0.0009057331059978302,RELIABLE,RELIABLE,29.070977257188723,0.8627891327767995,0.0008455333501212635,RELIABLE,RELIABLE
867,4,Digit 4,4,Digit 4,max_nhat,RELIABLE,RELIABLE,34.90520290033483,0.810225479657223,0.0007940209700640785,0,0.060211156835860535,4,4,True,79.85651964561409,0.7500143228213625,0.0007350140363649352,UNRELIABLE,IDO,667.9229534077725,0.7323618515370662,0.0007177146145063249,OOD,OOD,68.79404506452836,0.7421852735910653,0.000727341568119244,UNRELIABLE,IDO,95.65393135301022,0.700295362600461,0.0006862894553484517,OOD,OOD,34.90520290033483,0.810225479657223,0.0007940209700640785,RELIABLE,RELIABLE,87.38586799538554,0.7461285984404216,0.0007312060264716131,OOD,OOD
868,4,Digit 4,4,Digit 4,max_nhat,RELIABLE,RELIABLE,16.726440427885343,0.8743851016583737,0.0008568973996252062,7,0.013025009690172618,4,4,True,62.80981401784508,0.7135172970093684,0.000699246951069181,UNRELIABLE,IDO,77.62964295084942,0.8103331371866243,0.0007941264744428917,UNRELIABLE,IDO,28.99192740184345,0.8324110715670063,0.0008157628501356662,RELIABLE,RELIABLE,32.8467672300259,0.8237672294330461,0.0008072918848443852,RELIABLE,RELIABLE,16.726440427885343,0.8743851016583737,0.0008568973996252062,RELIABLE,RELIABLE,20.794054936056007,0.8613600919682011,0.000844132890128837,RELIABLE,RELIABLE
869,4,Digit 4,4,Digit 4,max_nhat,RELIABLE,RELIABLE,16.46899665672303,0.8765535769102583,0.0008590225053720531,7,0.011072215168308697,4,4,True,66.34671139969205,0.7227502385050589,0.0007082952337349578,UNRELIABLE,IDO,195.844864601702,0.7816950464908847,0.000766061145561067,OOD,OOD,43.63748595857596,0.8059222727183591,0.000789803827263992,RELIABLE,RELIABLE,36.391074590834044,0.8170151989129335,0.0008006748949346748,RELIABLE,RELIABLE,16.46899665672303,0.8765535769102583,0.0008590225053720531,RELIABLE,RELIABLE,22.571314473509112,0.8654813617419496,0.0008481717345071105,RELIABLE,RELIABLE
870,4,Digit 4,1,Digit 1,max_nhat,OOD,OOD,196.19774864422436,0.8565881290857318,0.0008394563665040172,4,0.022731637325898335,1,4,False,60.14796281287114,0.7530446323866485,0.0007379837397389155,RELIABLE,RELIABLE,196.19774864422436,0.8565881290857318,0.0008394563665040172,OOD,OOD,28.56747306882485,0.8176330138299873,0.0008012803535533875,RELIABLE,RELIABLE,34.08744164802191,0.8039061292953038,0.0007878280067093977,RELIABLE,RELIABLE,27.61492339293042,0.8338564917598335,0.0008171793619246368,RELIABLE,RELIABLE,57.43062014817103,0.7972632017342195,0.0007813179376995351,RELIABLE,RELIABLE
871,4,Digit 4,4,Digit 4,max_nhat,RELIABLE,RELIABLE,16.808383276093107,0.883919768666892,0.0008662413732935542,2,0.06613596602044647,4,4,True,60.17250018096793,0.7547927923887473,0.0007396969365409724,RELIABLE,RELIABLE,216.9834586012011,0.7005911059704295,0.0006865792838510209,OOD,OOD,26.71146199346588,0.8177838026464456,0.0008014281265935167,RELIABLE,RELIABLE,46.49499392858816,0.8021965998221413,0.0007861526678256984,RELIABLE,RELIABLE,16.808383276093107,0.883919768666892,0.0008662413732935542,RELIABLE,RELIABLE,47.18247468270985,0.7775835197142029,0.0007620318493199188,RELIABLE,RELIABLE
872,4,Digit 4,4,Digit 4,max_nhat,RELIABLE,RELIABLE,24.57495280295483,0.8523383453100725,0.000835291578403871,1,0.0790955906903259,4,4,True,53.243978076248666,0.738289141648676,0.0007235233588157024,RELIABLE,RELIABLE,616.5566893117567,0.7732427546197466,0.0007577778995273516,OOD,OOD,50.91096892620626,0.7717054301333574,0.0007562713215306902,RELIABLE,RELIABLE,125.28935974684667,0.7382535547143355,0.0007234884836200487,OOD,OOD,24.57495280295483,0.8523383453100725,0.000835291578403871,RELIABLE,RELIABLE,131.71393589388757,0.7523132770214561,0.000737267011481027,OOD,OOD
873,4,Digit 4,2,Digit 2,max_nhat,UNRELIABLE,IDO,71.48664156982777,0.7553061176741697,0.0007401999953206862,4,0.02742202489973844,2,4,False,108.42624790794645,0.6445182754648601,0.0006316279099555629,OOD,OOD,892.5742277158512,0.6344513925090374,0.0006217623646588566,OOD,OOD,71.48664156982777,0.7553061176741697,0.0007401999953206862,UNRELIABLE,IDO,148.62793779472383,0.681142477216209,0.0006675196276718848,OOD,OOD,59.88142800845635,0.7278840927744312,0.0007133264109189426,RELIABLE,RELIABLE,158.2615642422897,0.6643748421116014,0.0006510873452693694,OOD,OOD
874,4,Digit 4,1,Digit 1,max_nhat,OOD,OOD,637.7744311569307,0.7987130617371293,0.0007827388005023867,4,0.008802671989425193,1,4,False,69.49334130386852,0.7442838104412333,0.0007293981342324085,UNRELIABLE,IDO,637.7744311569307,0.7987130617371293,0.0007827388005023867,OOD,OOD,50.847629419537384,0.7566608683751702,0.0007415276510076668,RELIABLE,RELIABLE,109.93731295454533,0.7295433494999668,0.0007149524825099675,OOD,OOD,45.76371233476165,0.7899103897477041,0.00077411218195275,RELIABLE,RELIABLE,138.66561800148742,0.7095343514315615,0.0006953436644029303,OOD,OOD
875,4,Digit 4,4,Digit 4,max_nhat,RELIABLE,RELIABLE,14.731484762233976,0.8852961320141942,0.0008675902093739103,2,0.04947400028652593,4,4,True,53.936602801782755,0.7506860875476724,0.0007356723657967189,RELIABLE,RELIABLE,145.45216559556752,0.7826145692310362,0.0007669622778464155,OOD,OOD,26.995272509426606,0.8358221317276683,0.0008191056890931149,RELIABLE,RELIABLE,58.985731043011064,0.7531857282539661,0.0007381220136888867,RELIABLE,RELIABLE,14.731484762233976,0.8852961320141942,0.0008675902093739103,RELIABLE,RELIABLE,74.88501866068846,0.788020144180742,0.0007722597412971271,UNRELIABLE,IDO
876,4,Digit 4,4,Digit 4,max_nhat,RELIABLE,RELIABLE,13.35285188183239,0.8928563448155443,0.0008749992179192334,1,0.04683376117014049,4,4,True,62.02502936506809,0.719556775351608,0.0007051656398445759,RELIABLE,RELIABLE,132.76495411550206,0.8460225836454038,0.0008291021319724957,OOD,OOD,29.61471392677037,0.8149298043340624,0.0007986312082473811,RELIABLE,RELIABLE,33.731322197125735,0.8281255529458561,0.000811563041886939,RELIABLE,RELIABLE,13.35285188183239,0.8928563448155443,0.0008749992179192334,RELIABLE,RELIABLE,28.50891894705395,0.8373702810769782,0.0008206228754554386,RELIABLE,RELIABLE
877,4,Digit 4,4,Digit 4,max_nhat,RELIABLE,RELIABLE,12.543538055691105,0.9066445408165432,0.0008885116500002123,2,0.07301361535615969,4,4,True,47.974534300090994,0.7661058417751139,0.0007507837249396116,RELIABLE,RELIABLE,137.16875551904423,0.8026075297006593,0.0007865553791066461,OOD,OOD,22.533964081106006,0.8336309254603835,0.0008169583069511759,RELIABLE,RELIABLE,38.44179099558973,0.7903077765429897,0.0007745016210121299,RELIABLE,RELIABLE,12.543538055691105,0.9066445408165432,0.0008885116500002123,RELIABLE,RELIABLE,39.10460041675668,0.8295680573560062,0.0008129766962088861,RELIABLE,RELIABLE
878,4,Digit 4,4,Digit 4,max_nhat,RELIABLE,RELIABLE,17.2190478569278,0.869153313961485,0.0008517702476822553,2,0.10215566994378011,4,4,True,61.12944478697931,0.7235662191771951,0.0007090948947936511,RELIABLE,RELIABLE,339.86971366168206,0.7647734102919771,0.0007494779420861375,OOD,OOD,40.25190535536738,0.7669976440177049,0.0007516576911373508,RELIABLE,RELIABLE,80.94716386082172,0.7111185686936418,0.0006968961973197689,UNRELIABLE,IDO,17.2190478569278,0.869153313961485,0.0008517702476822553,RELIABLE,RELIABLE,142.45335479736295,0.74251808413204,0.0007276677224493992,OOD,OOD
879,4,Digit 4,4,Digit 4,max_nhat,RELIABLE,RELIABLE,16.50383357591995,0.880364626353419,0.0008627573338263507,2,0.0628577000836471,4,4,True,61.82811307907781,0.7485743222701309,0.0007336028358247282,RELIABLE,RELIABLE,249.20640778596618,0.6955607150544213,0.0006816495007533329,OOD,OOD,28.462666725570166,0.817506926269772,0.0008011567877443765,RELIABLE,RELIABLE,67.30878684577266,0.7494131971916826,0.000734424933247849,UNRELIABLE,IDO,16.50383357591995,0.880364626353419,0.0008627573338263507,RELIABLE,RELIABLE,51.984443945876244,0.7888990802822574,0.0007731210986766122,RELIABLE,RELIABLE
880,4,Digit 4,2,Digit 2,max_nhat,RELIABLE,RELIABLE,22.49682064114256,0.8468654783644489,0.0008299281687971599,4,0.005033320414965292,2,2,True,80.04580677686036,0.7736043272703617,0.0007581322407249544,UNRELIABLE,IDO,570.68297748758,0.6979352845299368,0.0006839765788393381,OOD,OOD,22.49682064114256,0.8468654783644489,0.0008299281687971599,RELIABLE,RELIABLE,57.079200939052875,0.7835966824842938,0.0007679247488346079,RELIABLE,RELIABLE,32.53596495228727,0.8418321579494836,0.0008249955147904939,RELIABLE,RELIABLE,294.1051882348387,0.7250219785134434,0.0007105215389431745,OOD,OOD
881,4,Digit 4,4,Digit 4,max_nhat,RELIABLE,RELIABLE,23.94868316750971,0.8465119154216667,0.0008295816771132333,2,0.030233668795828006,4,4,True,61.66303728001848,0.7334422398648067,0.0007187733950675105,RELIABLE,RELIABLE,213.8683066564787,0.7447873605457656,0.0007298916133348502,OOD,OOD,32.74678613131147,0.8162782466258387,0.000799952681693322,RELIABLE,RELIABLE,97.65805405761299,0.7483576409358152,0.0007333904881170989,OOD,OOD,23.94868316750971,0.8465119154216667,0.0008295816771132333,RELIABLE,RELIABLE,114.34824089279394,0.7714623877956197,0.0007560331400397073,OOD,OOD
882,4,Digit 4,4,Digit 4,max_nhat,RELIABLE,RELIABLE,15.851744682882211,0.8782030532596922,0.0008606389921944983,2,0.03728350168391947,4,4,True,56.05384960942955,0.75881565015377,0.0007436393371506946,RELIABLE,RELIABLE,187.49898766219752,0.7589824366637715,0.000743802787930496,OOD,OOD,26.726311780301533,0.8409195515757727,0.0008241011605442572,RELIABLE,RELIABLE,55.39689399370433,0.7746282862264423,0.0007591357205019134,RELIABLE,RELIABLE,15.851744682882211,0.8782030532596922,0.0008606389921944983,RELIABLE,RELIABLE,48.29536078643851,0.8305906119010442,0.0008139787996630233,RELIABLE,RELIABLE
883,4,Digit 4,4,Digit 4,max_nhat,RELIABLE,RELIABLE,17.58943635812555,0.8664093761148953,0.0008490811885925974,7,0.05119052853141193,4,4,True,77.99693032157202,0.7208493220263207,0.0007064323355857943,UNRELIABLE,IDO,314.26694473870737,0.7473755240430205,0.0007324280135621601,OOD,OOD,40.763873284755626,0.7844369567686027,0.0007687482176332306,RELIABLE,RELIABLE,45.949216624707915,0.8087909206497409,0.0007926151022367461,RELIABLE,RELIABLE,17.58943635812555,0.8664093761148953,0.0008490811885925974,RELIABLE,RELIABLE,43.291683682191795,0.8152188475834834,0.0007989144706318138,RELIABLE,RELIABLE
884,4,Digit 4,4,Digit 4,max_nhat,UNRELIABLE,IDO,64.56757205997344,0.7879344599711033,0.0007721757707716812,2,0.041320701225054046,4,2,False,82.81316237071698,0.743244174876111,0.0007283792913785888,UNRELIABLE,IDO,1100.095621732568,0.6295780912516042,0.0006169865294265722,OOD,OOD,51.97015544555361,0.7466137587460493,0.0007316814835711283,RELIABLE,RELIABLE,127.01225673651598,0.661023462042893,0.0006478029928020351,OOD,OOD,64.56757205997344,0.7879344599711033,0.0007721757707716812,UNRELIABLE,IDO,324.36943563737316,0.6891083112972517,0.0006753261450713066,OOD,OOD
885,4,Digit 4,2,Digit 2,max_nhat,RELIABLE,RELIABLE,26.19881047243595,0.8180651947622534,0.0008017038908670083,1,0.04513305898442044,2,2,True,104.52850013230564,0.7454714044825261,0.0007305619763928756,OOD,OOD,286.0860535590262,0.7729321357778329,0.0007574734930622763,OOD,OOD,26.19881047243595,0.8180651947622534,0.0008017038908670083,RELIABLE,RELIABLE,93.53922992111713,0.7646411642696475,0.0007493483409842544,OOD,OOD,104.19644326065641,0.7684569099453108,0.0007530877717464046,OOD,OOD,163.78830109803624,0.6867422318346491,0.0006730073871979561,OOD,OOD
886,4,Digit 4,1,Digit 1,max_nhat,OOD,OOD,126.05729043171237,0.8744198197215158,0.0008569314233270855,4,0.002820195984584384,1,4,False,54.40626724831991,0.7424290713628352,0.0007275804899355785,RELIABLE,RELIABLE,126.05729043171237,0.8744198197215158,0.0008569314233270855,OOD,OOD,23.14771328684746,0.8315765000172203,0.0008149449700168758,RELIABLE,RELIABLE,39.688216010435596,0.7884532071169481,0.0007726841429746091,RELIABLE,RELIABLE,17.36506580885152,0.8715996237369315,0.0008541676312621928,RELIABLE,RELIABLE,47.54032632789386,0.8077833372283204,0.000791627670483754,RELIABLE,RELIABLE
887,4,Digit 4,4,Digit 4,max_nhat,RELIABLE,RELIABLE,52.83254695599636,0.7761044565454781,0.0007605823674145685,2,0.04176561643344534,4,4,True,166.86643308328428,0.6633487075197056,0.0006500817333693115,OOD,OOD,856.3163798667324,0.6612454446792837,0.0006480205357856981,OOD,OOD,81.97279145929271,0.7343388401120328,0.0007196520633097921,UNRELIABLE,IDO,199.92182351067615,0.7188548468210083,0.0007044777498845881,OOD,OOD,52.83254695599636,0.7761044565454781,0.0007605823674145685,RELIABLE,RELIABLE,199.10766895292053,0.6936302097136823,0.0006797576055194086,OOD,OOD
888,4,Digit 4,4,Digit 4,max_nhat,RELIABLE,RELIABLE,17.636547189194488,0.8645140997741426,0.0008472238177786597,1,0.0006336951702984317,4,4,True,67.30179159063148,0.7034559747487548,0.0006893868552537796,UNRELIABLE,IDO,188.66327378798164,0.8638804046038442,0.0008466027965117673,OOD,OOD,34.72517821061462,0.7968272354763744,0.0007808906907668468,RELIABLE,RELIABLE,39.15724696111647,0.8016992763432604,0.0007856652908163952,RELIABLE,RELIABLE,17.636547189194488,0.8645140997741426,0.0008472238177786597,RELIABLE,RELIABLE,51.65224038266665,0.8317876746616879,0.0008151519211684541,RELIABLE,RELIABLE
889,4,Digit 4,4,Digit 4,max_nhat,RELIABLE,RELIABLE,20.35230508144543,0.8681039669098961,0.0008507418875716981,2,0.03161455673642655,4,4,True,51.156239984191814,0.7650470430674974,0.0007497461022061474,RELIABLE,RELIABLE,375.72276052131235,0.8018614298598224,0.000785824201262626,OOD,OOD,28.263629937486957,0.8364894101734696,0.0008197596219700001,RELIABLE,RELIABLE,50.31858879853632,0.7806862226903535,0.0007650724982365464,RELIABLE,RELIABLE,20.35230508144543,0.8681039669098961,0.0008507418875716981,RELIABLE,RELIABLE,78.53812913257568,0.7913126543187449,0.00077548640123237,UNRELIABLE,IDO
890,4,Digit 4,4,Digit 4,max_nhat,RELIABLE,RELIABLE,24.658656656515124,0.8385445944807356,0.0008217737025911208,2,0.08669107566154688,4,4,True,59.622630525253925,0.7456182060830557,0.0007307058419613946,RELIABLE,RELIABLE,588.1729876101471,0.684421591368946,0.000670733159541567,OOD,OOD,52.562461776685936,0.7518535188191887,0.0007368164484428049,RELIABLE,RELIABLE,138.26925249090868,0.7444581891409813,0.0007295690253581616,OOD,OOD,24.658656656515124,0.8385445944807356,0.0008217737025911208,RELIABLE,RELIABLE,220.52532502272248,0.7353462315004949,0.000720639306870485,OOD,OOD
891,4,Digit 4,2,Digit 2,max_nhat,RELIABLE,RELIABLE,61.42445145243061,0.7773608101255841,0.0007618135939230724,4,0.019374895389670077,2,4,False,115.41407235817555,0.7149941562942298,0.0007006942731683452,OOD,OOD,1025.529903527765,0.6056459238186498,0.0005935330053422768,OOD,OOD,61.42445145243061,0.7773608101255841,0.0007618135939230724,RELIABLE,RELIABLE,164.45562719593244,0.6755139085899241,0.0006620036304181256,OOD,OOD,50.33484315296576,0.757985914735914,0.0007428261964411957,RELIABLE,RELIABLE,315.7123531521881,0.6793211922520828,0.0006657347684070411,OOD,OOD
892,4,Digit 4,4,Digit 4,max_nhat,RELIABLE,RELIABLE,16.182054067963293,0.8893804931984444,0.0008715928833344755,7,0.0507621450678325,4,4,True,64.53995291485472,0.7642124345656691,0.0007489281858743557,UNRELIABLE,IDO,253.94900878404837,0.7692455343535091,0.0007538606236664389,OOD,OOD,42.68669191798751,0.7951733557415023,0.0007792698886266722,RELIABLE,RELIABLE,66.93929068344963,0.7520575465608901,0.0007370163956296722,UNRELIABLE,IDO,16.182054067963293,0.8893804931984444,0.0008715928833344755,RELIABLE,RELIABLE,42.025074411510225,0.8386183481306119,0.0008218459811679996,RELIABLE,RELIABLE
893,4,Digit 4,1,Digit 1,max_nhat,UNRELIABLE,IDO,67.90312575102388,0.9073241305135835,0.0008891776479033118,4,0.06753977074388284,1,4,False,66.94137777055342,0.7247634481582703,0.0007102681791951048,UNRELIABLE,IDO,67.90312575102388,0.9073241305135835,0.0008891776479033118,UNRELIABLE,IDO,25.882354193214457,0.8273908714749901,0.0008108430540454903,RELIABLE,RELIABLE,29.295807621315838,0.8176106290855563,0.0008012584165038451,RELIABLE,RELIABLE,23.39333518177502,0.8397843597697007,0.0008229886725743067,RELIABLE,RELIABLE,42.32116804420095,0.8269668921368687,0.0008104275542941313,RELIABLE,RELIABLE
894,4,Digit 4,4,Digit 4,max_nhat,RELIABLE,RELIABLE,24.17125572149937,0.8446588496118467,0.0008277656726196097,1,0.012697332729124877,4,4,True,75.16426836569573,0.7190012782988746,0.0007046212527328971,UNRELIABLE,IDO,328.27124976526943,0.8319615168827218,0.0008153222865450673,OOD,OOD,49.04008532849508,0.7746629273320107,0.0007591696687853705,RELIABLE,RELIABLE,40.698256189707294,0.7850294121903416,0.0007693288239465347,RELIABLE,RELIABLE,24.17125572149937,0.8446588496118467,0.0008277656726196097,RELIABLE,RELIABLE,58.49259060362246,0.8304733099548104,0.0008138638437557141,RELIABLE,RELIABLE
895,4,Digit 4,4,Digit 4,max_nhat,RELIABLE,RELIABLE,21.697717459164323,0.8589005755721558,0.0008417225640607127,1,0.02220339511289804,4,4,True,51.17204249430253,0.762416368414113,0.0007471680410458307,RELIABLE,RELIABLE,50.653742142401406,0.8366971804592578,0.0008199632368500726,RELIABLE,RELIABLE,24.781176033338195,0.8248396991915389,0.000808342905207708,RELIABLE,RELIABLE,40.824202704448304,0.7860715825516756,0.0007703501509006421,RELIABLE,RELIABLE,21.697717459164323,0.8589005755721558,0.0008417225640607127,RELIABLE,RELIABLE,37.18308958538482,0.8090783556756129,0.0007928967885621007,RELIABLE,RELIABLE
896,4,Digit 4,4,Digit 4,max_nhat,RELIABLE,RELIABLE,45.99563286796355,0.8252202290956279,0.0008087158245137153,2,0.048703112106266655,4,4,True,80.43859590715489,0.7392225168782077,0.0007244380665406435,UNRELIABLE,IDO,465.322225421418,0.7086654656941859,0.0006944921563803022,OOD,OOD,60.073460449055936,0.7765171169893612,0.0007609867746495739,RELIABLE,RELIABLE,113.66515154201763,0.6904041953023777,0.0006765961113963301,OOD,OOD,45.99563286796355,0.8252202290956279,0.0008087158245137153,RELIABLE,RELIABLE,142.6693044815081,0.7286248914790615,0.0007140523936494803,OOD,OOD
897,4,Digit 4,4,Digit 4,max_nhat,RELIABLE,RELIABLE,23.63313193498002,0.838030467426218,0.0008212698580776937,3,0.018191858299745123,4,4,True,79.50247019216818,0.7398142949879137,0.0007250180090881555,UNRELIABLE,IDO,118.25857416304493,0.7805227303239998,0.0007649122757175197,OOD,OOD,33.29333356747032,0.7959087582461317,0.000779990583081209,RELIABLE,RELIABLE,36.36261787728882,0.8198386091264729,0.0008034418369439434,RELIABLE,RELIABLE,23.63313193498002,0.838030467426218,0.0008212698580776937,RELIABLE,RELIABLE,40.25281543623029,0.7960227281094324,0.0007801022735472437,RELIABLE,RELIABLE
898,4,Digit 4,2,Digit 2,max_nhat,UNRELIABLE,IDO,65.28636729060125,0.7866717741038878,0.00077093833862181,4,0.0014763545154936608,2,4,False,64.53985633473945,0.7506941522328477,0.0007356802691881908,UNRELIABLE,IDO,956.6011768912238,0.6924630763488464,0.0006786138148218695,OOD,OOD,65.28636729060125,0.7866717741038878,0.00077093833862181,UNRELIABLE,IDO,203.24088271149643,0.7086897681739149,0.0006945159728104366,OOD,OOD,47.16563049935225,0.7851954195883941,0.0007694915111966262,RELIABLE,RELIABLE,243.94477962745714,0.6920264843273903,0.0006781859546408425,OOD,OOD
899,4,Digit 4,4,Digit 4,max_nhat,RELIABLE,RELIABLE,11.410440917790385,0.9053267612497565,0.0008872202260247614,3,0.06862278196142557,4,4,True,58.25376911097889,0.7447043433974508,0.0007298102565295017,RELIABLE,RELIABLE,268.3090299285096,0.7821935037174098,0.0007665496336430616,OOD,OOD,33.76758420207578,0.8138034855656618,0.0007975274158543486,RELIABLE,RELIABLE,32.265501926017116,0.836703979288331,0.0008199698997025643,RELIABLE,RELIABLE,11.410440917790385,0.9053267612497565,0.0008872202260247614,RELIABLE,RELIABLE,39.350672455767615,0.8309157380112251,0.0008142974232510006,RELIABLE,RELIABLE
900,4,Digit 4,4,Digit 4,max_nhat,RELIABLE,RELIABLE,13.31234930111355,0.8922204521585595,0.0008743760431153883,7,0.028293923455742553,4,4,True,52.45386212806721,0.7464375465948176,0.0007315087956629213,RELIABLE,RELIABLE,249.3280802449077,0.7890788947714344,0.0007732973168760057,OOD,OOD,36.25101065759421,0.8184790925163365,0.0008021095106660098,RELIABLE,RELIABLE,38.54058448552696,0.8127755263578837,0.000796520015830726,RELIABLE,RELIABLE,13.31234930111355,0.8922204521585595,0.0008743760431153883,RELIABLE,RELIABLE,41.03115741330319,0.8639265287028169,0.0008466479981287606,RELIABLE,RELIABLE
901,4,Digit 4,4,Digit 4,max_nhat,RELIABLE,RELIABLE,13.368194937455542,0.8872545438482354,0.0008695094529712707,1,0.039465623745386536,4,4,True,62.61630834929255,0.7463197094577526,0.0007313933152685976,UNRELIABLE,IDO,229.8652875231819,0.8477889201028489,0.0008308331417007918,OOD,OOD,28.727672769074747,0.8122272606535066,0.0007959827154404365,RELIABLE,RELIABLE,42.47593322866455,0.8082587406721118,0.0007920935658586695,RELIABLE,RELIABLE,13.368194937455542,0.8872545438482354,0.0008695094529712707,RELIABLE,RELIABLE,34.14502165440423,0.8226791943494293,0.0008062256104624406,RELIABLE,RELIABLE
902,4,Digit 4,4,Digit 4,max_nhat,RELIABLE,RELIABLE,12.12189804969674,0.897577478123855,0.0008796259285613779,7,0.03572478754337172,4,4,True,58.195977429223866,0.7349104557090359,0.0007202122465948551,RELIABLE,RELIABLE,219.87339251328132,0.7764339949998467,0.0007609053150998497,OOD,OOD,40.96300666664359,0.7833017765641777,0.000767635741032894,RELIABLE,RELIABLE,44.668048819230044,0.7903285626730749,0.0007745219914196134,RELIABLE,RELIABLE,12.12189804969674,0.897577478123855,0.0008796259285613779,RELIABLE,RELIABLE,37.826340491068244,0.8618526905804833,0.0008446156367688736,RELIABLE,RELIABLE
903,4,Digit 4,4,Digit 4,max_nhat,RELIABLE,RELIABLE,12.420326297021614,0.8951333684953569,0.0008772307011254497,7,0.02203566203304208,4,4,True,51.83533672235811,0.7413909800098124,0.0007265631604096161,RELIABLE,RELIABLE,88.12468803403377,0.8106159757160357,0.000794403656201715,OOD,OOD,22.84642277558241,0.8416920854510969,0.0008248582437420748,RELIABLE,RELIABLE,29.366904939343026,0.8384435797188381,0.0008216747081244613,RELIABLE,RELIABLE,12.420326297021614,0.8951333684953569,0.0008772307011254497,RELIABLE,RELIABLE,19.040210520097357,0.8730977064623148,0.0008556357523330684,RELIABLE,RELIABLE
904,4,Digit 4,4,Digit 4,max_nhat,RELIABLE,RELIABLE,15.768075788915885,0.8879247455993465,0.0008701662506873596,0,0.09306134685314882,4,4,True,46.46930703914546,0.7948633987461977,0.0007789661307712738,RELIABLE,RELIABLE,606.2027971262531,0.6920026885346185,0.0006781626347639262,OOD,OOD,48.107489073515,0.7851706570884168,0.0007694672439466485,RELIABLE,RELIABLE,81.50731815625193,0.7631891192221624,0.000747925336837719,UNRELIABLE,IDO,15.768075788915885,0.8879247455993465,0.0008701662506873596,RELIABLE,RELIABLE,208.9031078229031,0.756942599449534,0.0007418037474605433,OOD,OOD
905,4,Digit 4,4,Digit 4,max_nhat,RELIABLE,RELIABLE,33.619499188083,0.8416853016794407,0.0008248515956458518,2,0.011117203786660479,4,2,False,60.10735196070948,0.7600497104388992,0.0007448487162301212,RELIABLE,RELIABLE,192.17858909015695,0.7570986257640712,0.0007419566532487897,OOD,OOD,29.36582372878294,0.8305680978927802,0.0008139567359349246,RELIABLE,RELIABLE,51.65774456382309,0.8115422819561066,0.0007953114363169844,RELIABLE,RELIABLE,33.619499188083,0.8416853016794407,0.0008248515956458518,RELIABLE,RELIABLE,65.97007292973228,0.7660845314837023,0.0007507628408540282,UNRELIABLE,IDO
906,4,Digit 4,4,Digit 4,max_nhat,RELIABLE,RELIABLE,7.95510869465387,0.9277954502984997,0.0009092395412925297,7,0.06326884987515224,4,4,True,53.33611984241931,0.7543772125827873,0.0007392896683311316,RELIABLE,RELIABLE,123.79629190586168,0.8547887914161689,0.0008376930155878455,OOD,OOD,21.527056226965517,0.8559863290821982,0.0008388666025005542,RELIABLE,RELIABLE,37.69815398246922,0.8183480064002758,0.0008019810462722703,RELIABLE,RELIABLE,7.95510869465387,0.9277954502984997,0.0009092395412925297,RELIABLE,RELIABLE,22.14870058735551,0.8645266004233475,0.0008472360684148805,RELIABLE,RELIABLE
907,4,Digit 4,4,Digit 4,max_nhat,RELIABLE,RELIABLE,24.746966398512807,0.8640800146369771,0.0008467984143442376,7,0.05466196449881344,4,4,True,48.74256497771038,0.7764123824330043,0.0007608841347843441,RELIABLE,RELIABLE,301.5801224632702,0.7036239265170414,0.0006895514479867005,OOD,OOD,37.41876074470033,0.7847495527902763,0.0007690545617344707,RELIABLE,RELIABLE,83.58057513269704,0.7427232088694108,0.0007278687446920226,UNRELIABLE,IDO,24.746966398512807,0.8640800146369771,0.0008467984143442376,RELIABLE,RELIABLE,91.67857222379554,0.8094180501381637,0.0007932296891354004,OOD,OOD
908,4,Digit 4,4,Digit 4,max_nhat,RELIABLE,RELIABLE,18.57642789012293,0.8694795683394249,0.0008520899769726364,2,0.04535655524616511,4,4,True,58.83193017537522,0.7736467235265329,0.0007581737890560022,RELIABLE,RELIABLE,273.7561626176772,0.7743844908177329,0.0007588968010013782,OOD,OOD,28.33336904935386,0.8241230130932597,0.0008076405528313946,RELIABLE,RELIABLE,36.7671813264901,0.806189760593995,0.0007900659653821151,RELIABLE,RELIABLE,18.57642789012293,0.8694795683394249,0.0008520899769726364,RELIABLE,RELIABLE,91.07637849897898,0.7490923859432217,0.0007341105382243573,OOD,OOD
909,4,Digit 4,4,Digit 4,max_nhat,RELIABLE,RELIABLE,26.396383795465304,0.8622763983509132,0.0008450308703838949,2,0.0650792146053425,4,4,True,83.86842708780988,0.7122477569350435,0.0006980028017963426,UNRELIABLE,IDO,402.7113379373618,0.7459725793130243,0.0007310531277267638,OOD,OOD,64.84347978988126,0.7971971837455707,0.0007812532400706593,UNRELIABLE,IDO,52.41258769732227,0.7784972031230458,0.0007629272590605849,RELIABLE,RELIABLE,26.396383795465304,0.8622763983509132,0.0008450308703838949,RELIABLE,RELIABLE,49.69600987990539,0.7936134082210295,0.000777741140056609,RELIABLE,RELIABLE
910,4,Digit 4,4,Digit 4,max_nhat,RELIABLE,RELIABLE,16.2917300169802,0.8808636262059735,0.000863246353681854,7,0.0965213701285409,4,4,True,51.18046430790803,0.7550039233564885,0.0007399038448893587,RELIABLE,RELIABLE,512.7755380936793,0.7640713104168716,0.0007487898842085341,OOD,OOD,45.02834854156196,0.7688130585204025,0.0007534367973499944,RELIABLE,RELIABLE,89.04926740352353,0.7431310397042435,0.0007282684189101586,OOD,OOD,16.2917300169802,0.8808636262059735,0.000863246353681854,RELIABLE,RELIABLE,105.16051260585687,0.7843422560774326,0.0007686554109558839,OOD,OOD
911,4,Digit 4,7,Digit 2,max_nhat,RELIABLE,RELIABLE,51.75695468336289,0.8258379232370648,0.0008093211647723235,4,0.008889834189798163,7,4,False,87.74048609024709,0.7094214782833347,0.000695233048717668,OOD,OOD,315.5172326580694,0.7952291193506087,0.0007793245369635965,OOD,OOD,57.98488003044933,0.7612896266251792,0.0007460638340926756,RELIABLE,RELIABLE,49.98671381735865,0.7898941161148443,0.0007740962337925473,RELIABLE,RELIABLE,30.763183801883116,0.8169480890472667,0.0008006091272663213,RELIABLE,RELIABLE,51.75695468336289,0.8258379232370648,0.0008093211647723235,RELIABLE,RELIABLE
912,4,Digit 4,4,Digit 4,max_nhat,RELIABLE,RELIABLE,10.008469868660121,0.9127086639719227,0.0008944544906924843,2,0.0995567287254272,4,4,True,51.44802578537899,0.7473380613667637,0.0007323913001394284,RELIABLE,RELIABLE,234.6551100003489,0.7643810211062805,0.0007490934006841548,OOD,OOD,29.20991769335065,0.8131519352464955,0.0007968888965415656,RELIABLE,RELIABLE,40.5913482735768,0.79197348959639,0.0007761340198044622,RELIABLE,RELIABLE,10.008469868660121,0.9127086639719227,0.0008944544906924843,RELIABLE,RELIABLE,68.53147287339394,0.8008579387325624,0.0007848407799579112,UNRELIABLE,IDO
913,4,Digit 4,4,Digit 4,max_nhat,RELIABLE,RELIABLE,34.88686466441766,0.822109647981128,0.0008056674550215053,7,0.04649650927271276,4,4,True,58.6792985210211,0.7338177550095,0.00071914139990931,RELIABLE,RELIABLE,841.6471382481948,0.6758158692333448,0.0006622995518486778,OOD,OOD,78.72781619215657,0.7616400920273927,0.0007464072901868449,UNRELIABLE,IDO,205.4187751578214,0.6844527810719911,0.0006707637254505513,OOD,OOD,34.88686466441766,0.822109647981128,0.0008056674550215053,RELIABLE,RELIABLE,327.0012994103826,0.7756131387084152,0.0007601008759342469,OOD,OOD
914,4,Digit 4,4,Digit 4,max_nhat,RELIABLE,RELIABLE,32.85756870640044,0.8031636534821894,0.0007871003804125456,7,0.04995961291016804,4,4,True,70.67911424700222,0.7351912498836845,0.0007204874248860107,UNRELIABLE,IDO,763.4822349556121,0.7442941896620384,0.0007294083058687976,OOD,OOD,64.27004785391439,0.72912398424192,0.0007145415045570816,UNRELIABLE,IDO,88.06697048831438,0.7170043503826619,0.0007026642633750086,OOD,OOD,32.85756870640044,0.8031636534821894,0.0007871003804125456,RELIABLE,RELIABLE,104.23431537490053,0.7532040405720214,0.000738139959760581,OOD,OOD
915,4,Digit 4,4,Digit 4,max_nhat,RELIABLE,RELIABLE,16.882379819781427,0.8750306967317636,0.0008575300827971283,2,0.04009612779218796,4,4,True,46.59012816118114,0.8039171955516661,0.0007878388516406327,RELIABLE,RELIABLE,358.25630820855406,0.7385153242489761,0.0007237450177639966,OOD,OOD,22.322847988865806,0.8349345689395756,0.0008182358775607841,RELIABLE,RELIABLE,69.63173777699157,0.7627049344301187,0.0007474508357415162,UNRELIABLE,IDO,16.882379819781427,0.8750306967317636,0.0008575300827971283,RELIABLE,RELIABLE,110.70771588441178,0.7953708975714291,0.0007794634796200005,OOD,OOD
916,4,Digit 4,4,Digit 4,max_nhat,RELIABLE,RELIABLE,11.600798356534819,0.9047908186735351,0.0008866950023000643,7,0.055997985161347574,4,4,True,60.00614478957308,0.7586826328857876,0.0007435089802280718,RELIABLE,RELIABLE,179.91116692192128,0.8129849893849469,0.000796725289597248,OOD,OOD,23.0517220110663,0.8365193967711928,0.0008197890088357689,RELIABLE,RELIABLE,42.93065252831754,0.7998934319807339,0.0007838955633411193,RELIABLE,RELIABLE,11.600798356534819,0.9047908186735351,0.0008866950023000643,RELIABLE,RELIABLE,29.467558907463584,0.8487928335121875,0.0008318169768419437,RELIABLE,RELIABLE
917,4,Digit 4,4,Digit 4,max_nhat,RELIABLE,RELIABLE,10.758702638793402,0.9069147416599235,0.000888776446826725,7,0.10335837266082348,4,4,True,58.33560097245039,0.7375028282675271,0.0007227527717021766,RELIABLE,RELIABLE,401.6455809482014,0.6622565072630898,0.000649011377117828,OOD,OOD,35.89887730031144,0.7735697832023274,0.0007580983875382808,RELIABLE,RELIABLE,66.0990538355232,0.7703720247726236,0.000754964584277171,UNRELIABLE,IDO,10.758702638793402,0.9069147416599235,0.000888776446826725,RELIABLE,RELIABLE,68.23352962073007,0.8035563689991,0.0007874852416191179,UNRELIABLE,IDO
918,4,Digit 4,4,Digit 4,max_nhat,RELIABLE,RELIABLE,41.35067904444887,0.786092616033928,0.0007703707637132494,3,0.0008224762166169075,4,4,True,120.4570319901745,0.6782137048732138,0.0006646494307757495,OOD,OOD,754.6391710507003,0.6364318764238392,0.0006237032388953625,OOD,OOD,61.67305266778126,0.7688080229552123,0.0007534318624961081,RELIABLE,RELIABLE,123.61857235167719,0.7852701398173111,0.0007695647370209648,OOD,OOD,41.35067904444887,0.786092616033928,0.0007703707637132494,RELIABLE,RELIABLE,185.33617202362973,0.6744451349458264,0.0006609562322469098,OOD,OOD
919,4,Digit 4,4,Digit 4,max_nhat,RELIABLE,RELIABLE,16.783624373339002,0.8698038682705908,0.0008524077909051789,7,0.07081088891493403,4,4,True,69.49088477976282,0.7322251888391993,0.0007175806850624153,UNRELIABLE,IDO,305.2885934372723,0.6907390059599885,0.0006769242258407888,OOD,OOD,37.15549451514058,0.7976462718836939,0.00078169334644602,RELIABLE,RELIABLE,47.753695213272046,0.7895303149236338,0.0007737397086251611,RELIABLE,RELIABLE,16.783624373339002,0.8698038682705908,0.0008524077909051789,RELIABLE,RELIABLE,40.822865520322274,0.7989929793556567,0.0007830131197685435,RELIABLE,RELIABLE
920,4,Digit 4,4,Digit 4,max_nhat,RELIABLE,RELIABLE,20.683419567954722,0.862244757593736,0.0008449998624418612,2,0.04526806295141539,4,4,True,57.832109617009166,0.7272790337984981,0.0007127334531225281,RELIABLE,RELIABLE,177.59271233639942,0.8068761364537941,0.0007907386137247182,OOD,OOD,28.017503573434407,0.8169766946423206,0.0008006371607494742,RELIABLE,RELIABLE,41.95685533285217,0.8164905597582026,0.0008001607485630386,RELIABLE,RELIABLE,20.683419567954722,0.862244757593736,0.0008449998624418612,RELIABLE,RELIABLE,53.82923653443873,0.7900766918198294,0.0007742751579834328,RELIABLE,RELIABLE
921,4,Digit 4,4,Digit 4,max_nhat,RELIABLE,RELIABLE,28.651906563364825,0.844278654797371,0.0008273930817014236,0,0.08583116663570622,4,4,True,109.0039876240737,0.7584474881616647,0.0007432785383984314,OOD,OOD,622.0827257814879,0.6940548490806585,0.0006801737520990453,OOD,OOD,57.21808569362262,0.7524907034690691,0.0007374408893996877,RELIABLE,RELIABLE,136.37122802147533,0.7546609814764473,0.0007395677618469183,OOD,OOD,28.651906563364825,0.844278654797371,0.0008273930817014236,RELIABLE,RELIABLE,164.79902200815155,0.7436064457605209,0.0007287343168453105,OOD,OOD
922,4,Digit 4,4,Digit 4,max_nhat,RELIABLE,RELIABLE,23.84934948643869,0.8426188049655111,0.0008257664288662008,2,0.04494801563287576,4,4,True,94.22847081681772,0.6912649498721996,0.0006774396508747555,OOD,OOD,365.25921786608154,0.7291351712480967,0.0007145524678231347,OOD,OOD,33.880323271591024,0.7976707893326354,0.0007817173735459826,RELIABLE,RELIABLE,44.64970180487742,0.7642006675202836,0.0007489166541698779,RELIABLE,RELIABLE,23.84934948643869,0.8426188049655111,0.0008257664288662008,RELIABLE,RELIABLE,72.64608126702271,0.7346878087023122,0.000719994052528266,UNRELIABLE,IDO
923,4,Digit 4,2,Digit 2,max_nhat,RELIABLE,RELIABLE,28.856092059851736,0.8249396273820463,0.0008084408348344054,4,0.0007129063474355934,2,2,True,79.3957686894961,0.7002575681542234,0.0006862524167911389,UNRELIABLE,IDO,147.40468481279947,0.8066672252362693,0.000790533880731544,OOD,OOD,28.856092059851736,0.8249396273820463,0.0008084408348344054,RELIABLE,RELIABLE,58.78162771656414,0.7793675015067371,0.0007637801514766022,RELIABLE,RELIABLE,33.33058185876948,0.8242267210346107,0.0008077421866139185,RELIABLE,RELIABLE,63.525217548944575,0.7553246760248261,0.0007402181825043295,UNRELIABLE,IDO
924,4,Digit 4,4,Digit 4,max_nhat,RELIABLE,RELIABLE,40.835091845030384,0.8080947435338176,0.0007919328486631412,2,0.039204733945775616,4,4,True,78.86313482439465,0.7364191882179011,0.000721690804453543,UNRELIABLE,IDO,838.3089259857229,0.7340741804179781,0.0007193926968096185,OOD,OOD,80.71911214521778,0.768890009588042,0.0007535122093962811,UNRELIABLE,IDO,174.30503876423813,0.7257758450638571,0.0007112603281625799,OOD,OOD,40.835091845030384,0.8080947435338176,0.0007919328486631412,RELIABLE,RELIABLE,405.1094774550651,0.7466000523874978,0.0007316680513397479,OOD,OOD
925,4,Digit 4,4,Digit 4,max_nhat,RELIABLE,RELIABLE,26.62983450084698,0.8277333512394381,0.0008111786842146493,2,0.03830763012222904,4,4,True,92.05863465796264,0.7117106136574145,0.0006974764013842661,OOD,OOD,295.85279058774523,0.6713945561733833,0.0006579666650499156,OOD,OOD,32.92184361311961,0.7894257211172091,0.0007736372066948649,RELIABLE,RELIABLE,84.98712320233996,0.743714402890066,0.0007288401148322646,UNRELIABLE,IDO,26.62983450084698,0.8277333512394381,0.0008111786842146493,RELIABLE,RELIABLE,79.84307759195038,0.7666641074746618,0.0007513308253251686,UNRELIABLE,IDO
926,4,Digit 4,4,Digit 4,max_nhat,RELIABLE,RELIABLE,32.62992037969749,0.8298015144104148,0.0008132054841222065,2,0.04504841571040141,4,4,True,86.5450080239764,0.7736167875251467,0.0007581444517746437,OOD,OOD,395.9447215066695,0.7455274776826863,0.0007306169281290326,OOD,OOD,35.11395960049609,0.7847530987000134,0.0007690580367260132,RELIABLE,RELIABLE,81.19783558463342,0.7510651914488997,0.0007360438876199217,UNRELIABLE,IDO,32.62992037969749,0.8298015144104148,0.0008132054841222065,RELIABLE,RELIABLE,245.3041315283843,0.773706751246121,0.0007582326162211985,OOD,OOD
927,4,Digit 4,4,Digit 4,max_nhat,RELIABLE,RELIABLE,25.39478771748272,0.8476305352420161,0.0008306779245371758,7,0.034239492320409126,4,4,True,91.77879471185831,0.7401779503246223,0.0007253743913181298,OOD,OOD,155.05937474269425,0.7602966893944023,0.0007450907556065142,OOD,OOD,38.93742995615495,0.7899597512152727,0.0007741605561909673,RELIABLE,RELIABLE,57.730502658802045,0.8005905981359663,0.000784578786173247,RELIABLE,RELIABLE,25.39478771748272,0.8476305352420161,0.0008306779245371758,RELIABLE,RELIABLE,32.26889747244914,0.813391042921607,0.0007971232220631749,RELIABLE,RELIABLE
928,4,Digit 4,4,Digit 4,max_nhat,RELIABLE,RELIABLE,23.69883667526198,0.8360948624089626,0.0008193729651607833,3,0.0708386571390398,4,4,True,81.0927486119992,0.7066886097583341,0.0006925548375631674,UNRELIABLE,IDO,387.42450051000225,0.7410512792232751,0.0007262302536388095,OOD,OOD,48.32743897309323,0.753816238818766,0.0007387399140423907,RELIABLE,RELIABLE,49.47705428353828,0.7652562052699228,0.0007499510811645243,RELIABLE,RELIABLE,23.69883667526198,0.8360948624089626,0.0008193729651607833,RELIABLE,RELIABLE,67.73389862444022,0.7542986622640679,0.0007392126890187865,UNRELIABLE,IDO
929,4,Digit 4,4,Digit 4,max_nhat,RELIABLE,RELIABLE,39.361782599813566,0.8111362227143532,0.0007949134982600661,0,0.04226655571866211,4,4,True,70.93787568719758,0.768869666995691,0.0007534922736557772,UNRELIABLE,IDO,551.340147271894,0.7320257265010305,0.0007173852119710098,OOD,OOD,46.45685288363165,0.7628294623636981,0.000747572873116424,RELIABLE,RELIABLE,65.24403812307013,0.7403059314213756,0.0007254998127929481,UNRELIABLE,IDO,39.361782599813566,0.8111362227143532,0.0007949134982600661,RELIABLE,RELIABLE,278.4222103392151,0.755025433855763,0.0007399249251786478,OOD,OOD
930,4,Digit 4,4,Digit 4,max_nhat,RELIABLE,RELIABLE,34.73640642790198,0.8511668047115818,0.0008341434686173501,2,0.07446109870442819,4,4,True,57.83902897777356,0.753836811645564,0.0007387600754126528,RELIABLE,RELIABLE,373.46928368698286,0.7513281178374324,0.0007363015554806837,OOD,OOD,46.8810195829386,0.7767057060071536,0.0007611715918870105,RELIABLE,RELIABLE,81.76124933044655,0.7088645340248386,0.0006946872433443418,UNRELIABLE,IDO,34.73640642790198,0.8511668047115818,0.0008341434686173501,RELIABLE,RELIABLE,208.62875444298675,0.724960143153497,0.000710460940290427,OOD,OOD
931,4,Digit 4,4,Digit 4,max_nhat,RELIABLE,RELIABLE,23.832533068164132,0.8523235523693928,0.000835277081322005,2,0.020052605967184056,4,4,True,68.33350725778583,0.7300881195620798,0.0007154863571708381,UNRELIABLE,IDO,221.30194285062504,0.776186245390054,0.0007606625204822528,OOD,OOD,28.788327786521002,0.8322709464022088,0.0008156255274741646,RELIABLE,RELIABLE,42.27961289072018,0.8029274938138108,0.0007868689439375345,RELIABLE,RELIABLE,23.832533068164132,0.8523235523693928,0.000835277081322005,RELIABLE,RELIABLE,57.967551712033554,0.80249632911144,0.0007864464025292111,RELIABLE,RELIABLE
932,4,Digit 4,4,Digit 4,max_nhat,RELIABLE,RELIABLE,23.16259106615441,0.8691045627786934,0.0008517224715231196,7,0.07578495349546166,4,4,True,56.50055743180549,0.785518696163236,0.0007698083222399712,RELIABLE,RELIABLE,522.9959982471119,0.7099283049849943,0.0006957297388852944,OOD,OOD,65.69632171390164,0.7558956970572204,0.000740777783116076,UNRELIABLE,IDO,101.45689617046824,0.7179553941893564,0.0007035962863055692,OOD,OOD,23.16259106615441,0.8691045627786934,0.0008517224715231196,RELIABLE,RELIABLE,114.08784590719675,0.7933196092832318,0.0007774532170975671,OOD,OOD
933,4,Digit 4,4,Digit 4,max_nhat,RELIABLE,RELIABLE,18.788705636990624,0.8559666943245211,0.0008388473604380306,2,0.026935538648200974,4,4,True,53.34749245925882,0.7505188153895508,0.0007355084390817597,RELIABLE,RELIABLE,129.76814168459424,0.7924446992202452,0.0007765958052358403,OOD,OOD,26.19937723289076,0.8290311556763201,0.0008124505325627937,RELIABLE,RELIABLE,55.103101194201926,0.7519207598049277,0.0007368823446088291,RELIABLE,RELIABLE,18.788705636990624,0.8559666943245211,0.0008388473604380306,RELIABLE,RELIABLE,71.16449686840814,0.7807530056981918,0.0007651379455842279,UNRELIABLE,IDO
934,4,Digit 4,4,Digit 4,max_nhat,RELIABLE,RELIABLE,12.335648908655246,0.897884533002197,0.000879926842342153,7,0.06502148887838899,4,4,True,51.62941947978327,0.7798396098053706,0.0007642428176092631,RELIABLE,RELIABLE,213.49655016959565,0.8125381122426972,0.0007962873499978432,OOD,OOD,27.865170019149527,0.8310073193741089,0.0008143871729866267,RELIABLE,RELIABLE,48.699621967275704,0.7870683950743083,0.0007713270271728221,RELIABLE,RELIABLE,12.335648908655246,0.897884533002197,0.000879926842342153,RELIABLE,RELIABLE,39.92088933574098,0.832863044123808,0.0008162057832413318,RELIABLE,RELIABLE
935,4,Digit 4,4,Digit 4,max_nhat,RELIABLE,RELIABLE,45.53417869259771,0.7961591650691855,0.0007802359817678017,2,0.029880475970316844,4,4,True,70.84931846059649,0.7263269953590066,0.0007118004554518264,UNRELIABLE,IDO,511.05294991218756,0.6504370799525169,0.0006374283383534666,OOD,OOD,55.20115411535185,0.7662786890988686,0.0007509531153168913,RELIABLE,RELIABLE,95.04056789810446,0.6964553083033862,0.0006825262021373184,OOD,OOD,45.53417869259771,0.7961591650691855,0.0007802359817678017,RELIABLE,RELIABLE,112.83420116588906,0.6749865026186289,0.0006614867725662563,OOD,OOD
936,4,Digit 4,1,Digit 1,max_nhat,RELIABLE,RELIABLE,39.4749262316766,0.8788781644554786,0.000861300601166369,7,0.013730708903830435,1,7,False,86.63334797191334,0.678422442966311,0.0006648539941069849,OOD,OOD,39.4749262316766,0.8788781644554786,0.000861300601166369,RELIABLE,RELIABLE,37.05830019198751,0.8180092691429441,0.0008016490837600852,RELIABLE,RELIABLE,37.44390244043282,0.8116512779606864,0.0007954182524014727,RELIABLE,RELIABLE,33.038753615553304,0.8150762926529324,0.0007987747667998736,RELIABLE,RELIABLE,28.598637957115812,0.8651474555516482,0.0008478445064406152,RELIABLE,RELIABLE
937,4,Digit 4,4,Digit 4,max_nhat,RELIABLE,RELIABLE,24.678990601791693,0.8698628609544311,0.0008524656037353425,7,0.1060775460313309,4,4,True,61.17770400960069,0.7367268800311155,0.0007219923424304932,RELIABLE,RELIABLE,773.5194586853671,0.6808587675500607,0.0006672415921990595,OOD,OOD,74.11596817806583,0.7542379503109694,0.00073915319130475,UNRELIABLE,IDO,172.62937579932077,0.7171251200851035,0.0007027826176834015,OOD,OOD,24.678990601791693,0.8698628609544311,0.0008524656037353425,RELIABLE,RELIABLE,264.6843404310343,0.7637853149231002,0.0007485096086246382,OOD,OOD
938,4,Digit 4,4,Digit 4,max_nhat,RELIABLE,RELIABLE,33.43852035699898,0.8421334624049489,0.0008252907931568499,2,0.05053127693236892,4,4,True,118.58593331087968,0.7388045183225437,0.0007240284279560928,OOD,OOD,336.4878793784777,0.719165076745833,0.0007047817752109163,OOD,OOD,41.30576436742535,0.79160218547258,0.0007757701417631283,RELIABLE,RELIABLE,83.51665647541796,0.7703554493587306,0.0007549483403715559,UNRELIABLE,IDO,33.43852035699898,0.8421334624049489,0.0008252907931568499,RELIABLE,RELIABLE,99.77893653135507,0.7615631683171463,0.0007463319049508033,OOD,OOD
939,4,Digit 4,4,Digit 4,max_nhat,RELIABLE,RELIABLE,25.530095460578643,0.8289589835604716,0.0008123798038892621,2,0.012445241752799041,4,4,True,74.17660114128864,0.7171959375262688,0.0007028520187757433,UNRELIABLE,IDO,316.61869821886444,0.7223532936666158,0.0007079062277932835,OOD,OOD,30.842888594591383,0.8165137418076726,0.0008001834669715191,RELIABLE,RELIABLE,64.5589906585642,0.7531058919514447,0.0007380437741124158,UNRELIABLE,IDO,25.530095460578643,0.8289589835604716,0.0008123798038892621,RELIABLE,RELIABLE,91.34832523147467,0.7685471444416657,0.0007531762015528324,OOD,OOD
940,4,Digit 4,4,Digit 4,max_nhat,RELIABLE,RELIABLE,44.79071576550693,0.8246892211810781,0.0008081954367574565,0,0.06046062587393786,4,4,True,74.34706183150692,0.7642285953071403,0.0007489440234009975,UNRELIABLE,IDO,621.4615167656175,0.7270202439637937,0.0007124798390845178,OOD,OOD,84.84038267857913,0.7639272244861973,0.0007486486799964734,UNRELIABLE,IDO,79.6816762393372,0.7284576189362153,0.000713888466557491,UNRELIABLE,IDO,44.79071576550693,0.8246892211810781,0.0008081954367574565,RELIABLE,RELIABLE,92.88475400856771,0.743340138377916,0.0007284733356103576,OOD,OOD
941,4,Digit 4,4,Digit 4,max_nhat,RELIABLE,RELIABLE,16.100904031851044,0.8759102170488903,0.0008583920127079124,2,0.040756718272068726,4,4,True,58.11567465652827,0.7234083226687618,0.0007089401562153865,RELIABLE,RELIABLE,167.7836147673647,0.8281219229672963,0.0008115594845079503,OOD,OOD,26.32848716420189,0.8351534987768215,0.0008184504288012851,RELIABLE,RELIABLE,46.747477832481295,0.7899106770264857,0.0007741124634859559,RELIABLE,RELIABLE,16.100904031851044,0.8759102170488903,0.0008583920127079124,RELIABLE,RELIABLE,58.2825779586971,0.8036810703921085,0.0007876074489842663,RELIABLE,RELIABLE
942,4,Digit 4,4,Digit 4,max_nhat,RELIABLE,RELIABLE,18.281771304770974,0.8681199171885274,0.0008507575188447568,7,0.03360484399660468,4,4,True,88.29120955570274,0.7364411518100853,0.0007217123287738836,OOD,OOD,151.78240705832408,0.7810809042440143,0.0007654592861591341,OOD,OOD,33.69393846296302,0.7953031988984838,0.000779397134920514,RELIABLE,RELIABLE,44.674120214391394,0.8142699082736891,0.0007979845101082153,RELIABLE,RELIABLE,18.281771304770974,0.8681199171885274,0.0008507575188447568,RELIABLE,RELIABLE,31.979541796470397,0.8345150731919228,0.0008178247717280843,RELIABLE,RELIABLE
943,4,Digit 4,4,Digit 4,max_nhat,RELIABLE,RELIABLE,20.730314164062193,0.8630582927026605,0.0008457971268486073,0,0.08905611350787723,4,4,True,52.56050821161083,0.7740021791947833,0.0007585221356108876,RELIABLE,RELIABLE,584.3028637839259,0.7070657322364967,0.0006929244175917668,OOD,OOD,59.4596110973461,0.7476276992116238,0.0007326751452273912,RELIABLE,RELIABLE,105.22814266777054,0.7008999237665746,0.0006868819252912431,OOD,OOD,20.730314164062193,0.8630582927026605,0.0008457971268486073,RELIABLE,RELIABLE,249.76766115485623,0.7719546252130141,0.0007565155327087538,OOD,OOD
944,4,Digit 4,4,Digit 4,max_nhat,RELIABLE,RELIABLE,24.634903104770473,0.86175223909934,0.0008445171943173531,2,0.038526904992357225,4,4,True,56.388438865309155,0.7406449346200713,0.0007258320359276698,RELIABLE,RELIABLE,537.9935731336378,0.713305093508242,0.0006990389916380771,OOD,OOD,48.64224847699308,0.8232253341069827,0.0008067608274248431,RELIABLE,RELIABLE,165.11079468322782,0.7549522112952437,0.0007398531670693388,OOD,OOD,24.634903104770473,0.86175223909934,0.0008445171943173531,RELIABLE,RELIABLE,251.6318299806269,0.8026338754503545,0.0007865811979413474,OOD,OOD
945,4,Digit 4,4,Digit 4,max_nhat,RELIABLE,RELIABLE,28.942202103475964,0.8306564318758327,0.000814043303238316,2,0.012158423566960397,4,2,False,57.22217796637481,0.7557118365628694,0.0007405975998316121,RELIABLE,RELIABLE,215.57190375536135,0.6797712730937416,0.0006661758476318668,OOD,OOD,27.028037009965654,0.8184980083088723,0.0008021280481426948,RELIABLE,RELIABLE,55.42688923641398,0.7681693278105342,0.0007528059412543235,RELIABLE,RELIABLE,28.942202103475964,0.8306564318758327,0.000814043303238316,RELIABLE,RELIABLE,65.01967100432462,0.7353987614635921,0.0007206907862343202,UNRELIABLE,IDO
946,4,Digit 4,4,Digit 4,max_nhat,RELIABLE,RELIABLE,15.99617146183687,0.8749054019858805,0.0008574072939461629,0,0.08992851013335934,4,4,True,48.92716434424532,0.7849768918525212,0.0007692773540154708,RELIABLE,RELIABLE,512.3652767510566,0.6979038766209616,0.0006839457990885424,OOD,OOD,41.83919030274378,0.7684231187519458,0.0007530546563769069,RELIABLE,RELIABLE,63.84522485128828,0.7681155377220392,0.0007527532269675985,UNRELIABLE,IDO,15.99617146183687,0.8749054019858805,0.0008574072939461629,RELIABLE,RELIABLE,149.30364561154187,0.7606616648059967,0.0007454484315098768,OOD,OOD
947,4,Digit 4,2,Digit 2,max_nhat,RELIABLE,RELIABLE,32.68914811022723,0.8351971530514145,0.0008184932099903862,4,0.010181696440454524,2,4,False,61.46362360699768,0.7472902180073084,0.0007323444136471622,RELIABLE,RELIABLE,283.1284222760543,0.7608689075148211,0.0007456515293645246,OOD,OOD,32.68914811022723,0.8351971530514145,0.0008184932099903862,RELIABLE,RELIABLE,48.83117692435435,0.7889878475144442,0.0007732080905641553,RELIABLE,RELIABLE,27.2797719016299,0.82501545661096,0.0008085151474787408,RELIABLE,RELIABLE,118.58340192014555,0.7596925449865374,0.0007444986940868066,OOD,OOD
948,4,Digit 4,4,Digit 4,max_nhat,RELIABLE,RELIABLE,16.974367962526443,0.875914523675875,0.0008583962332023575,7,0.03705192120066003,4,4,True,87.73081565631993,0.7307379771992383,0.0007161232176552535,OOD,OOD,167.6828746189243,0.750829490290805,0.000735812900484989,OOD,OOD,30.937078532524357,0.7985599833669783,0.0007825887836996387,RELIABLE,RELIABLE,58.48353307273244,0.7803432262057357,0.000764736361681621,RELIABLE,RELIABLE,16.974367962526443,0.875914523675875,0.0008583962332023575,RELIABLE,RELIABLE,25.334866182414057,0.8388626024752149,0.0008220853504257107,RELIABLE,RELIABLE
949,4,Digit 4,4,Digit 4,max_nhat,RELIABLE,RELIABLE,8.908658825418659,0.9227249319911476,0.0009042704333513246,7,0.0637236495707898,4,4,True,50.990561126657354,0.7641441434261748,0.0007488612605576513,RELIABLE,RELIABLE,200.93399239240853,0.7956452364776406,0.0007797323317480878,OOD,OOD,28.360098671061845,0.8344756577104007,0.0008177861445561927,RELIABLE,RELIABLE,41.33462409638444,0.7970879839032277,0.0007811462242251631,RELIABLE,RELIABLE,8.908658825418659,0.9227249319911476,0.0009042704333513246,RELIABLE,RELIABLE,25.841158949748007,0.8590012824203578,0.0008418212567719506,RELIABLE,RELIABLE
950,4,Digit 4,4,Digit 4,max_nhat,RELIABLE,RELIABLE,18.92047715348192,0.8695665491816926,0.0008521752181980587,2,0.06209020354829575,4,4,True,56.14956475189593,0.7494612833206089,0.0007344720576541967,RELIABLE,RELIABLE,273.3936251480469,0.7904868283944823,0.0007746770918265925,OOD,OOD,35.07137627152751,0.8074763456333969,0.0007913268187207289,RELIABLE,RELIABLE,34.1444125478113,0.8053267957194055,0.0007892202598050173,RELIABLE,RELIABLE,18.92047715348192,0.8695665491816926,0.0008521752181980587,RELIABLE,RELIABLE,44.548472155065255,0.7867417177659375,0.0007710068834106187,RELIABLE,RELIABLE
951,4,Digit 4,4,Digit 4,max_nhat,RELIABLE,RELIABLE,25.194628339438466,0.8373937645684675,0.0008206458892770981,0,0.05708346155286437,4,4,True,45.94356817430496,0.7803103030156031,0.0007647040969552911,RELIABLE,RELIABLE,343.3562837106144,0.7032608323977013,0.0006891956157497473,OOD,OOD,42.0495108765629,0.7771814026254127,0.0007616377745729044,RELIABLE,RELIABLE,66.80856406361502,0.7313008622689349,0.0007166748450235562,UNRELIABLE,IDO,25.194628339438466,0.8373937645684675,0.0008206458892770981,RELIABLE,RELIABLE,67.18649702228313,0.7622323135421898,0.000746987667271346,UNRELIABLE,IDO
952,4,Digit 4,4,Digit 4,max_nhat,RELIABLE,RELIABLE,12.386054204290776,0.8956062012716016,0.0008776940772461696,7,0.040666063157931975,4,4,True,50.6397351252645,0.7736840989585183,0.0007582104169793479,RELIABLE,RELIABLE,161.3236272244621,0.8431244584674623,0.000826261969298113,OOD,OOD,25.75296800506212,0.8258091379850628,0.0008092929552253616,RELIABLE,RELIABLE,41.59513599705375,0.8123057116777701,0.0007960595974442147,RELIABLE,RELIABLE,12.386054204290776,0.8956062012716016,0.0008776940772461696,RELIABLE,RELIABLE,33.62051304627728,0.8549401381136696,0.0008378413353513963,RELIABLE,RELIABLE
953,4,Digit 4,4,Digit 4,max_nhat,RELIABLE,RELIABLE,17.16322515624262,0.8769525074843713,0.0008594134573346839,2,0.09444026607825562,4,4,True,67.91522583761491,0.7360314667502554,0.0007213108374152503,UNRELIABLE,IDO,397.74462667917794,0.7590677564675496,0.0007438864013381986,OOD,OOD,46.05838651553289,0.7825122414061156,0.0007668619965779933,RELIABLE,RELIABLE,55.74672547524966,0.7641062922153985,0.0007488241663710906,RELIABLE,RELIABLE,17.16322515624262,0.8769525074843713,0.0008594134573346839,RELIABLE,RELIABLE,70.68314425381672,0.7656092867840061,0.000750297101048326,UNRELIABLE,IDO
954,4,Digit 4,4,Digit 4,max_nhat,RELIABLE,RELIABLE,15.479597125913072,0.8809906302763993,0.0008633708176708714,7,0.05688600374271513,4,4,True,60.64849713505323,0.7278015751856852,0.0007132455436819715,RELIABLE,RELIABLE,308.02880843015373,0.7649540904224702,0.0007496550086140207,OOD,OOD,39.641691153158085,0.8187891150145903,0.0008024133327142985,RELIABLE,RELIABLE,40.56929905530093,0.8127574351280601,0.0007965022864254988,RELIABLE,RELIABLE,15.479597125913072,0.8809906302763993,0.0008633708176708714,RELIABLE,RELIABLE,41.7973369670485,0.8241046265336842,0.0008076225340030105,RELIABLE,RELIABLE
955,4,Digit 4,2,Digit 2,max_nhat,OOD,OOD,121.12760623462427,0.7443373843334753,0.0007294506366468058,4,0.014282302779131562,2,2,True,262.18713142441607,0.6945645763756346,0.0006806732848481219,OOD,OOD,2299.3835868195715,0.6526059793247379,0.0006395538597382431,OOD,OOD,121.12760623462427,0.7443373843334753,0.0007294506366468058,OOD,OOD,275.2044362918798,0.6580576703012965,0.0006448965168952706,OOD,OOD,135.65785757113522,0.7300550815543437,0.0007154539799232568,OOD,OOD,745.3012120999376,0.6442511812157948,0.0006313661575914789,OOD,OOD
956,4,Digit 4,4,Digit 4,max_nhat,RELIABLE,RELIABLE,58.85936329105891,0.7838400375290533,0.0007681632367784722,2,0.06362989006935615,4,4,True,173.12126660173757,0.6615348325663892,0.0006483041359150615,OOD,OOD,1153.8200776022495,0.6854084598225821,0.0006717002906261305,OOD,OOD,96.83891529987058,0.7202101474596971,0.0007058059445105031,OOD,OOD,147.7334510032603,0.7175089805887289,0.0007031588009769543,OOD,OOD,58.85936329105891,0.7838400375290533,0.0007681632367784722,RELIABLE,RELIABLE,187.88934970474173,0.7082287921747225,0.000694064216331228,OOD,OOD
957,4,Digit 4,4,Digit 4,max_nhat,RELIABLE,RELIABLE,17.001471680799067,0.8744834295572643,0.000856993760966119,2,0.09083490261911087,4,4,True,74.8385099003183,0.7178792008920322,0.0007035216168741915,UNRELIABLE,IDO,366.5502501682382,0.6349466044952233,0.0006222476724053189,OOD,OOD,35.182464601061376,0.7836485269381535,0.0007679755563993904,RELIABLE,RELIABLE,93.66882734326202,0.7276680728940973,0.0007131147114362153,OOD,OOD,17.001471680799067,0.8744834295572643,0.000856993760966119,RELIABLE,RELIABLE,96.26889371599937,0.7647563274691689,0.0007494612009197855,OOD,OOD
958,4,Digit 4,4,Digit 4,max_nhat,RELIABLE,RELIABLE,21.08360694024171,0.8495783711157052,0.0008325868036933911,7,0.055738650488059927,4,4,True,72.59519464366085,0.7222709676655628,0.0007078255483122514,UNRELIABLE,IDO,434.5209151150682,0.7496206495538471,0.0007346282365627701,OOD,OOD,49.30631520305254,0.7420061059981252,0.0007271659838781626,RELIABLE,RELIABLE,77.27192030036792,0.7534927177361734,0.00073842286338145,UNRELIABLE,IDO,21.08360694024171,0.8495783711157052,0.0008325868036933911,RELIABLE,RELIABLE,84.7874877978816,0.7938397206276453,0.0007779629262150924,UNRELIABLE,IDO
959,4,Digit 4,4,Digit 4,max_nhat,RELIABLE,RELIABLE,60.47037416029603,0.7984898579654963,0.0007825200608061863,2,0.05494410571187747,4,4,True,67.90781294282827,0.7412101442388331,0.0007263859413540564,UNRELIABLE,IDO,1187.2163271394302,0.644868392968479,0.0006319710251091094,OOD,OOD,86.29266387042546,0.7435457522536189,0.0007286748372085464,OOD,OOD,183.80543170887807,0.696170949038178,0.0006822475300574144,OOD,OOD,60.47037416029603,0.7984898579654963,0.0007825200608061863,RELIABLE,RELIABLE,259.65754417377747,0.7147506536754297,0.000700455640601921,OOD,OOD
960,4,Digit 4,4,Digit 4,max_nhat,RELIABLE,RELIABLE,17.636747325104132,0.8959888956552919,0.0008780691177421861,2,0.06489506980996962,4,4,True,57.91574540593366,0.7501255791976175,0.0007351230676136651,RELIABLE,RELIABLE,666.29646108208,0.7006571181287568,0.0006866439757661816,OOD,OOD,31.680758672505227,0.8310938258453223,0.0008144719493284159,RELIABLE,RELIABLE,92.67470810250546,0.7929983684638854,0.0007771384010946076,OOD,OOD,17.636747325104132,0.8959888956552919,0.0008780691177421861,RELIABLE,RELIABLE,112.51236482795781,0.7662147586139769,0.0007508904634416974,OOD,OOD
961,4,Digit 4,4,Digit 4,max_nhat,RELIABLE,RELIABLE,33.03732803745858,0.8088413932800815,0.0007926645654144799,0,0.060171578445145646,4,4,True,64.13015044341796,0.7486698148349359,0.0007336964185382371,UNRELIABLE,IDO,632.0098155649875,0.6402478480808862,0.0006274428911192684,OOD,OOD,51.04829510036586,0.7362436364090543,0.0007215187636808732,RELIABLE,RELIABLE,88.85098854935268,0.6700974981536398,0.000656695548190567,OOD,OOD,33.03732803745858,0.8088413932800815,0.0007926645654144799,RELIABLE,RELIABLE,303.4853247597039,0.6877310740067631,0.0006739764525266279,OOD,OOD
962,4,Digit 4,2,Digit 2,max_nhat,RELIABLE,RELIABLE,21.797496394091763,0.8586731055857595,0.0008414996434740442,3,0.020403417443904392,2,2,True,56.13047172363873,0.7511589791976723,0.0007361357996137188,RELIABLE,RELIABLE,135.05287666217376,0.7584075692228116,0.0007432394178383553,OOD,OOD,21.797496394091763,0.8586731055857595,0.0008414996434740442,RELIABLE,RELIABLE,60.89435918443408,0.8382696881418551,0.0008215042943790179,RELIABLE,RELIABLE,37.053473535042386,0.821231820922873,0.0008048071845044155,RELIABLE,RELIABLE,120.3166931326816,0.777668761440604,0.0007621153862117919,OOD,OOD
963,4,Digit 4,4,Digit 4,max_nhat,RELIABLE,RELIABLE,42.34454655122764,0.8235386840325429,0.000807067910351892,2,0.054466961048196816,4,4,True,73.17086469043366,0.7182340359035478,0.0007038693551854768,UNRELIABLE,IDO,489.0332479177979,0.7363075011257977,0.0007215813511032818,OOD,OOD,65.26268347015126,0.7690717229843461,0.0007536902885246591,UNRELIABLE,IDO,73.92641344681968,0.7303205638487378,0.000715714152571763,UNRELIABLE,IDO,42.34454655122764,0.8235386840325429,0.000807067910351892,RELIABLE,RELIABLE,76.00043553481878,0.7561187084866633,0.00074099633431693,UNRELIABLE,IDO
964,4,Digit 4,1,Digit 1,max_nhat,OOD,OOD,102.51388391269467,0.872014063947515,0.0008545737826685647,4,0.0052016915596313495,1,4,False,60.03201829887594,0.7566488422051131,0.0007415158653610108,RELIABLE,RELIABLE,102.51388391269467,0.872014063947515,0.0008545737826685647,OOD,OOD,20.577367763541513,0.8485128156578051,0.0008315425593446489,RELIABLE,RELIABLE,28.44286343494337,0.8226272606429831,0.0008061747154301233,RELIABLE,RELIABLE,19.04514276526524,0.8668123723878837,0.000849476124940126,RELIABLE,RELIABLE,42.041353460122025,0.8279009994783941,0.0008113429794888263,RELIABLE,RELIABLE
965,4,Digit 4,4,Digit 4,max_nhat,RELIABLE,RELIABLE,29.65698572247064,0.8492894752232645,0.0008323036857187992,2,0.011647888600250789,4,4,True,63.198353135321796,0.7367460489750969,0.000722011127995595,UNRELIABLE,IDO,273.9889129124447,0.7555731189154443,0.0007404616565371354,OOD,OOD,36.10505001627029,0.8376415866230137,0.0008208887548905534,RELIABLE,RELIABLE,65.84398535944047,0.7590787617698629,0.0007438971865344656,UNRELIABLE,IDO,29.65698572247064,0.8492894752232645,0.0008323036857187992,RELIABLE,RELIABLE,172.8405121638582,0.7474703723138544,0.0007325209648675773,OOD,OOD
966,4,Digit 4,4,Digit 4,max_nhat,RELIABLE,RELIABLE,11.944984409432852,0.903452977115267,0.0008853839175729616,1,0.04203629647197782,4,4,True,59.43702662874135,0.7236447293813867,0.0007091718347937589,RELIABLE,RELIABLE,120.91912022960884,0.8614166806432891,0.0008441883470304233,OOD,OOD,26.62388459799242,0.8180773539323812,0.0008017158068537336,RELIABLE,RELIABLE,39.905281660172705,0.8057952053371972,0.0007896793012304532,RELIABLE,RELIABLE,11.944984409432852,0.903452977115267,0.0008853839175729616,RELIABLE,RELIABLE,31.16654330935217,0.8362547615062906,0.0008195296662761648,RELIABLE,RELIABLE
967,4,Digit 4,4,Digit 4,max_nhat,RELIABLE,RELIABLE,16.383231498466202,0.8858796034506867,0.000868162011381673,7,0.07596942878720847,4,4,True,45.8295811145743,0.7493037843342294,0.0007343177086475448,RELIABLE,RELIABLE,446.0152029067991,0.761792200219929,0.0007465563562155304,OOD,OOD,42.12211468359707,0.7790054544458284,0.0007634253453569118,RELIABLE,RELIABLE,74.7342668630372,0.7469916250116857,0.0007320517925114519,UNRELIABLE,IDO,16.383231498466202,0.8858796034506867,0.000868162011381673,RELIABLE,RELIABLE,78.26274758821751,0.8099101746634783,0.0007937119711702087,UNRELIABLE,IDO
968,4,Digit 4,4,Digit 4,max_nhat,RELIABLE,RELIABLE,18.111283399834235,0.8797764099238394,0.0008621808817253626,2,0.04331447749618922,4,4,True,54.81273129462066,0.7647009530294796,0.00074940693396889,RELIABLE,RELIABLE,211.44295771794634,0.7885188868171711,0.0007727485090808276,OOD,OOD,21.964738642388937,0.8364619324276502,0.0008197326937790972,RELIABLE,RELIABLE,52.988794199187396,0.8180306629881242,0.0008016700497283617,RELIABLE,RELIABLE,18.111283399834235,0.8797764099238394,0.0008621808817253626,RELIABLE,RELIABLE,52.669611525357105,0.8360922363330263,0.0008193703916063658,RELIABLE,RELIABLE
969,4,Digit 4,4,Digit 4,max_nhat,RELIABLE,RELIABLE,21.04028998730202,0.880633721369934,0.0008630210469425353,0,0.08698533536457742,4,4,True,54.83090549529952,0.7936483860053566,0.0007777754182852494,RELIABLE,RELIABLE,614.4205949173247,0.6991146958829977,0.0006851324019653377,OOD,OOD,45.78710553795789,0.760249116092113,0.0007450441337702707,RELIABLE,RELIABLE,89.88677403748491,0.7546583314839636,0.0007395651648542843,OOD,OOD,21.04028998730202,0.880633721369934,0.0008630210469425353,RELIABLE,RELIABLE,369.14528125270084,0.7701571000649637,0.0007547539580636645,OOD,OOD
970,4,Digit 4,4,Digit 4,max_nhat,RELIABLE,RELIABLE,17.389545899771505,0.8906166502700574,0.0008728043172646563,2,0.06300272827742048,4,4,True,59.41007300403916,0.7148543476481942,0.0007005572606952304,RELIABLE,RELIABLE,317.94285763146206,0.7893642692012071,0.0007735769838171829,OOD,OOD,40.914940971181224,0.827613921992637,0.0008110616435527842,RELIABLE,RELIABLE,63.08050077621651,0.7695896022413473,0.0007541978101965203,UNRELIABLE,IDO,17.389545899771505,0.8906166502700574,0.0008728043172646563,RELIABLE,RELIABLE,122.1607710316703,0.801540118984886,0.0007855093166051882,OOD,OOD
971,4,Digit 4,4,Digit 4,max_nhat,RELIABLE,RELIABLE,14.787831973092288,0.8836649619620551,0.000865991662722814,7,0.07694573171682917,4,4,True,55.19638063329572,0.7648584380232883,0.0007495612692628226,RELIABLE,RELIABLE,399.94518998264266,0.7297912753195964,0.0007151954498132044,OOD,OOD,47.580184944448334,0.7651094159472837,0.000749807227628338,RELIABLE,RELIABLE,106.78873525042181,0.7559976839776806,0.000740877730298127,OOD,OOD,14.787831973092288,0.8836649619620551,0.000865991662722814,RELIABLE,RELIABLE,123.13848728403912,0.806719230245226,0.0007905848456403214,OOD,OOD
972,4,Digit 4,4,Digit 4,max_nhat,RELIABLE,RELIABLE,37.65972073264619,0.7833577722660454,0.0007676906168207245,2,0.02499935847108703,4,4,True,77.4200374786239,0.7163124819743589,0.0007019862323348718,UNRELIABLE,IDO,859.3214711307166,0.6034779414361452,0.0005914083826074223,OOD,OOD,57.43085277867064,0.7583584137949584,0.0007431912455190592,RELIABLE,RELIABLE,157.70388630331294,0.7271678042949733,0.0007126244482090738,OOD,OOD,37.65972073264619,0.7833577722660454,0.0007676906168207245,RELIABLE,RELIABLE,284.47327596496893,0.6612511706249553,0.0006480261472124562,OOD,OOD
973,4,Digit 4,4,Digit 4,max_nhat,RELIABLE,RELIABLE,14.315936231824052,0.8831365203762783,0.0008654737899687527,7,0.09560646930442684,4,4,True,60.15147516764619,0.7588291409812822,0.0007436525581616565,RELIABLE,RELIABLE,328.7095953398681,0.7666936498698109,0.0007513597768724147,OOD,OOD,37.00077850813417,0.7754870382646193,0.0007599772974993268,RELIABLE,RELIABLE,51.77730857200076,0.7562991670177178,0.0007411731836773635,RELIABLE,RELIABLE,14.315936231824052,0.8831365203762783,0.0008654737899687527,RELIABLE,RELIABLE,72.98800410560804,0.7875300510718515,0.0007717794500504145,UNRELIABLE,IDO
974,4,Digit 4,4,Digit 4,max_nhat,RELIABLE,RELIABLE,22.908384646860142,0.8368945037512167,0.0008201566136761923,3,0.0330922715059605,4,4,True,46.97971685340791,0.8034734271941515,0.0007874039586502684,RELIABLE,RELIABLE,428.1364647239159,0.6637011172136759,0.0006504270948694023,OOD,OOD,34.96255336671431,0.795087369806256,0.0007791856224101309,RELIABLE,RELIABLE,73.09985331502457,0.8038022322452562,0.000787726187600351,UNRELIABLE,IDO,22.908384646860142,0.8368945037512167,0.0008201566136761923,RELIABLE,RELIABLE,187.80592662196074,0.7488564655647242,0.0007338793362534297,OOD,OOD
975,4,Digit 4,4,Digit 4,max_nhat,RELIABLE,RELIABLE,34.738307801850574,0.7976404617953868,0.0007816876525594791,3,0.04876861000892241,4,4,True,84.45611567694577,0.7064782488676885,0.0006923486838903347,UNRELIABLE,IDO,696.3079716145587,0.6509419346299299,0.0006379230959373313,OOD,OOD,62.32719101253311,0.7443776773526622,0.000729490123805609,UNRELIABLE,IDO,149.30228576286922,0.7488718517864644,0.0007338944147507351,OOD,OOD,34.738307801850574,0.7976404617953868,0.0007816876525594791,RELIABLE,RELIABLE,213.8399517516937,0.7145036760392246,0.0007002136025184401,OOD,OOD
976,4,Digit 4,4,Digit 4,max_nhat,RELIABLE,RELIABLE,16.518244758927242,0.8744782503169612,0.000856988685310622,7,0.001404156687496716,4,4,True,57.85557053952539,0.7167090551322519,0.0007023748740296069,RELIABLE,RELIABLE,81.53610674667266,0.8054520670141901,0.0007893430256739063,UNRELIABLE,IDO,27.29693795151967,0.8211130348581203,0.0008046907741609578,RELIABLE,RELIABLE,32.17026907035853,0.8155685167231469,0.0007992571463886839,RELIABLE,RELIABLE,16.518244758927242,0.8744782503169612,0.000856988685310622,RELIABLE,RELIABLE,21.556337326083714,0.8730740936294645,0.0008556126117568753,RELIABLE,RELIABLE
977,4,Digit 4,4,Digit 4,max_nhat,RELIABLE,RELIABLE,38.596956083217584,0.8233942105593348,0.0008069263263481481,0,0.019393311306487915,4,2,False,50.84322817815698,0.8040008992528469,0.00078792088126779,RELIABLE,RELIABLE,535.0592385968387,0.648830200237828,0.0006358535962330714,OOD,OOD,38.568005363416766,0.759668112441878,0.0007444747501930405,RELIABLE,RELIABLE,83.56933905856053,0.6766124033218719,0.0006630801552554344,UNRELIABLE,IDO,38.596956083217584,0.8233942105593348,0.0008069263263481481,RELIABLE,RELIABLE,315.30079266270275,0.7398064237577164,0.0007250102952825621,OOD,OOD
978,4,Digit 4,4,Digit 4,max_nhat,RELIABLE,RELIABLE,48.94556504910905,0.7927253001452361,0.0007768707941423314,7,0.0457719700861956,4,4,True,98.51894588108104,0.7379947223036847,0.0007232348278576109,OOD,OOD,1271.3881321104911,0.6922882870699115,0.0006784425213285133,OOD,OOD,95.52209357306916,0.7183055824758618,0.0007039394708263446,OOD,OOD,178.87329665467604,0.706644519786764,0.0006925116293910287,OOD,OOD,48.94556504910905,0.7927253001452361,0.0007768707941423314,RELIABLE,RELIABLE,273.9594043231149,0.7469533300590405,0.0007320142634578597,OOD,OOD
979,4,Digit 4,7,Digit 2,max_nhat,UNRELIABLE,IDO,62.05673544308094,0.8352242041303568,0.0008185197200477497,4,0.012773568900986465,7,4,False,95.97567153165531,0.6928805628552888,0.000679022951598183,OOD,OOD,357.34931798320144,0.7989746690852677,0.0007829951757035624,OOD,OOD,56.419339712405794,0.7583476588953609,0.0007431807057174537,RELIABLE,RELIABLE,52.75321655371204,0.7565334824679126,0.0007414028128185544,RELIABLE,RELIABLE,32.4877225582822,0.8224506352293703,0.0008060016225247829,RELIABLE,RELIABLE,62.05673544308094,0.8352242041303568,0.0008185197200477497,UNRELIABLE,IDO
980,4,Digit 4,1,Digit 1,max_nhat,RELIABLE,RELIABLE,24.0599355412721,0.8779271990846981,0.0008603686551030041,2,0.011574202964373392,1,2,False,64.89328479098096,0.7436917808494811,0.0007288179452324914,UNRELIABLE,IDO,24.0599355412721,0.8779271990846981,0.0008603686551030041,RELIABLE,RELIABLE,16.8412171990117,0.8663529961203247,0.0008490259361979181,RELIABLE,RELIABLE,31.936921522793934,0.834931018794439,0.0008182323984185502,RELIABLE,RELIABLE,23.41765697099908,0.8538510980386613,0.0008367740760778881,RELIABLE,RELIABLE,26.98763389590654,0.8455814900464718,0.0008286698602455423,RELIABLE,RELIABLE
981,4,Digit 4,2,Digit 2,max_nhat,RELIABLE,RELIABLE,56.416000825647764,0.7634803679930121,0.0007482107606331519,4,0.03658414276388078,2,2,True,66.43962155352575,0.7070648000646281,0.0006929235040633356,UNRELIABLE,IDO,817.3233685684455,0.6621445940533057,0.0006489017021722396,OOD,OOD,56.416000825647764,0.7634803679930121,0.0007482107606331519,RELIABLE,RELIABLE,110.0548034630545,0.7022427607408436,0.0006881979055260267,OOD,OOD,162.31700424473095,0.7268962252291313,0.0007123583007245486,OOD,OOD,303.72488971514565,0.6669135407455734,0.0006535752699306619,OOD,OOD
982,4,Digit 4,4,Digit 4,max_nhat,RELIABLE,RELIABLE,21.64308806241828,0.8459645155522912,0.0008290452252412454,7,0.03660947508563506,4,4,True,69.08305868952964,0.719794880409301,0.0007053989828011149,UNRELIABLE,IDO,396.1404973978813,0.6412069008653989,0.0006283827628480909,OOD,OOD,47.81119753088387,0.7484608648058407,0.0007334916475097239,RELIABLE,RELIABLE,92.4745061861934,0.7685225966520642,0.0007531521447190229,OOD,OOD,21.64308806241828,0.8459645155522912,0.0008290452252412454,RELIABLE,RELIABLE,94.9680344523087,0.8093550404666562,0.000793167939657323,OOD,OOD
983,4,Digit 4,0,Digit 0,max_nhat,RELIABLE,RELIABLE,46.29393264860293,0.7928364814924572,0.0007769797518626081,4,0.008287547471885648,0,0,True,46.29393264860293,0.7928364814924572,0.0007769797518626081,RELIABLE,RELIABLE,1093.51651594146,0.7039606101070228,0.0006898813979048824,OOD,OOD,50.532376797127355,0.7690068967945152,0.0007536267588586249,RELIABLE,RELIABLE,108.00083698310158,0.7049132722449104,0.0006908150068000122,OOD,OOD,50.10814627461077,0.7845489340205716,0.0007688579553401601,RELIABLE,RELIABLE,246.21735326679138,0.7044188466011142,0.0006903304696690919,OOD,OOD
984,4,Digit 4,4,Digit 4,max_nhat,RELIABLE,RELIABLE,10.010159396639626,0.9189633326490648,0.0009005840659960834,2,0.1144461166700842,4,4,True,48.07963476527859,0.7856992379775918,0.0007699852532180399,RELIABLE,RELIABLE,179.793035473809,0.7097715462147477,0.0006955761152904527,OOD,OOD,33.02651251096419,0.8045172159789806,0.000788426871659401,RELIABLE,RELIABLE,41.837010679968145,0.7849615012644481,0.0007692622712391591,RELIABLE,RELIABLE,10.010159396639626,0.9189633326490648,0.0009005840659960834,RELIABLE,RELIABLE,55.94373334110948,0.7994018677519602,0.000783413830396921,RELIABLE,RELIABLE
985,4,Digit 4,4,Digit 4,max_nhat,RELIABLE,RELIABLE,10.049931318084635,0.9159349169311896,0.0008976162185925658,7,0.05262729275713862,4,4,True,57.07117413945576,0.7410831386901524,0.0007262614759163494,RELIABLE,RELIABLE,195.76677329171986,0.8259628629136061,0.0008094436056553339,OOD,OOD,32.27857489347631,0.8333637356678041,0.000816696460954448,RELIABLE,RELIABLE,38.651960979189994,0.8048578743730461,0.0007887607168855852,RELIABLE,RELIABLE,10.049931318084635,0.9159349169311896,0.0008976162185925658,RELIABLE,RELIABLE,25.493568968534603,0.8633076241740509,0.0008460414716905699,RELIABLE,RELIABLE
986,4,Digit 4,4,Digit 4,max_nhat,OOD,OOD,117.03820428325115,0.7337010698417139,0.0007190270484448796,0,0.004224833164164665,4,0,False,95.52465269520641,0.7294762366775492,0.0007148867119439982,OOD,OOD,1163.1487767675212,0.6537376502556623,0.0006406628972505491,OOD,OOD,101.00505665109002,0.6992530956668168,0.0006852680337534804,OOD,OOD,195.70002997922376,0.6703524863983076,0.0006569454366703414,OOD,OOD,117.03820428325115,0.7337010698417139,0.0007190270484448796,OOD,OOD,237.73681949890772,0.6522632730650809,0.0006392180076037793,OOD,OOD
987,4,Digit 4,4,Digit 4,max_nhat,RELIABLE,RELIABLE,39.326535138273584,0.8140780345751382,0.0007977964738836354,2,0.04750813866754111,4,4,True,76.86477557491074,0.7622810947412842,0.0007470354728464586,UNRELIABLE,IDO,697.3189738694141,0.7275790736425367,0.000713027492169686,OOD,OOD,59.20346543890554,0.766569895907597,0.0007512384979894451,RELIABLE,RELIABLE,112.64307248762344,0.7164637400527057,0.0007021344652516516,OOD,OOD,39.326535138273584,0.8140780345751382,0.0007977964738836354,RELIABLE,RELIABLE,203.62054721818657,0.7215256551968185,0.0007070951420928822,OOD,OOD
988,4,Digit 4,4,Digit 4,max_nhat,RELIABLE,RELIABLE,23.8165743163077,0.8535347824942547,0.0008364640868443696,2,0.06329991668231183,4,4,True,68.60857730042693,0.7352308559331475,0.0007205262388144846,UNRELIABLE,IDO,362.2725419354786,0.7486714069097795,0.0007336979787715839,OOD,OOD,35.441166207104,0.7902348658119429,0.000774430168495704,RELIABLE,RELIABLE,57.49466497360789,0.7519361740755363,0.0007368974505940256,RELIABLE,RELIABLE,23.8165743163077,0.8535347824942547,0.0008364640868443696,RELIABLE,RELIABLE,50.883385616066946,0.7810316353560993,0.0007654110026489773,RELIABLE,RELIABLE
989,4,Digit 4,4,Digit 4,max_nhat,RELIABLE,RELIABLE,35.993131373454176,0.7817451853877214,0.000766110281679967,2,0.03764549261727024,4,4,True,62.33584764722154,0.7252924173004159,0.0007107865689544076,UNRELIABLE,IDO,762.1442301447571,0.6539314980167975,0.0006408528680564616,OOD,OOD,67.09594416493239,0.7440996927704512,0.0007292176989150422,UNRELIABLE,IDO,180.46500529190354,0.6830986021304015,0.0006694366300877935,OOD,OOD,35.993131373454176,0.7817451853877214,0.000766110281679967,RELIABLE,RELIABLE,207.99920239842388,0.7229934630486754,0.0007085335937877019,OOD,OOD
990,4,Digit 4,4,Digit 4,max_nhat,RELIABLE,RELIABLE,46.29647806383154,0.8021756720288572,0.00078613215858828,2,0.028797503159862292,4,2,False,61.928039946928834,0.7526590996596006,0.0007376059176664086,RELIABLE,RELIABLE,887.8537422060039,0.6617403186463242,0.0006485055122733977,OOD,OOD,40.02163609853596,0.7733781688689949,0.000757910605491615,RELIABLE,RELIABLE,73.22287952351343,0.7425901964384003,0.0007277383925096322,UNRELIABLE,IDO,46.29647806383154,0.8021756720288572,0.00078613215858828,RELIABLE,RELIABLE,506.5178917163617,0.6919203209415444,0.0006780819145227135,OOD,OOD
991,4,Digit 4,4,Digit 4,max_nhat,RELIABLE,RELIABLE,19.025387082754843,0.8645940003493029,0.0008473021203423168,2,0.060718355686189995,4,4,True,58.876615948787986,0.7602675711244937,0.0007450622197020038,RELIABLE,RELIABLE,270.75445338179287,0.6587557088248034,0.0006455805946483072,OOD,OOD,34.07081419054045,0.8038756446631129,0.0007877981317698506,RELIABLE,RELIABLE,69.39119383263667,0.7311116861581525,0.0007164894524349894,UNRELIABLE,IDO,19.025387082754843,0.8645940003493029,0.0008473021203423168,RELIABLE,RELIABLE,89.73289428656948,0.7617159887939329,0.0007464816690180542,OOD,OOD
992,4,Digit 4,4,Digit 4,max_nhat,UNRELIABLE,IDO,85.31123485880481,0.843096009977441,0.0008262340897778922,2,0.04878298646100099,4,4,True,121.40391593541281,0.731735697038929,0.0007171009830981504,OOD,OOD,316.6147695309864,0.7262984978970178,0.0007117725279390775,OOD,OOD,102.36714785150215,0.7943130235164401,0.0007784267630461112,OOD,OOD,135.6461937858569,0.7281038113423635,0.0007135417351155161,OOD,OOD,85.31123485880481,0.843096009977441,0.0008262340897778922,UNRELIABLE,IDO,122.42456144113365,0.7658459357638207,0.0007505290170485442,OOD,OOD
993,4,Digit 4,4,Digit 4,max_nhat,UNRELIABLE,IDO,71.7202762667846,0.7135739824812249,0.0006993025028316004,0,0.00545978477746456,4,4,True,103.08089024402233,0.7081141977037604,0.0006939519137496851,OOD,OOD,1456.789908758621,0.6091845129728468,0.0005970008227133899,OOD,OOD,97.81020846711925,0.6881656766445192,0.0006744023631116288,OOD,OOD,264.8437337645586,0.6396511535078192,0.0006268581304376628,OOD,OOD,71.7202762667846,0.7135739824812249,0.0006993025028316004,UNRELIABLE,IDO,707.0550035218766,0.6496187767496805,0.0006366264012146869,OOD,OOD
994,4,Digit 4,4,Digit 4,max_nhat,RELIABLE,RELIABLE,22.724226366225906,0.8605569249413962,0.0008433457864425683,0,0.08241294399296784,4,4,True,41.07303526321975,0.7781439809484284,0.0007625811013294598,RELIABLE,RELIABLE,607.7110619430514,0.7451708404742465,0.0007302674236647616,OOD,OOD,51.94730050019775,0.777639093014489,0.0007620863111541991,RELIABLE,RELIABLE,136.274918608292,0.7581395785557299,0.0007429767869846153,OOD,OOD,22.724226366225906,0.8605569249413962,0.0008433457864425683,RELIABLE,RELIABLE,198.64021407532,0.7746517473181609,0.0007591587123717976,OOD,OOD
995,4,Digit 4,4,Digit 4,max_nhat,OOD,OOD,129.56947960719762,0.7191155462041612,0.0007047332352800779,2,0.012743906986409592,4,2,False,185.54725090746783,0.6489622126777665,0.0006359829684242112,OOD,OOD,2187.6596686810353,0.6275183854740478,0.0006149680177645669,OOD,OOD,108.41005780797788,0.7063716392177516,0.0006922442064333966,OOD,OOD,247.33586792933792,0.6273655854256898,0.0006148182737171759,OOD,OOD,129.56947960719762,0.7191155462041612,0.0007047332352800779,OOD,OOD,753.8541455097004,0.6204065549652976,0.0006079984238659917,OOD,OOD
996,4,Digit 4,4,Digit 4,max_nhat,RELIABLE,RELIABLE,28.539876129907356,0.8074931414384381,0.0007913432786096693,0,0.01812181128200341,4,4,True,53.404300509265454,0.7893713301564347,0.000773583903553306,RELIABLE,RELIABLE,592.7104579220272,0.6563891058514425,0.0006432613237344136,OOD,OOD,52.82675813492347,0.7464418367143678,0.0007315129999800804,RELIABLE,RELIABLE,124.57721814922844,0.6967349130980843,0.0006828002148361226,OOD,OOD,28.539876129907356,0.8074931414384381,0.0007913432786096693,RELIABLE,RELIABLE,187.04642824890152,0.7208329832830093,0.000706416323617349,OOD,OOD
997,4,Digit 4,4,Digit 4,max_nhat,RELIABLE,RELIABLE,15.959101663969676,0.8773114561890474,0.0008597652270652664,1,0.008645979408601234,4,4,True,74.75039146968167,0.7180659470193238,0.0007037046280789373,UNRELIABLE,IDO,253.3120579625327,0.8686654767804461,0.0008512921672448371,OOD,OOD,35.6092490908955,0.7914360066060214,0.000775607286473901,RELIABLE,RELIABLE,44.22326471652461,0.79870136391941,0.0007827273366410218,RELIABLE,RELIABLE,15.959101663969676,0.8773114561890474,0.0008597652270652664,RELIABLE,RELIABLE,48.567213494630906,0.8197239010505725,0.000803329423029561,RELIABLE,RELIABLE
998,4,Digit 4,2,Digit 2,max_nhat,RELIABLE,RELIABLE,19.815829981081457,0.8482041884929392,0.0008312401047230804,4,0.038561764712308544,2,2,True,100.93505882429588,0.7178276012024898,0.00070347104917844,OOD,OOD,160.44687547134328,0.7879207584600834,0.0007721623432908817,OOD,OOD,19.815829981081457,0.8482041884929392,0.0008312401047230804,RELIABLE,RELIABLE,82.20647443911145,0.7912484563705381,0.0007754234872431273,UNRELIABLE,IDO,102.43751007114575,0.8096424237806307,0.000793449575305018,OOD,OOD,182.4000842981098,0.738879505323078,0.0007241019152166165,OOD,OOD
999,4,Digit 4,4,Digit 4,max_nhat,RELIABLE,RELIABLE,21.537632784691745,0.8793726208645337,0.000861785168447243,3,0.07727147110014254,4,4,True,63.852909709214565,0.7197567081407973,0.0007053615739779813,UNRELIABLE,IDO,349.71493837572905,0.7461475048936566,0.0007312245547957834,OOD,OOD,35.120027975376615,0.7957800878473384,0.0007798644860903917,RELIABLE,RELIABLE,61.13352793647839,0.8021011497643912,0.0007860591267691033,RELIABLE,RELIABLE,21.537632784691745,0.8793726208645337,0.000861785168447243,RELIABLE,RELIABLE,82.96062864873196,0.7902493195717603,0.000774444333180325,UNRELIABLE,IDO
1000,7,Digit 2,7,Digit 2,max_nhat,RELIABLE,RELIABLE,9.491629382197385,0.9165163627200643,0.000898186035465663,4,0.07975912937370233,7,7,True,67.29460292039116,0.7287495494496714,0.0007141745584606779,UNRELIABLE,IDO,103.83690546089568,0.8358523846182323,0.0008191353369258677,OOD,OOD,47.04320237074936,0.7884675434176569,0.0007726981925493037,RELIABLE,RELIABLE,37.84210897653688,0.7949388902188077,0.0007790401124144315,RELIABLE,RELIABLE,31.349729108594566,0.836757233346362,0.0008200220886794347,RELIABLE,RELIABLE,9.491629382197385,0.9165163627200643,0.000898186035465663,RELIABLE,RELIABLE
1001,7,Digit 2,7,Digit 2,max_nhat,RELIABLE,RELIABLE,9.45477252404687,0.9208998141918944,0.0009024818179080565,4,0.08739211934941815,7,7,True,93.37495849003025,0.7341276818459818,0.000719445128209062,OOD,OOD,330.5231540845553,0.8134072386111381,0.0007971390938389152,OOD,OOD,88.65144161895918,0.7754371316447811,0.0007599283890118855,OOD,OOD,51.892411729068485,0.7874431326625602,0.0007716942700093089,RELIABLE,RELIABLE,48.330925042295526,0.8335076948424762,0.0008168375409456267,RELIABLE,RELIABLE,9.45477252404687,0.9208998141918944,0.0009024818179080565,RELIABLE,RELIABLE
1002,7,Digit 2,7,Digit 2,max_nhat,OOD,OOD,134.73867241678937,0.8138512293775994,0.0007975742047900473,4,0.027361128655800426,7,4,False,117.17485785997064,0.7423061078121131,0.0007274599856558709,OOD,OOD,835.3914634189896,0.7337145158539431,0.0007190402255368642,OOD,OOD,165.82078374105993,0.7387976415169044,0.0007240216886865663,OOD,OOD,175.95535315991725,0.7382416863739875,0.0007234768526465077,OOD,OOD,114.43761758915116,0.7864901007217989,0.0007707602987073629,OOD,OOD,134.73867241678937,0.8138512293775994,0.0007975742047900473,OOD,OOD
1003,7,Digit 2,1,Digit 1,max_nhat,OOD,OOD,180.70275974354524,0.794336046144091,0.0007784493252212092,2,0.004538309414016228,1,7,False,91.55153559894251,0.7474186825350851,0.0007324703088843834,OOD,OOD,180.70275974354524,0.794336046144091,0.0007784493252212092,OOD,OOD,76.05304795214091,0.7897977367300748,0.0007740017819954733,UNRELIABLE,IDO,68.31123206784989,0.7724043503213948,0.0007569562633149669,UNRELIABLE,IDO,91.63000721127574,0.7766148550137658,0.0007610825579134905,OOD,OOD,67.89241064439288,0.7596418621002653,0.00074444902485826,UNRELIABLE,IDO
1004,7,Digit 2,7,Digit 2,max_nhat,RELIABLE,RELIABLE,23.93772051486677,0.8405808401389315,0.0008237692233361529,4,0.03215454888529212,7,7,True,117.49688473262127,0.7248396929593057,0.0007103428991001195,OOD,OOD,370.84509308184386,0.7338687510052203,0.0007191913759851159,OOD,OOD,152.0408094871039,0.7408931795332337,0.000726075315942569,OOD,OOD,74.45233782472373,0.7273995056831617,0.0007128515155694985,UNRELIABLE,IDO,90.89081564795394,0.8084262912536394,0.0007922577654285665,OOD,OOD,23.93772051486677,0.8405808401389315,0.0008237692233361529,RELIABLE,RELIABLE
1005,7,Digit 2,7,Digit 2,max_nhat,RELIABLE,RELIABLE,37.75902680669054,0.8376517712097742,0.0008208987357855787,4,0.015032968287458814,7,4,False,69.26214011968531,0.6966200094314611,0.0006826876092428318,UNRELIABLE,IDO,333.1762172228991,0.7328237741310946,0.0007181672986484726,OOD,OOD,43.93965899874912,0.7739317664163726,0.0007584531310880451,RELIABLE,RELIABLE,45.612789530816826,0.7758881063807682,0.0007603703442531528,RELIABLE,RELIABLE,29.413061815086472,0.8226188029223154,0.000806166426863869,RELIABLE,RELIABLE,37.75902680669054,0.8376517712097742,0.0008208987357855787,RELIABLE,RELIABLE
1006,7,Digit 2,1,Digit 1,max_nhat,RELIABLE,RELIABLE,46.68232762442343,0.892021997920254,0.000874181557961849,7,0.053427108003589296,1,3,False,64.81823023220662,0.7093291098626411,0.0006951425276653882,UNRELIABLE,IDO,46.68232762442343,0.892021997920254,0.000874181557961849,RELIABLE,RELIABLE,38.357987178985155,0.7994495647433765,0.0007834605734485089,RELIABLE,RELIABLE,36.07659278954259,0.7760198298516648,0.0007604994332546315,RELIABLE,RELIABLE,37.53519429569258,0.8186757576313005,0.0008023022424786745,RELIABLE,RELIABLE,36.54303048018179,0.8385948899166648,0.0008218229921183314,RELIABLE,RELIABLE
1007,7,Digit 2,7,Digit 2,max_nhat,UNRELIABLE,IDO,64.80519700885591,0.7714996490499393,0.0007560696560689404,4,0.027408088472546166,7,7,True,239.59511481719034,0.6791557264338074,0.0006655726119051312,OOD,OOD,664.7383642113123,0.6512275416273436,0.0006382029907947967,OOD,OOD,146.23249675840864,0.6704534701502938,0.0006570444007472879,OOD,OOD,201.10514105496895,0.6848655565445025,0.0006711682454136125,OOD,OOD,119.21982883950466,0.7440915605773931,0.0007292097293658453,OOD,OOD,64.80519700885591,0.7714996490499393,0.0007560696560689404,UNRELIABLE,IDO
1008,7,Digit 2,7,Digit 2,max_nhat,RELIABLE,RELIABLE,12.835811545804678,0.8966485985596754,0.0008787156265884818,4,0.09854452666882585,7,7,True,98.04301041716913,0.6968038197979086,0.0006828677434019504,OOD,OOD,424.36251944022104,0.7566499422103733,0.0007415169433661658,OOD,OOD,95.68329701362154,0.7325227628851523,0.0007178723076274492,OOD,OOD,61.87933779475658,0.7730258977532538,0.0007575653797981888,RELIABLE,RELIABLE,54.49634073267758,0.7981040718908495,0.0007821419904530325,RELIABLE,RELIABLE,12.835811545804678,0.8966485985596754,0.0008787156265884818,RELIABLE,RELIABLE
1009,7,Digit 2,2,Digit 2,max_nhat,UNRELIABLE,IDO,72.17739672919222,0.8406624702456622,0.000823849220840749,1,0.014766121189662584,2,3,False,87.288993505692,0.7186014038531092,0.000704229375776047,OOD,OOD,92.11223555359805,0.8258963490559996,0.0008093784220748796,OOD,OOD,72.17739672919222,0.8406624702456622,0.000823849220840749,UNRELIABLE,IDO,39.730453813870284,0.8189882869644849,0.0008026085212251952,RELIABLE,RELIABLE,78.23470449404203,0.7782006301266576,0.0007626366175241244,UNRELIABLE,IDO,50.73796348347031,0.7805607414588359,0.0007649495266296592,RELIABLE,RELIABLE
1010,7,Digit 2,7,Digit 2,max_nhat,RELIABLE,RELIABLE,28.697138230718906,0.831663565345087,0.0008150302940381852,4,0.000324955400665905,7,7,True,124.80979303506197,0.7453419013426291,0.0007304350633157765,OOD,OOD,424.96717163295756,0.7993220285441744,0.000783335587973291,OOD,OOD,142.56787376426337,0.7491605673160757,0.0007341773559697541,OOD,OOD,73.51747634624074,0.7793174247664126,0.0007637310762710843,UNRELIABLE,IDO,71.52923420122764,0.8313386099444211,0.0008147118377455326,UNRELIABLE,IDO,28.697138230718906,0.831663565345087,0.0008150302940381852,RELIABLE,RELIABLE
1011,7,Digit 2,7,Digit 2,max_nhat,RELIABLE,RELIABLE,42.620762265799414,0.8600296029963463,0.0008428290109364194,4,0.04854454002249342,7,7,True,82.92538677154364,0.712501746703936,0.0006982517117698572,UNRELIABLE,IDO,359.5077932796024,0.7398679901575272,0.0007250706303543766,OOD,OOD,96.3929896009244,0.7393675788729895,0.0007245802272955297,OOD,OOD,81.00893009776438,0.7279773328645892,0.0007134177862072974,UNRELIABLE,IDO,47.31989857895665,0.8114850629738529,0.0007952553617143758,RELIABLE,RELIABLE,42.620762265799414,0.8600296029963463,0.0008428290109364194,RELIABLE,RELIABLE
1012,7,Digit 2,7,Digit 2,max_nhat,RELIABLE,RELIABLE,15.967823690566163,0.8832824167114528,0.0008656167683772238,4,0.08347168634230007,7,7,True,99.29935650118703,0.7218709324546542,0.0007074335138055611,OOD,OOD,609.7807940767675,0.7296345892546703,0.0007150418974695769,OOD,OOD,114.84798726469786,0.7399924179560332,0.0007251925695969125,OOD,OOD,63.18878301143907,0.7550315485101973,0.0007399309175399933,UNRELIABLE,IDO,61.401325326715366,0.7998107303691527,0.0007838145157617696,RELIABLE,RELIABLE,15.967823690566163,0.8832824167114528,0.0008656167683772238,RELIABLE,RELIABLE
1013,7,Digit 2,7,Digit 2,max_nhat,RELIABLE,RELIABLE,14.42321607293524,0.8909741130611091,0.0008731546307998868,4,0.06973465768789955,7,7,True,111.37322276535252,0.7225526820662408,0.000708101628424916,OOD,OOD,274.0663253788366,0.7688935297885229,0.0007535156591927524,OOD,OOD,92.15991764151744,0.7657896314230357,0.0007504738387945749,OOD,OOD,55.883280236797496,0.7917651221512821,0.0007759298197082564,RELIABLE,RELIABLE,53.11255503793498,0.8212394553732095,0.0008048146662657453,RELIABLE,RELIABLE,14.42321607293524,0.8909741130611091,0.0008731546307998868,RELIABLE,RELIABLE
1014,7,Digit 2,7,Digit 2,max_nhat,RELIABLE,RELIABLE,20.899994567527735,0.8756454291217441,0.0008581325205393092,4,0.04146302440381355,7,7,True,78.89260323277148,0.7235186531905132,0.000709048280126703,UNRELIABLE,IDO,236.69553900950143,0.8008127361066414,0.0007847964813845086,OOD,OOD,42.64371217425781,0.8175271746819083,0.0008011766311882701,RELIABLE,RELIABLE,38.92589246077564,0.8097510486626899,0.0007935560276894361,RELIABLE,RELIABLE,25.878402197462762,0.8341824047179306,0.000817498756623572,RELIABLE,RELIABLE,20.899994567527735,0.8756454291217441,0.0008581325205393092,RELIABLE,RELIABLE
1015,7,Digit 2,7,Digit 2,max_nhat,RELIABLE,RELIABLE,18.17372361891023,0.8642865557232964,0.0008470008246088304,4,0.027133369751630942,7,7,True,106.41082938773397,0.7634001461634188,0.0007481321432401504,OOD,OOD,343.46292907527544,0.7862229837648804,0.0007704985240895828,OOD,OOD,144.6558796376488,0.7849592587745086,0.0007692600735990184,OOD,OOD,66.85620974592041,0.7863657787379116,0.0007706384631631534,UNRELIABLE,IDO,79.67237313496742,0.8371531859716654,0.0008204101222522321,UNRELIABLE,IDO,18.17372361891023,0.8642865557232964,0.0008470008246088304,RELIABLE,RELIABLE
1016,7,Digit 2,7,Digit 2,max_nhat,RELIABLE,RELIABLE,27.405917921918284,0.8646780177367134,0.000847384457381979,4,0.02508871668541457,7,7,True,113.6658565771791,0.7527150892382697,0.0007376607874535043,OOD,OOD,437.2814980748941,0.795213251901866,0.0007793089868638287,OOD,OOD,126.27551061130062,0.7600037842643781,0.0007448037085790905,OOD,OOD,65.41810246992974,0.7759482717034617,0.0007604293062693924,UNRELIABLE,IDO,60.219932410473504,0.8395893010512988,0.0008227975150302728,RELIABLE,RELIABLE,27.405917921918284,0.8646780177367134,0.000847384457381979,RELIABLE,RELIABLE
1017,7,Digit 2,7,Digit 2,max_nhat,RELIABLE,RELIABLE,21.725874941170442,0.8774266659596853,0.0008598781326404916,4,0.04540234482259742,7,7,True,93.37508006222913,0.7190938548409401,0.0007047119777441214,OOD,OOD,235.0518645528574,0.7738220076475533,0.0007583455674946022,OOD,OOD,106.47916128612194,0.7699301819850222,0.0007545315783453217,OOD,OOD,64.02046145444538,0.7341304990974773,0.0007194478891155277,UNRELIABLE,IDO,62.68716720530446,0.8320243211370879,0.0008153838347143461,UNRELIABLE,IDO,21.725874941170442,0.8774266659596853,0.0008598781326404916,RELIABLE,RELIABLE
1018,7,Digit 2,7,Digit 2,max_nhat,RELIABLE,RELIABLE,23.95128200331036,0.8435924559628809,0.0008267206068436233,4,0.035299521758177854,7,7,True,161.65211666607706,0.7080564895107729,0.0006938953597205574,OOD,OOD,359.13661602960485,0.7086441500874671,0.0006944712670857177,OOD,OOD,62.4099112605919,0.7617743785599836,0.000746538890988784,UNRELIABLE,IDO,105.79221125211562,0.7855297577358088,0.0007698191625810926,OOD,OOD,52.80690905071978,0.808292934204703,0.000792127075520609,RELIABLE,RELIABLE,23.95128200331036,0.8435924559628809,0.0008267206068436233,RELIABLE,RELIABLE
1019,7,Digit 2,7,Digit 2,max_nhat,UNRELIABLE,IDO,67.92990321797373,0.8063293988425648,0.0007902028108657135,4,0.03354518098432535,7,7,True,124.21889395839753,0.7023895816610106,0.0006883417900277903,OOD,OOD,589.1947197251322,0.7230999693446948,0.0007086379699578008,OOD,OOD,146.63938425875372,0.6911589512305134,0.0006773357722059031,OOD,OOD,102.09414447078825,0.725245162878722,0.0007107402596211476,OOD,OOD,74.65639412302922,0.7727842178582395,0.0007573285335010746,UNRELIABLE,IDO,67.92990321797373,0.8063293988425648,0.0007902028108657135,UNRELIABLE,IDO
1020,7,Digit 2,7,Digit 2,max_nhat,OOD,OOD,139.9340603013029,0.7136335396980534,0.0006993608689040923,3,0.005854452053178472,7,3,False,288.83229704696083,0.6931471421030728,0.0006792841992610114,OOD,OOD,1286.0947193147122,0.667753864800081,0.0006543987875040794,OOD,OOD,201.445992750623,0.6875548485586885,0.0006738037515875147,OOD,OOD,128.03165737178887,0.707779087644875,0.0006936235058919775,OOD,OOD,199.63548217024837,0.6474137302107271,0.0006344654556065126,OOD,OOD,139.9340603013029,0.7136335396980534,0.0006993608689040923,OOD,OOD
1021,7,Digit 2,7,Digit 2,max_nhat,RELIABLE,RELIABLE,48.39247770838587,0.8110572540632425,0.0007948361089819776,4,0.04257390893096524,7,7,True,69.55933587836515,0.7192001584255944,0.0007048161552570825,UNRELIABLE,IDO,610.489849783243,0.6693576444816611,0.0006559704915920279,OOD,OOD,100.87665530720456,0.7029527107517631,0.0006888936565367279,OOD,OOD,69.52326773027616,0.7432428697957781,0.0007283780123998625,UNRELIABLE,IDO,50.05430107686635,0.7684833451322772,0.0007531136782296317,RELIABLE,RELIABLE,48.39247770838587,0.8110572540632425,0.0007948361089819776,RELIABLE,RELIABLE
1022,7,Digit 2,7,Digit 2,max_nhat,RELIABLE,RELIABLE,32.60473207956199,0.8685143794588392,0.0008511440918696625,4,0.01776152628261818,7,7,True,113.819100535507,0.7777553201641274,0.0007622002137608448,OOD,OOD,542.4840021177102,0.7524392568640076,0.0007373904717267274,OOD,OOD,131.75788005173817,0.7626149553346587,0.0007473626562279655,OOD,OOD,66.7586867452623,0.7789414206664187,0.0007633625922530903,UNRELIABLE,IDO,60.181088497268505,0.8507528531762211,0.0008337377961126966,RELIABLE,RELIABLE,32.60473207956199,0.8685143794588392,0.0008511440918696625,RELIABLE,RELIABLE
1023,7,Digit 2,7,Digit 2,max_nhat,RELIABLE,RELIABLE,41.05708930925306,0.8377487605464317,0.000820993785335503,4,0.04049037147927648,7,4,False,91.67736977882049,0.6980375175810247,0.0006840767672294042,OOD,OOD,477.7251809834264,0.6661370191087889,0.000652814278726613,OOD,OOD,63.43718841906384,0.7384138061618817,0.000723645530038644,UNRELIABLE,IDO,61.08776975370808,0.7834093409480719,0.0007677411541291105,RELIABLE,RELIABLE,34.244741217811494,0.7972583890671552,0.000781313221285812,RELIABLE,RELIABLE,41.05708930925306,0.8377487605464317,0.000820993785335503,RELIABLE,RELIABLE
1024,7,Digit 2,7,Digit 2,max_nhat,RELIABLE,RELIABLE,26.627889358987463,0.8480401001568302,0.0008310792981536936,2,0.007344549114094323,7,2,False,62.92879742601089,0.7380501137587598,0.0007232891114835846,UNRELIABLE,IDO,70.51626232861943,0.8248380471566487,0.0008083412862135156,UNRELIABLE,IDO,22.086236383795583,0.8406955510427359,0.0008238816400218811,RELIABLE,RELIABLE,39.35570335384091,0.819686988728268,0.0008032932489537026,RELIABLE,RELIABLE,27.609048345371136,0.8389399953358554,0.0008221611954291382,RELIABLE,RELIABLE,26.627889358987463,0.8480401001568302,0.0008310792981536936,RELIABLE,RELIABLE
1025,7,Digit 2,4,Digit 4,max_nhat,OOD,OOD,149.57774128374163,0.7361771022305034,0.0007214535601858933,7,0.001544862909472311,4,7,False,182.24245425578403,0.7003728944211034,0.0006863654365326813,OOD,OOD,878.1307269525116,0.6953794059727539,0.0006814718178532989,OOD,OOD,258.08125900247506,0.6913898719349902,0.0006775620744962904,OOD,OOD,140.66955252636404,0.6753664783508122,0.0006618591487837959,OOD,OOD,149.57774128374163,0.7361771022305034,0.0007214535601858933,OOD,OOD,92.37416039044483,0.734632239321031,0.0007199395945346104,OOD,OOD
1026,7,Digit 2,7,Digit 2,max_nhat,OOD,OOD,208.30450049665706,0.7390896842120053,0.0007243078905277651,4,0.00935315441363005,7,7,True,275.6367613453479,0.7288898303015232,0.0007143120336954927,OOD,OOD,860.432382159212,0.6996282305091927,0.0006856356658990088,OOD,OOD,279.6836374815305,0.7227431517267218,0.0007082882886921873,OOD,OOD,220.15839758196046,0.6985281503541377,0.0006845575873470549,OOD,OOD,382.0128276011683,0.7297365297983752,0.0007151417992024077,OOD,OOD,208.30450049665706,0.7390896842120053,0.0007243078905277651,OOD,OOD
1027,7,Digit 2,7,Digit 2,max_nhat,RELIABLE,RELIABLE,33.913512785717074,0.8615647885261435,0.0008443334927556205,4,0.025762301837824242,7,7,True,103.35156961402294,0.7145773865698933,0.0007002858388384954,OOD,OOD,386.2821143813442,0.7758988491537318,0.000760380872170657,OOD,OOD,76.12011309356208,0.7378023460902738,0.0007230462991684683,UNRELIABLE,IDO,66.24810055452107,0.7488684745739442,0.0007338911050824653,UNRELIABLE,IDO,38.55577889593215,0.8358024866883192,0.0008190864369545528,RELIABLE,RELIABLE,33.913512785717074,0.8615647885261435,0.0008443334927556205,RELIABLE,RELIABLE
1028,7,Digit 2,7,Digit 2,max_nhat,RELIABLE,RELIABLE,15.198433677908092,0.8744730034241718,0.0008569835433556883,4,0.034057794515596096,7,7,True,59.16482313353742,0.7348783805583687,0.0007201808129472014,RELIABLE,RELIABLE,95.805142351577,0.8045551429019451,0.0007884640400439061,OOD,OOD,36.950478977062154,0.8172277226912827,0.000800883168237457,RELIABLE,RELIABLE,28.012636657221904,0.8165294019728337,0.0008001988139333771,RELIABLE,RELIABLE,24.154632416938938,0.8404152089085757,0.0008236069047304041,RELIABLE,RELIABLE,15.198433677908092,0.8744730034241718,0.0008569835433556883,RELIABLE,RELIABLE
1029,7,Digit 2,7,Digit 2,max_nhat,RELIABLE,RELIABLE,22.584361948106935,0.847121543750538,0.0008301791128755273,4,0.006290514872901998,7,7,True,95.10824156394831,0.7129635035375499,0.0006987042334667989,OOD,OOD,172.7372237811985,0.8245960804430531,0.000808104158834192,OOD,OOD,95.83924266160146,0.8069086144592146,0.0007907704421700303,OOD,OOD,53.53345680798793,0.776538255342691,0.0007610074902358372,RELIABLE,RELIABLE,57.62922945902308,0.840831028877636,0.0008240144083000833,RELIABLE,RELIABLE,22.584361948106935,0.847121543750538,0.0008301791128755273,RELIABLE,RELIABLE
1030,7,Digit 2,7,Digit 2,max_nhat,RELIABLE,RELIABLE,25.14220401478905,0.8528998347242148,0.0008358418380297305,4,0.056942069970445264,7,7,True,157.0391331840386,0.7045090174514267,0.0006904188371023982,OOD,OOD,577.0282210264888,0.7723104123609909,0.000756864204113771,OOD,OOD,168.47798884018562,0.7234244646433776,0.00070895597535051,OOD,OOD,91.80881850990403,0.7470109010675424,0.0007320706830461916,OOD,OOD,91.10904310136783,0.7959577647537696,0.0007800386094586942,OOD,OOD,25.14220401478905,0.8528998347242148,0.0008358418380297305,RELIABLE,RELIABLE
1031,7,Digit 2,4,Digit 4,max_nhat,RELIABLE,RELIABLE,21.630605543701748,0.8505675365521023,0.0008335561858210602,7,0.05306687430243162,4,4,True,63.416650168726484,0.6951727206577047,0.0006812692662445506,UNRELIABLE,IDO,238.79509877863853,0.7723697863403611,0.0007569223906135539,OOD,OOD,33.21165720640813,0.7936680553787268,0.0007777946942711522,RELIABLE,RELIABLE,65.35685485560367,0.7329617206570428,0.0007183024862439019,UNRELIABLE,IDO,21.630605543701748,0.8505675365521023,0.0008335561858210602,RELIABLE,RELIABLE,59.93962112771942,0.7975006622496706,0.0007815506490046773,RELIABLE,RELIABLE
1032,7,Digit 2,7,Digit 2,max_nhat,RELIABLE,RELIABLE,14.647195643597335,0.888285575122158,0.0008705198636197148,4,0.05666131851808254,7,7,True,83.27137225077195,0.6915696422764795,0.00067773824943095,UNRELIABLE,IDO,87.53667948180602,0.8313410229786946,0.0008147142025191207,OOD,OOD,68.06201452942838,0.824627450595544,0.0008081349015836331,UNRELIABLE,IDO,41.52642534341584,0.8073371707741082,0.000791190427358626,RELIABLE,RELIABLE,50.350897450532855,0.8316242566040755,0.000814991771471994,RELIABLE,RELIABLE,14.647195643597335,0.888285575122158,0.0008705198636197148,RELIABLE,RELIABLE
1033,7,Digit 2,2,Digit 2,max_nhat,OOD,OOD,103.97148054753377,0.8164329245991582,0.000800104266107175,7,0.015540546526477739,2,3,False,106.46235775255383,0.730050800375543,0.0007154497843680322,OOD,OOD,217.98744667054925,0.7612128831433349,0.0007459886254804681,OOD,OOD,103.97148054753377,0.8164329245991582,0.000800104266107175,OOD,OOD,55.073832224189836,0.7990121503032126,0.0007830319072971483,RELIABLE,RELIABLE,86.72008444224667,0.7936736301225642,0.0007778001575201129,OOD,OOD,55.13079614803243,0.8008923780726804,0.0007848745305112268,RELIABLE,RELIABLE
1034,7,Digit 2,7,Digit 2,max_nhat,RELIABLE,RELIABLE,18.23289839713572,0.8632919370778183,0.0008460260983362618,1,0.0291999582323883,7,7,True,78.14762797851557,0.7416764298215979,0.0007268429012251659,UNRELIABLE,IDO,226.62539142817994,0.83409197884543,0.0008174101392685214,OOD,OOD,88.38333933710436,0.8051797254442254,0.0007890761309353409,OOD,OOD,51.702945451621815,0.7714353646500128,0.0007560066573570125,RELIABLE,RELIABLE,57.95603184521316,0.8282928869160363,0.0008117270291777155,RELIABLE,RELIABLE,18.23289839713572,0.8632919370778183,0.0008460260983362618,RELIABLE,RELIABLE
1035,7,Digit 2,7,Digit 2,max_nhat,RELIABLE,RELIABLE,33.766389266985854,0.8256489830120257,0.0008091360033517852,4,0.037792773727784446,7,7,True,130.8388349533169,0.6661648504857283,0.0006528415534760136,OOD,OOD,634.49665788436,0.6992144344956012,0.0006852301458056891,OOD,OOD,104.35736114750105,0.7214639984412283,0.0007070347184724037,OOD,OOD,92.62261453794474,0.7198753599540733,0.0007054778527549918,OOD,OOD,58.63048103633051,0.7878562092842413,0.0007720990850985564,RELIABLE,RELIABLE,33.766389266985854,0.8256489830120257,0.0008091360033517852,RELIABLE,RELIABLE
1036,7,Digit 2,2,Digit 2,max_nhat,RELIABLE,RELIABLE,25.659566523832105,0.8615174749744534,0.0008442871254749643,1,0.011561207392688289,2,2,True,56.34914400388939,0.7445835183974165,0.0007296918480294682,RELIABLE,RELIABLE,45.03153859173746,0.8499562675817651,0.0008329571422301297,RELIABLE,RELIABLE,25.659566523832105,0.8615174749744534,0.0008442871254749643,RELIABLE,RELIABLE,36.37994451847455,0.8131048953513444,0.0007968427974443176,RELIABLE,RELIABLE,32.50100374773804,0.8272192460706244,0.0008106748611492119,RELIABLE,RELIABLE,28.85171372062435,0.8276657249082953,0.0008111124104101293,RELIABLE,RELIABLE
1037,7,Digit 2,4,Digit 4,max_nhat,RELIABLE,RELIABLE,57.71139829042646,0.7909039904198919,0.000775085910611494,7,0.015795407857765564,4,4,True,63.062197601686165,0.749082502736037,0.0007341008526813163,UNRELIABLE,IDO,1150.256780909162,0.6815363287120889,0.0006679056021378471,OOD,OOD,125.16405328683929,0.6984972079277565,0.0006845272637692013,OOD,OOD,232.97330532049372,0.733665836165775,0.0007189925194424594,OOD,OOD,57.71139829042646,0.7909039904198919,0.000775085910611494,RELIABLE,RELIABLE,285.42391161871006,0.7751085825621263,0.0007596064109108838,OOD,OOD
1038,7,Digit 2,7,Digit 2,max_nhat,RELIABLE,RELIABLE,31.274345617389894,0.8414893201565169,0.0008246595337533865,2,0.07615029669681583,7,7,True,87.92201638247595,0.6659088297220013,0.0006525906531275612,OOD,OOD,202.45572732047407,0.7572832549382948,0.0007421375898395289,OOD,OOD,76.40703628466093,0.7653390234597011,0.000750032242990507,UNRELIABLE,IDO,51.31033346607579,0.758365875419076,0.0007431985579106945,RELIABLE,RELIABLE,60.21451569846134,0.7630619455603975,0.0007478007066491895,RELIABLE,RELIABLE,31.274345617389894,0.8414893201565169,0.0008246595337533865,RELIABLE,RELIABLE
1039,7,Digit 2,7,Digit 2,max_nhat,RELIABLE,RELIABLE,59.443026510675516,0.832021322631278,0.0008153808961786524,4,0.021980344765724413,7,7,True,114.71897662306488,0.7248102548066429,0.00071031404971051,OOD,OOD,463.95532888921707,0.7337694830889203,0.0007190940934271419,OOD,OOD,147.05616247587102,0.7287246122132695,0.000714150119969004,OOD,OOD,102.27384725990876,0.7187067547103122,0.0007043326196161059,OOD,OOD,75.44152712690462,0.8100409778655536,0.0007938401583082426,UNRELIABLE,IDO,59.443026510675516,0.832021322631278,0.0008153808961786524,RELIABLE,RELIABLE
1040,7,Digit 2,7,Digit 2,max_nhat,OOD,OOD,313.1247316396895,0.7187372364965571,0.0007043624917666259,4,0.02238888906111458,7,4,False,281.27026943209034,0.6522652633380307,0.0006392199580712701,OOD,OOD,1126.542645757842,0.6334848257887928,0.0006208151292730169,OOD,OOD,253.11572685948684,0.6700667401604806,0.000656665405357271,OOD,OOD,254.17927646464403,0.6696971193432593,0.0006563031769563941,OOD,OOD,234.28286630625107,0.6963483474354425,0.0006824213804867336,OOD,OOD,313.1247316396895,0.7187372364965571,0.0007043624917666259,OOD,OOD
1041,7,Digit 2,7,Digit 2,max_nhat,RELIABLE,RELIABLE,23.119368973979086,0.8441589555846173,0.000827275776472925,4,0.011126245648881539,7,7,True,59.496129779213575,0.7312458566559789,0.0007166209395228592,RELIABLE,RELIABLE,159.58948389768875,0.7911372424845058,0.0007753144976348157,OOD,OOD,50.10470422622995,0.7934371993420103,0.0007775684553551701,RELIABLE,RELIABLE,49.13172748622739,0.7938969551907247,0.0007780190160869101,RELIABLE,RELIABLE,31.22312471972101,0.8330327099357357,0.000816372055737021,RELIABLE,RELIABLE,23.119368973979086,0.8441589555846173,0.000827275776472925,RELIABLE,RELIABLE
1042,7,Digit 2,7,Digit 2,max_nhat,RELIABLE,RELIABLE,25.425598762214104,0.8595538366767052,0.000842362759943171,4,0.039304762465181,7,7,True,124.45530063454314,0.6780845901678321,0.0006645228983644754,OOD,OOD,306.3753473633219,0.759105867105818,0.0007439237497637016,OOD,OOD,120.2853006260354,0.7708737800851795,0.0007554563044834759,OOD,OOD,71.55435114529352,0.7667474447554867,0.000751412495860377,UNRELIABLE,IDO,70.20221974273251,0.8202490742115242,0.0008038440927272937,UNRELIABLE,IDO,25.425598762214104,0.8595538366767052,0.000842362759943171,RELIABLE,RELIABLE
1043,7,Digit 2,7,Digit 2,max_nhat,RELIABLE,RELIABLE,40.89656688594725,0.8285041022841914,0.0008119340202385075,4,0.00417933921494662,7,4,False,63.41804795801373,0.7463898889385641,0.0007314620911597927,UNRELIABLE,IDO,240.26211591274762,0.7483967971621609,0.0007334288612189176,OOD,OOD,55.14981801492239,0.8039464027916894,0.0007878674747358556,RELIABLE,RELIABLE,45.947593208035556,0.7962891888156356,0.0007803634050393229,RELIABLE,RELIABLE,38.07221206636892,0.8243247630692447,0.0008078382678078598,RELIABLE,RELIABLE,40.89656688594725,0.8285041022841914,0.0008119340202385075,RELIABLE,RELIABLE
1044,7,Digit 2,7,Digit 2,max_nhat,RELIABLE,RELIABLE,39.20409654611919,0.7982498746594237,0.0007822848771662351,4,0.01536921858572271,7,7,True,192.80306586179603,0.7173387669950466,0.0007029919916551456,OOD,OOD,302.12547147193936,0.7455184975761469,0.0007306081276246239,OOD,OOD,80.4208782059073,0.7495508628840672,0.0007345598456263858,UNRELIABLE,IDO,139.36792335650563,0.7703113351882492,0.0007549051084844843,OOD,OOD,70.2688071194561,0.7828806560737009,0.0007672230429522269,UNRELIABLE,IDO,39.20409654611919,0.7982498746594237,0.0007822848771662351,RELIABLE,RELIABLE
1045,7,Digit 2,7,Digit 2,max_nhat,RELIABLE,RELIABLE,27.70146189515829,0.86007177943107,0.0008428703438424487,4,0.09734575411911106,7,7,True,132.84081874972895,0.6830869916029999,0.0006694252517709399,OOD,OOD,342.613811501323,0.6989499648514753,0.0006849709655544458,OOD,OOD,86.10808493677204,0.712652198409149,0.0006983991544409659,OOD,OOD,50.852002759862216,0.758896531610951,0.000743718600978732,RELIABLE,RELIABLE,62.42353735942127,0.762726025311959,0.0007474715048057198,UNRELIABLE,IDO,27.70146189515829,0.86007177943107,0.0008428703438424487,RELIABLE,RELIABLE
1046,7,Digit 2,7,Digit 2,max_nhat,RELIABLE,RELIABLE,52.45094216745797,0.8398611314425803,0.0008230639088137287,4,0.06218571379512272,7,7,True,141.5233604904681,0.7327866690241259,0.0007181309356436434,OOD,OOD,601.0081641350607,0.73816626151479,0.0007234029362844942,OOD,OOD,191.85068214482868,0.736414244667005,0.0007216859597736649,OOD,OOD,104.95823049846254,0.7259654421806154,0.0007114461333370031,OOD,OOD,106.8288490386773,0.7776754176474576,0.0007621219092945084,OOD,OOD,52.45094216745797,0.8398611314425803,0.0008230639088137287,RELIABLE,RELIABLE
1047,7,Digit 2,2,Digit 2,max_nhat,OOD,OOD,156.3500769609324,0.8361458259323898,0.000819422909413742,3,0.027533321766168628,2,7,False,186.414595604993,0.7507380899102621,0.0007357233281120569,OOD,OOD,237.9532909004783,0.7987414326003649,0.0007827666039483575,OOD,OOD,156.3500769609324,0.8361458259323898,0.000819422909413742,OOD,OOD,114.10458036007434,0.8086125041662212,0.0007924402540828968,OOD,OOD,206.30082311325822,0.7694145750142191,0.0007540262835139346,OOD,OOD,107.12542973438548,0.7383334456339058,0.0007235667767212276,OOD,OOD
1048,7,Digit 2,7,Digit 2,max_nhat,RELIABLE,RELIABLE,46.239329538738815,0.8200062262949308,0.0008036061017690321,2,0.03173475401515835,7,3,False,124.27320388360963,0.6480203121942272,0.0006350599059503426,OOD,OOD,253.02628229119654,0.7444080668843281,0.0007295199055466416,OOD,OOD,54.79066593469524,0.7882714722797725,0.000772506042834177,RELIABLE,RELIABLE,42.85614273932177,0.77671962377888,0.0007611852313033024,RELIABLE,RELIABLE,59.383672239464886,0.7749399042506155,0.0007594411061656032,RELIABLE,RELIABLE,46.239329538738815,0.8200062262949308,0.0008036061017690321,RELIABLE,RELIABLE
1049,7,Digit 2,7,Digit 2,max_nhat,RELIABLE,RELIABLE,21.64694515596443,0.8647951070247633,0.000847499204884268,4,0.05610611252952713,7,7,True,125.90111166284717,0.7090546997705782,0.0006948736057751666,OOD,OOD,381.96079447670445,0.7434033297913669,0.0007285352631955396,OOD,OOD,137.4456046239199,0.7498360227377067,0.0007348393022829525,OOD,OOD,76.19835048027883,0.758272001184262,0.0007431065611605767,UNRELIABLE,IDO,70.63826287743007,0.8086889944952361,0.0007925152146053314,UNRELIABLE,IDO,21.64694515596443,0.8647951070247633,0.000847499204884268,RELIABLE,RELIABLE
1050,7,Digit 2,7,Digit 2,max_nhat,RELIABLE,RELIABLE,18.105841684472068,0.8870796973642413,0.0008693381034169564,4,0.04270498104975118,7,7,True,70.66148393097406,0.7585083987379461,0.0007433382307631872,UNRELIABLE,IDO,264.7506362597046,0.7873464865158327,0.000771599556785516,OOD,OOD,56.26296199724944,0.7661034865592556,0.0007507814168280705,RELIABLE,RELIABLE,45.22697532281048,0.7951733899239123,0.000779269922125434,RELIABLE,RELIABLE,25.10589580420654,0.8443747163144901,0.0008274872219882003,RELIABLE,RELIABLE,18.105841684472068,0.8870796973642413,0.0008693381034169564,RELIABLE,RELIABLE
1051,7,Digit 2,7,Digit 2,max_nhat,RELIABLE,RELIABLE,33.06405436964552,0.8168405554269181,0.0008005037443183798,4,0.03027812660233442,7,7,True,158.79766972525354,0.7267015360705809,0.0007121675053491692,OOD,OOD,483.7817388815932,0.7342299786410414,0.0007195453790682206,OOD,OOD,211.8539317635412,0.750054387486028,0.0007350532997363074,OOD,OOD,87.55774599171664,0.733744415781561,0.0007190695274659298,OOD,OOD,119.11591644679716,0.7865624288245837,0.000770831180248092,OOD,OOD,33.06405436964552,0.8168405554269181,0.0008005037443183798,RELIABLE,RELIABLE
1052,7,Digit 2,2,Digit 2,max_nhat,RELIABLE,RELIABLE,21.04879998148847,0.8537575477778356,0.0008366823968222789,0,0.06327666909266971,2,2,True,52.4856927157489,0.7904808786851659,0.0007746712611114625,RELIABLE,RELIABLE,457.72644924393114,0.7299117092036234,0.0007153134750195509,OOD,OOD,21.04879998148847,0.8537575477778356,0.0008366823968222789,RELIABLE,RELIABLE,74.10129110584313,0.7692997650062878,0.000753913769706162,UNRELIABLE,IDO,57.09180648400858,0.7624615131330837,0.000747212282870422,RELIABLE,RELIABLE,255.78306421915548,0.7317286515175878,0.0007170940784872361,OOD,OOD
1053,7,Digit 2,7,Digit 2,max_nhat,RELIABLE,RELIABLE,19.051436289890965,0.8633640996641634,0.0008460968176708801,4,0.06741061167920948,7,7,True,116.70960668062327,0.7215784180045027,0.0007071468496444126,OOD,OOD,445.0355229017698,0.7672709897596697,0.0007519255699644763,OOD,OOD,121.12305451620189,0.7426344648445306,0.0007277817755476399,OOD,OOD,72.12548729595048,0.7736167012758339,0.0007581443672503173,UNRELIABLE,IDO,69.44465577468908,0.7959534879849539,0.0007800344182252548,UNRELIABLE,IDO,19.051436289890965,0.8633640996641634,0.0008460968176708801,RELIABLE,RELIABLE
1054,7,Digit 2,7,Digit 2,max_nhat,RELIABLE,RELIABLE,24.752859775063097,0.8299126423566849,0.0008133143895095512,4,0.06018985553208944,7,7,True,215.26830652675727,0.7169946454568528,0.0007026547525477157,OOD,OOD,523.0488730056879,0.7558683634588962,0.0007407509961897183,OOD,OOD,93.14375443870777,0.7230474551905987,0.0007085865060867866,OOD,OOD,155.57440812402763,0.7623515467674861,0.0007471045158321363,OOD,OOD,73.49879368997588,0.7697227868245955,0.0007543283310881035,UNRELIABLE,IDO,24.752859775063097,0.8299126423566849,0.0008133143895095512,RELIABLE,RELIABLE
1055,7,Digit 2,2,Digit 2,max_nhat,RELIABLE,RELIABLE,18.13118457257648,0.8592868664389667,0.0008421011291101873,3,0.03213297190039677,2,2,True,58.07231232098232,0.7645237007265097,0.0007492332267119795,RELIABLE,RELIABLE,199.72849173274275,0.6961806624508657,0.0006822570492018483,OOD,OOD,18.13118457257648,0.8592868664389667,0.0008421011291101873,RELIABLE,RELIABLE,59.19421985684051,0.8271538945385699,0.0008106108166477984,RELIABLE,RELIABLE,108.4288200856335,0.7716902457023093,0.0007562564407882631,OOD,OOD,225.80326846703662,0.7344403133701201,0.0007197515071027176,OOD,OOD
1056,7,Digit 2,3,Digit 3,max_nhat,RELIABLE,RELIABLE,34.004908948849824,0.8745443044326955,0.0008570534183440416,2,0.05204964616694674,3,2,False,75.46532560810229,0.732678704939184,0.0007180251308404002,UNRELIABLE,IDO,175.10684528589582,0.7574755844829058,0.0007423260727932476,OOD,OOD,25.64558223470144,0.8224946582657487,0.0008060447651004338,RELIABLE,RELIABLE,34.004908948849824,0.8745443044326955,0.0008570534183440416,RELIABLE,RELIABLE,57.60750203197261,0.7773770601933327,0.0007618295189894661,RELIABLE,RELIABLE,88.93846704275217,0.766827941969382,0.0007514913831299943,OOD,OOD
1057,7,Digit 2,7,Digit 2,max_nhat,RELIABLE,RELIABLE,21.377813112915177,0.8630749027130596,0.0008458134046587984,4,0.05965122723609184,7,7,True,55.11613205571093,0.7539126860416409,0.000738834432320808,RELIABLE,RELIABLE,449.6845015193643,0.8005965162103829,0.0007845845858861751,OOD,OOD,51.666064818102114,0.7654081415367059,0.0007500999787059718,RELIABLE,RELIABLE,63.81231296969896,0.7518595868307983,0.0007368223950941823,UNRELIABLE,IDO,41.84234008406436,0.8034236754769678,0.0007873552019674285,RELIABLE,RELIABLE,21.377813112915177,0.8630749027130596,0.0008458134046587984,RELIABLE,RELIABLE
1058,7,Digit 2,1,Digit 1,max_nhat,UNRELIABLE,IDO,71.24600942008342,0.8904317419762817,0.0008726231071367561,7,0.041200461297631885,1,7,False,62.971134809560425,0.7358244850475647,0.0007211079953466134,UNRELIABLE,IDO,71.24600942008342,0.8904317419762817,0.0008726231071367561,UNRELIABLE,IDO,40.48863235639054,0.8055756716807626,0.0007894641582471473,RELIABLE,RELIABLE,34.892899732223086,0.8057273001016412,0.0007896127540996084,RELIABLE,RELIABLE,36.12762159428777,0.8246380074663334,0.0008081452473170067,RELIABLE,RELIABLE,25.613110006570643,0.8492312806786498,0.0008322466550650769,RELIABLE,RELIABLE
1059,7,Digit 2,7,Digit 2,max_nhat,RELIABLE,RELIABLE,13.888760325533898,0.8960800325076282,0.0008781584318574756,4,0.0037698809538312394,7,7,True,50.59819418492654,0.7800146685815371,0.0007644143752099064,RELIABLE,RELIABLE,168.15331576540999,0.788568757385865,0.0007727973822381477,OOD,OOD,38.65415538611928,0.8243126874965321,0.0008078264337466014,RELIABLE,RELIABLE,34.45330344852268,0.8099970733297513,0.0007937971318631563,RELIABLE,RELIABLE,16.36972589681943,0.892310151553797,0.000874463948522721,RELIABLE,RELIABLE,13.888760325533898,0.8960800325076282,0.0008781584318574756,RELIABLE,RELIABLE
1060,7,Digit 2,7,Digit 2,max_nhat,RELIABLE,RELIABLE,44.14449078282102,0.7880748402010684,0.0007723133433970471,4,0.01990572946588942,7,7,True,129.99745046664157,0.7243870044623348,0.0007098992643730881,OOD,OOD,342.51601831480906,0.7621772452855161,0.0007469337003798058,OOD,OOD,136.04072406885263,0.745343262369939,0.0007304363971225401,OOD,OOD,93.00037766905234,0.727215778832498,0.000712671463255848,OOD,OOD,119.56521452999718,0.768169110735179,0.0007528057285204754,OOD,OOD,44.14449078282102,0.7880748402010684,0.0007723133433970471,RELIABLE,RELIABLE
1061,7,Digit 2,7,Digit 2,max_nhat,RELIABLE,RELIABLE,10.813001452057723,0.9086144370533031,0.000890442148312237,4,0.0725956162626279,7,7,True,88.29183179889417,0.7352169456257643,0.0007205126067132491,OOD,OOD,189.5964114886712,0.8279518405094977,0.0008113928036993077,OOD,OOD,79.5739249072339,0.7689679002904283,0.0007535885422846197,UNRELIABLE,IDO,49.6975551488467,0.7817608798754601,0.0007661256622779508,RELIABLE,RELIABLE,46.10001349788328,0.8360188207906752,0.0008192984443748618,RELIABLE,RELIABLE,10.813001452057723,0.9086144370533031,0.000890442148312237,RELIABLE,RELIABLE
1062,7,Digit 2,7,Digit 2,max_nhat,RELIABLE,RELIABLE,11.077246657784787,0.9028271348580035,0.0008847705921608434,4,0.06278723983651613,7,7,True,52.21810497904613,0.7457421839584131,0.0007308273402792448,RELIABLE,RELIABLE,75.77996495128757,0.8201981533893897,0.0008037941903216019,UNRELIABLE,IDO,38.71426538484681,0.8085788841990259,0.0007924073065150454,RELIABLE,RELIABLE,30.69296832166321,0.8232302252102262,0.0008067656207060216,RELIABLE,RELIABLE,26.4118295079167,0.8400398950214873,0.0008232390971210575,RELIABLE,RELIABLE,11.077246657784787,0.9028271348580035,0.0008847705921608434,RELIABLE,RELIABLE
1063,7,Digit 2,7,Digit 2,max_nhat,RELIABLE,RELIABLE,12.530062247442093,0.9052477488444085,0.0008871427938675203,4,0.07014374934645673,7,7,True,78.46831491777992,0.7427140220239494,0.0007278597415834704,UNRELIABLE,IDO,254.57218353407845,0.7836829521288023,0.0007680092930862262,OOD,OOD,75.81611099472516,0.7647570069619845,0.0007494618668227448,UNRELIABLE,IDO,54.23332288484371,0.7750979592528409,0.0007595960000677841,RELIABLE,RELIABLE,40.12393568518462,0.8351039994979518,0.0008184019195079927,RELIABLE,RELIABLE,12.530062247442093,0.9052477488444085,0.0008871427938675203,RELIABLE,RELIABLE
1064,7,Digit 2,7,Digit 2,max_nhat,RELIABLE,RELIABLE,21.85268610419028,0.8638130265787347,0.00084653676604716,4,0.03081760804739453,7,7,True,104.37298150116712,0.7352295394261836,0.0007205249486376599,OOD,OOD,250.11397978504914,0.7753549625944894,0.0007598478633425996,OOD,OOD,124.6565193940999,0.7876053883246609,0.0007718532805581676,OOD,OOD,56.745078532874295,0.7759441215237564,0.0007604252390932812,RELIABLE,RELIABLE,73.70017141983097,0.8329954185313402,0.0008163355101607133,UNRELIABLE,IDO,21.85268610419028,0.8638130265787347,0.00084653676604716,RELIABLE,RELIABLE
1065,7,Digit 2,7,Digit 2,max_nhat,RELIABLE,RELIABLE,36.348177355002456,0.802212093915384,0.0007861678520370763,4,0.037981977277075085,7,7,True,169.60918555426343,0.6797120365094333,0.0006661177957792446,OOD,OOD,590.9521165523412,0.7184101588305962,0.0007040419556539843,OOD,OOD,82.36624705135988,0.7062526121338604,0.0006921275598911832,UNRELIABLE,IDO,121.33363053370206,0.7241323824463168,0.0007096497347973905,OOD,OOD,59.858873112135655,0.7642301166383089,0.0007489455143055427,RELIABLE,RELIABLE,36.348177355002456,0.802212093915384,0.0007861678520370763,RELIABLE,RELIABLE
1066,7,Digit 2,7,Digit 2,max_nhat,RELIABLE,RELIABLE,44.31373598560174,0.8118643542279466,0.0007956270671433876,3,0.017862975274902437,7,3,False,73.93871756426795,0.7331505398628236,0.0007184875290655671,UNRELIABLE,IDO,385.84074493022456,0.7174813088432875,0.0007031316826664217,OOD,OOD,59.558036554406,0.7843010606312393,0.0007686150394186145,RELIABLE,RELIABLE,43.26296999463538,0.7940013789530441,0.0007781213513739832,RELIABLE,RELIABLE,65.12102245143649,0.7514659060138466,0.0007364365878935696,UNRELIABLE,IDO,44.31373598560174,0.8118643542279466,0.0007956270671433876,RELIABLE,RELIABLE
1067,7,Digit 2,1,Digit 1,max_nhat,UNRELIABLE,IDO,76.01524650557923,0.8397277562653375,0.0008229332011400307,2,0.01590995208981172,1,3,False,89.96721617736833,0.719286191972737,0.0007049004681332823,OOD,OOD,76.01524650557923,0.8397277562653375,0.0008229332011400307,UNRELIABLE,IDO,66.60233912384562,0.8238178041755257,0.0008073414480920153,UNRELIABLE,IDO,43.77019060637834,0.8217418516458318,0.0008053070146129152,RELIABLE,RELIABLE,72.19065297441085,0.7824511279262649,0.0007668021053677396,UNRELIABLE,IDO,48.86178533958792,0.793524292038478,0.0007776538061977084,RELIABLE,RELIABLE
1068,7,Digit 2,2,Digit 2,max_nhat,UNRELIABLE,IDO,72.49180828869557,0.8467566863595097,0.0008298215526323195,1,0.019629596673451877,2,7,False,71.57709868925014,0.7579535530396637,0.0007427944819788704,UNRELIABLE,IDO,175.3515177276538,0.8271270896860579,0.0008105845478923367,OOD,OOD,72.49180828869557,0.8467566863595097,0.0008298215526323195,UNRELIABLE,IDO,39.75222665805521,0.814070512098096,0.000797789101856134,RELIABLE,RELIABLE,58.425832283545155,0.8170669452071355,0.0008007256063029928,RELIABLE,RELIABLE,33.88815723157933,0.8102932359388013,0.0007940873712200253,RELIABLE,RELIABLE
1069,7,Digit 2,2,Digit 2,max_nhat,OOD,OOD,87.68940580585816,0.8148398704949293,0.0007985430730850307,3,0.004678406691799419,2,3,False,125.1290055497251,0.6770453710156162,0.0006635044635953038,OOD,OOD,328.27744708580383,0.7440706996700571,0.0007291892856766559,OOD,OOD,87.68940580585816,0.8148398704949293,0.0007985430730850307,OOD,OOD,51.8135657493802,0.8101614638031299,0.0007939582345270672,RELIABLE,RELIABLE,72.51843557685352,0.7888405816447169,0.0007730637700118226,UNRELIABLE,IDO,53.37901736436787,0.7888250933510845,0.0007730485914840628,RELIABLE,RELIABLE
1070,7,Digit 2,7,Digit 2,max_nhat,RELIABLE,RELIABLE,46.4580920055338,0.864080987996778,0.0008467993682368425,4,0.026747739711649676,7,7,True,72.19630948682106,0.79020089542819,0.0007743968775196262,UNRELIABLE,IDO,447.5614631986143,0.7391567180447217,0.0007243735836838272,OOD,OOD,105.21916417300537,0.7569114403034457,0.0007417732114973767,OOD,OOD,77.11237737282113,0.7724715389715731,0.0007570221081921415,UNRELIABLE,IDO,55.84672479988486,0.8373332482851283,0.0008205865833194257,RELIABLE,RELIABLE,46.4580920055338,0.864080987996778,0.0008467993682368425,RELIABLE,RELIABLE
1071,7,Digit 2,7,Digit 2,max_nhat,RELIABLE,RELIABLE,30.63722148594458,0.855064894544893,0.0008379635966539951,1,0.06416630137037826,7,7,True,76.4514599903371,0.6929903984826704,0.000679130590513017,UNRELIABLE,IDO,182.394958028395,0.7908985931745147,0.0007750806213110244,OOD,OOD,60.16262832475977,0.7701729267891184,0.000754769468253336,RELIABLE,RELIABLE,43.35713243873403,0.779506066852137,0.0007639159455150942,RELIABLE,RELIABLE,46.34750183725174,0.7733955946315942,0.0007579276827389623,RELIABLE,RELIABLE,30.63722148594458,0.855064894544893,0.0008379635966539951,RELIABLE,RELIABLE
1072,7,Digit 2,7,Digit 2,max_nhat,RELIABLE,RELIABLE,12.379486155847163,0.8979483050746122,0.0008799893389731199,4,0.07496824557449866,7,7,True,72.88736576048163,0.7588812276151061,0.000743703603062804,UNRELIABLE,IDO,169.61911845368016,0.7882118033157745,0.0007724475672494589,OOD,OOD,67.17417780879664,0.7861254583432387,0.0007704029491763739,UNRELIABLE,IDO,43.04250695164316,0.8103908080639115,0.0007941829919026332,RELIABLE,RELIABLE,41.013298158003266,0.8229800595001135,0.0008065204583101112,RELIABLE,RELIABLE,12.379486155847163,0.8979483050746122,0.0008799893389731199,RELIABLE,RELIABLE
1073,7,Digit 2,7,Digit 2,max_nhat,RELIABLE,RELIABLE,9.784872459193092,0.9206133633065725,0.000902201096040441,4,0.10058216759148997,7,7,True,65.19665557308849,0.703494610816849,0.000689424718600512,UNRELIABLE,IDO,168.1482928599979,0.7906407098730258,0.0007748278956755653,OOD,OOD,54.09440802132996,0.7685352702420991,0.0007531645648372571,RELIABLE,RELIABLE,48.40191573513765,0.7776523783641119,0.0007620993307968297,RELIABLE,RELIABLE,30.146525554912238,0.8200311957150825,0.0008036305718007808,RELIABLE,RELIABLE,9.784872459193092,0.9206133633065725,0.000902201096040441,RELIABLE,RELIABLE
1074,7,Digit 2,7,Digit 2,max_nhat,RELIABLE,RELIABLE,22.40574741221764,0.8475613894520704,0.000830610161663029,1,0.026891623456299363,7,7,True,91.20313668421741,0.6978822658515665,0.0006839246205345351,OOD,OOD,261.78766018252406,0.820669765995771,0.0008042563706758556,OOD,OOD,86.44045390099788,0.7612114195830633,0.0007459871911914019,OOD,OOD,61.28939167982136,0.7546154318596995,0.0007395231232225055,RELIABLE,RELIABLE,51.03008563942403,0.7858888309434803,0.0007701710543246106,RELIABLE,RELIABLE,22.40574741221764,0.8475613894520704,0.000830610161663029,RELIABLE,RELIABLE
1075,7,Digit 2,7,Digit 2,max_nhat,RELIABLE,RELIABLE,18.325226739641767,0.8606404209964078,0.0008434276125764797,1,0.014571258539936793,7,7,True,88.87185186417328,0.7211980755211188,0.0007067741140106964,OOD,OOD,181.57378239667156,0.846069162456471,0.0008291477792073416,OOD,OOD,74.0487788431709,0.8015170642819025,0.0007854867229962645,UNRELIABLE,IDO,50.959627906017786,0.7869296785157495,0.0007711910849454344,RELIABLE,RELIABLE,46.85076276562344,0.808296105231927,0.0007921301831272884,RELIABLE,RELIABLE,18.325226739641767,0.8606404209964078,0.0008434276125764797,RELIABLE,RELIABLE
1076,7,Digit 2,7,Digit 2,max_nhat,RELIABLE,RELIABLE,10.812141075165393,0.9053395851321503,0.0008872327934295073,4,0.06663743313691461,7,7,True,66.16035765033746,0.7477462092495997,0.0007327912850646077,UNRELIABLE,IDO,164.43104820816376,0.8115132816306386,0.0007952830159980259,OOD,OOD,56.278240601059125,0.7852144879950935,0.0007695101982351917,RELIABLE,RELIABLE,44.491297026489654,0.7969272533032097,0.0007809887082371455,RELIABLE,RELIABLE,27.556909339015686,0.8387021519952357,0.000821928108955331,RELIABLE,RELIABLE,10.812141075165393,0.9053395851321503,0.0008872327934295073,RELIABLE,RELIABLE
1077,7,Digit 2,1,Digit 1,max_nhat,RELIABLE,RELIABLE,52.51842455568853,0.8798160644674681,0.0008622197431781187,2,0.04183162947029517,1,7,False,69.91602416038614,0.7342705776801199,0.0007195851661265175,UNRELIABLE,IDO,52.51842455568853,0.8798160644674681,0.0008622197431781187,RELIABLE,RELIABLE,53.62598957654732,0.8379844349971729,0.0008212247462972294,RELIABLE,RELIABLE,35.502419470132374,0.8172911972875802,0.0008009453733418285,RELIABLE,RELIABLE,56.89628903188833,0.7860766668064956,0.0007703551334703656,RELIABLE,RELIABLE,32.17874136350753,0.8203762715900741,0.0008039687461582726,RELIABLE,RELIABLE
1078,7,Digit 2,7,Digit 2,max_nhat,RELIABLE,RELIABLE,17.33061744817779,0.8797125427468071,0.000862118291891871,1,0.028187897298452613,7,7,True,65.12081720032863,0.7419943370588078,0.0007271544503176316,UNRELIABLE,IDO,149.69710145550368,0.8515246454483545,0.0008344941525393873,OOD,OOD,54.04452149543814,0.8108301845455648,0.0007946135808546534,RELIABLE,RELIABLE,38.4865543487051,0.8020361082979502,0.0007859953861319912,RELIABLE,RELIABLE,35.97602834445875,0.8291885659999988,0.0008126047946799988,RELIABLE,RELIABLE,17.33061744817779,0.8797125427468071,0.000862118291891871,RELIABLE,RELIABLE
1079,7,Digit 2,1,Digit 1,max_nhat,RELIABLE,RELIABLE,48.23781507320167,0.8994426240873302,0.0008814537716055836,7,0.07635837801532075,1,7,False,70.02419083868752,0.7140760890234842,0.0006997945672430145,UNRELIABLE,IDO,48.23781507320167,0.8994426240873302,0.0008814537716055836,RELIABLE,RELIABLE,52.11077908526624,0.8054962946327182,0.0007893863687400639,RELIABLE,RELIABLE,40.202019376570334,0.7704508373771686,0.0007550418206296251,RELIABLE,RELIABLE,45.986401178720286,0.8132224232552332,0.0007969579747901285,RELIABLE,RELIABLE,35.490310192178974,0.8230842460720095,0.0008066225611505693,RELIABLE,RELIABLE
1080,7,Digit 2,7,Digit 2,max_nhat,RELIABLE,RELIABLE,33.8302290872439,0.8538755445731107,0.0008367980336816484,1,0.021549067379463716,7,7,True,58.35519452921909,0.7244192938521476,0.0007099309079751047,RELIABLE,RELIABLE,82.85022260524411,0.8323264771936469,0.000815679947649774,UNRELIABLE,IDO,35.697917714743404,0.7940601153090897,0.0007781789130029079,RELIABLE,RELIABLE,35.801358310737335,0.8248580553733719,0.0008083608942659044,RELIABLE,RELIABLE,35.13233093938644,0.8020226009352522,0.0007859821489165471,RELIABLE,RELIABLE,33.8302290872439,0.8538755445731107,0.0008367980336816484,RELIABLE,RELIABLE
1081,7,Digit 2,7,Digit 2,max_nhat,RELIABLE,RELIABLE,19.019359894142283,0.8753338068941641,0.0008578271307562807,1,0.026836970157970486,7,7,True,74.31024170274182,0.6927107339524555,0.0006788565192734064,UNRELIABLE,IDO,57.01676404565359,0.8484968367361936,0.0008315269000014697,RELIABLE,RELIABLE,51.69288234088133,0.7996170607263822,0.0007836247195118545,RELIABLE,RELIABLE,38.600337926133776,0.7973848724543997,0.0007814371750053117,RELIABLE,RELIABLE,42.04213690054643,0.8201028631492493,0.0008037008058862643,RELIABLE,RELIABLE,19.019359894142283,0.8753338068941641,0.0008578271307562807,RELIABLE,RELIABLE
1082,7,Digit 2,1,Digit 1,max_nhat,OOD,OOD,159.21984842616524,0.8751901280473914,0.0008576863254864435,7,0.0006384364274342191,1,7,False,105.06499908578365,0.7159889592499996,0.0007016691800649996,OOD,OOD,159.21984842616524,0.8751901280473914,0.0008576863254864435,OOD,OOD,112.97224768866634,0.8046205804753044,0.0007885281688657982,OOD,OOD,53.66856594680137,0.7847763100450126,0.0007690807838441123,RELIABLE,RELIABLE,75.94262190265532,0.813250749877631,0.0007969857348800784,UNRELIABLE,IDO,16.936594252660562,0.8745516916199572,0.000857060657787558,RELIABLE,RELIABLE
1083,7,Digit 2,7,Digit 2,max_nhat,RELIABLE,RELIABLE,27.714654358415494,0.8595738835169707,0.0008423824058466313,4,0.06822838369770035,7,7,True,116.20819150805343,0.6815950606674086,0.0006679631594540605,OOD,OOD,348.7896099547838,0.7611452826742092,0.000745922377020725,OOD,OOD,138.90946101573925,0.7437734796062802,0.0007288980100141545,OOD,OOD,69.64895923511992,0.7388421929161352,0.0007240653490578125,UNRELIABLE,IDO,77.21162336784501,0.7913454998192704,0.000775518589822885,UNRELIABLE,IDO,27.714654358415494,0.8595738835169707,0.0008423824058466313,RELIABLE,RELIABLE
1084,7,Digit 2,7,Digit 2,max_nhat,RELIABLE,RELIABLE,28.682647430142907,0.8627168769302237,0.0008454625393916192,4,0.09583042170670475,7,7,True,70.76239914222924,0.7201094261185399,0.0007057072375961691,UNRELIABLE,IDO,601.894916174987,0.7343062891911262,0.0007196201634073037,OOD,OOD,76.96185212254692,0.6979934657806283,0.0006840335964650156,UNRELIABLE,IDO,71.9032553378,0.7239512108592661,0.0007094721866420808,UNRELIABLE,IDO,50.507800042774086,0.766886455223519,0.0007515487261190486,RELIABLE,RELIABLE,28.682647430142907,0.8627168769302237,0.0008454625393916192,RELIABLE,RELIABLE
1085,7,Digit 2,7,Digit 2,max_nhat,RELIABLE,RELIABLE,23.268115511524318,0.8493854566752903,0.0008323977475417845,1,0.015544801620720916,7,7,True,114.38414177761396,0.7294856845861716,0.0007148959708944482,OOD,OOD,239.08041551576528,0.8338406550545694,0.000817163841953478,OOD,OOD,92.17444026310716,0.7892598927419455,0.0007734746948871066,OOD,OOD,63.13289138577214,0.7890654220294951,0.0007732841135889053,UNRELIABLE,IDO,56.027961160265534,0.8039483054091247,0.0007878693393009421,RELIABLE,RELIABLE,23.268115511524318,0.8493854566752903,0.0008323977475417845,RELIABLE,RELIABLE
1086,7,Digit 2,7,Digit 2,max_nhat,RELIABLE,RELIABLE,23.58088978224697,0.8435410095301823,0.0008266701893395786,2,0.04478127395347131,7,7,True,130.0395181684355,0.7236414098652352,0.0007091685816679304,OOD,OOD,302.76476198185094,0.7882595776637058,0.0007724943861104317,OOD,OOD,163.31790560978678,0.798759735576711,0.0007827845408651768,OOD,OOD,67.04388853081534,0.7733919483962753,0.0007579241094283498,UNRELIABLE,IDO,105.76567603101645,0.7975315538381001,0.0007815809227613381,OOD,OOD,23.58088978224697,0.8435410095301823,0.0008266701893395786,RELIABLE,RELIABLE
1087,7,Digit 2,4,Digit 4,max_nhat,RELIABLE,RELIABLE,37.03189130598608,0.8110734966137108,0.0007948520266814365,7,0.009688890085057245,4,4,True,86.9342021685359,0.7214412961227035,0.0007070124702002494,OOD,OOD,587.9636775564862,0.6555073444917308,0.0006423971976018962,OOD,OOD,54.250513283172914,0.7598955608688926,0.0007446976496515148,RELIABLE,RELIABLE,105.34446524970889,0.7407477653917762,0.0007259328100839407,OOD,OOD,37.03189130598608,0.8110734966137108,0.0007948520266814365,RELIABLE,RELIABLE,99.05587712697258,0.8013846065286535,0.0007853569143980804,OOD,OOD
1088,7,Digit 2,7,Digit 2,max_nhat,RELIABLE,RELIABLE,28.206326714558948,0.829692363096486,0.0008130985158345562,2,0.05105378909083358,7,7,True,140.34754307500302,0.7505705475701038,0.0007355591366187017,OOD,OOD,411.0519836486673,0.7714916463532596,0.0007560618134261944,OOD,OOD,168.28398885768132,0.7786385740056524,0.0007630658025255393,OOD,OOD,74.05824167457648,0.76464199175111,0.0007493491519160878,UNRELIABLE,IDO,108.53400051617206,0.772506133390632,0.0007570560107228193,OOD,OOD,28.206326714558948,0.829692363096486,0.0008130985158345562,RELIABLE,RELIABLE
1089,7,Digit 2,7,Digit 2,max_nhat,RELIABLE,RELIABLE,22.648659008238702,0.8938333327054916,0.0008759566660513817,4,0.08700689467536105,7,7,True,70.0413273415234,0.7150652717268713,0.0007007639662923339,UNRELIABLE,IDO,303.2119316262945,0.7405462658472938,0.0007257353405303479,OOD,OOD,64.32614895238461,0.7573396957438344,0.0007421929018289577,UNRELIABLE,IDO,51.271020527918196,0.7689515207077042,0.0007535724902935501,RELIABLE,RELIABLE,36.29866644484425,0.8068264380301305,0.0007906899092695279,RELIABLE,RELIABLE,22.648659008238702,0.8938333327054916,0.0008759566660513817,RELIABLE,RELIABLE
1090,7,Digit 2,4,Digit 4,max_nhat,UNRELIABLE,IDO,70.16277496802692,0.807725622928982,0.0007915711104704023,3,0.038527792186123566,4,4,True,99.29457904733644,0.7411393350365406,0.0007263165483358098,OOD,OOD,596.4820296384345,0.7182662002717334,0.0007039008762662987,OOD,OOD,92.3534217639596,0.7611607907859896,0.0007459375749702699,OOD,OOD,157.60391707198573,0.7691978307428584,0.0007538138741280012,OOD,OOD,70.16277496802692,0.807725622928982,0.0007915711104704023,UNRELIABLE,IDO,196.4400319338451,0.740365840054828,0.0007255585232537314,OOD,OOD
1091,7,Digit 2,7,Digit 2,max_nhat,RELIABLE,RELIABLE,23.656522016826276,0.8717845205898708,0.0008543488301780733,4,0.06970771404691978,7,7,True,91.65458864511473,0.7143435482075553,0.0007000566772434042,OOD,OOD,213.48299018759968,0.7962795432010704,0.000780353952337049,OOD,OOD,89.14868940043972,0.7664244154451613,0.000751095927136258,OOD,OOD,48.46580083405013,0.7597540188744355,0.0007445589384969468,RELIABLE,RELIABLE,56.33458467993263,0.802076806542951,0.000786035270412092,RELIABLE,RELIABLE,23.656522016826276,0.8717845205898708,0.0008543488301780733,RELIABLE,RELIABLE
1092,7,Digit 2,3,Digit 3,max_nhat,OOD,OOD,316.9633094949944,0.66341018886431,0.0006501419850870238,2,0.0016239064179899287,3,4,False,441.20288326397747,0.5675429280212676,0.0005561920694608422,OOD,OOD,1340.8669675005588,0.6484528771322253,0.0006354838195895808,OOD,OOD,269.1289590142346,0.6617862824463201,0.0006485505567973937,OOD,OOD,316.9633094949944,0.66341018886431,0.0006501419850870238,OOD,OOD,246.15120581984078,0.6445935014418263,0.0006317016314129897,OOD,OOD,310.6556757513014,0.644657394603682,0.0006317642467116083,OOD,OOD
1093,7,Digit 2,7,Digit 2,max_nhat,OOD,OOD,112.8944627390639,0.7954181640159156,0.0007795098007355972,4,0.02472232273980135,7,7,True,154.30085182464512,0.6959918508465225,0.000682072013829592,OOD,OOD,382.0641525871829,0.7412339041881751,0.0007264092261044116,OOD,OOD,135.03027062933086,0.7334775184864074,0.0007188079681166793,OOD,OOD,136.2220781468952,0.746205561401752,0.000731281450173717,OOD,OOD,118.62530731518336,0.7706958412761142,0.0007552819244505919,OOD,OOD,112.8944627390639,0.7954181640159156,0.0007795098007355972,OOD,OOD
1094,7,Digit 2,7,Digit 2,max_nhat,RELIABLE,RELIABLE,10.207646365207088,0.9114623963897864,0.0008932331484619906,4,0.07215862502688797,7,7,True,87.81544542726843,0.7308517117676363,0.0007162346775322836,OOD,OOD,359.3191102620331,0.7966267390992643,0.000780694204317279,OOD,OOD,81.95903585576586,0.7685916839109839,0.0007532198502327641,UNRELIABLE,IDO,51.87323900980236,0.7862347955513016,0.0007705100996402756,RELIABLE,RELIABLE,43.17795318177802,0.8393037713628985,0.0008225176959356404,RELIABLE,RELIABLE,10.207646365207088,0.9114623963897864,0.0008932331484619906,RELIABLE,RELIABLE
1095,7,Digit 2,1,Digit 1,max_nhat,OOD,OOD,104.15494148035127,0.8175089979776269,0.0008011588180180743,2,0.013661399553428266,1,7,False,97.58725975084468,0.7141414613535637,0.0006998586321264925,OOD,OOD,104.15494148035127,0.8175089979776269,0.0008011588180180743,OOD,OOD,65.52342372797311,0.8038475984241986,0.0007877706464557146,UNRELIABLE,IDO,61.071146938073944,0.7856394833878694,0.0007699266937201119,RELIABLE,RELIABLE,89.4093573727865,0.7732337456692455,0.0007577690707558606,OOD,OOD,46.011432777173944,0.7984910777144243,0.0007825212561601357,RELIABLE,RELIABLE
1096,7,Digit 2,7,Digit 2,max_nhat,RELIABLE,RELIABLE,31.98154603429973,0.8434632607729837,0.000826593995557524,2,0.03472499995734535,7,7,True,119.44277121478069,0.6857267910163036,0.0006720122551959776,OOD,OOD,225.82250830636775,0.7568512653180688,0.0007417142400117074,OOD,OOD,57.66896852319533,0.8087382608156384,0.0007925634955993256,RELIABLE,RELIABLE,51.06714031126252,0.8061399821845291,0.0007900171825408385,RELIABLE,RELIABLE,54.49273404224773,0.7837406202946136,0.0007680658078887213,RELIABLE,RELIABLE,31.98154603429973,0.8434632607729837,0.000826593995557524,RELIABLE,RELIABLE
1097,7,Digit 2,7,Digit 2,max_nhat,RELIABLE,RELIABLE,21.476091685617426,0.8612735006002376,0.0008440480305882328,4,0.06889272974305727,7,7,True,129.8551877745731,0.7090722941260674,0.000694890848243546,OOD,OOD,363.17260545782756,0.7811538177921818,0.0007655307414363382,OOD,OOD,161.2200830936863,0.7567421379813359,0.0007416072952217092,OOD,OOD,67.177485462714,0.7542960373046439,0.000739210116558551,UNRELIABLE,IDO,97.1638450093907,0.7923807708571803,0.0007765331554400366,OOD,OOD,21.476091685617426,0.8612735006002376,0.0008440480305882328,RELIABLE,RELIABLE
1098,7,Digit 2,7,Digit 2,max_nhat,RELIABLE,RELIABLE,8.82616694791716,0.9208736124188073,0.0009024561401704311,4,0.1198400504229521,7,7,True,75.33075355758125,0.7071298777575837,0.0006929872802024321,UNRELIABLE,IDO,203.10246173878946,0.7933598362744327,0.000777492639548944,OOD,OOD,72.97454315965724,0.7328199299124404,0.0007181635313141915,UNRELIABLE,IDO,46.72148845462796,0.7704577442551831,0.0007550485893700795,RELIABLE,RELIABLE,42.35417603028772,0.8010335619958552,0.0007850128907559381,RELIABLE,RELIABLE,8.82616694791716,0.9208736124188073,0.0009024561401704311,RELIABLE,RELIABLE
1099,7,Digit 2,3,Digit 3,max_nhat,RELIABLE,RELIABLE,32.9355029183036,0.8167634102095922,0.0008004281420054003,7,0.0012917665737010031,3,3,True,100.96619505028036,0.7054917225561426,0.0006913818881050197,OOD,OOD,307.97868432136954,0.7586373657117289,0.0007434646183974943,OOD,OOD,57.32781432900996,0.7822508620532189,0.0007666058448121545,RELIABLE,RELIABLE,32.9355029183036,0.8167634102095922,0.0008004281420054003,RELIABLE,RELIABLE,54.295928500653915,0.7758917997432625,0.0007603739637483972,RELIABLE,RELIABLE,41.357572910018625,0.8154716436358912,0.0007991622107631734,RELIABLE,RELIABLE
1100,7,Digit 2,7,Digit 2,max_nhat,RELIABLE,RELIABLE,13.833268841240237,0.8955447332818682,0.0008776338386162309,4,0.07577356255295742,7,7,True,157.0266994595961,0.7209101675861469,0.0007064919642344239,OOD,OOD,443.4642316766278,0.757968262996943,0.0007428088977370041,OOD,OOD,198.70449246457804,0.7478379232645157,0.0007328811647992254,OOD,OOD,78.05787803488408,0.754469797890735,0.0007393804019329203,UNRELIABLE,IDO,114.74316400411234,0.8197711707289108,0.0008033757473143325,OOD,OOD,13.833268841240237,0.8955447332818682,0.0008776338386162309,RELIABLE,RELIABLE
1101,7,Digit 2,7,Digit 2,max_nhat,RELIABLE,RELIABLE,25.22217984855094,0.8354060868083611,0.0008186979650721939,4,0.02585399946556699,7,7,True,117.75303113278244,0.72207658146452,0.0007076350498352296,OOD,OOD,501.8714793424597,0.7019748557999705,0.0006879353586839711,OOD,OOD,120.6849434962558,0.7550878460664648,0.0007399860891451355,OOD,OOD,69.54761528341488,0.7720590189733249,0.0007566178385938583,UNRELIABLE,IDO,59.18622308106448,0.8095520873427942,0.0007933610455959383,RELIABLE,RELIABLE,25.22217984855094,0.8354060868083611,0.0008186979650721939,RELIABLE,RELIABLE
1102,7,Digit 2,7,Digit 2,max_nhat,RELIABLE,RELIABLE,17.725971041696376,0.8767443503627752,0.0008592094633555196,2,0.03717477963100568,7,7,True,69.99332676437172,0.7197115522587643,0.0007053173212135889,UNRELIABLE,IDO,149.0414548467915,0.7815557592972213,0.0007659246441112769,OOD,OOD,42.87698436046228,0.8395695707317695,0.0008227781793171341,RELIABLE,RELIABLE,27.62932813549749,0.839526180376519,0.0008227356567689886,RELIABLE,RELIABLE,35.368100919131976,0.8304589607048399,0.0008138497814907431,RELIABLE,RELIABLE,17.725971041696376,0.8767443503627752,0.0008592094633555196,RELIABLE,RELIABLE
1103,7,Digit 2,7,Digit 2,max_nhat,RELIABLE,RELIABLE,30.95134695371452,0.8415828154643843,0.0008247511591550966,3,0.037598892502861636,7,7,True,71.56071719844786,0.6850359650985407,0.0006713352457965698,UNRELIABLE,IDO,157.6001839052993,0.7667795393351505,0.0007514439485484475,OOD,OOD,49.292136169204774,0.7962968740962502,0.0007803709366143251,RELIABLE,RELIABLE,33.43911722035557,0.8039839229615227,0.0007879042445022922,RELIABLE,RELIABLE,43.892751723788734,0.8004138465941982,0.0007844055696623142,RELIABLE,RELIABLE,30.95134695371452,0.8415828154643843,0.0008247511591550966,RELIABLE,RELIABLE
1104,7,Digit 2,7,Digit 2,max_nhat,RELIABLE,RELIABLE,22.773195936880363,0.8724515959022442,0.0008550025639841993,3,0.038896768650362734,7,7,True,73.72243077874015,0.7279183171241913,0.0007133599507817075,UNRELIABLE,IDO,170.57455898207633,0.7419197822717818,0.0007270813866263461,OOD,OOD,38.90808417368776,0.7965348762694385,0.0007806041787440497,RELIABLE,RELIABLE,30.66625623467749,0.8335548272518815,0.0008168837307068438,RELIABLE,RELIABLE,37.31399845253264,0.8040518142460449,0.0007879707779611239,RELIABLE,RELIABLE,22.773195936880363,0.8724515959022442,0.0008550025639841993,RELIABLE,RELIABLE
1105,7,Digit 2,7,Digit 2,max_nhat,RELIABLE,RELIABLE,13.119917084159024,0.8911097486681171,0.0008732875536947547,1,0.034876147045228456,7,7,True,109.73272073544861,0.717529846787473,0.0007031792498517235,OOD,OOD,206.61800054692955,0.8562336016228886,0.0008391089295904309,OOD,OOD,127.24305080674557,0.8031600250678733,0.0007870968245665158,OOD,OOD,56.21000330756143,0.7854186860153788,0.0007697103122950712,RELIABLE,RELIABLE,74.5415243892912,0.8318364960321727,0.0008151997661115292,UNRELIABLE,IDO,13.119917084159024,0.8911097486681171,0.0008732875536947547,RELIABLE,RELIABLE
1106,7,Digit 2,2,Digit 2,max_nhat,RELIABLE,RELIABLE,21.65780179513747,0.8515454801145222,0.0008345145705122318,3,0.029672313960090402,2,2,True,70.39077594355493,0.7609296247071793,0.0007457110322130357,UNRELIABLE,IDO,397.90842251961783,0.801398558981071,0.0007853705878014496,OOD,OOD,21.65780179513747,0.8515454801145222,0.0008345145705122318,RELIABLE,RELIABLE,43.100307434785854,0.8218731661544318,0.0008054357028313432,RELIABLE,RELIABLE,53.16632987585067,0.7684355475526807,0.0007530668366016271,RELIABLE,RELIABLE,159.8986946158186,0.7245776410224529,0.0007100860882020038,OOD,OOD
1107,7,Digit 2,4,Digit 4,max_nhat,RELIABLE,RELIABLE,23.91043365433483,0.880185323705785,0.0008625816172316693,7,0.0013712874226363692,4,7,False,51.88910815758452,0.7973038151538172,0.0007813577388507409,RELIABLE,RELIABLE,177.65021914315844,0.7564815731505258,0.0007413519416875152,OOD,OOD,45.73559610192714,0.8385977911159784,0.0008218258352936589,RELIABLE,RELIABLE,35.714555230787504,0.8127124459187691,0.0007964581970003938,RELIABLE,RELIABLE,23.91043365433483,0.880185323705785,0.0008625816172316693,RELIABLE,RELIABLE,18.30336736914287,0.8788140362831486,0.0008612377555574855,RELIABLE,RELIABLE
1108,7,Digit 2,7,Digit 2,max_nhat,RELIABLE,RELIABLE,17.087078360395473,0.8733292707819644,0.0008558626853663251,4,0.04351493798695716,7,7,True,84.22880510083922,0.7287337320635813,0.0007141590574223097,UNRELIABLE,IDO,265.836342016057,0.7929786639501378,0.000777119090671135,OOD,OOD,70.5706209331163,0.7674962329368147,0.0007521463082780784,UNRELIABLE,IDO,62.393959331974855,0.7498418575371811,0.0007348450203864375,UNRELIABLE,IDO,41.497731764074786,0.8298143327950073,0.0008132180461391071,RELIABLE,RELIABLE,17.087078360395473,0.8733292707819644,0.0008558626853663251,RELIABLE,RELIABLE
1109,7,Digit 2,7,Digit 2,max_nhat,RELIABLE,RELIABLE,27.28412006573413,0.8475587013863298,0.0008306075273586032,4,0.017677347237869956,7,7,True,87.74047027911973,0.72950618336896,0.0007149160597015808,OOD,OOD,211.18213226606608,0.7267626688494773,0.0007122274154724877,OOD,OOD,36.23949860473588,0.8150341280083413,0.0007987334454481745,RELIABLE,RELIABLE,61.50100061627345,0.7912880071643186,0.0007754622470210322,RELIABLE,RELIABLE,27.338048579310694,0.8298813541484599,0.0008132837270654906,RELIABLE,RELIABLE,27.28412006573413,0.8475587013863298,0.0008306075273586032,RELIABLE,RELIABLE
1110,7,Digit 2,2,Digit 2,max_nhat,RELIABLE,RELIABLE,36.356999923127034,0.831823065940065,0.0008151866046212637,3,0.01679911247733945,2,2,True,74.48028184371998,0.7264906911287388,0.000711960877306164,UNRELIABLE,IDO,611.7408562135113,0.7416232088688217,0.0007267907446914453,OOD,OOD,36.356999923127034,0.831823065940065,0.0008151866046212637,RELIABLE,RELIABLE,64.5851645399036,0.8150239534627256,0.0007987234743934711,UNRELIABLE,IDO,46.39637025381684,0.783278701283427,0.0007676131272577585,RELIABLE,RELIABLE,57.378626602135256,0.8018390921754425,0.0007858023103319336,RELIABLE,RELIABLE
1111,7,Digit 2,7,Digit 2,max_nhat,RELIABLE,RELIABLE,13.11956263542579,0.8978006669452725,0.000879844653606367,4,0.05206259685681014,7,7,True,99.88321413339906,0.7172474844283747,0.0007029025347398072,OOD,OOD,255.1322991497459,0.7549744185422748,0.0007398749301714292,OOD,OOD,84.87559625545727,0.8002066722287572,0.000784202538784182,UNRELIABLE,IDO,47.7315892071434,0.8101077588458583,0.0007939056036689411,RELIABLE,RELIABLE,48.988567850890206,0.8457380700884624,0.0008288233086866931,RELIABLE,RELIABLE,13.11956263542579,0.8978006669452725,0.000879844653606367,RELIABLE,RELIABLE
1112,7,Digit 2,7,Digit 2,max_nhat,RELIABLE,RELIABLE,22.008867465405743,0.8800823366705162,0.0008624806899371058,1,0.002649370106956428,7,7,True,60.908511694551514,0.7076485857661645,0.0006934956140508412,RELIABLE,RELIABLE,34.845312683033185,0.8774329665635597,0.0008598843072322885,RELIABLE,RELIABLE,36.72936786077242,0.7827064502044313,0.0007670523212003426,RELIABLE,RELIABLE,37.75410548725373,0.7990912559578942,0.0007831094308387363,RELIABLE,RELIABLE,32.25471955559052,0.8264501325855789,0.0008099211299338673,RELIABLE,RELIABLE,22.008867465405743,0.8800823366705162,0.0008624806899371058,RELIABLE,RELIABLE
1113,7,Digit 2,7,Digit 2,max_nhat,OOD,OOD,88.77722610793363,0.819619188395113,0.0008032268046272108,4,0.029289736316020942,7,4,False,117.71449275757983,0.7327177078185008,0.0007180633536621307,OOD,OOD,682.0476905649646,0.6852510101898321,0.0006715459899860355,OOD,OOD,157.41901627545488,0.7008598702600546,0.0006868426728548534,OOD,OOD,132.88500282103286,0.7422789505912493,0.0007274333715794242,OOD,OOD,74.9043726137099,0.7903294520790921,0.0007745228630375102,UNRELIABLE,IDO,88.77722610793363,0.819619188395113,0.0008032268046272108,OOD,OOD
1114,7,Digit 2,7,Digit 2,max_nhat,RELIABLE,RELIABLE,11.74065001883813,0.8978865933194083,0.0008799288614530201,4,0.057167031264148016,7,7,True,77.0342643990704,0.7650061883333731,0.0007497060645667055,UNRELIABLE,IDO,203.39758226205555,0.8141215748685071,0.000797839143371137,OOD,OOD,71.14573031503234,0.7784923636972647,0.0007629225164233194,UNRELIABLE,IDO,42.58842268928481,0.8022664629091493,0.0007862211336509663,RELIABLE,RELIABLE,39.60690105188043,0.8407195620552603,0.0008239051708141551,RELIABLE,RELIABLE,11.74065001883813,0.8978865933194083,0.0008799288614530201,RELIABLE,RELIABLE
1115,7,Digit 2,4,Digit 4,max_nhat,OOD,OOD,110.08852341622494,0.7582114361316704,0.0007430472074090369,7,0.025703511332103912,4,4,True,149.62624267415015,0.7034896227691252,0.0006894198303137427,OOD,OOD,1270.2742035708488,0.6694450326977496,0.0006560561320437945,OOD,OOD,204.77165397533696,0.6772892825132272,0.0006637434968629626,OOD,OOD,183.6859939773601,0.6668593276251302,0.0006535221410726276,OOD,OOD,110.08852341622494,0.7582114361316704,0.0007430472074090369,OOD,OOD,156.83184598235897,0.7325079247995665,0.0007178577663035752,OOD,OOD
1116,7,Digit 2,7,Digit 2,max_nhat,RELIABLE,RELIABLE,17.045020853756007,0.8832143552614902,0.0008655500681562603,4,0.051772867287452784,7,7,True,101.4654155856867,0.7451457334625392,0.0007302428187932884,OOD,OOD,442.0726649394617,0.766510733899525,0.0007511805192215344,OOD,OOD,108.8090310269737,0.7742856523276974,0.0007587999392811434,OOD,OOD,57.0145393594522,0.7978558490049531,0.000781898732024854,RELIABLE,RELIABLE,58.03770331445152,0.8314414879740374,0.0008148126582145566,RELIABLE,RELIABLE,17.045020853756007,0.8832143552614902,0.0008655500681562603,RELIABLE,RELIABLE
1117,7,Digit 2,2,Digit 2,max_nhat,OOD,OOD,112.87806125407661,0.788499703884094,0.0007727297098064121,3,0.011166391429940914,2,2,True,136.05620201427013,0.6993704410333093,0.0006853830322126431,OOD,OOD,435.6693062531578,0.697189571999718,0.0006832457805597236,OOD,OOD,112.87806125407661,0.788499703884094,0.0007727297098064121,OOD,OOD,119.79787406895238,0.777333312454153,0.00076178664620507,OOD,OOD,290.40771306714595,0.7350420617224857,0.0007203412204880359,OOD,OOD,289.06681339204164,0.6798676324744021,0.0006662702798249141,OOD,OOD
1118,7,Digit 2,7,Digit 2,max_nhat,RELIABLE,RELIABLE,11.505665802298836,0.9023327679080518,0.0008842861125498908,1,0.07334527308561767,7,7,True,98.55944728550543,0.7224120797087842,0.0007079638381146085,OOD,OOD,209.16086127165357,0.8289874948224342,0.0008124077449259855,OOD,OOD,113.9683398790132,0.7900468983380224,0.000774245960371262,OOD,OOD,53.507509185293394,0.7806957550908468,0.0007650818399890299,RELIABLE,RELIABLE,70.89024793018051,0.8249961443117761,0.0008084962214255406,UNRELIABLE,IDO,11.505665802298836,0.9023327679080518,0.0008842861125498908,RELIABLE,RELIABLE
1119,7,Digit 2,7,Digit 2,max_nhat,RELIABLE,RELIABLE,40.856678033477685,0.8643769387238669,0.0008470893999493896,4,0.06143775743519764,7,7,True,142.71280169977484,0.7347359398488993,0.0007200412210519213,OOD,OOD,439.00500056313444,0.7434026096748783,0.0007285345574813807,OOD,OOD,143.40724157768295,0.747955099517683,0.0007329959975273294,OOD,OOD,114.85597590741403,0.7636345417127416,0.0007483618508784867,OOD,OOD,106.95015327010995,0.8029391812886693,0.0007868803976628959,OOD,OOD,40.856678033477685,0.8643769387238669,0.0008470893999493896,RELIABLE,RELIABLE
1120,7,Digit 2,7,Digit 2,max_nhat,RELIABLE,RELIABLE,11.465093316169924,0.9063596401188442,0.0008882324473164673,4,0.06686350653092499,7,7,True,51.056069643192004,0.7528543616574507,0.0007377972744243016,RELIABLE,RELIABLE,76.5236349188172,0.8342487082066931,0.0008175637340425592,UNRELIABLE,IDO,37.39180569714874,0.7892467907372644,0.0007734618549225191,RELIABLE,RELIABLE,30.672819809334662,0.8222106848725577,0.0008057664711751065,RELIABLE,RELIABLE,27.935050357961735,0.8394961335879192,0.0008227062109161608,RELIABLE,RELIABLE,11.465093316169924,0.9063596401188442,0.0008882324473164673,RELIABLE,RELIABLE
1121,7,Digit 2,7,Digit 2,max_nhat,RELIABLE,RELIABLE,45.78467421240373,0.8134651501731038,0.0007971958471696417,4,0.0012575813370203637,7,7,True,119.36197354119527,0.6969274355705579,0.0006829888868591467,OOD,OOD,415.19123925494114,0.7239629575006853,0.0007094836983506716,OOD,OOD,151.1220619455243,0.7277736983380577,0.0007132182243712966,OOD,OOD,86.10424708128431,0.7027793887469924,0.0006887238009720526,OOD,OOD,80.06183512680485,0.8122075688360835,0.0007959634174593618,UNRELIABLE,IDO,45.78467421240373,0.8134651501731038,0.0007971958471696417,RELIABLE,RELIABLE
1122,7,Digit 2,7,Digit 2,max_nhat,UNRELIABLE,IDO,62.76334194010314,0.808112638649765,0.0007919503858767697,4,0.043523707094948016,7,7,True,175.03180012905548,0.712832135159474,0.0006985754924562845,OOD,OOD,761.8689834419399,0.671539399305446,0.0006581086113193371,OOD,OOD,102.46572150555757,0.7093305302103778,0.0006951439196061702,OOD,OOD,159.3791631421323,0.7288738907399878,0.000714296412925188,OOD,OOD,63.11580441517186,0.764588931554817,0.0007492971529237207,UNRELIABLE,IDO,62.76334194010314,0.808112638649765,0.0007919503858767697,UNRELIABLE,IDO
1123,7,Digit 2,7,Digit 2,max_nhat,RELIABLE,RELIABLE,42.9723252013699,0.8255686165486904,0.0008090572442177165,2,0.020886760299971052,7,7,True,156.64688055753567,0.660625128405471,0.0006474126258373616,OOD,OOD,196.849488646282,0.7752737265558662,0.0007597682520247489,OOD,OOD,58.80340670870893,0.8046818562487194,0.000788588219123745,RELIABLE,RELIABLE,53.12245377647168,0.7871987242536348,0.0007714547497685621,RELIABLE,RELIABLE,59.9025407208035,0.7948467486116761,0.0007789498136394426,RELIABLE,RELIABLE,42.9723252013699,0.8255686165486904,0.0008090572442177165,RELIABLE,RELIABLE
1124,7,Digit 2,7,Digit 2,max_nhat,RELIABLE,RELIABLE,24.470661141389154,0.8667004952440979,0.0008493664853392159,4,0.03379172854746937,7,7,True,57.51025621050961,0.7308498907944502,0.0007162328929785611,RELIABLE,RELIABLE,93.9376564535119,0.8226162494261411,0.0008061639244376183,OOD,OOD,33.8222942509877,0.7881511029062769,0.0007723880808481514,RELIABLE,RELIABLE,38.67938275067753,0.8011501058970502,0.0007851271037791092,RELIABLE,RELIABLE,31.077297320247084,0.8329087666966285,0.0008162505913626959,RELIABLE,RELIABLE,24.470661141389154,0.8667004952440979,0.0008493664853392159,RELIABLE,RELIABLE
1125,7,Digit 2,2,Digit 2,max_nhat,RELIABLE,RELIABLE,61.92409016503747,0.8418299940514833,0.0008249933941704536,1,0.015409904386205708,2,3,False,88.66493033178534,0.7150173230846696,0.0007007169766229762,OOD,OOD,105.29390154325883,0.8264200896652776,0.000809891687871972,OOD,OOD,61.92409016503747,0.8418299940514833,0.0008249933941704536,RELIABLE,RELIABLE,42.37674529739241,0.7921732292533867,0.000776329764668319,RELIABLE,RELIABLE,60.22313935440464,0.8148413429413668,0.0007985445160825394,RELIABLE,RELIABLE,49.02009439366725,0.7886178702361148,0.0007728455128313926,RELIABLE,RELIABLE
1126,7,Digit 2,7,Digit 2,max_nhat,RELIABLE,RELIABLE,53.64498376475227,0.7875282717555322,0.0007717777063204215,4,0.02322157481617626,7,4,False,105.66142363246692,0.6972647959423146,0.0006833195000234683,OOD,OOD,630.578965943329,0.6415045651529404,0.0006286744738498816,OOD,OOD,79.38971399294505,0.6938565906246118,0.0006799794588121195,UNRELIABLE,IDO,75.16188874996723,0.7075833249736041,0.000693431658474132,UNRELIABLE,IDO,42.66250892823133,0.7643066969393559,0.0007490205630005688,RELIABLE,RELIABLE,53.64498376475227,0.7875282717555322,0.0007717777063204215,RELIABLE,RELIABLE
1127,7,Digit 2,4,Digit 4,max_nhat,RELIABLE,RELIABLE,31.370531110607068,0.8415469367970412,0.0008247159980611003,7,0.013151419349424542,4,4,True,65.69600931629485,0.7838923316980843,0.0007682144850641226,UNRELIABLE,IDO,391.16101708114206,0.7121979230975451,0.0006979539646355942,OOD,OOD,75.28615521900794,0.7218521274782527,0.0007074150849286876,UNRELIABLE,IDO,72.92052194115713,0.7720477281041367,0.0007566067735420539,UNRELIABLE,IDO,31.370531110607068,0.8415469367970412,0.0008247159980611003,RELIABLE,RELIABLE,75.19585778549494,0.8283955174476166,0.0008118276070986643,UNRELIABLE,IDO
1128,7,Digit 2,7,Digit 2,max_nhat,RELIABLE,RELIABLE,12.857003481069011,0.8972384671932617,0.0008792936978493965,4,0.05952867917905369,7,7,True,71.68730371344195,0.7183344011613868,0.0007039677131381591,UNRELIABLE,IDO,175.65662272908008,0.7841681768225608,0.0007684848132861095,OOD,OOD,55.25191822918061,0.8034377610113587,0.0007873690057911315,RELIABLE,RELIABLE,53.1296799561643,0.7800452976259897,0.0007644443916734699,RELIABLE,RELIABLE,27.369506590273573,0.837709788014208,0.0008209555922539238,RELIABLE,RELIABLE,12.857003481069011,0.8972384671932617,0.0008792936978493965,RELIABLE,RELIABLE
1129,7,Digit 2,7,Digit 2,max_nhat,RELIABLE,RELIABLE,38.766717248295116,0.8742189022718082,0.000856734524226372,4,0.022467851051872545,7,4,False,60.66106956923383,0.7269152664213181,0.0007123769610928917,RELIABLE,RELIABLE,276.85353131849456,0.7493158114857865,0.0007343294952560708,OOD,OOD,62.844019455482716,0.736277590464587,0.0007215520386552952,UNRELIABLE,IDO,45.26796567228117,0.7465302458408163,0.000731599640924,RELIABLE,RELIABLE,29.924416237207456,0.8517510512199357,0.0008347160301955369,RELIABLE,RELIABLE,38.766717248295116,0.8742189022718082,0.000856734524226372,RELIABLE,RELIABLE
1130,7,Digit 2,7,Digit 2,max_nhat,RELIABLE,RELIABLE,33.1321292866826,0.8591134255597492,0.0008419311570485543,4,0.026592560694638778,7,2,False,63.592881239943594,0.71188462448721,0.0006976469319974658,UNRELIABLE,IDO,86.26816100530328,0.8195319308174113,0.000803141292201063,OOD,OOD,30.546410646053044,0.7989923142208539,0.0007830124679364368,RELIABLE,RELIABLE,36.1496067419522,0.7773963229165111,0.0007618483964581808,RELIABLE,RELIABLE,34.00202548680268,0.8325208648651105,0.0008158704475678082,RELIABLE,RELIABLE,33.1321292866826,0.8591134255597492,0.0008419311570485543,RELIABLE,RELIABLE
1131,7,Digit 2,7,Digit 2,max_nhat,RELIABLE,RELIABLE,18.285666926608123,0.8622472125585011,0.0008450022683073311,4,0.03782931815555124,7,7,True,69.2657654079135,0.713915187983337,0.0006996368842236702,UNRELIABLE,IDO,179.3443461294136,0.7631457537256466,0.0007478828386511336,OOD,OOD,44.56166074954053,0.8106418961553868,0.0007944290582322791,RELIABLE,RELIABLE,36.71043849485137,0.79940707330082,0.0007834189318348036,RELIABLE,RELIABLE,32.65488014941789,0.8244178944029499,0.0008079295365148909,RELIABLE,RELIABLE,18.285666926608123,0.8622472125585011,0.0008450022683073311,RELIABLE,RELIABLE
1132,7,Digit 2,7,Digit 2,max_nhat,RELIABLE,RELIABLE,12.16256444621528,0.9021061815687761,0.0008840640579374006,4,0.04804302692031748,7,7,True,85.96627274361467,0.7333560740664272,0.0007186889525850987,OOD,OOD,228.00607956089522,0.7696580814778069,0.0007542649198482508,OOD,OOD,85.32281522643974,0.791351590367178,0.0007755245585598343,UNRELIABLE,IDO,44.20376773001985,0.7925474995778583,0.0007766965495863011,RELIABLE,RELIABLE,51.954605979484974,0.8540631546484586,0.0008369818915554894,RELIABLE,RELIABLE,12.16256444621528,0.9021061815687761,0.0008840640579374006,RELIABLE,RELIABLE
1133,7,Digit 2,7,Digit 2,max_nhat,RELIABLE,RELIABLE,16.59881132611763,0.8750067144990052,0.0008575065802090251,4,0.023421370790232432,7,7,True,76.53756065921331,0.7686700094954224,0.0007532966093055139,UNRELIABLE,IDO,265.5980733157793,0.8154849799830487,0.0007991752803833877,OOD,OOD,78.99067933068686,0.7868586679109125,0.0007711214945526942,UNRELIABLE,IDO,45.567326353202354,0.8102361704979406,0.0007940314470879818,RELIABLE,RELIABLE,36.58343407944574,0.8515853437087728,0.0008345536368345973,RELIABLE,RELIABLE,16.59881132611763,0.8750067144990052,0.0008575065802090251,RELIABLE,RELIABLE
1134,7,Digit 2,7,Digit 2,max_nhat,RELIABLE,RELIABLE,45.84217929031043,0.801850819965066,0.0007858138035657647,4,0.030389250728562023,7,7,True,189.52084734744153,0.6861543272866756,0.0006724312407409421,OOD,OOD,910.2238445285809,0.7118169880802484,0.0006975806483186434,OOD,OOD,221.55943461150625,0.7093375309296565,0.0006951507803110633,OOD,OOD,120.45963234058486,0.7199732777388581,0.000705573812184081,OOD,OOD,119.04282958203301,0.771461569236504,0.0007560323378517739,OOD,OOD,45.84217929031043,0.801850819965066,0.0007858138035657647,RELIABLE,RELIABLE
1135,7,Digit 2,7,Digit 2,max_nhat,RELIABLE,RELIABLE,50.70049839296199,0.8528965079343622,0.000835838577775675,4,0.05443311967198616,7,4,False,75.4863429414827,0.6942199644225531,0.000680335565134102,UNRELIABLE,IDO,325.13217870803544,0.7047091085047813,0.0006906149263346857,OOD,OOD,73.9285412939511,0.7444718965979711,0.0007295824586660116,UNRELIABLE,IDO,63.89012140480636,0.7362617751230169,0.0007215365396205566,UNRELIABLE,IDO,42.48593578697625,0.7984633882623761,0.0007824941204971286,RELIABLE,RELIABLE,50.70049839296199,0.8528965079343622,0.000835838577775675,RELIABLE,RELIABLE
1136,7,Digit 2,7,Digit 2,max_nhat,OOD,OOD,144.20863451036558,0.7463446906313356,0.0007314177968187088,4,0.02141673557999746,7,4,False,363.44168625360953,0.6358746207048078,0.0006231571282907117,OOD,OOD,1413.097647660191,0.6230254184983853,0.0006105649101284176,OOD,OOD,181.26778813498123,0.679686632212267,0.0006660928995680216,OOD,OOD,327.5776089561643,0.7037882109034402,0.0006897124466853714,OOD,OOD,130.68819266132846,0.7249279550513381,0.0007104293959503113,OOD,OOD,144.20863451036558,0.7463446906313356,0.0007314177968187088,OOD,OOD
1137,7,Digit 2,7,Digit 2,max_nhat,RELIABLE,RELIABLE,35.397852570822025,0.8380823245129249,0.0008213206780226663,1,0.027873932490856346,7,7,True,72.24207218260364,0.733714101626629,0.0007190398195940964,UNRELIABLE,IDO,187.4829724333862,0.8102083920220685,0.0007940042241816271,OOD,OOD,83.34824719624876,0.773662790867317,0.0007581895350499706,UNRELIABLE,IDO,52.57357365252081,0.7797964036951083,0.0007642004756212061,RELIABLE,RELIABLE,69.45871247678394,0.7901442961585823,0.0007743414102354106,UNRELIABLE,IDO,35.397852570822025,0.8380823245129249,0.0008213206780226663,RELIABLE,RELIABLE
1138,7,Digit 2,7,Digit 2,max_nhat,RELIABLE,RELIABLE,21.284646442878252,0.8571840576717786,0.000840040376518343,1,0.01933491527720499,7,7,True,72.9131079146446,0.7116846265281457,0.0006974509339975828,UNRELIABLE,IDO,112.7312747167965,0.8378491423945736,0.0008210921595466821,OOD,OOD,57.10534597439463,0.8340843421362037,0.0008174026552934797,RELIABLE,RELIABLE,34.667021129304935,0.8104013256585813,0.0007941932991454096,RELIABLE,RELIABLE,48.06226247373388,0.817336808018979,0.0008009900718585994,RELIABLE,RELIABLE,21.284646442878252,0.8571840576717786,0.000840040376518343,RELIABLE,RELIABLE
1139,7,Digit 2,7,Digit 2,max_nhat,RELIABLE,RELIABLE,38.255750299091325,0.8284668031161263,0.0008118974670538037,3,0.053363268114150486,7,7,True,90.34133628898627,0.6991551256726705,0.000685172023159217,OOD,OOD,256.8585333855947,0.719584028773646,0.0007051923481981731,OOD,OOD,60.927265563800795,0.7724528246680447,0.0007570037681746837,RELIABLE,RELIABLE,45.08680755199056,0.7751035350019758,0.0007596014643019362,RELIABLE,RELIABLE,58.95264169221047,0.7684795648164157,0.0007531099735200873,RELIABLE,RELIABLE,38.255750299091325,0.8284668031161263,0.0008118974670538037,RELIABLE,RELIABLE
1140,7,Digit 2,7,Digit 2,max_nhat,RELIABLE,RELIABLE,30.3084098035241,0.8333631183070211,0.0008166958559408807,3,0.010183015481180724,7,7,True,78.47781863759516,0.7632319958344118,0.0007479673559177236,UNRELIABLE,IDO,150.9618761393332,0.8227262487174409,0.000806271723743092,OOD,OOD,74.7170171959244,0.8145051237213785,0.0007982150212469509,UNRELIABLE,IDO,40.26834306450699,0.8231801028258404,0.0008067165007693235,RELIABLE,RELIABLE,63.10512376602292,0.7878129187736854,0.0007720566603982117,UNRELIABLE,IDO,30.3084098035241,0.8333631183070211,0.0008166958559408807,RELIABLE,RELIABLE
1141,7,Digit 2,1,Digit 1,max_nhat,RELIABLE,RELIABLE,31.457919815618244,0.8911146417856894,0.0008732923489499756,7,0.08113185812142254,1,2,False,65.52086932842053,0.7066942467816106,0.0006925603618459784,UNRELIABLE,IDO,31.457919815618244,0.8911146417856894,0.0008732923489499756,RELIABLE,RELIABLE,31.41294925549887,0.8042811865666964,0.0007881955628353625,RELIABLE,RELIABLE,36.848093067210165,0.8022048082692241,0.0007861607121038396,RELIABLE,RELIABLE,47.507491351965676,0.78664411677355,0.000770911234438079,RELIABLE,RELIABLE,58.11070885001826,0.8099827836642669,0.0007937831279909816,RELIABLE,RELIABLE
1142,7,Digit 2,1,Digit 1,max_nhat,OOD,OOD,304.6312180345895,0.7969347576485858,0.0007809960624956141,7,0.020510106950345053,1,7,False,134.66543987197656,0.6850162111317059,0.0006713158869090717,OOD,OOD,304.6312180345895,0.7969347576485858,0.0007809960624956141,OOD,OOD,124.06378874663652,0.7359387598871742,0.0007212199846894306,OOD,OOD,94.8051421358737,0.7214904404226847,0.000707060631614231,OOD,OOD,122.8475984776214,0.7553805141870904,0.0007402729039033486,OOD,OOD,52.080377327435,0.7764246506982407,0.0007608961576842758,RELIABLE,RELIABLE
1143,7,Digit 2,7,Digit 2,max_nhat,UNRELIABLE,IDO,75.20382898686711,0.7885969549127538,0.0007728250158144987,4,0.004125502375137202,7,4,False,118.89090548390487,0.7113371512021673,0.0006971104081781239,OOD,OOD,518.378655550867,0.6858663077284926,0.0006721489815739226,OOD,OOD,87.87053436974058,0.7016671265185932,0.0006876337839882213,OOD,OOD,117.70929715379336,0.7415056106604209,0.0007266754984472124,OOD,OOD,45.37831483468736,0.7844714525376166,0.0007687820234868642,RELIABLE,RELIABLE,75.20382898686711,0.7885969549127538,0.0007728250158144987,UNRELIABLE,IDO
1144,7,Digit 2,4,Digit 4,max_nhat,OOD,OOD,99.85320218671797,0.7954735542288492,0.0007795640831442722,3,0.03006319852409678,4,7,False,118.61223178404933,0.73771160820134,0.0007229573760373131,OOD,OOD,365.1075680135155,0.7551144342543111,0.0007400121455692249,OOD,OOD,138.3454617136655,0.7602240437527263,0.0007450195628776717,OOD,OOD,82.81950875858043,0.7654103557047525,0.0007501021485906574,UNRELIABLE,IDO,99.85320218671797,0.7954735542288492,0.0007795640831442722,OOD,OOD,62.20790794991992,0.7556890480013785,0.0007405752670413509,UNRELIABLE,IDO
1145,7,Digit 2,7,Digit 2,max_nhat,RELIABLE,RELIABLE,27.919495235244753,0.9042273803799702,0.0008861428327723707,4,0.07009048648588823,7,7,True,126.27291961512137,0.7278842045375377,0.0007133265204467869,OOD,OOD,160.44378219318256,0.7962747380724463,0.0007803492433109974,OOD,OOD,36.5369690925511,0.7811116441495382,0.0007654894112665473,RELIABLE,RELIABLE,44.25322095831215,0.7868997108429218,0.0007711617166260633,RELIABLE,RELIABLE,41.60600689428931,0.834136893894082,0.0008174541560162003,RELIABLE,RELIABLE,27.919495235244753,0.9042273803799702,0.0008861428327723707,RELIABLE,RELIABLE
1146,7,Digit 2,7,Digit 2,max_nhat,RELIABLE,RELIABLE,57.55862626723672,0.7734139418265675,0.0007579456629900361,3,0.0494272327163201,7,7,True,180.42634994743653,0.7096250339249979,0.0006954325332464979,OOD,OOD,1020.945737162154,0.6545927098779482,0.0006415008556803892,OOD,OOD,203.5939732055407,0.696828403004634,0.0006828918349445413,OOD,OOD,106.19501462956225,0.7239867091102474,0.0007095069749280424,OOD,OOD,136.19536106424067,0.702589342649554,0.0006885375557965629,OOD,OOD,57.55862626723672,0.7734139418265675,0.0007579456629900361,RELIABLE,RELIABLE
1147,7,Digit 2,1,Digit 1,max_nhat,RELIABLE,RELIABLE,14.604390035395923,0.9081899446179319,0.0008900261457255732,4,0.0702664309458576,1,1,True,70.65835830350056,0.7103550551451986,0.0006961479540422946,UNRELIABLE,IDO,14.604390035395923,0.9081899446179319,0.0008900261457255732,RELIABLE,RELIABLE,25.677729804444333,0.8286172198630359,0.0008120448754657752,RELIABLE,RELIABLE,29.47551285973229,0.8134820142355548,0.0007972123739508436,RELIABLE,RELIABLE,33.13960483234492,0.8379235136720743,0.0008211650433986328,RELIABLE,RELIABLE,44.600410608663694,0.8339361738243484,0.0008172574503478614,RELIABLE,RELIABLE
1148,7,Digit 2,7,Digit 2,max_nhat,RELIABLE,RELIABLE,18.34953133840475,0.8791786452177036,0.0008615950723133495,4,0.04293487315679001,7,7,True,67.80492547678438,0.7618495234562647,0.0007466125329871394,UNRELIABLE,IDO,147.51097349984022,0.8104748799595763,0.0007942653823603848,OOD,OOD,56.43402317746954,0.8087235392006339,0.0007925490684166211,RELIABLE,RELIABLE,34.45338217339558,0.8276074964975303,0.0008110553465675796,RELIABLE,RELIABLE,40.90947797137979,0.8362437720609136,0.0008195188966196954,RELIABLE,RELIABLE,18.34953133840475,0.8791786452177036,0.0008615950723133495,RELIABLE,RELIABLE
1149,7,Digit 2,7,Digit 2,max_nhat,OOD,OOD,116.54204381597805,0.7634429832384584,0.0007481741235736891,4,0.03681353889692973,7,4,False,203.8126121602775,0.6641331649371061,0.0006508505016383639,OOD,OOD,1108.3134665495668,0.6441094268198043,0.0006312272382834082,OOD,OOD,162.04846039954114,0.6711454414915193,0.000657722532661689,OOD,OOD,190.44898898682038,0.6952719483886667,0.0006813665094208934,OOD,OOD,92.65802136418819,0.7266294443415287,0.000712096855454698,OOD,OOD,116.54204381597805,0.7634429832384584,0.0007481741235736891,OOD,OOD
1150,7,Digit 2,1,Digit 1,max_nhat,RELIABLE,RELIABLE,46.387502479962066,0.8331880351412022,0.0008165242744383782,2,0.0021804794420798856,1,2,False,67.27773682675401,0.7422248973538094,0.0007273803994067332,UNRELIABLE,IDO,46.387502479962066,0.8331880351412022,0.0008165242744383782,RELIABLE,RELIABLE,25.602285432380455,0.8310075556991223,0.0008143874045851399,RELIABLE,RELIABLE,36.01884398119097,0.8191306044176403,0.0008027479923292875,RELIABLE,RELIABLE,30.96903526308939,0.8173685636413115,0.0008010211923684853,RELIABLE,RELIABLE,50.015509397432396,0.7752177169856891,0.0007597133626459753,RELIABLE,RELIABLE
1151,7,Digit 2,7,Digit 2,max_nhat,RELIABLE,RELIABLE,52.52880406468091,0.7529942687225071,0.000737934383348057,2,0.046189655553116715,7,7,True,223.76281313126378,0.6812223491369259,0.0006675979021541874,OOD,OOD,1017.8587034860554,0.7035058709150018,0.0006894357534967017,OOD,OOD,271.1406030236584,0.7068046131693904,0.0006926685209060025,OOD,OOD,115.86677974262898,0.6971043325484204,0.000683162245897452,OOD,OOD,172.6430049927236,0.6886322772388027,0.0006748596316940266,OOD,OOD,52.52880406468091,0.7529942687225071,0.000737934383348057,RELIABLE,RELIABLE
1152,7,Digit 2,7,Digit 2,max_nhat,RELIABLE,RELIABLE,22.037792075347326,0.8505960507835898,0.0008335841297679179,4,0.03958541968501472,7,7,True,78.57625888242873,0.7293953411339394,0.0007148074343112606,UNRELIABLE,IDO,226.4696867866134,0.7688409990723128,0.0007534641790908666,OOD,OOD,59.68644924402091,0.7615581963542432,0.0007463270324271583,RELIABLE,RELIABLE,59.60263790456309,0.7816030456483767,0.0007659709847354091,RELIABLE,RELIABLE,32.972657967815266,0.8110106310985751,0.0007947904184766036,RELIABLE,RELIABLE,22.037792075347326,0.8505960507835898,0.0008335841297679179,RELIABLE,RELIABLE
1153,7,Digit 2,7,Digit 2,max_nhat,RELIABLE,RELIABLE,44.44008810533019,0.7893612773496105,0.0007735740518026183,4,0.01228880923721054,7,7,True,106.28950958606795,0.6866631064646795,0.000672929844335386,OOD,OOD,640.0989069097875,0.7244865685989659,0.0007099968372269866,OOD,OOD,122.19558256477664,0.7167364164032587,0.0007024016880751935,OOD,OOD,82.89635852117965,0.7325673533713588,0.0007179160063039316,UNRELIABLE,IDO,65.17214250732302,0.7770724681123999,0.0007615310187501519,UNRELIABLE,IDO,44.44008810533019,0.7893612773496105,0.0007735740518026183,RELIABLE,RELIABLE
1154,7,Digit 2,3,Digit 3,max_nhat,RELIABLE,RELIABLE,36.63887851815489,0.818325959271965,0.0008019594400865257,2,0.004683966063330769,3,3,True,93.15877608561308,0.6934874046133798,0.0006796176565211122,OOD,OOD,259.4522818599988,0.7557950761111156,0.0007406791745888933,OOD,OOD,72.56556708580005,0.8136419932086343,0.0007973691533444616,UNRELIABLE,IDO,36.63887851815489,0.818325959271965,0.0008019594400865257,RELIABLE,RELIABLE,67.03211261265251,0.7706409172299843,0.0007552280988853846,UNRELIABLE,IDO,39.34336975573524,0.8037654765952857,0.00078769016706338,RELIABLE,RELIABLE
1155,7,Digit 2,7,Digit 2,max_nhat,RELIABLE,RELIABLE,12.920882762404037,0.8920010751541565,0.0008741610536510733,4,0.06609199230588703,7,7,True,101.44820662236381,0.7178128919117951,0.0007034566340735592,OOD,OOD,299.33700027669033,0.760893179338552,0.000745675315751781,OOD,OOD,71.98513650370383,0.7747561902669599,0.0007592610664616206,UNRELIABLE,IDO,54.470657582358214,0.7944687685168571,0.00077857939314652,RELIABLE,RELIABLE,43.66679361235603,0.8259090828482695,0.0008093909011913041,RELIABLE,RELIABLE,12.920882762404037,0.8920010751541565,0.0008741610536510733,RELIABLE,RELIABLE
1156,7,Digit 2,7,Digit 2,max_nhat,OOD,OOD,86.1371344929342,0.7708019489124911,0.0007553859099342413,4,0.043007965968287376,7,7,True,217.31289251550064,0.7107810836579044,0.0006965654619847463,OOD,OOD,1260.612113434737,0.6415441981565747,0.0006287133141934432,OOD,OOD,245.26909399652732,0.674806584327176,0.0006613104526406325,OOD,OOD,183.8136162210075,0.692011027367911,0.0006781708068205527,OOD,OOD,168.91806603572283,0.7277939829442037,0.0007132381032853196,OOD,OOD,86.1371344929342,0.7708019489124911,0.0007553859099342413,OOD,OOD
1157,7,Digit 2,7,Digit 2,max_nhat,OOD,OOD,119.05912562590387,0.782902617936789,0.0007672445655780532,4,0.047988373962498776,7,4,False,203.33233904993403,0.6507522102687444,0.0006377371660633695,OOD,OOD,877.2816775951486,0.645627943118743,0.0006327153842563682,OOD,OOD,125.3642006514572,0.6907155619019497,0.0006769012506639107,OOD,OOD,207.71345446186106,0.7134132011798634,0.0006991449371562661,OOD,OOD,79.52402143923295,0.7349142439742902,0.0007202159590948043,UNRELIABLE,IDO,119.05912562590387,0.782902617936789,0.0007672445655780532,OOD,OOD
1158,7,Digit 2,7,Digit 2,max_nhat,RELIABLE,RELIABLE,26.23014721689339,0.8354342618059573,0.0008187255765698381,1,0.0013617395021159329,7,7,True,58.65904459880633,0.7484308383034614,0.0007334622215373921,RELIABLE,RELIABLE,79.49797642369455,0.8340725223038413,0.0008173910718577645,UNRELIABLE,IDO,37.96752302832886,0.833312868848153,0.00081664661147119,RELIABLE,RELIABLE,28.397852985933824,0.8286381221445052,0.000812065359701615,RELIABLE,RELIABLE,35.975459652511454,0.8110431250040968,0.0007948222625040149,RELIABLE,RELIABLE,26.23014721689339,0.8354342618059573,0.0008187255765698381,RELIABLE,RELIABLE
1159,7,Digit 2,7,Digit 2,max_nhat,RELIABLE,RELIABLE,11.272995903369859,0.9060882359876635,0.0008879664712679102,4,0.08687002430827284,7,7,True,93.77163694219655,0.7152971601027438,0.0007009912169006889,OOD,OOD,242.53804030038765,0.7687179051018033,0.0007533435469997672,OOD,OOD,81.22298740026362,0.7664745255852353,0.0007511450350735306,UNRELIABLE,IDO,47.790263389607546,0.7895714747435255,0.0007737800452486549,RELIABLE,RELIABLE,48.25730716467852,0.8192182116793907,0.0008028338474458029,RELIABLE,RELIABLE,11.272995903369859,0.9060882359876635,0.0008879664712679102,RELIABLE,RELIABLE
1160,7,Digit 2,7,Digit 2,max_nhat,RELIABLE,RELIABLE,53.778012883548854,0.8007756880788668,0.0007847601743172895,4,0.034043290507422164,7,7,True,85.28080241080933,0.7635968961483206,0.0007483249582253542,UNRELIABLE,IDO,923.9250449123997,0.7485136341172679,0.0007335433614349225,OOD,OOD,113.63532460625751,0.7390884435540166,0.0007243066746829362,OOD,OOD,90.64141239615688,0.7192111279925902,0.0007048269054327384,OOD,OOD,72.87333422586985,0.7667323975714446,0.0007513977496200157,UNRELIABLE,IDO,53.778012883548854,0.8007756880788668,0.0007847601743172895,RELIABLE,RELIABLE
1161,7,Digit 2,7,Digit 2,max_nhat,RELIABLE,RELIABLE,22.990802312023916,0.8426124925437705,0.000825760242692895,4,0.0469016327474977,7,7,True,138.83129973256572,0.7239944642179317,0.000709514574933573,OOD,OOD,303.6016730137767,0.7684057903290854,0.0007530376745225036,OOD,OOD,58.62891755412403,0.7601852479037787,0.0007449815429457032,RELIABLE,RELIABLE,93.55845512218225,0.7904666129132043,0.0007746572806549401,OOD,OOD,47.71312619337341,0.7957108597962728,0.0007797966426003473,RELIABLE,RELIABLE,22.990802312023916,0.8426124925437705,0.000825760242692895,RELIABLE,RELIABLE
1162,7,Digit 2,7,Digit 2,max_nhat,RELIABLE,RELIABLE,14.778547053055494,0.8778342686848609,0.0008602775833111637,1,0.028290605064691943,7,7,True,76.0962658112519,0.7221118843017629,0.0007076696466157276,UNRELIABLE,IDO,96.42062350754253,0.849543663620169,0.0008325527903477656,OOD,OOD,70.37798851426031,0.8091448969969656,0.0007929619990570262,UNRELIABLE,IDO,46.33476605915863,0.7848230321265207,0.0007691265714839903,RELIABLE,RELIABLE,50.81524942095221,0.8235057474502151,0.0008070356325012108,RELIABLE,RELIABLE,14.778547053055494,0.8778342686848609,0.0008602775833111637,RELIABLE,RELIABLE
1163,7,Digit 2,7,Digit 2,max_nhat,RELIABLE,RELIABLE,29.78053167894685,0.8364320352853702,0.0008197033945796629,3,0.04564016320799469,7,7,True,65.53657884400188,0.7232639069782159,0.0007087986288386515,UNRELIABLE,IDO,186.8800466121363,0.7901470605616656,0.0007743441193504323,OOD,OOD,58.04585600416698,0.770266181507748,0.000754860857877593,RELIABLE,RELIABLE,39.92552931363046,0.7907918720773756,0.000774976034635828,RELIABLE,RELIABLE,43.95852894202399,0.782682442587351,0.0007670287937356039,RELIABLE,RELIABLE,29.78053167894685,0.8364320352853702,0.0008197033945796629,RELIABLE,RELIABLE
1164,7,Digit 2,0,Digit 0,max_nhat,OOD,OOD,529.9951865570455,0.7055555811272194,0.000691444469504675,7,0.007005032395774102,0,7,False,529.9951865570455,0.7055555811272194,0.000691444469504675,OOD,OOD,1806.9540158287377,0.6135453384307096,0.0006012744316620953,OOD,OOD,225.4161158552473,0.6816460404882891,0.0006680131196785233,OOD,OOD,458.65362712976116,0.6881891487914432,0.0006744253658156143,OOD,OOD,184.14860315832638,0.6934857773556464,0.0006796160618085335,OOD,OOD,165.19588061128897,0.6985505487314453,0.0006845795377568163,OOD,OOD
1165,7,Digit 2,7,Digit 2,max_nhat,RELIABLE,RELIABLE,24.588974115201285,0.8515716714790942,0.0008345402380495122,3,0.058985887597128195,7,7,True,133.1765538248355,0.736825639698863,0.0007220891269048858,OOD,OOD,490.3072685669456,0.7691529484039461,0.0007537698894358671,OOD,OOD,141.4619612984673,0.7464597178109371,0.0007315305234547184,OOD,OOD,67.61513734894356,0.792585783881966,0.0007767340682043267,UNRELIABLE,IDO,78.04860025619107,0.7900357938595814,0.0007742350779823898,UNRELIABLE,IDO,24.588974115201285,0.8515716714790942,0.0008345402380495122,RELIABLE,RELIABLE
1166,7,Digit 2,7,Digit 2,max_nhat,RELIABLE,RELIABLE,23.277215602075138,0.8609890154542879,0.0008437692351452021,4,0.03843857365266612,7,7,True,140.6654896672788,0.749796637558865,0.0007348007048076878,OOD,OOD,291.25874442741724,0.784587728305143,0.0007688959737390402,OOD,OOD,167.11622237805724,0.7895300141318705,0.000773739413849233,OOD,OOD,71.78942326197141,0.7608941103017257,0.0007456762280956912,UNRELIABLE,IDO,111.3876201561611,0.8225504418016217,0.0008060994329655893,OOD,OOD,23.277215602075138,0.8609890154542879,0.0008437692351452021,RELIABLE,RELIABLE
1167,7,Digit 2,7,Digit 2,max_nhat,RELIABLE,RELIABLE,24.42678171006291,0.8472612730801734,0.0008303160476185699,4,0.05220032993074519,7,7,True,137.55434048565314,0.7172654832941114,0.0007029201736282292,OOD,OOD,387.5517124723666,0.7616149445955789,0.0007463826457036673,OOD,OOD,193.66141515023475,0.7443864896969843,0.0007294987599030445,OOD,OOD,73.47594849786157,0.7550147533419374,0.0007399144582750986,UNRELIABLE,IDO,115.8357855518276,0.7950609431494282,0.0007791597242864396,OOD,OOD,24.42678171006291,0.8472612730801734,0.0008303160476185699,RELIABLE,RELIABLE
1168,7,Digit 2,7,Digit 2,max_nhat,RELIABLE,RELIABLE,16.171307556768216,0.8817553067126425,0.0008641202005783896,4,0.0833972991926093,7,7,True,93.33513971043817,0.6993693974692301,0.0006853820095198455,OOD,OOD,284.86114546332675,0.7485616965700936,0.0007335904626386918,OOD,OOD,84.46225277115158,0.738269178437784,0.0007235037948690283,UNRELIABLE,IDO,48.57763031797493,0.7793565073958497,0.0007637693772479327,RELIABLE,RELIABLE,50.0789616616897,0.7983580075200332,0.0007823908473696325,RELIABLE,RELIABLE,16.171307556768216,0.8817553067126425,0.0008641202005783896,RELIABLE,RELIABLE
1169,7,Digit 2,7,Digit 2,max_nhat,RELIABLE,RELIABLE,46.9037795075778,0.7990819893369172,0.0007831003495501788,4,0.042728456181670316,7,7,True,192.98540630871176,0.6657711158862651,0.0006524556935685399,OOD,OOD,776.1241670929558,0.6801372593171073,0.0006665345141307652,OOD,OOD,189.25662523590486,0.710836718997549,0.000696619984617598,OOD,OOD,112.64855799133514,0.6945018955438801,0.0006806118576330025,OOD,OOD,110.02443010545065,0.7563535331552469,0.0007412264624921419,OOD,OOD,46.9037795075778,0.7990819893369172,0.0007831003495501788,RELIABLE,RELIABLE
1170,7,Digit 2,7,Digit 2,max_nhat,UNRELIABLE,IDO,64.11196373453308,0.8177357824638254,0.0008013810668145489,4,0.006820507668034215,7,4,False,77.55647255868033,0.7295690674612697,0.0007149776861120442,UNRELIABLE,IDO,480.9236982732332,0.7872627539838503,0.0007715174989041733,OOD,OOD,51.08091467990035,0.7819529115515983,0.0007663138533205664,RELIABLE,RELIABLE,51.101922239399485,0.7820723884737867,0.0007664309407043109,RELIABLE,RELIABLE,40.738589582120234,0.8109152747957912,0.0007946969692998753,RELIABLE,RELIABLE,64.11196373453308,0.8177357824638254,0.0008013810668145489,UNRELIABLE,IDO
1171,7,Digit 2,7,Digit 2,max_nhat,RELIABLE,RELIABLE,9.864964265259012,0.9161214201969933,0.0008977989917930534,4,0.11057099627219791,7,7,True,85.21999745815526,0.6885263475163226,0.0006747558205659961,UNRELIABLE,IDO,227.31771512251032,0.7906438886896184,0.000774831010915826,OOD,OOD,70.13761534607453,0.7517673198786218,0.0007367319734810494,UNRELIABLE,IDO,51.288525458993945,0.7499212420240101,0.0007349228171835299,RELIABLE,RELIABLE,46.030615795070275,0.8055504239247954,0.0007894394154462994,RELIABLE,RELIABLE,9.864964265259012,0.9161214201969933,0.0008977989917930534,RELIABLE,RELIABLE
1172,7,Digit 2,7,Digit 2,max_nhat,RELIABLE,RELIABLE,53.1940743858584,0.7798062219021676,0.0007642100974641243,3,0.015100405156033836,7,7,True,114.45334192111562,0.7019229005062101,0.0006878844424960858,OOD,OOD,672.4829111201714,0.7327132197140147,0.0007180589553197344,OOD,OOD,136.02829012061585,0.7528549407755452,0.0007377978419600342,OOD,OOD,76.06952844588031,0.7647058167461338,0.0007494117004112111,UNRELIABLE,IDO,94.74127779910866,0.7182862914464336,0.0007039205656175049,OOD,OOD,53.1940743858584,0.7798062219021676,0.0007642100974641243,RELIABLE,RELIABLE
1173,7,Digit 2,2,Digit 2,max_nhat,OOD,OOD,90.24758035800191,0.806590173146161,0.0007904583696832378,7,0.006139531652908259,2,3,False,87.27991711513778,0.761457775292303,0.0007462286197864569,OOD,OOD,193.1500100783685,0.7976164265526915,0.0007816640980216376,OOD,OOD,90.24758035800191,0.806590173146161,0.0007904583696832378,OOD,OOD,49.047066171276995,0.7871512047196035,0.0007714081806252114,RELIABLE,RELIABLE,77.51674214223021,0.7994380206394673,0.000783449260226678,UNRELIABLE,IDO,53.06226797535108,0.8004506414932527,0.0007844416286633876,RELIABLE,RELIABLE
1174,7,Digit 2,7,Digit 2,max_nhat,RELIABLE,RELIABLE,16.62903346960948,0.8665357772276423,0.0008492050616830894,1,0.0006012936924821854,7,7,True,105.17927866940757,0.7082692855362573,0.0006941038998255322,OOD,OOD,124.44138526873914,0.8659344835351601,0.0008486157938644569,OOD,OOD,103.00401776025458,0.8244943626582492,0.0008080044754050842,OOD,OOD,48.342407678626515,0.8000321215556933,0.0007840314791245793,RELIABLE,RELIABLE,71.92202690869343,0.8223629802237871,0.0008059157206193113,UNRELIABLE,IDO,16.62903346960948,0.8665357772276423,0.0008492050616830894,RELIABLE,RELIABLE
1175,7,Digit 2,7,Digit 2,max_nhat,RELIABLE,RELIABLE,23.618722091136362,0.8489594162651631,0.0008319802279398599,4,0.03355043511885403,7,7,True,107.86526727900076,0.7244506135286904,0.0007099616012581166,OOD,OOD,242.2986228916419,0.7278820001435785,0.000713324360140707,OOD,OOD,60.016637978824974,0.7435099278312219,0.0007286397292745975,RELIABLE,RELIABLE,80.41663761927114,0.7729115163442214,0.0007574532860173369,UNRELIABLE,IDO,36.47567570429227,0.8154089811463091,0.0007991008015233829,RELIABLE,RELIABLE,23.618722091136362,0.8489594162651631,0.0008319802279398599,RELIABLE,RELIABLE
1176,7,Digit 2,2,Digit 2,max_nhat,RELIABLE,RELIABLE,20.09752832338381,0.8666818705610426,0.0008493482331498217,3,0.016462731710021772,2,2,True,62.29239409453995,0.7667519653812109,0.0007514169260735867,UNRELIABLE,IDO,60.270686811737946,0.8122612919871889,0.000796016066147445,RELIABLE,RELIABLE,20.09752832338381,0.8666818705610426,0.0008493482331498217,RELIABLE,RELIABLE,31.59374675631988,0.8502191388510209,0.0008332147560740004,RELIABLE,RELIABLE,37.78446715885633,0.815803799070597,0.000799487723089185,RELIABLE,RELIABLE,56.81272329500376,0.7872119415090985,0.0007714677026789164,RELIABLE,RELIABLE
1177,7,Digit 2,7,Digit 2,max_nhat,RELIABLE,RELIABLE,17.240300622535525,0.8888906391797389,0.0008711128263961441,4,0.04611181689809862,7,7,True,56.19535150184408,0.7463231556850365,0.0007313966925713357,RELIABLE,RELIABLE,132.6624657931111,0.8005053631838477,0.0007844952559201708,OOD,OOD,37.519573139537215,0.8147629766297907,0.0007984677170971949,RELIABLE,RELIABLE,28.701421514679556,0.815438042153709,0.0007991292813106347,RELIABLE,RELIABLE,29.644337824140543,0.8427788222816402,0.0008259232458360074,RELIABLE,RELIABLE,17.240300622535525,0.8888906391797389,0.0008711128263961441,RELIABLE,RELIABLE
1178,7,Digit 2,7,Digit 2,max_nhat,RELIABLE,RELIABLE,45.942493004933596,0.7882960835103805,0.0007725301618401729,4,0.03292451204222946,7,7,True,130.74052936310494,0.7214361427792023,0.0007070074199236183,OOD,OOD,699.2598295885738,0.7242263823114686,0.0007097418546652392,OOD,OOD,200.7410159147184,0.7296521584030317,0.000715059115234971,OOD,OOD,96.95780668698407,0.7335502396146175,0.0007188792348223252,OOD,OOD,129.34187717966122,0.755371571468151,0.000740264140038788,OOD,OOD,45.942493004933596,0.7882960835103805,0.0007725301618401729,RELIABLE,RELIABLE
1179,7,Digit 2,7,Digit 2,max_nhat,RELIABLE,RELIABLE,36.464007759968474,0.8557070980436199,0.0008385929560827475,4,0.06224995036157843,7,7,True,178.34774091608483,0.6979689672853621,0.0006840095879396548,OOD,OOD,593.0283278533341,0.7574232053706396,0.0007422747412632267,OOD,OOD,179.29120211971997,0.7244250230947203,0.0007099365226328259,OOD,OOD,124.74929458413953,0.727115567619413,0.0007125732562670247,OOD,OOD,116.1306332719003,0.7934571476820415,0.0007775880047284006,OOD,OOD,36.464007759968474,0.8557070980436199,0.0008385929560827475,RELIABLE,RELIABLE
1180,7,Digit 2,7,Digit 2,max_nhat,RELIABLE,RELIABLE,28.91199035756184,0.87198038500121,0.0008545407773011858,4,0.03347596064519387,7,4,False,52.08263120204163,0.7473070555362706,0.0007323609144255452,RELIABLE,RELIABLE,133.27384305205643,0.8037324849854005,0.0007876578352856925,OOD,OOD,37.38947054571262,0.7889874607808695,0.0007732077115652521,RELIABLE,RELIABLE,30.4422372313427,0.8212035632905021,0.0008047794920246921,RELIABLE,RELIABLE,27.058018722223267,0.8385044243560161,0.0008217343358688958,RELIABLE,RELIABLE,28.91199035756184,0.87198038500121,0.0008545407773011858,RELIABLE,RELIABLE
1181,7,Digit 2,7,Digit 2,max_nhat,RELIABLE,RELIABLE,40.303419942086975,0.8265777888919812,0.0008100462331141415,1,0.016573662152512658,7,7,True,146.7857859560228,0.7064249841671557,0.0006922964844838126,OOD,OOD,229.64873116464182,0.8100041267394685,0.0007938040442046791,OOD,OOD,135.31019787735926,0.7532025084239876,0.0007381384582555078,OOD,OOD,99.15176279440884,0.7341083409016822,0.0007194261740836485,OOD,OOD,132.08442295801171,0.7876353351358265,0.0007718826284331099,OOD,OOD,40.303419942086975,0.8265777888919812,0.0008100462331141415,RELIABLE,RELIABLE
1182,7,Digit 2,2,Digit 2,max_nhat,RELIABLE,RELIABLE,39.985691235830394,0.8379646361170473,0.0008212053433947063,4,0.02771100355646039,2,4,False,88.79205748114343,0.7096746645708889,0.0006954811712794711,OOD,OOD,241.25485838953102,0.7260518060376272,0.0007115307699168747,OOD,OOD,39.985691235830394,0.8379646361170473,0.0008212053433947063,RELIABLE,RELIABLE,47.02284914481753,0.7816466005659383,0.0007660136685546195,RELIABLE,RELIABLE,39.04409800366675,0.8102536325605869,0.0007940485599093752,RELIABLE,RELIABLE,48.445114450063166,0.7904596802546372,0.0007746504866495444,RELIABLE,RELIABLE
1183,7,Digit 2,4,Digit 4,max_nhat,OOD,OOD,109.41435716925857,0.7856934904501186,0.0007699796206411163,7,0.013544695555526398,4,7,False,124.40649436125621,0.6945047123477486,0.0006806146181007936,OOD,OOD,364.374055387009,0.748475130851233,0.0007335056282342083,OOD,OOD,141.2368428159221,0.7422506831074476,0.0007274056694452985,OOD,OOD,86.97835625784482,0.7125277763946155,0.0006982772208667232,OOD,OOD,109.41435716925857,0.7856934904501186,0.0007699796206411163,OOD,OOD,51.95364121017421,0.7721487948945922,0.0007567058189967003,RELIABLE,RELIABLE
1184,7,Digit 2,7,Digit 2,max_nhat,OOD,OOD,88.14264873847753,0.7508501383417225,0.0007358331355748881,4,0.0208901617255286,7,7,True,379.9454736802049,0.6776518701312851,0.0006640988327286594,OOD,OOD,796.857512562261,0.655430621908304,0.000642322009470138,OOD,OOD,216.30719328839254,0.6985851076172741,0.0006846134054649286,OOD,OOD,303.4485737627244,0.728422153698176,0.0007138537106242124,OOD,OOD,195.93055582197036,0.7299599766161939,0.0007153607770838701,OOD,OOD,88.14264873847753,0.7508501383417225,0.0007358331355748881,OOD,OOD
1185,7,Digit 2,7,Digit 2,max_nhat,RELIABLE,RELIABLE,13.698784228014347,0.8909388397681226,0.0008731200629727602,4,0.05089651172004639,7,7,True,79.26385112894923,0.7454534581179963,0.0007305443889556364,UNRELIABLE,IDO,208.51414369461298,0.7996043875404266,0.0007836122997896181,OOD,OOD,76.65175818088798,0.7900097237763518,0.0007742095293008247,UNRELIABLE,IDO,50.960187303682545,0.7785488968766896,0.0007629779189391558,RELIABLE,RELIABLE,38.189196746608964,0.8400423280480762,0.0008232414814871147,RELIABLE,RELIABLE,13.698784228014347,0.8909388397681226,0.0008731200629727602,RELIABLE,RELIABLE
1186,7,Digit 2,1,Digit 1,max_nhat,UNRELIABLE,IDO,63.49446787625714,0.8459212413670688,0.0008290028165397275,7,0.005523725477608599,1,7,False,63.08095429312205,0.7070141025480066,0.0006928738204970464,UNRELIABLE,IDO,63.49446787625714,0.8459212413670688,0.0008290028165397275,UNRELIABLE,IDO,40.851466731955135,0.8267348015349074,0.0008102001055042093,RELIABLE,RELIABLE,35.460450715890794,0.8096934194668379,0.0007934995510775012,RELIABLE,RELIABLE,47.38800090815815,0.7991103560763785,0.0007831281489548509,RELIABLE,RELIABLE,27.90613163379031,0.8403975158894602,0.000823589565571671,RELIABLE,RELIABLE
1187,7,Digit 2,7,Digit 2,max_nhat,RELIABLE,RELIABLE,31.18710384003429,0.8139836381023262,0.0007977039653402797,4,0.06611161608758909,7,7,True,187.57959720006977,0.6657528080784649,0.0006524377519168956,OOD,OOD,672.7433732565752,0.7304342547238574,0.0007158255696293802,OOD,OOD,128.05303339668905,0.6845793831716589,0.0006708877955082257,OOD,OOD,132.62940714521667,0.7225108577102939,0.000708060640556088,OOD,OOD,85.1549536899762,0.7478720220147371,0.0007329145815744423,UNRELIABLE,IDO,31.18710384003429,0.8139836381023262,0.0007977039653402797,RELIABLE,RELIABLE
1188,7,Digit 2,7,Digit 2,max_nhat,RELIABLE,RELIABLE,16.293550952732986,0.875656770146302,0.000858143634743376,4,0.05075468311127318,7,7,True,73.26915553316692,0.734041445209787,0.0007193606163055912,UNRELIABLE,IDO,217.18735116004143,0.7549649972007811,0.0007398656972567655,OOD,OOD,81.52429151031,0.7499902939857164,0.000734990488106002,UNRELIABLE,IDO,46.76293056383212,0.7683981248414223,0.0007530301623445938,RELIABLE,RELIABLE,41.01197029794635,0.8249020870350289,0.0008084040452943283,RELIABLE,RELIABLE,16.293550952732986,0.875656770146302,0.000858143634743376,RELIABLE,RELIABLE
1189,7,Digit 2,7,Digit 2,max_nhat,RELIABLE,RELIABLE,17.942810658685826,0.874109450467219,0.0008566272614578746,4,0.05026532318582089,7,7,True,93.59785319599469,0.74951037370557,0.0007345201662314586,OOD,OOD,266.61731526853913,0.7588241771474682,0.0007436476936045188,OOD,OOD,96.0177434254248,0.7565203103614208,0.0007413899041541923,OOD,OOD,61.61398331914876,0.7756224395272798,0.0007601099907367342,RELIABLE,RELIABLE,50.70562579474322,0.8238441272813981,0.0008073672447357701,RELIABLE,RELIABLE,17.942810658685826,0.874109450467219,0.0008566272614578746,RELIABLE,RELIABLE
1190,7,Digit 2,7,Digit 2,max_nhat,RELIABLE,RELIABLE,26.250959985013353,0.8712959935601887,0.0008538700736889849,4,0.0535164581368035,7,7,True,60.57358867819507,0.7413031025340169,0.0007264770404833365,RELIABLE,RELIABLE,168.42544758244432,0.8122518374601339,0.0007960068007109312,OOD,OOD,65.97832206582564,0.770849834094003,0.0007554328374121229,UNRELIABLE,IDO,39.48609000040448,0.7881577738838397,0.0007723946184061629,RELIABLE,RELIABLE,40.03269998237824,0.8177795354233852,0.0008014239447149175,RELIABLE,RELIABLE,26.250959985013353,0.8712959935601887,0.0008538700736889849,RELIABLE,RELIABLE
1191,7,Digit 2,7,Digit 2,max_nhat,OOD,OOD,89.09771939038276,0.7028552322265708,0.0006887981275820393,4,0.01861249738008819,7,7,True,254.51643495812596,0.6268099826755955,0.0006142737830220836,OOD,OOD,879.5376251450373,0.6516915631955572,0.0006386577319316461,OOD,OOD,162.70884030355813,0.6576921612942048,0.0006445383180683208,OOD,OOD,195.32770535861493,0.6699561558700526,0.0006565570327526516,OOD,OOD,134.54046448202058,0.6842427348464826,0.0006705578801495529,OOD,OOD,89.09771939038276,0.7028552322265708,0.0006887981275820393,OOD,OOD
1192,7,Digit 2,7,Digit 2,max_nhat,OOD,OOD,99.25289033674326,0.7678398494455901,0.0007524830524566783,3,0.0685172992592693,7,7,True,355.10417491978416,0.6134023903641697,0.0006011343425568862,OOD,OOD,700.3751418850613,0.6721171847541211,0.0006586748410590386,OOD,OOD,209.5389570689493,0.6672927123253473,0.0006539468580788403,OOD,OOD,264.21978961288585,0.6993225501863208,0.0006853360991825944,OOD,OOD,197.22425040269835,0.698253703847524,0.0006842886297705736,OOD,OOD,99.25289033674326,0.7678398494455901,0.0007524830524566783,OOD,OOD
1193,7,Digit 2,7,Digit 2,max_nhat,RELIABLE,RELIABLE,30.945875636228827,0.8386002612648272,0.0008218282560395306,4,0.03289091588905624,7,7,True,103.36013567770159,0.7108280711559914,0.0006966115097328716,OOD,OOD,389.7313339548791,0.7115356476562843,0.0006973049347031586,OOD,OOD,122.00662924466404,0.7393942979315797,0.0007246064119729481,OOD,OOD,72.52220136717557,0.7410033210616831,0.0007261832546404494,UNRELIABLE,IDO,60.95644926019571,0.805709345375771,0.0007895951584682556,RELIABLE,RELIABLE,30.945875636228827,0.8386002612648272,0.0008218282560395306,RELIABLE,RELIABLE
1194,7,Digit 2,7,Digit 2,max_nhat,RELIABLE,RELIABLE,13.84648850437145,0.894272054172058,0.0008763866130886168,4,0.0606095593386039,7,7,True,95.80532389686331,0.7116335077859699,0.0006974008376302505,OOD,OOD,161.06519689789377,0.8059805295243445,0.0007898609189338576,OOD,OOD,93.25937565356436,0.8002780890261383,0.0007842725272456155,OOD,OOD,55.343814855552374,0.7645966730890917,0.0007493047396273099,RELIABLE,RELIABLE,70.42399457541777,0.8336624948334541,0.000816989244936785,UNRELIABLE,IDO,13.84648850437145,0.894272054172058,0.0008763866130886168,RELIABLE,RELIABLE
1195,7,Digit 2,7,Digit 2,max_nhat,RELIABLE,RELIABLE,16.330869983451667,0.886731886029495,0.0008689972483089052,1,0.09754245090741931,7,7,True,88.12255113339347,0.6913204988638307,0.0006774940888865541,OOD,OOD,333.38933369588113,0.7891894351220757,0.0007734056464196342,OOD,OOD,95.53642020587013,0.7326733092957123,0.000718019843109798,OOD,OOD,55.522891575400024,0.7520661370709605,0.0007370248143295413,RELIABLE,RELIABLE,52.06847768227619,0.7857611381451574,0.0007700459153822542,RELIABLE,RELIABLE,16.330869983451667,0.886731886029495,0.0008689972483089052,RELIABLE,RELIABLE
1196,7,Digit 2,4,Digit 4,max_nhat,RELIABLE,RELIABLE,58.38444709703459,0.8026008917481454,0.0007865488739131825,7,0.07437614642712898,4,4,True,75.28471396294947,0.7005908327464482,0.0006865790160915192,UNRELIABLE,IDO,624.7542436931352,0.7004812142212583,0.0006864715899368331,OOD,OOD,86.60393701680171,0.7183930980004037,0.0007040252360403956,OOD,OOD,105.22156736725672,0.6890065228093352,0.0006752263923531485,OOD,OOD,58.38444709703459,0.8026008917481454,0.0007865488739131825,RELIABLE,RELIABLE,97.00317802731819,0.7282247453210164,0.0007136602504145961,OOD,OOD
1197,7,Digit 2,1,Digit 1,max_nhat,RELIABLE,RELIABLE,56.65194853649753,0.87048533367814,0.0008530756270045772,7,0.007619721275843316,1,7,False,61.02691690289313,0.708733340753081,0.0006945586739380194,RELIABLE,RELIABLE,56.65194853649753,0.87048533367814,0.0008530756270045772,RELIABLE,RELIABLE,42.876135957439494,0.8047151181681937,0.0007886208158048298,RELIABLE,RELIABLE,39.84397966311025,0.7918553268090505,0.0007760182202728695,RELIABLE,RELIABLE,39.167629208259825,0.8069367555436625,0.0007907980204327892,RELIABLE,RELIABLE,17.261392135589745,0.8628656124022966,0.0008456083001542507,RELIABLE,RELIABLE
1198,7,Digit 2,7,Digit 2,max_nhat,RELIABLE,RELIABLE,11.58468226338461,0.9042452956150171,0.0008861603897027167,4,0.09768809643863319,7,7,True,57.54333820368688,0.7512713481390401,0.0007362459211762593,RELIABLE,RELIABLE,263.8914334979894,0.6838068676494357,0.0006701307302964469,OOD,OOD,68.12636612741768,0.746190553164121,0.0007312667421008385,UNRELIABLE,IDO,49.45133313953852,0.7865528725147628,0.0007708218150644675,RELIABLE,RELIABLE,33.81091763583057,0.8065571991763839,0.0007904260551928563,RELIABLE,RELIABLE,11.58468226338461,0.9042452956150171,0.0008861603897027167,RELIABLE,RELIABLE
1199,7,Digit 2,7,Digit 2,max_nhat,RELIABLE,RELIABLE,17.955800933394546,0.8695460386150015,0.0008521551178427014,4,0.04528443789216574,7,7,True,123.64040205319274,0.728732160476113,0.0007141575172665908,OOD,OOD,244.04617166185045,0.7853048645905509,0.0007695987672987399,OOD,OOD,154.39375102468094,0.7950964319754014,0.0007791945033358933,OOD,OOD,64.17041928473694,0.7661061471640723,0.0007507840242207908,UNRELIABLE,IDO,94.99829029778158,0.8242616007228357,0.000807776368708379,OOD,OOD,17.955800933394546,0.8695460386150015,0.0008521551178427014,RELIABLE,RELIABLE
