sample_index,true_label,true_class_name,pred_label,pred_class_name,winner_rule,status,status_legacy,best_d2,best_N_hat,best_I_ML,second_label,winner_margin,winner_by_nhat,winner_by_d2,winner_agreement,class_0_d2,class_0_N_hat,class_0_I_ML,class_0_zone,class_0_status_legacy,class_1_d2,class_1_N_hat,class_1_I_ML,class_1_zone,class_1_status_legacy,class_2_d2,class_2_N_hat,class_2_I_ML,class_2_zone,class_2_status_legacy
0,0,Cross,0,Cross,max_nhat,RELIABLE,RELIABLE,27.250463034944477,0.8634488467296498,0.0014246905971039222,2,0.2935716067216012,0,0,True,27.250463034944477,0.8634488467296498,0.0014246905971039222,RELIABLE,RELIABLE,179.45520213529565,0.5046830852385833,0.0008327270906436625,OOD,OOD,108.78531233115481,0.5698772400080486,0.0009402974460132802,OOD,OOD
1,0,Cross,0,Cross,max_nhat,RELIABLE,RELIABLE,27.453197092016925,0.866091218063464,0.0014290505098047157,2,0.14723626996704764,0,0,True,27.453197092016925,0.866091218063464,0.0014290505098047157,RELIABLE,RELIABLE,128.39617124387038,0.5771421428547724,0.0009522845357103744,OOD,OOD,62.8974849189884,0.7188549480964164,0.001186110664359087,OOD,OOD
2,0,Cross,0,Cross,max_nhat,UNRELIABLE,IDO,44.07830716020476,0.8650040628261569,0.001427256703663159,2,0.22228973953212428,0,0,True,44.07830716020476,0.8650040628261569,0.001427256703663159,UNRELIABLE,IDO,146.05773203211854,0.567951868708068,0.0009371205833683122,OOD,OOD,96.73404580777601,0.6427143232940327,0.0010604786334351538,OOD,OOD
3,0,Cross,0,Cross,max_nhat,RELIABLE,RELIABLE,18.77523109421111,0.8741590398847789,0.0014423624158098852,2,0.2216556084279715,0,0,True,18.77523109421111,0.8741590398847789,0.0014423624158098852,RELIABLE,RELIABLE,138.03404581549597,0.5194353275281312,0.0008570682904214164,OOD,OOD,93.50718176785077,0.6525034314568074,0.0010766306619037322,OOD,OOD
4,0,Cross,0,Cross,max_nhat,RELIABLE,RELIABLE,22.61266159047428,0.8584621509333277,0.0014164625490399906,2,0.2962658187722971,0,0,True,22.61266159047428,0.8584621509333277,0.0014164625490399906,RELIABLE,RELIABLE,147.53384941351297,0.4866983626336275,0.0008030522983454853,OOD,OOD,119.03692502716947,0.5621963321610306,0.0009276239480657005,OOD,OOD
5,0,Cross,0,Cross,max_nhat,RELIABLE,RELIABLE,24.6108475404474,0.8623459942645231,0.001422870890536463,2,0.21267336339697696,0,0,True,24.6108475404474,0.8623459942645231,0.001422870890536463,RELIABLE,RELIABLE,143.83582878258417,0.5152973755061179,0.0008502406695850946,OOD,OOD,92.43889901873928,0.6496726308675461,0.0010719598409314511,OOD,OOD
6,0,Cross,0,Cross,max_nhat,RELIABLE,RELIABLE,23.62023248732024,0.8763810835015797,0.0014460287877776066,2,0.22272417347945495,0,0,True,23.62023248732024,0.8763810835015797,0.0014460287877776066,RELIABLE,RELIABLE,138.8762887532866,0.5151445087517882,0.0008499884394404506,OOD,OOD,98.03778271609848,0.6536569100221248,0.0010785339015365058,OOD,OOD
7,0,Cross,0,Cross,max_nhat,RELIABLE,RELIABLE,23.05871318701748,0.8693004740746754,0.0014343457822232144,2,0.22462111417710273,0,0,True,23.05871318701748,0.8693004740746754,0.0014343457822232144,RELIABLE,RELIABLE,149.30036116137475,0.6024661352455872,0.0009940691231552189,OOD,OOD,80.77644840502043,0.6446793598975726,0.001063720943830995,OOD,OOD
8,0,Cross,0,Cross,max_nhat,RELIABLE,RELIABLE,36.24356134585927,0.8702146322897913,0.0014358541432781557,2,0.292323974334168,0,0,True,36.24356134585927,0.8702146322897913,0.0014358541432781557,RELIABLE,RELIABLE,165.4633883638142,0.5029621131473517,0.0008298874866931303,OOD,OOD,116.33215668376663,0.5778906579556233,0.0009535195856267785,OOD,OOD
9,0,Cross,0,Cross,max_nhat,RELIABLE,RELIABLE,37.08204322151188,0.8647007356791871,0.0014267562138706588,2,0.22441531977905904,0,0,True,37.08204322151188,0.8647007356791871,0.0014267562138706588,RELIABLE,RELIABLE,110.14188960867101,0.6303275937978778,0.0010400405297664984,OOD,OOD,96.01988994200265,0.6402854159001281,0.0010564709362352114,OOD,OOD
10,0,Cross,0,Cross,max_nhat,RELIABLE,RELIABLE,27.48535095166987,0.865064124929,0.0014273558061328499,2,0.2956879316808424,0,0,True,27.48535095166987,0.865064124929,0.0014273558061328499,RELIABLE,RELIABLE,150.96544711044982,0.4966404791738515,0.000819456790636855,OOD,OOD,110.72298082588978,0.5693761932481576,0.00093947071885946,OOD,OOD
11,0,Cross,0,Cross,max_nhat,RELIABLE,RELIABLE,23.80176048144883,0.871291566857586,0.001437631085315017,2,0.23053762791115184,0,0,True,23.80176048144883,0.871291566857586,0.001437631085315017,RELIABLE,RELIABLE,144.77931613411818,0.5687398505335637,0.0009384207533803801,OOD,OOD,101.79143517131357,0.6407539389464342,0.0010572439992616164,OOD,OOD
12,0,Cross,0,Cross,max_nhat,UNRELIABLE,IDO,49.86808970899008,0.8674530194004079,0.001431297482010673,2,0.22073121748194557,0,0,True,49.86808970899008,0.8674530194004079,0.001431297482010673,UNRELIABLE,IDO,109.68538891095582,0.5798069546674703,0.000956681475201326,OOD,OOD,88.86061757352803,0.6467218019184623,0.0010670909731654628,OOD,OOD
13,0,Cross,0,Cross,max_nhat,UNRELIABLE,IDO,39.36542949917542,0.8596030384491506,0.0014183450134410986,2,0.29485115006227314,0,0,True,39.36542949917542,0.8596030384491506,0.0014183450134410986,UNRELIABLE,IDO,145.86986994663022,0.5525459190981628,0.0009117007665119686,OOD,OOD,120.49521345963838,0.5647518883868775,0.000931840615838348,OOD,OOD
14,0,Cross,0,Cross,max_nhat,RELIABLE,RELIABLE,24.375015158501125,0.8521375848911106,0.0014060270150703324,2,0.29213674591632444,0,0,True,24.375015158501125,0.8521375848911106,0.0014060270150703324,RELIABLE,RELIABLE,158.6233471453982,0.4977179861506419,0.0008212346771485591,OOD,OOD,117.41082511818213,0.5600008389747861,0.0009240013843083972,OOD,OOD
15,0,Cross,0,Cross,max_nhat,RELIABLE,RELIABLE,21.47386035526441,0.8632502374347429,0.0014243628917673258,2,0.22146113913039478,0,0,True,21.47386035526441,0.8632502374347429,0.0014243628917673258,RELIABLE,RELIABLE,132.80848011180356,0.5839075587968995,0.0009634474720148841,OOD,OOD,83.6941561377958,0.6417890983043482,0.0010589520122021745,OOD,OOD
16,0,Cross,0,Cross,max_nhat,RELIABLE,RELIABLE,19.559778627208132,0.874438829067609,0.0014428240679615547,2,0.2339509226562949,0,0,True,19.559778627208132,0.874438829067609,0.0014428240679615547,RELIABLE,RELIABLE,133.3639287171011,0.5689418240872843,0.0009387540097440192,OOD,OOD,96.82619258128986,0.640487906411314,0.001056805045578668,OOD,OOD
17,0,Cross,0,Cross,max_nhat,RELIABLE,RELIABLE,24.968269462240087,0.8755698124631045,0.0014446901905641224,1,0.3028497334250352,0,0,True,24.968269462240087,0.8755698124631045,0.0014446901905641224,RELIABLE,RELIABLE,136.03673085415093,0.5727200790380693,0.0009449881304128143,OOD,OOD,107.35801654969164,0.5714188440010932,0.0009428410926018039,OOD,OOD
18,0,Cross,0,Cross,max_nhat,RELIABLE,RELIABLE,23.156784950850646,0.8720470049715255,0.001438877558203017,2,0.22640540377997376,0,0,True,23.156784950850646,0.8720470049715255,0.001438877558203017,RELIABLE,RELIABLE,134.61567478468262,0.5105500309405632,0.0008424075510519292,OOD,OOD,85.1564277010503,0.6456416011915518,0.0010653086419660604,OOD,OOD
19,0,Cross,0,Cross,max_nhat,RELIABLE,RELIABLE,36.973545136957206,0.8574819681663953,0.0014148452474745522,1,0.2847795916127497,0,0,True,36.973545136957206,0.8574819681663953,0.0014148452474745522,RELIABLE,RELIABLE,137.87912860526907,0.5727023765536456,0.0009449589213135153,OOD,OOD,115.80647712026455,0.5611414986528948,0.0009258834727772763,OOD,OOD
20,0,Cross,0,Cross,max_nhat,UNRELIABLE,IDO,38.29563537265922,0.85920038328436,0.001417680632419194,2,0.22467736526950077,0,0,True,38.29563537265922,0.85920038328436,0.001417680632419194,UNRELIABLE,IDO,165.3609804279865,0.5065698337380495,0.0008358402256677817,OOD,OOD,90.26535054043839,0.6345230180148592,0.0010469629797245177,OOD,OOD
21,0,Cross,0,Cross,max_nhat,RELIABLE,RELIABLE,26.594424746114345,0.8638852482639294,0.0014254106596354836,1,0.29130581135190126,0,0,True,26.594424746114345,0.8638852482639294,0.0014254106596354836,RELIABLE,RELIABLE,126.56970235931816,0.5725794369120282,0.0009447560709048465,OOD,OOD,111.80331725133745,0.5658407642029846,0.0009336372609349246,OOD,OOD
22,0,Cross,0,Cross,max_nhat,RELIABLE,RELIABLE,20.017601486367095,0.8718185751712616,0.0014385006490325817,2,0.14913458437825944,0,0,True,20.017601486367095,0.8718185751712616,0.0014385006490325817,RELIABLE,RELIABLE,156.12975032215726,0.5106627190972896,0.0008425934865105278,OOD,OOD,71.01040831579196,0.7226839907930022,0.0011924285848084536,OOD,OOD
23,0,Cross,0,Cross,max_nhat,RELIABLE,RELIABLE,33.24116847038859,0.879029035822637,0.001450397909107351,2,0.22628276874205244,0,0,True,33.24116847038859,0.879029035822637,0.001450397909107351,RELIABLE,RELIABLE,167.98737559171857,0.5197323510105033,0.0008575583791673305,OOD,OOD,88.8847524711196,0.6527462670805846,0.0010770313406829645,OOD,OOD
24,0,Cross,0,Cross,max_nhat,RELIABLE,RELIABLE,17.129277897837213,0.8691477691133016,0.0014340938190369476,1,0.2874505408957121,0,0,True,17.129277897837213,0.8691477691133016,0.0014340938190369476,RELIABLE,RELIABLE,141.223023946649,0.5816972282175895,0.0009598004265590227,OOD,OOD,100.00939043558436,0.5699095022084698,0.0009403506786439752,OOD,OOD
25,0,Cross,0,Cross,max_nhat,RELIABLE,RELIABLE,31.662339631904917,0.8642935779397068,0.0014260844036005163,1,0.2255044891665685,0,0,True,31.662339631904917,0.8642935779397068,0.0014260844036005163,RELIABLE,RELIABLE,104.82185426000188,0.6387890887731383,0.0010540019964756782,OOD,OOD,90.15750593621634,0.6386538793881266,0.0010537789009904088,OOD,OOD
26,0,Cross,0,Cross,max_nhat,RELIABLE,RELIABLE,22.05873061148391,0.8648083044514224,0.001426933702344847,2,0.22113086030321294,0,0,True,22.05873061148391,0.8648083044514224,0.001426933702344847,RELIABLE,RELIABLE,97.6072203248821,0.6406869013092016,0.0010571333871601826,OOD,OOD,88.78006715991303,0.6436774441482095,0.0010620677828445456,OOD,OOD
27,0,Cross,0,Cross,max_nhat,RELIABLE,RELIABLE,22.889638403980566,0.8660073959380735,0.0014289122032978213,2,0.29518637783189017,0,0,True,22.889638403980566,0.8660073959380735,0.0014289122032978213,RELIABLE,RELIABLE,110.74775379334267,0.5687123570114964,0.000938375389068969,OOD,OOD,107.9058152970102,0.5708210181061834,0.0009418546798752025,OOD,OOD
28,0,Cross,0,Cross,max_nhat,RELIABLE,RELIABLE,22.87993584359249,0.8726244281990786,0.0014398303065284797,2,0.3005768459711057,0,0,True,22.87993584359249,0.8726244281990786,0.0014398303065284797,RELIABLE,RELIABLE,142.91477557986502,0.5707270177194176,0.000941699579237039,OOD,OOD,107.93370562108215,0.5720475822279729,0.0009438785106761552,OOD,OOD
29,0,Cross,0,Cross,max_nhat,RELIABLE,RELIABLE,21.98210224689692,0.8693922400558406,0.001434497196092137,2,0.2998956067597416,0,0,True,21.98210224689692,0.8693922400558406,0.001434497196092137,RELIABLE,RELIABLE,145.66423139235206,0.5011512969597106,0.0008268996399835224,OOD,OOD,103.54549681829074,0.569496633296099,0.0009396694449385634,OOD,OOD
30,0,Cross,0,Cross,max_nhat,RELIABLE,RELIABLE,20.379603336222903,0.876465156985614,0.0014461675090262631,2,0.3044964525819257,0,0,True,20.379603336222903,0.876465156985614,0.0014461675090262631,RELIABLE,RELIABLE,154.85840946362572,0.5162572512992335,0.0008518244646437353,OOD,OOD,108.96106216682934,0.5719687044036883,0.0009437483622660857,OOD,OOD
31,0,Cross,0,Cross,max_nhat,UNRELIABLE,IDO,43.42284714985865,0.8597033486402507,0.0014185105252564137,2,0.21999861301111878,0,0,True,43.42284714985865,0.8597033486402507,0.0014185105252564137,UNRELIABLE,IDO,143.08883984177203,0.5486992357881552,0.000905353739050456,OOD,OOD,97.31548938616915,0.6397047356291319,0.0010555128137880675,OOD,OOD
32,0,Cross,0,Cross,max_nhat,RELIABLE,RELIABLE,20.068877890259806,0.8679911497230255,0.0014321853970429921,1,0.21649412984832672,0,0,True,20.068877890259806,0.8679911497230255,0.0014321853970429921,RELIABLE,RELIABLE,84.41509563248731,0.6514970198746988,0.001074970082793253,OOD,OOD,108.26150515240701,0.5689009084263252,0.0009386864989034366,OOD,OOD
33,0,Cross,0,Cross,max_nhat,RELIABLE,RELIABLE,21.58149203219494,0.8732265410828357,0.001440823792786679,2,0.22668124295236847,0,0,True,21.58149203219494,0.8732265410828357,0.001440823792786679,RELIABLE,RELIABLE,115.32353924693545,0.5855660822050275,0.0009661840356382953,OOD,OOD,87.58319952902856,0.6465452981304672,0.001066799741915271,OOD,OOD
34,0,Cross,0,Cross,max_nhat,RELIABLE,RELIABLE,24.798459391752512,0.8739441481241359,0.0014420078444048242,2,0.3000515344268362,0,0,True,24.798459391752512,0.8739441481241359,0.0014420078444048242,RELIABLE,RELIABLE,128.88200881061226,0.5659300876158069,0.0009337846445660814,OOD,OOD,114.81169070305005,0.5738926136972997,0.0009469228126005445,OOD,OOD
35,0,Cross,0,Cross,max_nhat,RELIABLE,RELIABLE,23.52394304967774,0.8671247329257484,0.001430755809327485,2,0.15174530846893142,0,0,True,23.52394304967774,0.8671247329257484,0.001430755809327485,RELIABLE,RELIABLE,144.75668102554917,0.5162958224580412,0.0008518881070557679,OOD,OOD,62.142771147986934,0.715379424456817,0.001180376050353748,OOD,OOD
36,0,Cross,0,Cross,max_nhat,RELIABLE,RELIABLE,23.223954865470496,0.8685644352485433,0.0014331313181600964,2,0.22575334381443513,0,0,True,23.223954865470496,0.8685644352485433,0.0014331313181600964,RELIABLE,RELIABLE,118.73560360424871,0.5748413915786827,0.0009484882961048266,OOD,OOD,91.85629411693397,0.6428110914341082,0.0010606383008662785,OOD,OOD
37,0,Cross,0,Cross,max_nhat,UNRELIABLE,IDO,48.09372205489905,0.8638139304458954,0.0014252929852357273,2,0.15527537623553211,0,0,True,48.09372205489905,0.8638139304458954,0.0014252929852357273,UNRELIABLE,IDO,159.24355195583084,0.5048892972936229,0.0008330673405344777,OOD,OOD,71.40794773274799,0.7085385542103633,0.0011690886144470993,OOD,OOD
38,0,Cross,0,Cross,max_nhat,UNRELIABLE,IDO,49.1647288228869,0.8766351017689786,0.0014464479179188148,2,0.15118154882882573,0,0,True,49.1647288228869,0.8766351017689786,0.0014464479179188148,UNRELIABLE,IDO,141.18910739458724,0.5176896463221794,0.0008541879164315959,OOD,OOD,60.82421357664147,0.7254535529401529,0.0011969983623512522,OOD,OOD
39,0,Cross,0,Cross,max_nhat,RELIABLE,RELIABLE,18.355823168971042,0.8697261743755551,0.001435048187719666,1,0.28578426361552356,0,0,True,18.355823168971042,0.8697261743755551,0.001435048187719666,RELIABLE,RELIABLE,134.0842112199852,0.5839419107600315,0.000963504152754052,OOD,OOD,102.5176844021017,0.5723831459068118,0.0009444321907462396,OOD,OOD
40,0,Cross,0,Cross,max_nhat,RELIABLE,RELIABLE,28.734216008520615,0.8598632611146251,0.0014187743808391313,2,0.20906676609213914,0,0,True,28.734216008520615,0.8598632611146251,0.0014187743808391313,RELIABLE,RELIABLE,131.41808251025446,0.5721158680619008,0.0009439911823021363,OOD,OOD,85.0635025483813,0.6507964950224859,0.0010738142167871017,OOD,OOD
41,0,Cross,0,Cross,max_nhat,RELIABLE,RELIABLE,21.863116372635897,0.8608361216128928,0.0014203796006612731,1,0.29659998413941646,0,0,True,21.863116372635897,0.8608361216128928,0.0014203796006612731,RELIABLE,RELIABLE,132.24338654520753,0.5642361374734763,0.0009309896268312359,OOD,OOD,112.27112251792448,0.5588910085404837,0.000922170164091798,OOD,OOD
42,0,Cross,0,Cross,max_nhat,RELIABLE,RELIABLE,22.58769445266007,0.8709486547188384,0.0014370652802860834,2,0.22626186574554574,0,0,True,22.58769445266007,0.8709486547188384,0.0014370652802860834,RELIABLE,RELIABLE,111.0869346529656,0.5882869270845412,0.0009706734296894931,OOD,OOD,80.97191143636013,0.6446867889732927,0.001063733201805933,OOD,OOD
43,0,Cross,0,Cross,max_nhat,UNRELIABLE,IDO,49.143801391359084,0.8563681848814231,0.0014130075050543481,2,0.21381733253797497,0,0,True,49.143801391359084,0.8563681848814231,0.0014130075050543481,UNRELIABLE,IDO,120.3224878829419,0.5721054248036639,0.0009439739509260453,OOD,OOD,92.49139480538986,0.6425508523434481,0.0010602089063666894,OOD,OOD
44,0,Cross,0,Cross,max_nhat,RELIABLE,RELIABLE,33.7615987468702,0.8587274001891225,0.001416900210312052,2,0.2933063745760106,0,0,True,33.7615987468702,0.8587274001891225,0.001416900210312052,RELIABLE,RELIABLE,174.68823952018406,0.4931279929597314,0.0008136611883835568,OOD,OOD,122.5565589555844,0.5654210256131119,0.0009329446922616347,OOD,OOD
45,0,Cross,0,Cross,max_nhat,RELIABLE,RELIABLE,21.08499181330807,0.8632703881416838,0.0014243961404337782,2,0.2220126151444971,0,0,True,21.08499181330807,0.8632703881416838,0.0014243961404337782,RELIABLE,RELIABLE,140.53380506829788,0.5068060155090921,0.000836229925590002,OOD,OOD,89.30122585401902,0.6412577729971867,0.001058075325445358,OOD,OOD
46,0,Cross,0,Cross,max_nhat,RELIABLE,RELIABLE,22.75446461170693,0.8750619086399417,0.0014438521492559039,2,0.23443007731536225,0,0,True,22.75446461170693,0.8750619086399417,0.0014438521492559039,RELIABLE,RELIABLE,145.42709438755472,0.5752066198928117,0.0009490909228231394,OOD,OOD,85.69191077535149,0.6406318313245795,0.001057042521685556,OOD,OOD
47,0,Cross,0,Cross,max_nhat,RELIABLE,RELIABLE,19.40965906906025,0.8824129128567492,0.0014559813062136361,1,0.2230231786028175,0,0,True,19.40965906906025,0.8824129128567492,0.0014559813062136361,RELIABLE,RELIABLE,86.96771287740923,0.6593897342539317,0.0010879930615189872,OOD,OOD,107.61338202768502,0.5746675723774486,0.0009482014944227902,OOD,OOD
48,0,Cross,0,Cross,max_nhat,RELIABLE,RELIABLE,33.473228235098475,0.8641455865663885,0.001425840217834541,2,0.2997300155656919,0,0,True,33.473228235098475,0.8641455865663885,0.001425840217834541,RELIABLE,RELIABLE,155.72909367552788,0.500583728030235,0.0008259631512498877,OOD,OOD,123.41425309187039,0.5644155710006966,0.0009312856921511494,OOD,OOD
49,0,Cross,0,Cross,max_nhat,RELIABLE,RELIABLE,37.01294853618926,0.8669521349572025,0.001430471022679384,2,0.2357664945284329,0,0,True,37.01294853618926,0.8669521349572025,0.001430471022679384,RELIABLE,RELIABLE,112.96386980846823,0.6223978777381406,0.001026956498267932,OOD,OOD,103.34176535300178,0.6311856404287696,0.0010414563067074698,OOD,OOD
50,0,Cross,0,Cross,max_nhat,RELIABLE,RELIABLE,33.37719027946418,0.8791653360321118,0.0014506228044529844,2,0.2293395487874268,0,0,True,33.37719027946418,0.8791653360321118,0.0014506228044529844,RELIABLE,RELIABLE,133.9658237009602,0.5812713310555969,0.000959097696241735,OOD,OOD,92.85452276488739,0.649825787244685,0.0010722125489537303,OOD,OOD
51,0,Cross,0,Cross,max_nhat,RELIABLE,RELIABLE,19.30288540839141,0.8647976924449368,0.0014269161925341456,2,0.20906980341856185,0,0,True,19.30288540839141,0.8647976924449368,0.0014269161925341456,RELIABLE,RELIABLE,156.24498624457922,0.5087876791946352,0.0008394996706711481,OOD,OOD,80.80107108157193,0.6557278890263749,0.0010819510168935185,OOD,OOD
52,0,Cross,0,Cross,max_nhat,RELIABLE,RELIABLE,26.19376153794701,0.8608950834410094,0.0014204768876776655,2,0.2254540615659376,0,0,True,26.19376153794701,0.8608950834410094,0.0014204768876776655,RELIABLE,RELIABLE,117.46199096767216,0.5652888979465561,0.0009327266816118176,OOD,OOD,93.03981710480033,0.6354410218750718,0.0010484776860938685,OOD,OOD
53,0,Cross,0,Cross,max_nhat,RELIABLE,RELIABLE,18.399944146645385,0.8628178904228884,0.0014236495191977659,2,0.21795677086312537,0,0,True,18.399944146645385,0.8628178904228884,0.0014236495191977659,RELIABLE,RELIABLE,143.5181399104534,0.5721026400845229,0.0009439693561394629,OOD,OOD,89.25813598922284,0.644861119559763,0.0010640208472736089,OOD,OOD
54,0,Cross,0,Cross,max_nhat,RELIABLE,RELIABLE,23.0079042365034,0.8636226381794764,0.001424977352996136,1,0.29494109682725256,0,0,True,23.0079042365034,0.8636226381794764,0.001424977352996136,RELIABLE,RELIABLE,118.08440253637536,0.5686815413522238,0.0009383245432311693,OOD,OOD,110.25034489926354,0.5673573594315062,0.0009361396430619853,OOD,OOD
55,0,Cross,0,Cross,max_nhat,RELIABLE,RELIABLE,33.181321329328085,0.8621875018709243,0.001422609378087025,1,0.2912301788809626,0,0,True,33.181321329328085,0.8621875018709243,0.001422609378087025,RELIABLE,RELIABLE,164.18186337480978,0.5709573229899617,0.0009420795829334368,OOD,OOD,113.09512302814043,0.557872087334423,0.0009204889441017978,OOD,OOD
56,0,Cross,0,Cross,max_nhat,RELIABLE,RELIABLE,18.89608666220784,0.8719554920877207,0.0014387265619447392,2,0.2966932791423448,0,0,True,18.89608666220784,0.8719554920877207,0.0014387265619447392,RELIABLE,RELIABLE,135.34270047060122,0.5041060993586158,0.0008317750639417161,OOD,OOD,99.19058939458685,0.5752622129453759,0.0009491826513598704,OOD,OOD
57,0,Cross,0,Cross,max_nhat,OOD,OOD,57.691761064385716,0.8757205887243031,0.0014449389713951002,2,0.23078774686157755,0,0,True,57.691761064385716,0.8757205887243031,0.0014449389713951002,OOD,OOD,187.40455480021888,0.524652502666194,0.00086567662939922,OOD,OOD,82.73609603884788,0.6449328418627256,0.0010641391890734973,OOD,OOD
58,0,Cross,0,Cross,max_nhat,RELIABLE,RELIABLE,27.38259301432389,0.8587141574597932,0.0014168783598086587,2,0.2970388406380219,0,0,True,27.38259301432389,0.8587141574597932,0.0014168783598086587,RELIABLE,RELIABLE,128.9610788356887,0.5607580380609902,0.0009252507628006339,OOD,OOD,119.6814558153793,0.5616753168217713,0.0009267642727559227,OOD,OOD
59,0,Cross,0,Cross,max_nhat,RELIABLE,RELIABLE,21.353672177443332,0.8711275143511741,0.0014373603986794373,2,0.22885763200656328,0,0,True,21.353672177443332,0.8711275143511741,0.0014373603986794373,RELIABLE,RELIABLE,143.3789418617126,0.5062124119206195,0.0008352504796690222,OOD,OOD,95.43462831808151,0.6422698823446108,0.0010597453058686077,OOD,OOD
60,0,Cross,0,Cross,max_nhat,RELIABLE,RELIABLE,20.920278298439708,0.866834949600963,0.0014302776668415889,2,0.22770394816241946,0,0,True,20.920278298439708,0.866834949600963,0.0014302776668415889,RELIABLE,RELIABLE,111.47616863587061,0.6346459959318193,0.0010471658932875018,OOD,OOD,92.68213921643282,0.6391310014385435,0.0010545661523735969,OOD,OOD
61,0,Cross,0,Cross,max_nhat,RELIABLE,RELIABLE,30.93686825876684,0.8617271266326685,0.001421849758943903,1,0.2876802443671994,0,0,True,30.93686825876684,0.8617271266326685,0.001421849758943903,RELIABLE,RELIABLE,129.2921958191582,0.5740468822654691,0.000947177355738024,OOD,OOD,112.79846343762073,0.5646355286497023,0.0009316486222720089,OOD,OOD
62,0,Cross,0,Cross,max_nhat,RELIABLE,RELIABLE,27.85855725039865,0.8739728097861401,0.0014420551361471311,1,0.29445301530674506,0,0,True,27.85855725039865,0.8739728097861401,0.0014420551361471311,RELIABLE,RELIABLE,149.90247897062972,0.5795197944793951,0.0009562076608910019,OOD,OOD,126.67592239348342,0.5704178189438017,0.0009411894012572728,OOD,OOD
63,0,Cross,0,Cross,max_nhat,RELIABLE,RELIABLE,23.144518906841054,0.8716312873929005,0.0014381916241982858,2,0.22102445251864444,0,0,True,23.144518906841054,0.8716312873929005,0.0014381916241982858,RELIABLE,RELIABLE,152.2937909055802,0.5024485484688143,0.0008290401049735436,OOD,OOD,87.69025936251559,0.6506068348742561,0.0010735012775425225,OOD,OOD
64,0,Cross,0,Cross,max_nhat,RELIABLE,RELIABLE,19.027166729278164,0.8792002555063503,0.0014506804215854779,2,0.30823388936733276,0,0,True,19.027166729278164,0.8792002555063503,0.0014506804215854779,RELIABLE,RELIABLE,131.9769781756707,0.5104641415585207,0.0008422658335715592,OOD,OOD,109.22995887602782,0.5709663661390175,0.0009420945041293788,OOD,OOD
65,0,Cross,0,Cross,max_nhat,RELIABLE,RELIABLE,31.23030584222285,0.8684781937470798,0.0014329890196826817,2,0.3037903224052525,0,0,True,31.23030584222285,0.8684781937470798,0.0014329890196826817,RELIABLE,RELIABLE,175.06874754664878,0.5029104472311777,0.0008298022379314432,OOD,OOD,107.96760155383838,0.5646878713418273,0.0009317349877140151,OOD,OOD
66,0,Cross,0,Cross,max_nhat,RELIABLE,RELIABLE,20.369166722519363,0.8713290886049636,0.0014376929961981899,2,0.1595070595261967,0,0,True,20.369166722519363,0.8713290886049636,0.0014376929961981899,RELIABLE,RELIABLE,155.6771775303509,0.5036253799401379,0.0008309818769012275,OOD,OOD,65.23748622823722,0.7118220290787669,0.0011745063479799654,OOD,OOD
67,0,Cross,0,Cross,max_nhat,RELIABLE,RELIABLE,27.72667011507853,0.8665679277497809,0.0014298370807871385,2,0.22989351022228754,0,0,True,27.72667011507853,0.8665679277497809,0.0014298370807871385,RELIABLE,RELIABLE,152.60878112774353,0.5778087904948139,0.0009533845043164429,OOD,OOD,107.1272832332035,0.6366744175274933,0.001050512788920364,OOD,OOD
68,0,Cross,0,Cross,max_nhat,RELIABLE,RELIABLE,29.501540117180117,0.8689581172600475,0.0014337808934790782,2,0.22535419797680356,0,0,True,29.501540117180117,0.8689581172600475,0.0014337808934790782,RELIABLE,RELIABLE,121.8047160046671,0.5832736738780232,0.0009624015618987384,OOD,OOD,90.33544446120642,0.6436039192832439,0.0010619464668173524,OOD,OOD
69,0,Cross,0,Cross,max_nhat,RELIABLE,RELIABLE,34.27109617467014,0.8621117004673063,0.0014224843057710555,2,0.22413871677328345,0,0,True,34.27109617467014,0.8621117004673063,0.0014224843057710555,RELIABLE,RELIABLE,126.80442994971068,0.5588399221196876,0.0009220858714974844,OOD,OOD,93.080402250596,0.6379729836940229,0.0010526554230951377,OOD,OOD
70,0,Cross,0,Cross,max_nhat,RELIABLE,RELIABLE,20.95740119495713,0.8733444673174574,0.0014410183710738048,2,0.22807812990382703,0,0,True,20.95740119495713,0.8733444673174574,0.0014410183710738048,RELIABLE,RELIABLE,110.094271354832,0.5863953497708215,0.0009675523271218555,OOD,OOD,84.49693233577443,0.6452663374136304,0.0010646894567324901,OOD,OOD
71,0,Cross,0,Cross,max_nhat,RELIABLE,RELIABLE,21.43591257718036,0.872283229578033,0.0014392673288037543,2,0.14352287986983148,0,0,True,21.43591257718036,0.872283229578033,0.0014392673288037543,RELIABLE,RELIABLE,136.31394963503575,0.501387215574879,0.0008272889056985504,OOD,OOD,70.72606920338556,0.7287603497082015,0.0012024545770185325,OOD,OOD
72,0,Cross,0,Cross,max_nhat,RELIABLE,RELIABLE,20.284177002948546,0.8733936135005665,0.0014410994622759347,1,0.2935103101955856,0,0,True,20.284177002948546,0.8733936135005665,0.0014410994622759347,RELIABLE,RELIABLE,106.57282142515389,0.579883303304981,0.0009568074504532186,OOD,OOD,105.28785680571761,0.576425385261887,0.0009511018856821136,OOD,OOD
73,0,Cross,0,Cross,max_nhat,RELIABLE,RELIABLE,27.07556154270547,0.8662833150997752,0.001429367469914629,2,0.2277678484265162,0,0,True,27.07556154270547,0.8662833150997752,0.001429367469914629,RELIABLE,RELIABLE,169.89614180192362,0.5134067283072451,0.0008471211017069544,OOD,OOD,79.1916040857378,0.638515466673259,0.0010535505200108773,OOD,OOD
74,0,Cross,0,Cross,max_nhat,RELIABLE,RELIABLE,33.32735945203536,0.8476649351637308,0.0013986471430201557,2,0.19945419308809165,0,0,True,33.32735945203536,0.8476649351637308,0.0013986471430201557,RELIABLE,RELIABLE,179.96715680576935,0.5090831428545227,0.0008399871857099625,OOD,OOD,90.04057016685317,0.6482107420756391,0.0010695477244248046,OOD,OOD
75,0,Cross,0,Cross,max_nhat,RELIABLE,RELIABLE,29.002656329039176,0.8708745991697372,0.0014369430886300664,1,0.2925450734394025,0,0,True,29.002656329039176,0.8708745991697372,0.0014369430886300664,RELIABLE,RELIABLE,123.23485546844307,0.5783295257303347,0.0009542437174550523,OOD,OOD,122.64325043819234,0.5739270564677983,0.0009469796431718671,OOD,OOD
76,0,Cross,0,Cross,max_nhat,RELIABLE,RELIABLE,27.49469896673237,0.8655754928400724,0.0014281995631861195,1,0.22471904109145113,0,0,True,27.49469896673237,0.8655754928400724,0.0014281995631861195,RELIABLE,RELIABLE,100.19185012503597,0.6408564517486213,0.001057413145385225,OOD,OOD,122.33124149899582,0.5656705286380238,0.0009333563722527394,OOD,OOD
77,0,Cross,0,Cross,max_nhat,RELIABLE,RELIABLE,18.6392181149016,0.8698874483115734,0.001435314289714096,1,0.297218226756099,0,0,True,18.6392181149016,0.8698874483115734,0.001435314289714096,RELIABLE,RELIABLE,111.63651433237212,0.5726692215554744,0.0009449042155665328,OOD,OOD,115.23576305305089,0.5716267455063904,0.000943184130085544,OOD,OOD
78,0,Cross,0,Cross,max_nhat,RELIABLE,RELIABLE,27.43329285134719,0.8630401738820631,0.0014240162869054041,1,0.28406061429186835,0,0,True,27.43329285134719,0.8630401738820631,0.0014240162869054041,RELIABLE,RELIABLE,123.80534749102469,0.5789795595901948,0.0009553162733238214,OOD,OOD,109.37499087804925,0.5702770215625342,0.0009409570855781816,OOD,OOD
79,0,Cross,0,Cross,max_nhat,RELIABLE,RELIABLE,29.07278687832026,0.8640205195491147,0.0014256338572560393,2,0.3000585901104088,0,0,True,29.07278687832026,0.8640205195491147,0.0014256338572560393,RELIABLE,RELIABLE,129.02977010206183,0.563728821928266,0.0009301525561816389,OOD,OOD,133.72982296148615,0.5639619294387059,0.0009305371835738647,OOD,OOD
80,0,Cross,0,Cross,max_nhat,RELIABLE,RELIABLE,36.90311097856,0.877238587727562,0.0014474436697504774,2,0.22884424313354879,0,0,True,36.90311097856,0.877238587727562,0.0014474436697504774,RELIABLE,RELIABLE,152.13568693428678,0.5198901477499954,0.0008578187437874924,OOD,OOD,88.47677559173218,0.6483943445940132,0.0010698506685801218,OOD,OOD
81,0,Cross,0,Cross,max_nhat,RELIABLE,RELIABLE,24.713880780618982,0.8785338872041488,0.0014495809138868455,1,0.28570205035178353,0,0,True,24.713880780618982,0.8785338872041488,0.0014495809138868455,RELIABLE,RELIABLE,133.88064130567568,0.5928318368523653,0.0009781725308064028,OOD,OOD,101.41502225109038,0.5795166571870212,0.000956202484358585,OOD,OOD
82,0,Cross,0,Cross,max_nhat,RELIABLE,RELIABLE,21.215452872599183,0.8540604716701519,0.0014091997782557505,2,0.21580377775323745,0,0,True,21.215452872599183,0.8540604716701519,0.0014091997782557505,RELIABLE,RELIABLE,165.54889617717913,0.49928040084719844,0.0008238126613978774,OOD,OOD,81.07922366213795,0.6382566939169144,0.0010531235449629088,OOD,OOD
83,0,Cross,0,Cross,max_nhat,RELIABLE,RELIABLE,27.06551818323427,0.8628558542134087,0.0014237121594521244,2,0.22843551070947532,0,0,True,27.06551818323427,0.8628558542134087,0.0014237121594521244,RELIABLE,RELIABLE,128.9963301712814,0.5722454533869397,0.0009442049980884505,OOD,OOD,84.94604879720738,0.6344203435039334,0.00104679356678149,OOD,OOD
84,0,Cross,0,Cross,max_nhat,RELIABLE,RELIABLE,27.640779966652254,0.8686149331449297,0.0014332146396891338,1,0.21912380558121292,0,0,True,27.640779966652254,0.8686149331449297,0.0014332146396891338,RELIABLE,RELIABLE,109.52053087831429,0.6494911275637167,0.0010716603604801326,OOD,OOD,115.37402505768002,0.5635287826532452,0.0009298224913778546,OOD,OOD
85,0,Cross,0,Cross,max_nhat,UNRELIABLE,IDO,52.55715329726706,0.8739189388070114,0.0014419662490315688,2,0.22707672439893622,0,0,True,52.55715329726706,0.8739189388070114,0.0014419662490315688,UNRELIABLE,IDO,128.3767927621747,0.5777196131020254,0.0009532373616183418,OOD,OOD,85.61552718384249,0.6468422144080752,0.001067289653773324,OOD,OOD
86,0,Cross,0,Cross,max_nhat,RELIABLE,RELIABLE,33.485851095499044,0.8657705538388552,0.001428521413834111,2,0.22113666287428746,0,0,True,33.485851095499044,0.8657705538388552,0.001428521413834111,RELIABLE,RELIABLE,150.42295015692744,0.5681607937225078,0.000937465309642138,OOD,OOD,96.38156620784319,0.6446338909645677,0.0010636459200915366,OOD,OOD
87,0,Cross,0,Cross,max_nhat,RELIABLE,RELIABLE,25.798064598742535,0.8554094515119277,0.0014114255949946807,1,0.22218314676384043,0,0,True,25.798064598742535,0.8554094515119277,0.0014114255949946807,RELIABLE,RELIABLE,94.23710545054342,0.6332263047480873,0.001044823402834344,OOD,OOD,116.80139602959733,0.5591972804840789,0.0009226755127987302,OOD,OOD
88,0,Cross,0,Cross,max_nhat,RELIABLE,RELIABLE,24.737007132208625,0.8627373963148087,0.0014235167039194343,2,0.22275040829800663,0,0,True,24.737007132208625,0.8627373963148087,0.0014235167039194343,RELIABLE,RELIABLE,146.4275384419277,0.5656441634604563,0.0009333128697097528,OOD,OOD,89.2027751993414,0.6399869880168021,0.0010559785302277234,OOD,OOD
89,0,Cross,0,Cross,max_nhat,RELIABLE,RELIABLE,20.32795067802121,0.8797653667064269,0.0014516128550656044,1,0.21934913600731432,0,0,True,20.32795067802121,0.8797653667064269,0.0014516128550656044,RELIABLE,RELIABLE,101.72391243494283,0.6604162306991126,0.0010896867806535358,OOD,OOD,105.89996655238045,0.5795404462334768,0.0009562417362852366,OOD,OOD
90,0,Cross,0,Cross,max_nhat,RELIABLE,RELIABLE,36.98054445603652,0.8822043494592741,0.0014556371766078022,2,0.3035422916586744,0,0,True,36.98054445603652,0.8822043494592741,0.0014556371766078022,RELIABLE,RELIABLE,203.37891555946763,0.5144547341087699,0.0008488503112794703,OOD,OOD,102.87199246429898,0.5786620578005996,0.0009547923953709894,OOD,OOD
91,0,Cross,0,Cross,max_nhat,RELIABLE,RELIABLE,24.771568090009236,0.8692225311734746,0.001434217176436233,2,0.22872030042990443,0,0,True,24.771568090009236,0.8692225311734746,0.001434217176436233,RELIABLE,RELIABLE,156.1505986580853,0.5100346640541946,0.0008415571956894212,OOD,OOD,84.2702092127875,0.6405022307435702,0.0010568286807268908,OOD,OOD
92,0,Cross,0,Cross,max_nhat,RELIABLE,RELIABLE,22.61364009280039,0.8660930785112535,0.0014290535795435683,1,0.2909398395341425,0,0,True,22.61364009280039,0.8660930785112535,0.0014290535795435683,RELIABLE,RELIABLE,112.4512070164554,0.575153238977111,0.0009490028443122332,OOD,OOD,119.48856347370946,0.5611986942990709,0.0009259778455934669,OOD,OOD
93,0,Cross,0,Cross,max_nhat,RELIABLE,RELIABLE,28.308798898352293,0.8749996340782555,0.0014437493962291216,2,0.3043054281936215,0,0,True,28.308798898352293,0.8749996340782555,0.0014437493962291216,RELIABLE,RELIABLE,146.42766927350246,0.5012758036257333,0.00082710507598246,OOD,OOD,114.08708215607037,0.570694205884634,0.0009416454397096461,OOD,OOD
94,0,Cross,0,Cross,max_nhat,RELIABLE,RELIABLE,26.507253366824763,0.8771882266067806,0.001447360573901188,2,0.2975344157409222,0,0,True,26.507253366824763,0.8771882266067806,0.001447360573901188,RELIABLE,RELIABLE,130.2724616628051,0.5672387011113691,0.0009359438568337591,OOD,OOD,107.45820114882389,0.5796538108658584,0.0009564287879286665,OOD,OOD
95,0,Cross,0,Cross,max_nhat,RELIABLE,RELIABLE,20.294335703526976,0.8835370286648289,0.0014578360972969677,2,0.23324564308399698,0,0,True,20.294335703526976,0.8835370286648289,0.0014578360972969677,RELIABLE,RELIABLE,178.16499991770874,0.5167824792345608,0.0008526910907370254,OOD,OOD,86.65516918341409,0.6502913855808319,0.0010729807862083726,OOD,OOD
96,0,Cross,0,Cross,max_nhat,RELIABLE,RELIABLE,23.598503499330796,0.8611024398916923,0.0014208190258212924,2,0.2929679789726146,0,0,True,23.598503499330796,0.8611024398916923,0.0014208190258212924,RELIABLE,RELIABLE,160.6283574477294,0.5066259559788372,0.0008359328273650813,OOD,OOD,112.17703350598443,0.5681344609190777,0.0009374218605164782,OOD,OOD
97,0,Cross,0,Cross,max_nhat,RELIABLE,RELIABLE,19.45236104205246,0.8769922540492421,0.0014470372191812495,2,0.3009862990652731,0,0,True,19.45236104205246,0.8769922540492421,0.0014470372191812495,RELIABLE,RELIABLE,163.3171240872835,0.5072909355288507,0.0008370300436226038,OOD,OOD,101.5617999844539,0.576005954983969,0.0009504098257235489,OOD,OOD
98,0,Cross,0,Cross,max_nhat,RELIABLE,RELIABLE,32.37772991074599,0.8542993346844041,0.0014095939022292668,2,0.22184938609980953,0,0,True,32.37772991074599,0.8542993346844041,0.0014095939022292668,RELIABLE,RELIABLE,179.37133377649263,0.48961993321781416,0.0008078728898093933,OOD,OOD,97.67637556242364,0.6324499485845946,0.001043542415164581,OOD,OOD
99,0,Cross,0,Cross,max_nhat,RELIABLE,RELIABLE,22.469032014993388,0.8707324848993934,0.001436708600083999,2,0.29722538001590226,0,0,True,22.469032014993388,0.8707324848993934,0.001436708600083999,RELIABLE,RELIABLE,115.79471798593576,0.5721971697156759,0.0009441253300308652,OOD,OOD,109.53841029188598,0.5735071048834911,0.0009462867230577603,OOD,OOD
100,1,Circle,1,Circle,max_nhat,RELIABLE,RELIABLE,37.285184748198745,0.8168014011188068,0.0013477223118460312,0,0.20708627813639213,1,1,True,116.69774450321944,0.6097151229824147,0.0010060299529209842,OOD,OOD,37.285184748198745,0.8168014011188068,0.0013477223118460312,RELIABLE,RELIABLE,163.15390775056377,0.45990632833362155,0.0007588454417504756,OOD,OOD
101,1,Circle,1,Circle,max_nhat,RELIABLE,RELIABLE,33.735883789062946,0.8110674054043857,0.0013382612189172364,0,0.28211077490505676,1,1,True,139.1265062921827,0.528956630499329,0.0008727784403238927,OOD,OOD,33.735883789062946,0.8110674054043857,0.0013382612189172364,RELIABLE,RELIABLE,168.5476910104318,0.4502736162312188,0.0007429514667815111,OOD,OOD
102,1,Circle,1,Circle,max_nhat,UNRELIABLE,IDO,44.848608215484376,0.8137267762973618,0.0013426491808906469,0,0.28165238879891774,1,1,True,143.70007790912626,0.532074387498444,0.0008779227393724326,OOD,OOD,44.848608215484376,0.8137267762973618,0.0013426491808906469,UNRELIABLE,IDO,196.39899406914867,0.3760516489278882,0.0006204852207310155,OOD,OOD
103,1,Circle,1,Circle,max_nhat,RELIABLE,RELIABLE,21.64195396551667,0.8132960002360724,0.0013419384003895195,0,0.20361266792962252,1,1,True,140.79421230179466,0.6096833323064499,0.0010059774983056423,OOD,OOD,21.64195396551667,0.8132960002360724,0.0013419384003895195,RELIABLE,RELIABLE,148.5077735867313,0.5304472287943958,0.000875237927510753,OOD,OOD
104,1,Circle,1,Circle,max_nhat,RELIABLE,RELIABLE,25.495146427397323,0.8223280582914951,0.001356841296180967,0,0.14028757400033987,1,1,True,88.21869439031234,0.6820404842911553,0.0011253667990804063,OOD,OOD,25.495146427397323,0.8223280582914951,0.001356841296180967,RELIABLE,RELIABLE,159.44018618200028,0.45368225854127175,0.0007485757265930984,OOD,OOD
105,1,Circle,1,Circle,max_nhat,UNRELIABLE,IDO,45.70343760524109,0.8090973930694488,0.0013350106985645905,0,0.2000510346804425,1,1,True,105.41149730109079,0.6090463583890063,0.0010049264913418604,OOD,OOD,45.70343760524109,0.8090973930694488,0.0013350106985645905,UNRELIABLE,IDO,148.4618483406399,0.5338944992730043,0.0008809259238004571,OOD,OOD
106,1,Circle,1,Circle,max_nhat,OOD,OOD,73.88378104636969,0.8132696326790035,0.0013418948939203559,0,0.2847448306771415,1,1,True,138.54504190254423,0.528524802001862,0.0008720659233030723,OOD,OOD,73.88378104636969,0.8132696326790035,0.0013418948939203559,OOD,OOD,186.75517834038135,0.3861602715562441,0.0006371644480678028,OOD,OOD
107,1,Circle,1,Circle,max_nhat,RELIABLE,RELIABLE,33.51993914130847,0.7973956546824373,0.0013157028302260216,0,0.12257022079942326,1,1,True,82.47669379083592,0.6748254338830141,0.0011134619659069732,OOD,OOD,33.51993914130847,0.7973956546824373,0.0013157028302260216,RELIABLE,RELIABLE,170.9081962996994,0.44810045954522487,0.000739365758249621,OOD,OOD
108,1,Circle,1,Circle,max_nhat,RELIABLE,RELIABLE,20.94172902132562,0.81415340124406,0.001343353112052699,0,0.28232316206004904,1,1,True,158.39516908888695,0.531830239184011,0.000877519894653618,OOD,OOD,20.94172902132562,0.81415340124406,0.001343353112052699,RELIABLE,RELIABLE,149.66580479643375,0.5282167388640353,0.0008715576191256583,OOD,OOD
109,1,Circle,1,Circle,max_nhat,RELIABLE,RELIABLE,32.708180235049284,0.8018477738608383,0.0013230488268703832,0,0.13296479569850428,1,1,True,81.61708209639642,0.668882978162334,0.001103656913967851,OOD,OOD,32.708180235049284,0.8018477738608383,0.0013230488268703832,RELIABLE,RELIABLE,137.4545929365026,0.5329831809217258,0.0008794222485208476,OOD,OOD
110,1,Circle,1,Circle,max_nhat,RELIABLE,RELIABLE,29.257666216158412,0.8127171716627882,0.0013409833332436005,0,0.28458309193586495,1,1,True,131.1869648020234,0.5281340797269233,0.0008714212315494233,OOD,OOD,29.257666216158412,0.8127171716627882,0.0013409833332436005,RELIABLE,RELIABLE,158.82831439123413,0.45344810638415295,0.0007481893755338524,OOD,OOD
111,1,Circle,1,Circle,max_nhat,UNRELIABLE,IDO,43.681980483956565,0.8120738288558816,0.0013399218176122047,0,0.13241646797603068,1,1,True,85.28257064954273,0.679657360879851,0.001121434645451754,OOD,OOD,43.681980483956565,0.8120738288558816,0.0013399218176122047,UNRELIABLE,IDO,131.18034286654358,0.5299656905534483,0.0008744433894131898,OOD,OOD
112,1,Circle,1,Circle,max_nhat,RELIABLE,RELIABLE,31.87708070713713,0.8150798766803126,0.0013448817965225157,0,0.2783109092623792,1,1,True,135.19626182108544,0.5367689674179333,0.00088566879623959,OOD,OOD,31.87708070713713,0.8150798766803126,0.0013448817965225157,RELIABLE,RELIABLE,164.42352904708483,0.4575101559067649,0.0007548917572461621,OOD,OOD
113,1,Circle,1,Circle,max_nhat,UNRELIABLE,IDO,38.635498314843055,0.8254684259041309,0.001362022902741816,0,0.28735500975949624,1,1,True,116.85560935469617,0.5381134161446347,0.0008878871366386472,OOD,OOD,38.635498314843055,0.8254684259041309,0.001362022902741816,UNRELIABLE,IDO,151.05544236005093,0.4558122329540291,0.0007520901843741481,OOD,OOD
114,1,Circle,1,Circle,max_nhat,RELIABLE,RELIABLE,29.377746035249313,0.8084270695297956,0.0013339046647241628,0,0.2049762292215751,1,1,True,95.23595705219655,0.6034508403082205,0.0009956938865085638,OOD,OOD,29.377746035249313,0.8084270695297956,0.0013339046647241628,RELIABLE,RELIABLE,156.44975958337227,0.4489227751793476,0.0007407225790459235,OOD,OOD
115,1,Circle,1,Circle,max_nhat,RELIABLE,RELIABLE,21.496204714097164,0.8220453943754413,0.0013563749007194782,0,0.22010857364299952,1,1,True,104.92390797111123,0.6019368207324418,0.000993195754208529,OOD,OOD,21.496204714097164,0.8220453943754413,0.0013563749007194782,RELIABLE,RELIABLE,131.6074629180174,0.5347329701786978,0.0008823094007948514,OOD,OOD
116,1,Circle,1,Circle,max_nhat,UNRELIABLE,IDO,38.20248049684102,0.7993996088459211,0.0013190093545957697,0,0.12356609030164933,1,1,True,83.90759930796877,0.6758335185442718,0.0011151253055980484,OOD,OOD,38.20248049684102,0.7993996088459211,0.0013190093545957697,UNRELIABLE,IDO,132.93048029556027,0.5272965030033872,0.0008700392299555888,OOD,OOD
117,1,Circle,1,Circle,max_nhat,RELIABLE,RELIABLE,19.04344428265068,0.8359807903310034,0.0013793683040461556,0,0.2156014722832308,1,1,True,107.5168824593365,0.6203793180477726,0.0010236258747788247,OOD,OOD,19.04344428265068,0.8359807903310034,0.0013793683040461556,RELIABLE,RELIABLE,129.10006061817083,0.5338370069045453,0.0008808310613924997,OOD,OOD
118,1,Circle,1,Circle,max_nhat,RELIABLE,RELIABLE,22.712456662420706,0.8095924760006615,0.0013358275854010915,0,0.20542922693463106,1,1,True,113.9246073960871,0.6041632490660305,0.0009968693609589503,OOD,OOD,22.712456662420706,0.8095924760006615,0.0013358275854010915,RELIABLE,RELIABLE,174.10969955983316,0.45050552119507564,0.0007433341099718748,OOD,OOD
119,1,Circle,1,Circle,max_nhat,RELIABLE,RELIABLE,23.239861564504416,0.8078298083567639,0.0013329191837886604,0,0.20355457245625652,1,1,True,106.19876349108569,0.6042752359005074,0.000997054139235837,OOD,OOD,23.239861564504416,0.8078298083567639,0.0013329191837886604,RELIABLE,RELIABLE,146.635615307803,0.5322071786780147,0.0008781418448187243,OOD,OOD
120,1,Circle,1,Circle,max_nhat,RELIABLE,RELIABLE,32.03170138301284,0.8355072901062132,0.0013785870286752518,0,0.22176646005061573,1,1,True,104.62973163204809,0.6137408300555974,0.0010126723695917357,OOD,OOD,32.03170138301284,0.8355072901062132,0.0013785870286752518,RELIABLE,RELIABLE,132.38419887405223,0.5367542621298511,0.0008856445325142544,OOD,OOD
121,1,Circle,1,Circle,max_nhat,UNRELIABLE,IDO,41.225531048467005,0.830288754010041,0.0013699764441165677,0,0.22321768062527914,1,1,True,93.46882298605384,0.6070710733847619,0.001001667271084857,OOD,OOD,41.225531048467005,0.830288754010041,0.0013699764441165677,UNRELIABLE,IDO,171.57738192672844,0.3788199104284217,0.0006250528522068958,OOD,OOD
122,1,Circle,1,Circle,max_nhat,RELIABLE,RELIABLE,25.941262959012253,0.8115158658071802,0.0013390011785818473,0,0.2038359880698014,1,1,True,109.88881815464448,0.6076798777373787,0.0010026717982666749,OOD,OOD,25.941262959012253,0.8115158658071802,0.0013390011785818473,RELIABLE,RELIABLE,161.98303848899914,0.4594545716366729,0.0007581000432005103,OOD,OOD
123,1,Circle,1,Circle,max_nhat,RELIABLE,RELIABLE,21.322290916346038,0.8119160013727015,0.0013396614022649575,0,0.2116276979434143,1,1,True,109.27572048310407,0.6002883034292872,0.0009904757006583239,OOD,OOD,21.322290916346038,0.8119160013727015,0.0013396614022649575,RELIABLE,RELIABLE,178.28747213140232,0.4520287956858668,0.0007458475128816802,OOD,OOD
124,1,Circle,1,Circle,max_nhat,RELIABLE,RELIABLE,31.23593253032345,0.8307568536554515,0.001370748808531495,0,0.2872830634949486,1,1,True,125.10236039550888,0.5434737901605029,0.0008967317537648297,OOD,OOD,31.23593253032345,0.8307568536554515,0.001370748808531495,RELIABLE,RELIABLE,160.18050195794396,0.46007371297125643,0.0007591216264025731,OOD,OOD
125,1,Circle,1,Circle,max_nhat,RELIABLE,RELIABLE,31.27520970483417,0.8178757747812857,0.0013494950283891214,0,0.21810907948967384,1,1,True,110.79044898296388,0.5997666952916119,0.0009896150472311596,OOD,OOD,31.27520970483417,0.8178757747812857,0.0013494950283891214,RELIABLE,RELIABLE,164.5484565727474,0.4554769067638016,0.0007515368961602726,OOD,OOD
126,1,Circle,1,Circle,max_nhat,RELIABLE,RELIABLE,23.861945918766715,0.8191419505309526,0.0013515842183760719,0,0.13925901054618361,1,1,True,85.65145260847426,0.679882939984769,0.0011218068509748688,OOD,OOD,23.861945918766715,0.8191419505309526,0.0013515842183760719,RELIABLE,RELIABLE,189.29420027384214,0.37947790932396736,0.0006261385503845461,OOD,OOD
127,1,Circle,1,Circle,max_nhat,RELIABLE,RELIABLE,21.683253630010626,0.8209133830432385,0.0013545070820213435,0,0.21648729395443156,1,1,True,130.09442411732093,0.6044260890888069,0.0009973030469965314,OOD,OOD,21.683253630010626,0.8209133830432385,0.0013545070820213435,RELIABLE,RELIABLE,130.44122640534016,0.5399557684264745,0.0008909270179036829,OOD,OOD
128,1,Circle,1,Circle,max_nhat,OOD,OOD,52.63044447745226,0.8181112059641423,0.0013498834898408349,0,0.22530496852630788,1,1,True,120.07737337433865,0.5928062374378344,0.0009781302917724268,OOD,OOD,52.63044447745226,0.8181112059641423,0.0013498834898408349,OOD,OOD,176.4507784652759,0.37624182218282126,0.0006207990066016551,OOD,OOD
129,1,Circle,1,Circle,max_nhat,UNRELIABLE,IDO,47.931121834971876,0.8354394917226171,0.0013784751613423183,0,0.2968554623626336,1,1,True,137.98718357222614,0.5385840293599835,0.0008886636484439727,OOD,OOD,47.931121834971876,0.8354394917226171,0.0013784751613423183,UNRELIABLE,IDO,159.09562442245425,0.4555614048616995,0.0007516763180218042,OOD,OOD
130,1,Circle,1,Circle,max_nhat,RELIABLE,RELIABLE,30.373206725912926,0.8214907241344896,0.001355459694821908,0,0.21389520074419266,1,1,True,101.18751815874535,0.607595523390297,0.00100253261359399,OOD,OOD,30.373206725912926,0.8214907241344896,0.001355459694821908,RELIABLE,RELIABLE,179.07423080475982,0.3837998006356448,0.0006332696710488138,OOD,OOD
131,1,Circle,1,Circle,max_nhat,RELIABLE,RELIABLE,24.71298274597055,0.8099835055099237,0.001336472784091374,0,0.12739482359067933,1,1,True,92.00738536320955,0.6825886819192444,0.0011262713251667532,OOD,OOD,24.71298274597055,0.8099835055099237,0.001336472784091374,RELIABLE,RELIABLE,163.06500863442295,0.45307069068505257,0.0007475666396303367,OOD,OOD
132,1,Circle,1,Circle,max_nhat,UNRELIABLE,IDO,45.72376467730172,0.8079312521832536,0.0013330865661023684,0,0.20892756817899005,1,1,True,120.45131164761261,0.5990036840042635,0.0009883560786070349,OOD,OOD,45.72376467730172,0.8079312521832536,0.0013330865661023684,UNRELIABLE,IDO,174.69880712075962,0.45238773035427626,0.0007464397550845559,OOD,OOD
133,1,Circle,1,Circle,max_nhat,RELIABLE,RELIABLE,28.756746099756434,0.8239729236577994,0.001359555324035369,0,0.21078632815450282,1,1,True,102.03079800422722,0.6131865955032966,0.0010117578825804394,OOD,OOD,28.756746099756434,0.8239729236577994,0.001359555324035369,RELIABLE,RELIABLE,160.76986234558228,0.4562819009312561,0.0007528651365365725,OOD,OOD
134,1,Circle,1,Circle,max_nhat,RELIABLE,RELIABLE,32.754865595678574,0.7995926904371506,0.0013193279392212985,0,0.2709346998681563,1,1,True,122.59014156380778,0.5286579905689943,0.0008722856844388406,OOD,OOD,32.754865595678574,0.7995926904371506,0.0013193279392212985,RELIABLE,RELIABLE,189.19943751952414,0.37806060928779117,0.0006238000053248554,OOD,OOD
135,1,Circle,1,Circle,max_nhat,RELIABLE,RELIABLE,33.59653277065318,0.8035709161199811,0.0013258920115979689,0,0.27741243138040717,1,1,True,136.44521213699022,0.5261584847395739,0.000868161499820297,OOD,OOD,33.59653277065318,0.8035709161199811,0.0013258920115979689,RELIABLE,RELIABLE,195.12674276621365,0.37835134480305105,0.0006242797189250342,OOD,OOD
136,1,Circle,1,Circle,max_nhat,RELIABLE,RELIABLE,22.837947749688237,0.7998384792513176,0.001319733490764674,0,0.27312787206739353,1,1,True,126.96183780296907,0.526710607183924,0.0008690725018534747,OOD,OOD,22.837947749688237,0.7998384792513176,0.001319733490764674,RELIABLE,RELIABLE,191.24074334496302,0.3774338243556482,0.0006227658101868195,OOD,OOD
137,1,Circle,1,Circle,max_nhat,RELIABLE,RELIABLE,30.526444360120365,0.8290034332535442,0.001367855664868348,0,0.2190903881302123,1,1,True,103.87008323954988,0.6099130451233319,0.0010063565244534977,OOD,OOD,30.526444360120365,0.8290034332535442,0.001367855664868348,RELIABLE,RELIABLE,158.42630518480794,0.46301501375199866,0.0007639747726907978,OOD,OOD
138,1,Circle,1,Circle,max_nhat,RELIABLE,RELIABLE,36.44921401648554,0.8160294560186983,0.001346448602430852,0,0.2088944119649414,1,1,True,99.8450493349091,0.6071350440537568,0.0010017728226886988,OOD,OOD,36.44921401648554,0.8160294560186983,0.001346448602430852,RELIABLE,RELIABLE,150.14817642277237,0.4648680406480469,0.0007670322670692773,OOD,OOD
139,1,Circle,1,Circle,max_nhat,UNRELIABLE,IDO,43.54280071238962,0.8094014455494726,0.0013355123851566298,0,0.2745707631681914,1,1,True,132.87265572010523,0.5348306823812812,0.000882470625929114,OOD,OOD,43.54280071238962,0.8094014455494726,0.0013355123851566298,UNRELIABLE,IDO,197.7053644547642,0.38142635294930194,0.0006293534823663482,OOD,OOD
140,1,Circle,1,Circle,max_nhat,RELIABLE,RELIABLE,27.799524651683523,0.8208831660385422,0.0013544572239635945,0,0.20975327621262063,1,1,True,133.730084715459,0.6111298898259215,0.0010083643182127705,OOD,OOD,27.799524651683523,0.8208831660385422,0.0013544572239635945,RELIABLE,RELIABLE,137.41945046425047,0.5319702427085463,0.0008777509004691015,OOD,OOD
141,1,Circle,1,Circle,max_nhat,UNRELIABLE,IDO,39.291155449499115,0.8055190449353633,0.0013291064241433494,0,0.20287553765118538,1,1,True,106.32086881260365,0.6026435072841779,0.0009943617870188937,OOD,OOD,39.291155449499115,0.8055190449353633,0.0013291064241433494,UNRELIABLE,IDO,144.5691926538987,0.5260469124004112,0.0008679774054606786,OOD,OOD
142,1,Circle,1,Circle,max_nhat,OOD,OOD,79.69583897477482,0.7941696970152343,0.0013103800000751366,0,0.27067960988279394,1,1,True,134.55513039302286,0.5234900871324404,0.0008637586437685267,OOD,OOD,79.69583897477482,0.7941696970152343,0.0013103800000751366,OOD,OOD,185.16483330357482,0.37533779674049594,0.0006193073646218183,OOD,OOD
143,1,Circle,1,Circle,max_nhat,RELIABLE,RELIABLE,37.081500481727176,0.8221439728879991,0.0013565375552651985,0,0.28444170668383617,1,1,True,129.73699579428694,0.537702266204163,0.0008872087392368688,OOD,OOD,37.081500481727176,0.8221439728879991,0.0013565375552651985,RELIABLE,RELIABLE,144.7539346535845,0.53550555217546,0.0008835841610895091,OOD,OOD
144,1,Circle,1,Circle,max_nhat,RELIABLE,RELIABLE,35.178572883019,0.8115016301176057,0.0013389776896940494,0,0.2032853465002088,1,1,True,99.13781288748035,0.6082162836173969,0.0010035568679687048,OOD,OOD,35.178572883019,0.8115016301176057,0.0013389776896940494,RELIABLE,RELIABLE,128.7344588361659,0.5320505204849483,0.0008778833588001646,OOD,OOD
145,1,Circle,1,Circle,max_nhat,RELIABLE,RELIABLE,23.374955931381443,0.8001252989645874,0.0013202067432915691,0,0.20232041884055385,1,1,True,109.4827296401787,0.5978048801240335,0.0009863780522046553,OOD,OOD,23.374955931381443,0.8001252989645874,0.0013202067432915691,RELIABLE,RELIABLE,139.4774462532703,0.519534213436855,0.0008572314521708107,OOD,OOD
146,1,Circle,1,Circle,max_nhat,UNRELIABLE,IDO,43.41019272772916,0.8114017817966461,0.001338812939964466,0,0.2820981413945921,1,1,True,121.14698181386653,0.529303640402054,0.0008733510066633891,OOD,OOD,43.41019272772916,0.8114017817966461,0.001338812939964466,UNRELIABLE,IDO,155.81911465694066,0.4562869676411403,0.0007528734966078815,OOD,OOD
147,1,Circle,1,Circle,max_nhat,RELIABLE,RELIABLE,27.585010111455542,0.8040727926024114,0.0013267201077939788,0,0.2006802542395606,1,1,True,114.49370333047412,0.6033925383628508,0.0009955976882987038,OOD,OOD,27.585010111455542,0.8040727926024114,0.0013267201077939788,RELIABLE,RELIABLE,172.7917841063994,0.45104777388848377,0.0007442288269159982,OOD,OOD
148,1,Circle,1,Circle,max_nhat,RELIABLE,RELIABLE,25.387930352966965,0.8266502621595528,0.0013639729325632623,0,0.21846101030391396,1,1,True,99.36260981536547,0.6081892518556389,0.0010035122655618041,OOD,OOD,25.387930352966965,0.8266502621595528,0.0013639729325632623,RELIABLE,RELIABLE,167.62111794542096,0.456480215349508,0.0007531923553266882,OOD,OOD
149,1,Circle,1,Circle,max_nhat,RELIABLE,RELIABLE,19.11916966414312,0.843860670695691,0.0013923701066478902,0,0.30612233416345724,1,1,True,122.24415482209169,0.5377383365322338,0.0008872682552781858,OOD,OOD,19.11916966414312,0.843860670695691,0.0013923701066478902,RELIABLE,RELIABLE,193.86762496855016,0.38233820101281835,0.0006308580316711503,OOD,OOD
150,1,Circle,1,Circle,max_nhat,RELIABLE,RELIABLE,26.675670097217328,0.8488167371275677,0.0014005476162604867,0,0.22677673612698201,1,1,True,103.3325404595319,0.6220400010005857,0.0010263660016509664,OOD,OOD,26.675670097217328,0.8488167371275677,0.0014005476162604867,RELIABLE,RELIABLE,130.08306996386617,0.5446449117850523,0.0008986641044453363,OOD,OOD
151,1,Circle,1,Circle,max_nhat,OOD,OOD,58.18712513536789,0.8288425708952385,0.0013675902419771435,0,0.2246039507585782,1,1,True,121.71664910194217,0.6042386201366603,0.0009969937232254895,OOD,OOD,58.18712513536789,0.8288425708952385,0.0013675902419771435,OOD,OOD,168.9416173037514,0.45570429163553827,0.0007519120811986382,OOD,OOD
152,1,Circle,1,Circle,max_nhat,UNRELIABLE,IDO,52.085161516559424,0.8051147325390848,0.00132843930868949,0,0.20324263240382578,1,1,True,112.36452049282461,0.601872100135259,0.0009930889652231775,OOD,OOD,52.085161516559424,0.8051147325390848,0.00132843930868949,UNRELIABLE,IDO,161.37628198400236,0.4504963288542681,0.0007433189426095424,OOD,OOD
153,1,Circle,1,Circle,max_nhat,UNRELIABLE,IDO,47.71272600148809,0.8229786751831373,0.0013579148140521766,0,0.28567948355855444,1,1,True,170.62759630971794,0.5372991916245828,0.0008865436661805617,OOD,OOD,47.71272600148809,0.8229786751831373,0.0013579148140521766,UNRELIABLE,IDO,169.9520710078476,0.46174778403085565,0.0007618838436509118,OOD,OOD
154,1,Circle,1,Circle,max_nhat,OOD,OOD,80.21293457363764,0.8274683050941102,0.0013653227034052817,0,0.28944591929621144,1,1,True,130.48238973270506,0.5380223857978987,0.000887736936566533,OOD,OOD,80.21293457363764,0.8274683050941102,0.0013653227034052817,OOD,OOD,163.36750979826223,0.4590126032310747,0.0007573707953312732,OOD,OOD
155,1,Circle,1,Circle,max_nhat,UNRELIABLE,IDO,48.72743614064313,0.8238742110189746,0.001359392448181308,0,0.14699251310669326,1,1,True,88.8237699714369,0.6768816979122814,0.0011168548015552642,OOD,OOD,48.72743614064313,0.8238742110189746,0.001359392448181308,UNRELIABLE,IDO,157.07211515671318,0.45187158010157746,0.0007455881071676029,OOD,OOD
156,1,Circle,1,Circle,max_nhat,UNRELIABLE,IDO,43.872949578734385,0.8150740970669125,0.0013448722601604056,0,0.207478216603882,1,1,True,108.0015347778439,0.6075958804630305,0.0010025332027640004,OOD,OOD,43.872949578734385,0.8150740970669125,0.0013448722601604056,UNRELIABLE,IDO,168.09616086962785,0.46288962583417287,0.0007637678826263852,OOD,OOD
157,1,Circle,1,Circle,max_nhat,RELIABLE,RELIABLE,25.199670580485716,0.8128179299055149,0.0013411495843440996,0,0.28772118431543536,1,1,True,128.6708401906562,0.5250967455900796,0.0008664096302236313,OOD,OOD,25.199670580485716,0.8128179299055149,0.0013411495843440996,RELIABLE,RELIABLE,206.00774462320337,0.37840292083530835,0.0006243648193782588,OOD,OOD
158,1,Circle,1,Circle,max_nhat,UNRELIABLE,IDO,47.62746680356424,0.8079289827700527,0.001333082821570587,0,0.28075187968111814,1,1,True,140.423908379901,0.5271771030889345,0.000869842220096742,OOD,OOD,47.62746680356424,0.8079289827700527,0.001333082821570587,UNRELIABLE,IDO,163.67400582751884,0.4497862441751958,0.0007421473028890731,OOD,OOD
159,1,Circle,1,Circle,max_nhat,UNRELIABLE,IDO,42.169487555523574,0.7955405713426681,0.0013126419427154023,0,0.1920223540707242,1,1,True,109.80853677096577,0.6035182172719439,0.0009958050584987074,OOD,OOD,42.169487555523574,0.7955405713426681,0.0013126419427154023,UNRELIABLE,IDO,168.14267913848713,0.4523698387057065,0.0007464102338644158,OOD,OOD
160,1,Circle,1,Circle,max_nhat,RELIABLE,RELIABLE,22.49314253184342,0.8185889897446355,0.0013506718330786485,0,0.2787914016048517,1,1,True,124.08074293934921,0.5397975881397837,0.0008906660204306431,OOD,OOD,22.49314253184342,0.8185889897446355,0.0013506718330786485,RELIABLE,RELIABLE,166.29504649686902,0.4624692564303308,0.0007630742731100458,OOD,OOD
161,1,Circle,1,Circle,max_nhat,RELIABLE,RELIABLE,25.215287017188942,0.8158410848610407,0.001346137790020717,0,0.28438103644193524,1,1,True,131.68829760585047,0.5314600484191054,0.0008769090798915239,OOD,OOD,25.215287017188942,0.8158410848610407,0.001346137790020717,RELIABLE,RELIABLE,173.0718781420461,0.4531336343717191,0.0007476704967133366,OOD,OOD
162,1,Circle,1,Circle,max_nhat,RELIABLE,RELIABLE,19.33748121739456,0.8215016779018278,0.001355477768538016,0,0.287778249021173,1,1,True,147.56671411424,0.5337234288806548,0.0008806436576530805,OOD,OOD,19.33748121739456,0.8215016779018278,0.001355477768538016,RELIABLE,RELIABLE,166.0484097633908,0.4599344785042094,0.0007588918895319454,OOD,OOD
163,1,Circle,1,Circle,max_nhat,RELIABLE,RELIABLE,22.832490020208994,0.8196454189073247,0.0013524149411970857,0,0.3004218950132125,1,1,True,123.76609308490082,0.5192235238941122,0.000856718814425285,OOD,OOD,22.832490020208994,0.8196454189073247,0.0013524149411970857,RELIABLE,RELIABLE,182.82303559706946,0.38109472041490616,0.0006288062886845952,OOD,OOD
164,1,Circle,1,Circle,max_nhat,UNRELIABLE,IDO,37.87094159719861,0.8147650277615266,0.0013443622958065188,0,0.2821646152284918,1,1,True,126.98457459340298,0.5326004125330348,0.0008787906806795074,OOD,OOD,37.87094159719861,0.8147650277615266,0.0013443622958065188,UNRELIABLE,IDO,134.56807867366444,0.5237033396982006,0.0008641105105020309,OOD,OOD
165,1,Circle,1,Circle,max_nhat,RELIABLE,RELIABLE,23.80336146306258,0.7967410695854942,0.0013146227648160654,0,0.26828245220843927,1,1,True,130.07562344362665,0.5284586173770549,0.0008719567186721406,OOD,OOD,23.80336146306258,0.7967410695854942,0.0013146227648160654,RELIABLE,RELIABLE,174.23497484302595,0.4492996550108466,0.000741344430767897,OOD,OOD
166,1,Circle,1,Circle,max_nhat,OOD,OOD,78.88410295317038,0.8107190253793722,0.0013376863918759642,0,0.279904501985063,1,1,True,134.9586613772208,0.5308145233943092,0.0008758439636006102,OOD,OOD,78.88410295317038,0.8107190253793722,0.0013376863918759642,OOD,OOD,185.69730467155958,0.37974834624076,0.000626584771297254,OOD,OOD
167,1,Circle,1,Circle,max_nhat,RELIABLE,RELIABLE,25.790214693779635,0.8140215524866898,0.0013431355616030382,0,0.2812911774673448,1,1,True,135.714594302638,0.5327303750193451,0.0008790051187819193,OOD,OOD,25.790214693779635,0.8140215524866898,0.0013431355616030382,RELIABLE,RELIABLE,205.81106405726547,0.3772332776228657,0.0006224349080777284,OOD,OOD
168,1,Circle,1,Circle,max_nhat,RELIABLE,RELIABLE,25.214716963660276,0.819316473800604,0.0013518721817709965,0,0.20882137102190834,1,1,True,105.9791616628527,0.6104951027786957,0.0010073169195848478,OOD,OOD,25.214716963660276,0.819316473800604,0.0013518721817709965,RELIABLE,RELIABLE,183.80803381024745,0.37836809869558247,0.000624307362847711,OOD,OOD
169,1,Circle,1,Circle,max_nhat,RELIABLE,RELIABLE,34.003551260336586,0.8005130767587555,0.0013208465766519465,0,0.2726085093182453,1,1,True,130.2774021816348,0.5279045674405102,0.0008710425362768418,OOD,OOD,34.003551260336586,0.8005130767587555,0.0013208465766519465,RELIABLE,RELIABLE,193.63951644653844,0.384884793843248,0.0006350599098413591,OOD,OOD
170,1,Circle,1,Circle,max_nhat,UNRELIABLE,IDO,45.75666640296398,0.8223565959449524,0.0013568883833091714,0,0.2870156923971524,1,1,True,138.50722832008248,0.5353409035478,0.00088331249085387,OOD,OOD,45.75666640296398,0.8223565959449524,0.0013568883833091714,UNRELIABLE,IDO,182.98193266934095,0.3836185014898475,0.0006329705274582484,OOD,OOD
171,1,Circle,1,Circle,max_nhat,RELIABLE,RELIABLE,30.662561649007813,0.8238811421181675,0.0013594038844949765,0,0.28730280678063413,1,1,True,163.60611893418744,0.5365783353375334,0.0008853542533069301,OOD,OOD,30.662561649007813,0.8238811421181675,0.0013594038844949765,RELIABLE,RELIABLE,157.86360100112108,0.45369282769061,0.0007485931656895065,OOD,OOD
172,1,Circle,1,Circle,max_nhat,RELIABLE,RELIABLE,31.88748060260099,0.8122183135835374,0.0013401602174128366,0,0.2791677516528197,1,1,True,132.80701880067406,0.5330505619307176,0.0008795334271856841,OOD,OOD,31.88748060260099,0.8122183135835374,0.0013401602174128366,RELIABLE,RELIABLE,164.75586906275862,0.45594100795202713,0.0007523026631208447,OOD,OOD
173,1,Circle,1,Circle,max_nhat,RELIABLE,RELIABLE,34.66557883367236,0.8158536929970713,0.0013461585934451676,0,0.20078579359760074,1,1,True,100.38299649506939,0.6150678993994706,0.0010148620340091265,OOD,OOD,34.66557883367236,0.8158536929970713,0.0013461585934451676,RELIABLE,RELIABLE,128.46663289248465,0.5392956901050696,0.0008898378886733649,OOD,OOD
174,1,Circle,1,Circle,max_nhat,UNRELIABLE,IDO,39.66265214630919,0.822799521534711,0.0013576192105322733,0,0.13155827072769466,1,1,True,83.79482689725629,0.6912412508070164,0.001140548063831577,OOD,OOD,39.66265214630919,0.822799521534711,0.0013576192105322733,UNRELIABLE,IDO,136.00138623428705,0.5337783103991733,0.0008807342121586359,OOD,OOD
175,1,Circle,1,Circle,max_nhat,RELIABLE,RELIABLE,36.8288427568715,0.818440771708445,0.0013504272733189343,0,0.2876518446341858,1,1,True,141.18877079643707,0.5307889270742592,0.0008758017296725276,OOD,OOD,36.8288427568715,0.818440771708445,0.0013504272733189343,RELIABLE,RELIABLE,169.34988838758565,0.4511725970016495,0.0007444347850527217,OOD,OOD
176,1,Circle,1,Circle,max_nhat,RELIABLE,RELIABLE,37.16902009347679,0.8356716814228007,0.0013788582743476212,0,0.30532037102176635,1,1,True,123.37594735179347,0.5303513104010343,0.0008750796621617067,OOD,OOD,37.16902009347679,0.8356716814228007,0.0013788582743476212,RELIABLE,RELIABLE,174.35641970573897,0.37166556359321284,0.0006132481799288012,OOD,OOD
177,1,Circle,1,Circle,max_nhat,RELIABLE,RELIABLE,27.344155018022157,0.8066732675570478,0.0013310108914691289,0,0.13132813063976567,1,1,True,89.5099914433412,0.6753451369172822,0.0011143194759135155,OOD,OOD,27.344155018022157,0.8066732675570478,0.0013310108914691289,RELIABLE,RELIABLE,153.89597913907187,0.4547052003543484,0.0007502635805846749,OOD,OOD
178,1,Circle,1,Circle,max_nhat,UNRELIABLE,IDO,45.471087251692424,0.7946658633143059,0.0013111986744686046,0,0.20001820391186798,1,1,True,142.37879092092433,0.5946476594024379,0.0009811686380140226,OOD,OOD,45.471087251692424,0.7946658633143059,0.0013111986744686046,UNRELIABLE,IDO,145.66556542650932,0.5179096847648177,0.0008545509798619492,OOD,OOD
179,1,Circle,1,Circle,max_nhat,OOD,OOD,66.06648939585303,0.8117419265207465,0.0013393741787592318,0,0.20506161965107517,1,1,True,108.63009803765564,0.6066803068696713,0.0010010225063349578,OOD,OOD,66.06648939585303,0.8117419265207465,0.0013393741787592318,OOD,OOD,150.8898516179635,0.45148523935385304,0.0007449506449338575,OOD,OOD
180,1,Circle,1,Circle,max_nhat,UNRELIABLE,IDO,41.744483849945276,0.8086136308337198,0.0013342124908756376,0,0.28753630581550604,1,1,True,124.188069601161,0.5210773250182138,0.0008597775862800528,OOD,OOD,41.744483849945276,0.8086136308337198,0.0013342124908756376,UNRELIABLE,IDO,190.7701151495906,0.3750862488400285,0.000618892310586047,OOD,OOD
181,1,Circle,1,Circle,max_nhat,RELIABLE,RELIABLE,23.533354832702976,0.8274547572233014,0.0013653003494184474,0,0.2276421361437605,1,1,True,101.05542697686057,0.5998126210795409,0.0009896908247812425,OOD,OOD,23.533354832702976,0.8274547572233014,0.0013653003494184474,RELIABLE,RELIABLE,192.26232752789764,0.3775562515687937,0.0006229678150885096,OOD,OOD
182,1,Circle,1,Circle,max_nhat,RELIABLE,RELIABLE,33.14845686510964,0.8074907570147574,0.0013323597490743496,0,0.198767311246964,1,1,True,115.73881169844888,0.6087234457677934,0.0010043936855168591,OOD,OOD,33.14845686510964,0.8074907570147574,0.0013323597490743496,RELIABLE,RELIABLE,170.52511231874647,0.4554702972644627,0.0007515259904863635,OOD,OOD
183,1,Circle,1,Circle,max_nhat,RELIABLE,RELIABLE,21.133787697374856,0.832525711193955,0.0013736674234700258,0,0.2306051547175615,1,1,True,105.14861931730162,0.6019205564763935,0.0009931689181860493,OOD,OOD,21.133787697374856,0.832525711193955,0.0013736674234700258,RELIABLE,RELIABLE,154.80208541815318,0.4577564719792308,0.0007552981787657308,OOD,OOD
184,1,Circle,1,Circle,max_nhat,RELIABLE,RELIABLE,20.86411758928287,0.8234635991274958,0.0013587149385603681,0,0.2109225218920271,1,1,True,101.1353028076678,0.6125410772354687,0.0010106927774385234,OOD,OOD,20.86411758928287,0.8234635991274958,0.0013587149385603681,RELIABLE,RELIABLE,184.99735944199253,0.38990903511722136,0.0006433499079434152,OOD,OOD
185,1,Circle,1,Circle,max_nhat,RELIABLE,RELIABLE,21.562938905301596,0.8141221299752017,0.0013433015144590828,0,0.21500281610071925,1,1,True,106.09250414843613,0.5991193138744825,0.000988546867892896,OOD,OOD,21.562938905301596,0.8141221299752017,0.0013433015144590828,RELIABLE,RELIABLE,128.89545676947427,0.5301035326455641,0.0008746708288651808,OOD,OOD
186,1,Circle,1,Circle,max_nhat,RELIABLE,RELIABLE,27.76696270446871,0.8248824079881351,0.0013610559731804229,0,0.28733725447223846,1,1,True,123.27138210809899,0.5375451535158966,0.0008869495033012294,OOD,OOD,27.76696270446871,0.8248824079881351,0.0013610559731804229,RELIABLE,RELIABLE,183.32078676728113,0.3811282101706741,0.0006288615467816123,OOD,OOD
187,1,Circle,1,Circle,max_nhat,RELIABLE,RELIABLE,28.906258433470587,0.8271954128629594,0.001364872431223883,0,0.20930717986071212,1,1,True,100.08587222734754,0.6178882330022473,0.001019515584453708,OOD,OOD,28.906258433470587,0.8271954128629594,0.001364872431223883,RELIABLE,RELIABLE,175.55925291963368,0.39132065898503077,0.0006456790873253008,OOD,OOD
188,1,Circle,1,Circle,max_nhat,RELIABLE,RELIABLE,37.525544834169175,0.800907509459539,0.0013214973906082394,0,0.19731917587226488,1,1,True,112.19557326560562,0.6035883335872742,0.0009959207504190023,OOD,OOD,37.525544834169175,0.800907509459539,0.0013214973906082394,RELIABLE,RELIABLE,170.83394573337915,0.44982474744178635,0.0007422108332789475,OOD,OOD
189,1,Circle,1,Circle,max_nhat,RELIABLE,RELIABLE,21.44762030561401,0.8197867533183402,0.0013526481429752613,0,0.22239194541479979,1,1,True,112.11407524409479,0.5973948079035404,0.0009857014330408415,OOD,OOD,21.44762030561401,0.8197867533183402,0.0013526481429752613,RELIABLE,RELIABLE,143.9193278902851,0.5247342409678367,0.0008658114975969306,OOD,OOD
190,1,Circle,1,Circle,max_nhat,RELIABLE,RELIABLE,20.92175192448994,0.8430473919573023,0.0013910281967295488,0,0.23634556264766338,1,1,True,130.7699447985856,0.6067018293096389,0.0010010580183609041,OOD,OOD,20.92175192448994,0.8430473919573023,0.0013910281967295488,RELIABLE,RELIABLE,133.39420996856342,0.5305347788003199,0.0008753823850205278,OOD,OOD
191,1,Circle,1,Circle,max_nhat,RELIABLE,RELIABLE,35.1788068187306,0.8325024031705992,0.0013736289652314887,0,0.2990111952802106,1,1,True,136.05081178947788,0.5334912078903886,0.0008802604930191413,OOD,OOD,35.1788068187306,0.8325024031705992,0.0013736289652314887,RELIABLE,RELIABLE,139.59657034930433,0.5325709702317466,0.0008787421008823819,OOD,OOD
192,1,Circle,1,Circle,max_nhat,RELIABLE,RELIABLE,35.573662966712156,0.8174700681092552,0.001348825612380271,0,0.28877979210734106,1,1,True,143.41329897032875,0.5286902760019141,0.0008723389554031582,OOD,OOD,35.573662966712156,0.8174700681092552,0.001348825612380271,RELIABLE,RELIABLE,198.58462325410343,0.3828545250833062,0.0006317099663874552,OOD,OOD
193,1,Circle,1,Circle,max_nhat,RELIABLE,RELIABLE,29.57509172559452,0.7897272923328108,0.0013030500323491377,0,0.1895106673304764,1,1,True,112.9041936941089,0.6002166250023344,0.0009903574312538517,OOD,OOD,29.57509172559452,0.7897272923328108,0.0013030500323491377,RELIABLE,RELIABLE,194.98991534794544,0.381471366611632,0.0006294277549091928,OOD,OOD
194,1,Circle,1,Circle,max_nhat,UNRELIABLE,IDO,40.01151906249192,0.7993223138453989,0.0013188818178449082,0,0.11500351174995438,1,1,True,83.8628324595774,0.6843188020954445,0.0011291260234574834,OOD,OOD,40.01151906249192,0.7993223138453989,0.0013188818178449082,UNRELIABLE,IDO,127.12665474182133,0.5336956386916033,0.0008805978038411454,OOD,OOD
195,1,Circle,1,Circle,max_nhat,OOD,OOD,87.37791814977044,0.8320982770965772,0.0013729621572093524,0,0.2924190898022393,1,1,True,146.58079135133096,0.539679187294338,0.0008904706590356576,OOD,OOD,87.37791814977044,0.8320982770965772,0.0013729621572093524,OOD,OOD,184.44573315220003,0.3947500740762077,0.0006513376222257427,OOD,OOD
196,1,Circle,1,Circle,max_nhat,UNRELIABLE,IDO,42.24778842071022,0.8181125910084968,0.0013498857751640197,0,0.2809695614852842,1,1,True,161.90934596867262,0.5371430295232126,0.0008862859987133008,OOD,OOD,42.24778842071022,0.8181125910084968,0.0013498857751640197,UNRELIABLE,IDO,164.81154928685774,0.46595234260737173,0.0007688213653021633,OOD,OOD
197,1,Circle,1,Circle,max_nhat,RELIABLE,RELIABLE,19.08199690489705,0.8266356061984842,0.0013639487502274989,0,0.3004638905538001,1,1,True,154.83438621534705,0.5261717156446841,0.0008681833308137288,OOD,OOD,19.08199690489705,0.8266356061984842,0.0013639487502274989,RELIABLE,RELIABLE,158.8757516169352,0.45269275194893516,0.000746943040715743,OOD,OOD
198,1,Circle,1,Circle,max_nhat,RELIABLE,RELIABLE,35.67951210553118,0.8214235936898068,0.001355348929588181,0,0.2156113204015826,1,1,True,110.63319018253263,0.6058122732882242,0.0009995902509255699,OOD,OOD,35.67951210553118,0.8214235936898068,0.001355348929588181,RELIABLE,RELIABLE,177.70330284192724,0.3792073228008697,0.000625692082621435,OOD,OOD
199,1,Circle,1,Circle,max_nhat,UNRELIABLE,IDO,43.299718394532455,0.8276807988391837,0.001365673318084653,0,0.21945332943726137,1,1,True,116.83602654813001,0.6082274694019223,0.0010035753245131718,OOD,OOD,43.299718394532455,0.8276807988391837,0.001365673318084653,UNRELIABLE,IDO,161.2361196495541,0.45826234853590714,0.0007561328750842468,OOD,OOD
200,2,Triangle,2,Triangle,max_nhat,RELIABLE,RELIABLE,25.574283307489154,0.8635509762453392,0.0014248591108048097,0,0.28965588345415916,2,2,True,135.15218839597213,0.57389509279118,0.0009469269031054469,OOD,OOD,165.30290576389058,0.4250438391183031,0.0007013223345452001,OOD,OOD,25.574283307489154,0.8635509762453392,0.0014248591108048097,RELIABLE,RELIABLE
201,2,Triangle,2,Triangle,max_nhat,UNRELIABLE,IDO,41.16011754391513,0.8639067832804119,0.0014254461924126797,0,0.2975647481673608,2,2,True,152.19038864749658,0.5663420351130511,0.0009344643579365343,OOD,OOD,186.89161423528319,0.4194267204826637,0.0006920540887963951,OOD,OOD,41.16011754391513,0.8639067832804119,0.0014254461924126797,UNRELIABLE,IDO
202,2,Triangle,2,Triangle,max_nhat,RELIABLE,RELIABLE,19.54299073553005,0.8727876219116398,0.0014400995761542057,0,0.29692913662951936,2,2,True,134.46084028124102,0.5758584852821205,0.0009501665007154988,OOD,OOD,123.6077401443151,0.5087221095164055,0.0008393914807020691,OOD,OOD,19.54299073553005,0.8727876219116398,0.0014400995761542057,RELIABLE,RELIABLE
203,2,Triangle,2,Triangle,max_nhat,RELIABLE,RELIABLE,35.51709841470569,0.8679078020971258,0.0014320478734602576,0,0.29321853142298626,2,2,True,132.67924796322447,0.5746892706741396,0.0009482372966123302,OOD,OOD,158.2433870479973,0.4430231754824912,0.0007309882395461105,OOD,OOD,35.51709841470569,0.8679078020971258,0.0014320478734602576,RELIABLE,RELIABLE
204,2,Triangle,2,Triangle,max_nhat,RELIABLE,RELIABLE,22.760914942537074,0.8719291108663193,0.0014386830329294268,0,0.22038259178625696,2,2,True,114.81301681485051,0.6515465190800623,0.001075051756482103,OOD,OOD,146.09898134572597,0.49979663921586914,0.0008246644547061841,OOD,OOD,22.760914942537074,0.8719291108663193,0.0014386830329294268,RELIABLE,RELIABLE
205,2,Triangle,2,Triangle,max_nhat,RELIABLE,RELIABLE,24.30504594524978,0.8710594494010933,0.001437248091511804,0,0.2241607852188644,2,2,True,117.12712758436876,0.6468986641822289,0.0010673827959006776,OOD,OOD,138.5154242835817,0.5031286289449067,0.0008301622377590961,OOD,OOD,24.30504594524978,0.8710594494010933,0.001437248091511804,RELIABLE,RELIABLE
206,2,Triangle,2,Triangle,max_nhat,RELIABLE,RELIABLE,26.432881623735366,0.864780013459581,0.0014268870222083087,0,0.22498634598756828,2,2,True,112.58516604896063,0.6397936674720127,0.001055659551328821,OOD,OOD,149.39690493185594,0.5021865994350052,0.0008286078890677586,OOD,OOD,26.432881623735366,0.864780013459581,0.0014268870222083087,RELIABLE,RELIABLE
207,2,Triangle,2,Triangle,max_nhat,RELIABLE,RELIABLE,30.996912688682873,0.8666493549685035,0.0014299714356980308,0,0.29702120023597756,2,2,True,136.7151387748071,0.5696281547325259,0.0009398864553086678,OOD,OOD,151.47199185585796,0.43711253769674013,0.0007212356871996212,OOD,OOD,30.996912688682873,0.8666493549685035,0.0014299714356980308,RELIABLE,RELIABLE
208,2,Triangle,2,Triangle,max_nhat,RELIABLE,RELIABLE,28.474857606579175,0.8732832548855899,0.0014409173705612233,0,0.22699562711817367,2,2,True,114.8512805064633,0.6462876277674162,0.0010663745858162368,OOD,OOD,160.25440764789658,0.42415493322974196,0.0006998556398290743,OOD,OOD,28.474857606579175,0.8732832548855899,0.0014409173705612233,RELIABLE,RELIABLE
209,2,Triangle,2,Triangle,max_nhat,RELIABLE,RELIABLE,22.890219506268437,0.8716980095983254,0.001438301715837237,0,0.22652468806446857,2,2,True,88.37216862568482,0.6451733215338569,0.0010645359805308639,OOD,OOD,170.360407888111,0.4276851408850606,0.00070568048246035,OOD,OOD,22.890219506268437,0.8716980095983254,0.001438301715837237,RELIABLE,RELIABLE
210,2,Triangle,2,Triangle,max_nhat,RELIABLE,RELIABLE,27.584802805987373,0.8631546059956124,0.0014242050998927605,0,0.2196042868252912,2,2,True,121.8829682538953,0.6435503191703212,0.00106185802663103,OOD,OOD,164.34694151477015,0.42569330287673757,0.000702393949746617,OOD,OOD,27.584802805987373,0.8631546059956124,0.0014242050998927605,RELIABLE,RELIABLE
211,2,Triangle,2,Triangle,max_nhat,RELIABLE,RELIABLE,24.97976679693607,0.85945041203008,0.001418093179849632,0,0.1438628430454213,2,2,True,84.95973947467245,0.7155875689846587,0.0011807194888246869,OOD,OOD,150.10379350806608,0.5070591784903659,0.0008366476445091037,OOD,OOD,24.97976679693607,0.85945041203008,0.001418093179849632,RELIABLE,RELIABLE
212,2,Triangle,2,Triangle,max_nhat,RELIABLE,RELIABLE,29.328158666431836,0.865531366676591,0.0014281267550163752,0,0.2276783853502835,2,2,True,112.56065621329726,0.6378529813263075,0.0010524574191884074,OOD,OOD,157.27499490396383,0.4238963967212665,0.0006994290545900897,OOD,OOD,29.328158666431836,0.865531366676591,0.0014281267550163752,RELIABLE,RELIABLE
213,2,Triangle,2,Triangle,max_nhat,RELIABLE,RELIABLE,23.542699465984498,0.8672010201456524,0.0014308816832403265,0,0.22299822870886388,2,2,True,119.73362995042538,0.6442027914367885,0.001062934605870701,OOD,OOD,195.05700215177416,0.43835362804862055,0.0007232834862802239,OOD,OOD,23.542699465984498,0.8672010201456524,0.0014308816832403265,RELIABLE,RELIABLE
214,2,Triangle,2,Triangle,max_nhat,RELIABLE,RELIABLE,29.176300778036214,0.8599600265171514,0.0014189340437532998,0,0.2190465137867763,2,2,True,120.83045652843516,0.6409135127303751,0.001057507296005119,OOD,OOD,169.29025476374605,0.41955108107692884,0.0006922592837769326,OOD,OOD,29.176300778036214,0.8599600265171514,0.0014189340437532998,RELIABLE,RELIABLE
215,2,Triangle,2,Triangle,max_nhat,RELIABLE,RELIABLE,23.72832345814799,0.8779923742087365,0.0014486874174444153,0,0.22983166324458848,2,2,True,115.83361524213768,0.6481607109641481,0.0010694651730908443,OOD,OOD,193.75181111422017,0.4433745551955467,0.000731568016072652,OOD,OOD,23.72832345814799,0.8779923742087365,0.0014486874174444153,RELIABLE,RELIABLE
216,2,Triangle,2,Triangle,max_nhat,RELIABLE,RELIABLE,36.3297770037225,0.8625465386881545,0.0014232017888354549,0,0.29415483617967564,2,2,True,156.12922445056765,0.5683917025084788,0.00093784630913899,OOD,OOD,180.5450504805773,0.4235441895335957,0.0006988479127304328,OOD,OOD,36.3297770037225,0.8625465386881545,0.0014232017888354549,RELIABLE,RELIABLE
217,2,Triangle,2,Triangle,max_nhat,RELIABLE,RELIABLE,19.978676681672944,0.8707674927126846,0.0014367663629759296,0,0.2235545482060287,2,2,True,114.26371593795231,0.6472129445066559,0.0010679013584359823,OOD,OOD,130.6621945353801,0.516574468918733,0.0008523478737159096,OOD,OOD,19.978676681672944,0.8707674927126846,0.0014367663629759296,RELIABLE,RELIABLE
218,2,Triangle,2,Triangle,max_nhat,RELIABLE,RELIABLE,23.93314042518633,0.8828288328180462,0.0014566675741497764,0,0.3030234438175249,2,2,True,114.59532591525405,0.5798053890005214,0.0009566788918508603,OOD,OOD,157.21605146566992,0.4573110284560626,0.0007545631969525032,OOD,OOD,23.93314042518633,0.8828288328180462,0.0014566675741497764,RELIABLE,RELIABLE
219,2,Triangle,2,Triangle,max_nhat,RELIABLE,RELIABLE,25.256304185251857,0.8743288635675978,0.0014426426248865362,0,0.29490178393229094,2,2,True,133.16910036112589,0.5794270796353068,0.0009560546813982562,OOD,OOD,121.1237329426554,0.5225418588662224,0.000862194067129267,OOD,OOD,25.256304185251857,0.8743288635675978,0.0014426426248865362,RELIABLE,RELIABLE
220,2,Triangle,2,Triangle,max_nhat,RELIABLE,RELIABLE,32.564176612568765,0.8557499086782033,0.0014119873493190355,0,0.2908653278999813,2,2,True,139.787516154344,0.564884580778222,0.0009320595582840663,OOD,OOD,179.840896578878,0.42528155094351605,0.0007017145590568015,OOD,OOD,32.564176612568765,0.8557499086782033,0.0014119873493190355,RELIABLE,RELIABLE
221,2,Triangle,2,Triangle,max_nhat,RELIABLE,RELIABLE,30.21600843384667,0.869303074388157,0.001434350072740459,0,0.2949325368317164,2,2,True,125.05202481206608,0.5743705375564406,0.0009477113869681271,OOD,OOD,199.2714896757042,0.3683086495099103,0.000607709271691352,OOD,OOD,30.21600843384667,0.869303074388157,0.001434350072740459,RELIABLE,RELIABLE
222,2,Triangle,2,Triangle,max_nhat,RELIABLE,RELIABLE,34.927613584058584,0.8714632833784143,0.0014379144175743835,0,0.2943345626977436,2,2,True,135.1437473369207,0.5771287206806707,0.0009522623891231066,OOD,OOD,169.56828109158164,0.43292684802804604,0.000714329299246276,OOD,OOD,34.927613584058584,0.8714632833784143,0.0014379144175743835,RELIABLE,RELIABLE
223,2,Triangle,2,Triangle,max_nhat,RELIABLE,RELIABLE,30.656757663505015,0.8670293889321413,0.0014305984917380333,0,0.2958833863935415,2,2,True,141.27838054267806,0.5711460025385998,0.0009423909041886897,OOD,OOD,131.38012660456448,0.5013058554480704,0.0008271546614893161,OOD,OOD,30.656757663505015,0.8670293889321413,0.0014305984917380333,RELIABLE,RELIABLE
224,2,Triangle,2,Triangle,max_nhat,RELIABLE,RELIABLE,29.807573250380596,0.8651203143723166,0.0014274485187143224,0,0.15165938842568294,2,2,True,93.77505245803378,0.7134609259466337,0.0011772105278119456,OOD,OOD,160.05712015659483,0.48839182601272363,0.000805846512920994,OOD,OOD,29.807573250380596,0.8651203143723166,0.0014274485187143224,RELIABLE,RELIABLE
225,2,Triangle,2,Triangle,max_nhat,RELIABLE,RELIABLE,19.902865634275514,0.8756457462177679,0.001444815481259317,0,0.22510816176874882,2,2,True,122.4548231793318,0.6505375844490191,0.0010733870143408814,OOD,OOD,198.74106562126,0.4490782687495056,0.0007409791434366843,OOD,OOD,19.902865634275514,0.8756457462177679,0.001444815481259317,RELIABLE,RELIABLE
226,2,Triangle,2,Triangle,max_nhat,RELIABLE,RELIABLE,23.054092049297434,0.8778905532783408,0.0014485194129092622,0,0.22511937569843743,2,2,True,116.60434516704704,0.6527711775799033,0.0010770724430068405,OOD,OOD,164.91315061717555,0.4423777499448904,0.0007299232874090691,OOD,OOD,23.054092049297434,0.8778905532783408,0.0014485194129092622,RELIABLE,RELIABLE
227,2,Triangle,2,Triangle,max_nhat,RELIABLE,RELIABLE,23.385264559277008,0.8621123262281425,0.001422485338276435,0,0.2249710412622581,2,2,True,114.9510593886799,0.6371412849658844,0.0010512831201937092,OOD,OOD,137.27768012676245,0.502277337560111,0.000828757606974183,OOD,OOD,23.385264559277008,0.8621123262281425,0.001422485338276435,RELIABLE,RELIABLE
228,2,Triangle,2,Triangle,max_nhat,RELIABLE,RELIABLE,24.32596854114123,0.8684182814859887,0.0014328901644518812,0,0.23006055619662824,2,2,True,123.45026597261773,0.6383577252893604,0.0010532902467274446,OOD,OOD,211.7879704330422,0.4316352502959639,0.0007121981629883404,OOD,OOD,24.32596854114123,0.8684182814859887,0.0014328901644518812,RELIABLE,RELIABLE
229,2,Triangle,2,Triangle,max_nhat,RELIABLE,RELIABLE,33.94957770085684,0.8655768223325482,0.0014282017568487044,0,0.29746579015823993,2,2,True,131.44292941565135,0.5681110321743083,0.0009373832030876085,OOD,OOD,172.375409990879,0.4344889109530879,0.000716906703072595,OOD,OOD,33.94957770085684,0.8655768223325482,0.0014282017568487044,RELIABLE,RELIABLE
230,2,Triangle,2,Triangle,max_nhat,RELIABLE,RELIABLE,21.539198532970055,0.8691602923581145,0.001434114482390889,0,0.22637748490296095,2,2,True,109.06577522733315,0.6427828074551536,0.0010605916323010035,OOD,OOD,207.4625366754788,0.35717534027083775,0.0005893393114468823,OOD,OOD,21.539198532970055,0.8691602923581145,0.001434114482390889,RELIABLE,RELIABLE
231,2,Triangle,2,Triangle,max_nhat,UNRELIABLE,IDO,39.07200167270681,0.8699617843659032,0.0014354369442037404,0,0.2975078120269464,2,2,True,133.0502176151161,0.5724539723389568,0.0009445490543592787,OOD,OOD,184.14749354868465,0.4289200384455914,0.0007077180634352258,OOD,OOD,39.07200167270681,0.8699617843659032,0.0014354369442037404,UNRELIABLE,IDO
232,2,Triangle,2,Triangle,max_nhat,RELIABLE,RELIABLE,28.215960594943766,0.8658312331776074,0.001428621534743052,0,0.22167618834247627,2,2,True,114.96959659927396,0.6441550448351311,0.0010628558239779663,OOD,OOD,142.02906317173193,0.5174979895876733,0.000853871682819661,OOD,OOD,28.215960594943766,0.8658312331776074,0.001428621534743052,RELIABLE,RELIABLE
233,2,Triangle,2,Triangle,max_nhat,RELIABLE,RELIABLE,27.40011215141606,0.8616877976946102,0.001421784866196107,0,0.21838752705279618,2,2,True,118.50689120269017,0.643300270641814,0.0010614454465589932,OOD,OOD,191.66196610281352,0.4135565616031724,0.0006823683266452344,OOD,OOD,27.40011215141606,0.8616877976946102,0.001421784866196107,RELIABLE,RELIABLE
234,2,Triangle,2,Triangle,max_nhat,RELIABLE,RELIABLE,37.337811467193205,0.8598900027062538,0.0014188185044653188,0,0.2970679701041742,2,2,True,141.97272764484782,0.5628220326020796,0.0009286563537934313,OOD,OOD,203.7044886388271,0.3557471666950884,0.0005869828250468958,OOD,OOD,37.337811467193205,0.8598900027062538,0.0014188185044653188,RELIABLE,RELIABLE
235,2,Triangle,2,Triangle,max_nhat,RELIABLE,RELIABLE,24.98098185169046,0.8619974147391536,0.0014222957343196035,0,0.22453088377010144,2,2,True,112.44254660586735,0.6374665309690521,0.001051819776098936,OOD,OOD,182.0739604189856,0.4283187786179895,0.0007067259847196827,OOD,OOD,24.98098185169046,0.8619974147391536,0.0014222957343196035,RELIABLE,RELIABLE
236,2,Triangle,2,Triangle,max_nhat,RELIABLE,RELIABLE,22.272059046181873,0.8702854163660173,0.0014359709370039286,0,0.22404842622435628,2,2,True,113.00416678528549,0.646236990141661,0.0010662910337337407,OOD,OOD,163.3722555125233,0.4292928324380088,0.0007083331735227145,OOD,OOD,22.272059046181873,0.8702854163660173,0.0014359709370039286,RELIABLE,RELIABLE
237,2,Triangle,2,Triangle,max_nhat,RELIABLE,RELIABLE,32.66894754227655,0.8575036184188455,0.001414880970391095,0,0.2971518172747233,2,2,True,134.78046609444377,0.5603518011441222,0.0009245804718878017,OOD,OOD,167.19642563482827,0.42612590899284974,0.0007031077498382021,OOD,OOD,32.66894754227655,0.8575036184188455,0.001414880970391095,RELIABLE,RELIABLE
238,2,Triangle,2,Triangle,max_nhat,RELIABLE,RELIABLE,24.94122885536351,0.8588121151845383,0.0014170399900544882,0,0.22163006587242517,2,2,True,116.1573288665325,0.6371820493121131,0.0010513503813649866,OOD,OOD,145.02170121455774,0.5086299404531639,0.0008392394017477205,OOD,OOD,24.94122885536351,0.8588121151845383,0.0014170399900544882,RELIABLE,RELIABLE
239,2,Triangle,2,Triangle,max_nhat,RELIABLE,RELIABLE,25.85702891528308,0.8632944322155777,0.001424435813155703,0,0.23016342968498305,2,2,True,109.89208372947921,0.6331310025305946,0.001044666154175481,OOD,OOD,162.95894905617658,0.43116122064544987,0.0007114160140649923,OOD,OOD,25.85702891528308,0.8632944322155777,0.001424435813155703,RELIABLE,RELIABLE
240,2,Triangle,2,Triangle,max_nhat,RELIABLE,RELIABLE,22.17677588058292,0.8581244065113675,0.0014159052707437563,0,0.2923983782049866,2,2,True,136.827418836026,0.5657260283063809,0.0009334479467055283,OOD,OOD,220.97385323267486,0.3628947230074864,0.0005987762929623525,OOD,OOD,22.17677588058292,0.8581244065113675,0.0014159052707437563,RELIABLE,RELIABLE
241,2,Triangle,2,Triangle,max_nhat,RELIABLE,RELIABLE,29.38730564160333,0.8648100293257047,0.0014269365483874127,0,0.3009208412448905,2,2,True,133.3919096995136,0.5638891880808142,0.0009304171603333434,OOD,OOD,155.18472925302166,0.43109266973475774,0.0007113029050623503,OOD,OOD,29.38730564160333,0.8648100293257047,0.0014269365483874127,RELIABLE,RELIABLE
242,2,Triangle,2,Triangle,max_nhat,RELIABLE,RELIABLE,34.95147468389476,0.8644443970018963,0.001426333255053129,0,0.2236078951184447,2,2,True,123.84164143144969,0.6408365018834516,0.0010573802281076952,OOD,OOD,144.67392857138148,0.5061899899832313,0.0008352134834723316,OOD,OOD,34.95147468389476,0.8644443970018963,0.001426333255053129,RELIABLE,RELIABLE
243,2,Triangle,2,Triangle,max_nhat,RELIABLE,RELIABLE,27.556888293440213,0.8621671791877598,0.0014225758456598036,0,0.21898054109723097,2,2,True,115.30557357778243,0.6431866380905288,0.0010612579528493725,OOD,OOD,148.50398506579072,0.5202807241552007,0.0008584631948560811,OOD,OOD,27.556888293440213,0.8621671791877598,0.0014225758456598036,RELIABLE,RELIABLE
244,2,Triangle,2,Triangle,max_nhat,RELIABLE,RELIABLE,29.90709685980745,0.8617303580734037,0.0014218550908211161,0,0.2963792685390503,2,2,True,135.76779817576292,0.5653510895343534,0.0009328292977316832,OOD,OOD,174.5453955645645,0.4315005134025285,0.000711975847114172,OOD,OOD,29.90709685980745,0.8617303580734037,0.0014218550908211161,RELIABLE,RELIABLE
245,2,Triangle,2,Triangle,max_nhat,RELIABLE,RELIABLE,22.827890317678296,0.8665437699156991,0.0014297972203609036,0,0.22420385480557503,2,2,True,107.31807970405849,0.6423399151101241,0.0010598608599317048,OOD,OOD,204.3792277244346,0.3637137906236754,0.0006001277545290644,OOD,OOD,22.827890317678296,0.8665437699156991,0.0014297972203609036,RELIABLE,RELIABLE
246,2,Triangle,2,Triangle,max_nhat,RELIABLE,RELIABLE,26.654338893840993,0.8745918817572457,0.0014430766048994553,0,0.2287710425762428,2,2,True,130.5936227646716,0.6458208391810029,0.0010656043846486547,OOD,OOD,208.7495793238443,0.3704500342513144,0.0006112425565146688,OOD,OOD,26.654338893840993,0.8745918817572457,0.0014430766048994553,RELIABLE,RELIABLE
247,2,Triangle,2,Triangle,max_nhat,RELIABLE,RELIABLE,23.35618291270039,0.8632331103014558,0.001424334631997402,0,0.29666544266241945,2,2,True,143.69910870429706,0.5665676676390363,0.0009348366516044098,OOD,OOD,224.92322591884965,0.3588287020638131,0.0005920673584052916,OOD,OOD,23.35618291270039,0.8632331103014558,0.001424334631997402,RELIABLE,RELIABLE
248,2,Triangle,2,Triangle,max_nhat,RELIABLE,RELIABLE,30.368225256817258,0.8705668821181572,0.0014364353554949594,0,0.22202949980400188,2,2,True,111.81784635963687,0.6485373823141554,0.0010700866808183564,OOD,OOD,158.78890741043514,0.43621515039450126,0.0007197549981509271,OOD,OOD,30.368225256817258,0.8705668821181572,0.0014364353554949594,RELIABLE,RELIABLE
249,2,Triangle,2,Triangle,max_nhat,RELIABLE,RELIABLE,21.51443781411252,0.872056824534128,0.0014388937604813113,0,0.14868214461796359,2,2,True,97.85544935217506,0.7233746799161644,0.0011935682218616713,OOD,OOD,176.27066901551004,0.44399407010072856,0.0007325902156662021,OOD,OOD,21.51443781411252,0.872056824534128,0.0014388937604813113,RELIABLE,RELIABLE
250,2,Triangle,2,Triangle,max_nhat,RELIABLE,RELIABLE,34.04105469258333,0.859911270281617,0.0014188535959646679,0,0.22181861588236407,2,2,True,118.34813657716806,0.6380926543992529,0.0010528528797587673,OOD,OOD,181.65315035709457,0.42925631394729125,0.0007082729180130305,OOD,OOD,34.04105469258333,0.859911270281617,0.0014188535959646679,RELIABLE,RELIABLE
251,2,Triangle,2,Triangle,max_nhat,RELIABLE,RELIABLE,30.618323308572666,0.8589315100741739,0.001417236991622387,0,0.28832853840781203,2,2,True,153.14573160185046,0.5706029716663619,0.0009414949032494971,OOD,OOD,197.9724441811205,0.42681452019569427,0.0007042439583228956,OOD,OOD,30.618323308572666,0.8589315100741739,0.001417236991622387,RELIABLE,RELIABLE
252,2,Triangle,2,Triangle,max_nhat,RELIABLE,RELIABLE,30.97810576513815,0.8694271710826448,0.001434554832286364,0,0.22352467338549908,2,2,True,113.87298572021001,0.6459024976971457,0.0010657391212002905,OOD,OOD,173.6019608001117,0.4370306814472561,0.0007211006243879725,OOD,OOD,30.97810576513815,0.8694271710826448,0.001434554832286364,RELIABLE,RELIABLE
253,2,Triangle,2,Triangle,max_nhat,RELIABLE,RELIABLE,30.114198651456814,0.8628320860296431,0.0014236729419489112,0,0.29359734119885716,2,2,True,155.4760426843792,0.569234744830786,0.0009392373289707968,OOD,OOD,214.42349078180968,0.35836756069643305,0.0005913064751491145,OOD,OOD,30.114198651456814,0.8628320860296431,0.0014236729419489112,RELIABLE,RELIABLE
254,2,Triangle,2,Triangle,max_nhat,RELIABLE,RELIABLE,21.02124344931812,0.869424502774875,0.001434550429578544,0,0.2960543030198931,2,2,True,136.05491929754115,0.5733701997549819,0.0009460608295957202,OOD,OOD,160.7962321034388,0.43643799700545005,0.0007201226950589926,OOD,OOD,21.02124344931812,0.869424502774875,0.001434550429578544,RELIABLE,RELIABLE
255,2,Triangle,2,Triangle,max_nhat,RELIABLE,RELIABLE,37.24651194299826,0.8652999897859255,0.001427744983146777,0,0.3022973325245465,2,2,True,138.9280718928527,0.563002657261379,0.0009289543844812753,OOD,OOD,175.8588343175477,0.4285890928734245,0.0007071720032411505,OOD,OOD,37.24651194299826,0.8652999897859255,0.001427744983146777,RELIABLE,RELIABLE
256,2,Triangle,2,Triangle,max_nhat,RELIABLE,RELIABLE,28.398749759349325,0.8743648368707208,0.0014427019808366892,0,0.22279149782413543,2,2,True,110.08785616911432,0.6515733390465853,0.0010750960094268657,OOD,OOD,149.7299639625959,0.5060723219335189,0.0008350193311903063,OOD,OOD,28.398749759349325,0.8743648368707208,0.0014427019808366892,RELIABLE,RELIABLE
257,2,Triangle,2,Triangle,max_nhat,RELIABLE,RELIABLE,21.1162589594573,0.8590049140727356,0.0014173581082200138,0,0.14207499186741168,2,2,True,99.8740151428484,0.7169299222053239,0.0011829343716387845,OOD,OOD,138.78596951189445,0.49380577776562107,0.0008147795333132748,OOD,OOD,21.1162589594573,0.8590049140727356,0.0014173581082200138,RELIABLE,RELIABLE
258,2,Triangle,2,Triangle,max_nhat,RELIABLE,RELIABLE,26.360854525523,0.8633363957372364,0.00142450505296644,0,0.29722418887564994,2,2,True,141.55301580510545,0.5661122068615865,0.0009340851413216177,OOD,OOD,217.94072455300943,0.4296326259213281,0.0007088938327701914,OOD,OOD,26.360854525523,0.8633363957372364,0.00142450505296644,RELIABLE,RELIABLE
259,2,Triangle,2,Triangle,max_nhat,RELIABLE,RELIABLE,27.980076752371772,0.863702052423107,0.0014251083864981267,0,0.22383121537490336,2,2,True,120.40938710940499,0.6398708370482037,0.001055786881129536,OOD,OOD,155.63789323781475,0.4226434690007484,0.0006973617238512349,OOD,OOD,27.980076752371772,0.863702052423107,0.0014251083864981267,RELIABLE,RELIABLE
260,2,Triangle,2,Triangle,max_nhat,RELIABLE,RELIABLE,32.03526285911883,0.8689099166536756,0.0014337013624785646,0,0.29315894819116683,2,2,True,135.66568600060305,0.5757509684625087,0.0009499890979631395,OOD,OOD,149.73466517067496,0.436241026139881,0.0007197976931308037,OOD,OOD,32.03526285911883,0.8689099166536756,0.0014337013624785646,RELIABLE,RELIABLE
261,2,Triangle,2,Triangle,max_nhat,RELIABLE,RELIABLE,22.34561540366131,0.8568265668121827,0.0014137638352401014,0,0.22144889971636117,2,2,True,123.23477573412278,0.6353776670958216,0.0010483731507081055,OOD,OOD,166.82333334871285,0.41949118359223686,0.0006921604529271908,OOD,OOD,22.34561540366131,0.8568265668121827,0.0014137638352401014,RELIABLE,RELIABLE
262,2,Triangle,2,Triangle,max_nhat,RELIABLE,RELIABLE,34.84708646635004,0.8706415142365599,0.0014365584984903238,0,0.2954818181636285,2,2,True,137.58283418259103,0.5751596960729314,0.0009490134985203367,OOD,OOD,142.4789624217875,0.5325438302729947,0.0008786973199504411,OOD,OOD,34.84708646635004,0.8706415142365599,0.0014365584984903238,RELIABLE,RELIABLE
263,2,Triangle,2,Triangle,max_nhat,RELIABLE,RELIABLE,27.23693001701144,0.8681723207487346,0.001432484329235412,0,0.29453551713627657,2,2,True,151.41446133797174,0.5736368036124581,0.0009465007259605557,OOD,OOD,220.39488005028812,0.3629579654344018,0.0005988806429667629,OOD,OOD,27.23693001701144,0.8681723207487346,0.001432484329235412,RELIABLE,RELIABLE
264,2,Triangle,2,Triangle,max_nhat,UNRELIABLE,IDO,38.774308579792695,0.8786007812098682,0.0014496912889962825,0,0.30496159167724557,2,2,True,132.71026638678896,0.5736391895326226,0.0009465046627288273,OOD,OOD,169.07006827173825,0.44291278662329064,0.0007308060979284295,OOD,OOD,38.774308579792695,0.8786007812098682,0.0014496912889962825,UNRELIABLE,IDO
265,2,Triangle,2,Triangle,max_nhat,RELIABLE,RELIABLE,25.1542130183361,0.8710033739726174,0.0014371555670548188,0,0.2235532742974039,2,2,True,105.53532773082598,0.6474500996752135,0.0010682926644641022,OOD,OOD,141.47408031243774,0.5151764886575455,0.00085004120628495,OOD,OOD,25.1542130183361,0.8710033739726174,0.0014371555670548188,RELIABLE,RELIABLE
266,2,Triangle,2,Triangle,max_nhat,RELIABLE,RELIABLE,34.440552818344194,0.8562491759683983,0.0014128111403478572,0,0.21931374821215222,2,2,True,120.49297814664699,0.6369354277562461,0.0010509434557978061,OOD,OOD,176.93079607601933,0.4288339965654699,0.0007075760943330253,OOD,OOD,34.440552818344194,0.8562491759683983,0.0014128111403478572,RELIABLE,RELIABLE
267,2,Triangle,2,Triangle,max_nhat,RELIABLE,RELIABLE,25.196471660467132,0.8677956594387178,0.0014318628380738845,0,0.3008369807339607,2,2,True,129.654860759359,0.5669586787047571,0.0009354818198628493,OOD,OOD,170.75414860157855,0.4310494336967206,0.000711231565599589,OOD,OOD,25.196471660467132,0.8677956594387178,0.0014318628380738845,RELIABLE,RELIABLE
268,2,Triangle,2,Triangle,max_nhat,RELIABLE,RELIABLE,22.720617771778553,0.8628441618327516,0.00142369286702404,0,0.22690971428182394,2,2,True,110.76111271284294,0.6359344475509277,0.0010492918384590307,OOD,OOD,193.46543882644133,0.42626251304924173,0.0007033331465312488,OOD,OOD,22.720617771778553,0.8628441618327516,0.00142369286702404,RELIABLE,RELIABLE
269,2,Triangle,2,Triangle,max_nhat,RELIABLE,RELIABLE,19.55369664742711,0.8660246321837398,0.0014289406431031706,0,0.22298944511425867,2,2,True,105.55119533400467,0.6430351870694812,0.001061008058664644,OOD,OOD,168.4833618896249,0.4431791508873134,0.0007312455989640671,OOD,OOD,19.55369664742711,0.8660246321837398,0.0014289406431031706,RELIABLE,RELIABLE
270,2,Triangle,2,Triangle,max_nhat,RELIABLE,RELIABLE,32.280813601471856,0.868193674797115,0.0014325195634152397,0,0.22477451628165224,2,2,True,119.10600469523676,0.6434191585154627,0.0010616416115505135,OOD,OOD,146.82747698596577,0.49624172179663084,0.0008187988409644409,OOD,OOD,32.280813601471856,0.868193674797115,0.0014325195634152397,RELIABLE,RELIABLE
271,2,Triangle,2,Triangle,max_nhat,RELIABLE,RELIABLE,24.995516106934627,0.8653544563567127,0.001427834852988576,0,0.2292499158935445,2,2,True,120.16779658289882,0.6361045404631682,0.0010495724917642276,OOD,OOD,193.7545722432353,0.43027196667265094,0.0007099487450098741,OOD,OOD,24.995516106934627,0.8653544563567127,0.001427834852988576,RELIABLE,RELIABLE
272,2,Triangle,2,Triangle,max_nhat,RELIABLE,RELIABLE,26.244675372921566,0.863315100594497,0.00142446991598092,0,0.2939506877771654,2,2,True,141.97379482393418,0.5693644128173316,0.0009394512811485972,OOD,OOD,140.8991372121029,0.49679164261445713,0.0008197062103138542,OOD,OOD,26.244675372921566,0.863315100594497,0.00142446991598092,RELIABLE,RELIABLE
273,2,Triangle,2,Triangle,max_nhat,RELIABLE,RELIABLE,22.883470773370092,0.8707703550355995,0.0014367710858087391,0,0.22650259924127913,2,2,True,107.66422972534149,0.6442677557943204,0.0010630417970606287,OOD,OOD,154.03404143052174,0.5073831435697522,0.0008371821868900911,OOD,OOD,22.883470773370092,0.8707703550355995,0.0014367710858087391,RELIABLE,RELIABLE
274,2,Triangle,2,Triangle,max_nhat,RELIABLE,RELIABLE,29.1628126819933,0.8657467122199464,0.0014284820751629115,0,0.22108789782588978,2,2,True,120.2722968325567,0.6446588143940566,0.0010636870437501934,OOD,OOD,133.98536134882724,0.5099262363798339,0.000841378290026726,OOD,OOD,29.1628126819933,0.8657467122199464,0.0014284820751629115,RELIABLE,RELIABLE
275,2,Triangle,2,Triangle,max_nhat,RELIABLE,RELIABLE,27.971111233704864,0.8652238760716575,0.001427619395518235,0,0.2190844800140882,2,2,True,108.78856653135921,0.6461393960575693,0.0010661300034949894,OOD,OOD,171.00806514537354,0.44811621549778147,0.0007393917555713394,OOD,OOD,27.971111233704864,0.8652238760716575,0.001427619395518235,RELIABLE,RELIABLE
276,2,Triangle,2,Triangle,max_nhat,RELIABLE,RELIABLE,33.44094359401462,0.8717670622964372,0.0014384156527891213,0,0.22572090395187683,2,2,True,121.94653446195525,0.6460461583445604,0.0010659761612685245,OOD,OOD,139.69689919274373,0.5160553479825027,0.0008514913241711295,OOD,OOD,33.44094359401462,0.8717670622964372,0.0014384156527891213,RELIABLE,RELIABLE
277,2,Triangle,2,Triangle,max_nhat,RELIABLE,RELIABLE,34.18231741208947,0.868254866432788,0.0014326205296141003,0,0.29813693690871035,2,2,True,140.79105960636448,0.5701179295240777,0.0009406945837147282,OOD,OOD,133.37993451424114,0.4863020730013829,0.0008023984204522818,OOD,OOD,34.18231741208947,0.868254866432788,0.0014326205296141003,RELIABLE,RELIABLE
278,2,Triangle,2,Triangle,max_nhat,RELIABLE,RELIABLE,33.511621280219984,0.8725835737857018,0.001439762896746408,0,0.29737220030048106,2,2,True,138.84801588327673,0.5752113734852208,0.0009490987662506143,OOD,OOD,145.37226434667255,0.5070698760817719,0.0008366652955349237,OOD,OOD,33.511621280219984,0.8725835737857018,0.001439762896746408,RELIABLE,RELIABLE
279,2,Triangle,2,Triangle,max_nhat,RELIABLE,RELIABLE,30.06001323910189,0.8638979831345548,0.0014254316721720153,0,0.21025622666559318,2,2,True,115.43669269171795,0.6536417564689616,0.0010785088981737866,OOD,OOD,140.95760438587516,0.5149532400646223,0.0008496728461066268,OOD,OOD,30.06001323910189,0.8638979831345548,0.0014254316721720153,RELIABLE,RELIABLE
280,2,Triangle,2,Triangle,max_nhat,RELIABLE,RELIABLE,25.33304898108241,0.8712086156838819,0.001437494215878405,0,0.3022801451965087,2,2,True,153.21886059940485,0.5689284704873732,0.0009387319763041657,OOD,OOD,210.2769018812244,0.36406243863618926,0.0006007030237497122,OOD,OOD,25.33304898108241,0.8712086156838819,0.001437494215878405,RELIABLE,RELIABLE
281,2,Triangle,2,Triangle,max_nhat,UNRELIABLE,IDO,37.93407859594123,0.865354275473224,0.0014278345545308195,0,0.29306956625539526,2,2,True,127.39014463840853,0.5722847092178287,0.0009442697702094174,OOD,OOD,180.23210637555152,0.36415429294777385,0.0006008545833638268,OOD,OOD,37.93407859594123,0.865354275473224,0.0014278345545308195,UNRELIABLE,IDO
282,2,Triangle,2,Triangle,max_nhat,RELIABLE,RELIABLE,21.63482292998176,0.8653886467753718,0.0014278912671793634,0,0.14819161960100036,2,2,True,86.51853064503862,0.7171970271743714,0.0011833750948377127,OOD,OOD,166.464260629396,0.43586637308852744,0.0007191795155960703,OOD,OOD,21.63482292998176,0.8653886467753718,0.0014278912671793634,RELIABLE,RELIABLE
283,2,Triangle,2,Triangle,max_nhat,RELIABLE,RELIABLE,30.613609254771898,0.858996316103104,0.0014173439215701216,0,0.2925201668825357,2,2,True,136.7636970586797,0.5664761492205683,0.0009346856462139378,OOD,OOD,163.93413402401967,0.4310037398150097,0.000711156170694766,OOD,OOD,30.613609254771898,0.858996316103104,0.0014173439215701216,RELIABLE,RELIABLE
284,2,Triangle,2,Triangle,max_nhat,RELIABLE,RELIABLE,26.568750201262944,0.8762013017776771,0.0014457321479331672,0,0.2324221315006787,2,2,True,122.87861598659269,0.6437791702769984,0.0010622356309570474,OOD,OOD,208.6623013917296,0.3578877354452979,0.0005905147634847416,OOD,OOD,26.568750201262944,0.8762013017776771,0.0014457321479331672,RELIABLE,RELIABLE
285,2,Triangle,2,Triangle,max_nhat,RELIABLE,RELIABLE,25.330069858342828,0.8552515501157743,0.0014111650576910276,0,0.14553397117350586,2,2,True,68.24035523186157,0.7097175789422684,0.0011710340052547429,OOD,OOD,162.2863916988209,0.4840510525317469,0.0007986842366773824,OOD,OOD,25.330069858342828,0.8552515501157743,0.0014111650576910276,RELIABLE,RELIABLE
286,2,Triangle,2,Triangle,max_nhat,RELIABLE,RELIABLE,21.907543869316715,0.8674124589459195,0.0014312305572607672,0,0.2990586732548638,2,2,True,138.7255920859187,0.5683537856910557,0.0009377837463902419,OOD,OOD,199.37208759959287,0.3689318135991027,0.0006087374924385195,OOD,OOD,21.907543869316715,0.8674124589459195,0.0014312305572607672,RELIABLE,RELIABLE
287,2,Triangle,2,Triangle,max_nhat,RELIABLE,RELIABLE,33.82183974010244,0.857805493214638,0.0014153790638041525,0,0.28809286142817814,2,2,True,121.45476527847858,0.5697126317864598,0.0009400258424476588,OOD,OOD,161.39173483703837,0.44335499050017774,0.0007315357343252932,OOD,OOD,33.82183974010244,0.857805493214638,0.0014153790638041525,RELIABLE,RELIABLE
288,2,Triangle,2,Triangle,max_nhat,RELIABLE,RELIABLE,23.071102619432487,0.860378848406372,0.0014196250998705139,0,0.214559840684322,2,2,True,110.65450494024425,0.64581900772205,0.0010656013627413825,OOD,OOD,164.84687555546935,0.44261093390506073,0.0007303080409433502,OOD,OOD,23.071102619432487,0.860378848406372,0.0014196250998705139,RELIABLE,RELIABLE
289,2,Triangle,2,Triangle,max_nhat,UNRELIABLE,IDO,41.446504242664815,0.8673360719522822,0.0014311045187212657,0,0.2960321440887196,2,2,True,144.60463943423366,0.5713039278635627,0.0009426514809748784,OOD,OOD,145.40402179847587,0.5091408008940158,0.0008400823214751262,OOD,OOD,41.446504242664815,0.8673360719522822,0.0014311045187212657,UNRELIABLE,IDO
290,2,Triangle,2,Triangle,max_nhat,RELIABLE,RELIABLE,28.324311031393524,0.8750447432373418,0.001443823826341614,0,0.23161343106976373,2,2,True,106.4398829423382,0.6434313121675781,0.0010616616650765038,OOD,OOD,172.4566327222308,0.4278075158995596,0.0007058824012342734,OOD,OOD,28.324311031393524,0.8750447432373418,0.001443823826341614,RELIABLE,RELIABLE
291,2,Triangle,2,Triangle,max_nhat,RELIABLE,RELIABLE,34.42127077190178,0.8643651495105331,0.0014262024966923796,0,0.3001495398219285,2,2,True,131.8325365662413,0.5642156096886046,0.0009309557559861976,OOD,OOD,170.48951962343176,0.42678659456152085,0.0007041978810265094,OOD,OOD,34.42127077190178,0.8643651495105331,0.0014262024966923796,RELIABLE,RELIABLE
292,2,Triangle,2,Triangle,max_nhat,RELIABLE,RELIABLE,25.92155726680454,0.8598749668379567,0.0014187936952826286,0,0.22468853997632676,2,2,True,120.30240130321408,0.63518642686163,0.0010480576043216895,OOD,OOD,145.52100855124908,0.4995064160438899,0.0008241855864724183,OOD,OOD,25.92155726680454,0.8598749668379567,0.0014187936952826286,RELIABLE,RELIABLE
293,2,Triangle,2,Triangle,max_nhat,RELIABLE,RELIABLE,21.3818269871711,0.8677123029767444,0.0014317252999116283,0,0.22084428979006987,2,2,True,119.95073086523595,0.6468680131866745,0.001067332221758013,OOD,OOD,214.69735600410968,0.3668058184924694,0.0006052296005125746,OOD,OOD,21.3818269871711,0.8677123029767444,0.0014317252999116283,RELIABLE,RELIABLE
294,2,Triangle,2,Triangle,max_nhat,RELIABLE,RELIABLE,23.23190256175762,0.8589988965562191,0.0014173481793177615,0,0.21926382151883061,2,2,True,116.10839575046435,0.6397350750373885,0.0010555628738116909,OOD,OOD,169.12629772445084,0.43016123461296973,0.0007097660371114,OOD,OOD,23.23190256175762,0.8589988965562191,0.0014173481793177615,RELIABLE,RELIABLE
295,2,Triangle,2,Triangle,max_nhat,RELIABLE,RELIABLE,31.40173905032864,0.872143286115374,0.001439036422090367,0,0.29627505194156534,2,2,True,140.9238668337674,0.5758682341738086,0.0009501825863867842,OOD,OOD,141.83413901514083,0.5042201579861344,0.0008319632606771217,OOD,OOD,31.40173905032864,0.872143286115374,0.001439036422090367,RELIABLE,RELIABLE
296,2,Triangle,2,Triangle,max_nhat,RELIABLE,RELIABLE,36.38545963843966,0.8573337073593849,0.001414600617142985,0,0.21864100455430135,2,2,True,119.3381846065448,0.6386927028050835,0.0010538429596283878,OOD,OOD,176.4195216785113,0.42740470465038577,0.0007052177626731365,OOD,OOD,36.38545963843966,0.8573337073593849,0.001414600617142985,RELIABLE,RELIABLE
297,2,Triangle,2,Triangle,max_nhat,UNRELIABLE,IDO,42.47026787638334,0.8599927723504944,0.0014189880743783157,0,0.29918726966117815,2,2,True,147.6454456583762,0.5608055026893163,0.0009253290794373718,OOD,OOD,182.70689703795725,0.41791818860788,0.000689565011203002,OOD,OOD,42.47026787638334,0.8599927723504944,0.0014189880743783157,UNRELIABLE,IDO
298,2,Triangle,2,Triangle,max_nhat,RELIABLE,RELIABLE,27.20891254307468,0.8758331908350234,0.0014451247648777886,0,0.21873742811777708,2,2,True,90.23882296821388,0.6570957627172463,0.0010842080084834565,OOD,OOD,142.46277993165788,0.5216900418079651,0.0008607885689831424,OOD,OOD,27.20891254307468,0.8758331908350234,0.0014451247648777886,RELIABLE,RELIABLE
299,2,Triangle,2,Triangle,max_nhat,RELIABLE,RELIABLE,23.258451935647624,0.8641781698890514,0.0014258939803169347,0,0.22065774737902355,2,2,True,121.77360385211239,0.6435204225100278,0.001061808697141546,OOD,OOD,153.94439818792503,0.5016444030458228,0.0008277132650256076,OOD,OOD,23.258451935647624,0.8641781698890514,0.0014258939803169347,RELIABLE,RELIABLE
