sample_index,true_label,true_class_name,pred_label,pred_class_name,winner_rule,status,status_legacy,best_d2,best_N_hat,best_I_ML,second_label,winner_margin,winner_by_nhat,winner_by_d2,winner_agreement
0,0,Digit 0,0,Digit 0,max_nhat,RELIABLE,RELIABLE,17.403057919099297,0.8692999586711333,0.0008519139594977106,4,0.11711145089087538,0,0,True
1,0,Digit 0,0,Digit 0,max_nhat,RELIABLE,RELIABLE,20.19989457198643,0.8600471388079781,0.0008428461960318186,2,0.09985861236638527,0,0,True
2,0,Digit 0,0,Digit 0,max_nhat,RELIABLE,RELIABLE,34.210558020284076,0.8186021059003517,0.0008022300637823446,3,0.09407204483280407,0,0,True
3,0,Digit 0,0,Digit 0,max_nhat,RELIABLE,RELIABLE,17.946550917849166,0.8726474677473027,0.0008551945183923567,2,0.03611167707164631,0,0,True
4,0,Digit 0,0,Digit 0,max_nhat,RELIABLE,RELIABLE,24.6779023505197,0.838964448557261,0.0008221851595861158,2,0.0075470188217586776,0,0,True
5,0,Digit 0,0,Digit 0,max_nhat,RELIABLE,RELIABLE,14.169029172939371,0.8843840264573347,0.000866696345928188,3,0.10122993437619654,0,0,True
6,0,Digit 0,0,Digit 0,max_nhat,OOD,OOD,89.27502059757128,0.7611951911855767,0.0007459712873618651,4,0.05801668827832496,0,2,False
7,0,Digit 0,0,Digit 0,max_nhat,RELIABLE,RELIABLE,31.566775728479627,0.856589503887177,0.0008394577138094335,2,0.14084954351818313,0,0,True
8,0,Digit 0,2,Digit 2,max_nhat,RELIABLE,RELIABLE,39.260609732104186,0.8264694235044994,0.0008099400350344094,0,0.020790595826400526,2,0,False
9,0,Digit 0,2,Digit 2,max_nhat,RELIABLE,RELIABLE,23.820703072918892,0.8472593838232433,0.0008303141961467784,4,0.0009743567046864854,2,2,True
10,0,Digit 0,0,Digit 0,max_nhat,RELIABLE,RELIABLE,17.602894066809753,0.8636373476009034,0.0008463646006488853,2,0.08917960189659035,0,0,True
11,0,Digit 0,3,Digit 3,max_nhat,RELIABLE,RELIABLE,18.69667420594304,0.86238513706708,0.0008451374343257384,4,0.012925929393929558,3,3,True
12,0,Digit 0,0,Digit 0,max_nhat,RELIABLE,RELIABLE,29.787599824459512,0.8055409008545772,0.0007894300828374856,2,0.06063594674702255,0,0,True
13,0,Digit 0,0,Digit 0,max_nhat,RELIABLE,RELIABLE,18.52986627505363,0.8615596452485658,0.0008443284523435944,3,0.04736635146018475,0,0,True
14,0,Digit 0,0,Digit 0,max_nhat,UNRELIABLE,IDO,68.47863286006341,0.7504196469915904,0.0007354112540517585,4,0.0052566870063112114,0,0,True
15,0,Digit 0,0,Digit 0,max_nhat,RELIABLE,RELIABLE,40.63501905217565,0.786106631183061,0.0007703844985593998,2,0.07559512258634848,0,0,True
16,0,Digit 0,0,Digit 0,max_nhat,RELIABLE,RELIABLE,18.97991032860556,0.8694017857612683,0.0008520137500460428,2,0.10426576352223149,0,0,True
17,0,Digit 0,0,Digit 0,max_nhat,RELIABLE,RELIABLE,26.359706250354776,0.8448688783326316,0.000827971500765979,4,0.12170214185264017,0,0,True
18,0,Digit 0,0,Digit 0,max_nhat,RELIABLE,RELIABLE,18.792455705095847,0.8771017317506102,0.000859559697115598,3,0.1226674862683208,0,0,True
19,0,Digit 0,0,Digit 0,max_nhat,RELIABLE,RELIABLE,44.457796632595475,0.7629927871445491,0.0007477329314016581,2,0.04077840257884213,0,0,True
20,0,Digit 0,0,Digit 0,max_nhat,RELIABLE,RELIABLE,24.05427567210991,0.8342576296066442,0.0008175724770145112,3,0.021084456775637306,0,0,True
21,0,Digit 0,0,Digit 0,max_nhat,RELIABLE,RELIABLE,16.578941556509502,0.8723124145847613,0.000854866166293066,2,0.1093915982976138,0,0,True
22,0,Digit 0,0,Digit 0,max_nhat,UNRELIABLE,IDO,67.02610606170157,0.8242319941812871,0.0008077473542976613,2,0.07936789718045267,0,0,True
23,0,Digit 0,0,Digit 0,max_nhat,RELIABLE,RELIABLE,27.114436653259695,0.8379076858990284,0.0008211495321810478,4,0.10293121417102347,0,0,True
24,0,Digit 0,0,Digit 0,max_nhat,RELIABLE,RELIABLE,40.29390748497589,0.8189905558964408,0.0008026107447785119,4,0.07244211625988262,0,0,True
25,0,Digit 0,0,Digit 0,max_nhat,RELIABLE,RELIABLE,23.93550301713659,0.8448539249405702,0.0008279568464417588,3,0.025441316633785238,0,0,True
26,0,Digit 0,0,Digit 0,max_nhat,RELIABLE,RELIABLE,27.245106298303867,0.8454377384869229,0.0008285289837171845,3,0.10070888469649797,0,0,True
27,0,Digit 0,0,Digit 0,max_nhat,RELIABLE,RELIABLE,28.289516586760847,0.8158603961333347,0.000799543188210668,3,0.11551963826009004,0,0,True
28,0,Digit 0,0,Digit 0,max_nhat,RELIABLE,RELIABLE,49.423668281303705,0.7782907952598155,0.0007627249793546191,4,0.012407859047773306,0,0,True
29,0,Digit 0,0,Digit 0,max_nhat,RELIABLE,RELIABLE,16.939435177889827,0.890004613785734,0.0008722045215100193,2,0.13240832606106723,0,0,True
30,0,Digit 0,0,Digit 0,max_nhat,RELIABLE,RELIABLE,10.236805491717748,0.9100799799692504,0.0008918783803698653,3,0.17063503432334393,0,0,True
31,0,Digit 0,0,Digit 0,max_nhat,RELIABLE,RELIABLE,24.395236722761844,0.8426577066429163,0.000825804552510058,3,0.11737279688354918,0,0,True
32,0,Digit 0,0,Digit 0,max_nhat,RELIABLE,RELIABLE,17.30779795925434,0.8679606933567998,0.0008506014794896638,3,0.032793930036635,0,0,True
33,0,Digit 0,0,Digit 0,max_nhat,RELIABLE,RELIABLE,40.80791924765205,0.7748083357299859,0.0007593121690153862,2,0.08153094060102006,0,0,True
34,0,Digit 0,0,Digit 0,max_nhat,RELIABLE,RELIABLE,25.58833353913662,0.8734910225619014,0.0008560212021106633,3,0.13584572595792344,0,0,True
35,0,Digit 0,0,Digit 0,max_nhat,RELIABLE,RELIABLE,56.38420395182254,0.7341171160282611,0.0007194347737076959,2,0.048310424840323996,0,0,True
36,0,Digit 0,0,Digit 0,max_nhat,RELIABLE,RELIABLE,10.45796306971593,0.9105120386510628,0.0008923017978780415,3,0.11519039577557222,0,0,True
37,0,Digit 0,0,Digit 0,max_nhat,RELIABLE,RELIABLE,49.893765623779075,0.7877740727434625,0.0007720185912885931,2,0.035695757801485595,0,0,True
38,0,Digit 0,0,Digit 0,max_nhat,RELIABLE,RELIABLE,24.3884888802065,0.8474657597075484,0.0008305164445133974,3,0.09004370349693702,0,0,True
39,0,Digit 0,0,Digit 0,max_nhat,RELIABLE,RELIABLE,34.4552059262191,0.8084878981954118,0.0007923181402315036,2,0.09505617815908984,0,0,True
40,0,Digit 0,0,Digit 0,max_nhat,RELIABLE,RELIABLE,17.369475852849867,0.872689639285034,0.0008552358464993333,3,0.1516184409575635,0,0,True
41,0,Digit 0,0,Digit 0,max_nhat,RELIABLE,RELIABLE,18.62985588696418,0.8599028542757485,0.0008427047971902335,3,0.02687567430862281,0,0,True
42,0,Digit 0,0,Digit 0,max_nhat,RELIABLE,RELIABLE,33.56869567420876,0.804384371691831,0.0007882966842579943,4,0.13451001435214016,0,0,True
43,0,Digit 0,0,Digit 0,max_nhat,UNRELIABLE,IDO,84.0377884242547,0.6705914864924105,0.0006571796567625623,3,0.08927669342740752,0,0,True
44,0,Digit 0,0,Digit 0,max_nhat,RELIABLE,RELIABLE,34.284906327524524,0.8269148729978812,0.0008103765755379235,2,0.09938322694419488,0,0,True
45,0,Digit 0,0,Digit 0,max_nhat,RELIABLE,RELIABLE,21.47242717171789,0.8496250370362811,0.0008326325362955554,3,0.09556304014673833,0,0,True
46,0,Digit 0,0,Digit 0,max_nhat,RELIABLE,RELIABLE,13.508224769063732,0.9053892064549028,0.0008872814223258047,2,0.15517202057159163,0,0,True
47,0,Digit 0,3,Digit 3,max_nhat,RELIABLE,RELIABLE,37.077231741192904,0.8321037472739982,0.0008154616723285181,2,0.009008335918629817,3,0,False
48,0,Digit 0,0,Digit 0,max_nhat,RELIABLE,RELIABLE,39.7301492440063,0.8125477258009145,0.0007962967712848961,2,0.12831898962016364,0,0,True
49,0,Digit 0,0,Digit 0,max_nhat,RELIABLE,RELIABLE,60.3168197273415,0.777221264186227,0.0007616768389025023,3,0.007976205787638246,0,2,False
50,0,Digit 0,1,Digit 1,max_nhat,RELIABLE,RELIABLE,59.163168008758035,0.8640841963770963,0.0008468025124495544,2,0.006071722592316142,1,3,False
51,0,Digit 0,0,Digit 0,max_nhat,RELIABLE,RELIABLE,30.567022495796,0.8277140407593411,0.0008111597599441543,2,0.029645562531650738,0,0,True
52,0,Digit 0,0,Digit 0,max_nhat,RELIABLE,RELIABLE,30.69233822037277,0.8017397521972499,0.0007857049571533049,4,0.012624946306115659,0,0,True
53,0,Digit 0,0,Digit 0,max_nhat,RELIABLE,RELIABLE,32.3095548475498,0.8025332876853556,0.0007864826219316485,3,0.11127885541861904,0,0,True
54,0,Digit 0,0,Digit 0,max_nhat,RELIABLE,RELIABLE,20.763078718615994,0.8510912269066377,0.0008340694023685049,2,0.03376837139859701,0,0,True
55,0,Digit 0,0,Digit 0,max_nhat,RELIABLE,RELIABLE,27.05981929268693,0.833156962578571,0.0008164938233269995,3,0.13730334428737356,0,0,True
56,0,Digit 0,0,Digit 0,max_nhat,RELIABLE,RELIABLE,22.127209531696607,0.8551968414644061,0.0008380929046351179,2,0.07255722552709909,0,0,True
57,0,Digit 0,0,Digit 0,max_nhat,RELIABLE,RELIABLE,38.25287865560588,0.8029059752987366,0.0007868478557927619,2,0.06133367975271742,0,0,True
58,0,Digit 0,0,Digit 0,max_nhat,RELIABLE,RELIABLE,32.38510099024653,0.8398371145254825,0.0008230403722349728,4,0.047240113954056584,0,0,True
59,0,Digit 0,0,Digit 0,max_nhat,RELIABLE,RELIABLE,43.11243333083893,0.8125814810295724,0.0007963298514089809,3,0.15180652603483458,0,0,True
60,0,Digit 0,0,Digit 0,max_nhat,RELIABLE,RELIABLE,20.690537340258004,0.8644581620815452,0.0008471689988399143,1,0.11717910339463078,0,0,True
61,0,Digit 0,0,Digit 0,max_nhat,UNRELIABLE,IDO,71.07378287795358,0.7263090994102398,0.0007117829174220349,3,0.04567000708765956,0,0,True
62,0,Digit 0,0,Digit 0,max_nhat,UNRELIABLE,IDO,68.16307785075895,0.7431981939549194,0.000728334230075821,3,0.0938550174299645,0,0,True
63,0,Digit 0,0,Digit 0,max_nhat,RELIABLE,RELIABLE,9.97165079197718,0.9133592568419443,0.0008950920717051054,3,0.15727398474930177,0,0,True
64,0,Digit 0,0,Digit 0,max_nhat,RELIABLE,RELIABLE,44.26809988531774,0.8351832621012781,0.0008184795968592526,4,0.1435215286556063,0,0,True
65,0,Digit 0,0,Digit 0,max_nhat,RELIABLE,RELIABLE,38.17681104069137,0.8253233574846949,0.000808816890335001,4,0.14714554129086987,0,0,True
66,0,Digit 0,0,Digit 0,max_nhat,RELIABLE,RELIABLE,50.77256840197708,0.7407343954936582,0.000725919707583785,4,0.010138381315889067,0,0,True
67,0,Digit 0,0,Digit 0,max_nhat,RELIABLE,RELIABLE,17.501077998409688,0.877971319081869,0.0008604118927002316,3,0.12586715640977575,0,0,True
68,0,Digit 0,0,Digit 0,max_nhat,RELIABLE,RELIABLE,19.60584561472458,0.8685148666639834,0.0008511445693307036,3,0.14910153657163916,0,0,True
69,0,Digit 0,0,Digit 0,max_nhat,RELIABLE,RELIABLE,34.281708213774465,0.7905676361108064,0.0007747562833885902,2,0.04954653694957212,0,0,True
70,0,Digit 0,0,Digit 0,max_nhat,RELIABLE,RELIABLE,29.032334804329,0.8263381258742796,0.000809811363356794,2,0.09278912759087488,0,0,True
71,0,Digit 0,0,Digit 0,max_nhat,RELIABLE,RELIABLE,18.27189385232138,0.8974152371631744,0.0008794669324199109,4,0.1480583854620824,0,0,True
72,0,Digit 0,0,Digit 0,max_nhat,RELIABLE,RELIABLE,18.79155211709187,0.8673717932074614,0.0008500243573433122,2,0.11100498113255619,0,0,True
73,0,Digit 0,0,Digit 0,max_nhat,RELIABLE,RELIABLE,15.595797410752574,0.8920015740148698,0.0008741615425345723,3,0.1093998916429112,0,0,True
74,0,Digit 0,0,Digit 0,max_nhat,RELIABLE,RELIABLE,28.892002894529757,0.8215695258879361,0.0008051381353701774,4,0.0594738553788593,0,0,True
75,0,Digit 0,0,Digit 0,max_nhat,RELIABLE,RELIABLE,28.33927428383223,0.8298065212828364,0.0008132103908571796,1,0.05447983744591023,0,0,True
76,0,Digit 0,0,Digit 0,max_nhat,RELIABLE,RELIABLE,9.127053936857365,0.91891064245015,0.000900532429601147,3,0.16322351009163016,0,0,True
77,0,Digit 0,0,Digit 0,max_nhat,UNRELIABLE,IDO,62.70725175305263,0.7666105557455806,0.0007512783446306689,2,0.052612877214820664,0,0,True
78,0,Digit 0,0,Digit 0,max_nhat,RELIABLE,RELIABLE,13.776747750802912,0.8887439807723959,0.0008709691011569479,2,0.1303950825006367,0,0,True
79,0,Digit 0,0,Digit 0,max_nhat,RELIABLE,RELIABLE,26.7957120581368,0.8380951189247157,0.0008213332165462213,2,0.06431267714888766,0,0,True
80,0,Digit 0,0,Digit 0,max_nhat,RELIABLE,RELIABLE,26.28257124851987,0.8351768693949411,0.0008184733320070422,3,0.052015726175885124,0,0,True
81,0,Digit 0,0,Digit 0,max_nhat,RELIABLE,RELIABLE,35.97391209085666,0.7840858220323158,0.0007684041055916695,2,0.038035278443463216,0,0,True
82,0,Digit 0,0,Digit 0,max_nhat,RELIABLE,RELIABLE,15.465326476724822,0.8790021446978257,0.0008614221018038691,2,0.05135122392251945,0,0,True
83,0,Digit 0,2,Digit 2,max_nhat,UNRELIABLE,IDO,65.87335633108496,0.7777569093085532,0.0007622017711223821,0,0.011989975457493585,2,2,True
84,0,Digit 0,0,Digit 0,max_nhat,RELIABLE,RELIABLE,27.99581376080473,0.8318884658543623,0.000815250696537275,4,0.0575767997982779,0,0,True
85,0,Digit 0,0,Digit 0,max_nhat,RELIABLE,RELIABLE,23.301286410550144,0.8471621998704734,0.0008302189558730638,3,0.054781790968793875,0,0,True
86,0,Digit 0,0,Digit 0,max_nhat,RELIABLE,RELIABLE,31.884041402083568,0.8183527537449323,0.0008019856986700337,3,0.08904267331747573,0,0,True
87,0,Digit 0,0,Digit 0,max_nhat,RELIABLE,RELIABLE,35.598931715093,0.8331385394693556,0.0008164757686799684,3,0.05996699607152589,0,0,True
88,0,Digit 0,0,Digit 0,max_nhat,RELIABLE,RELIABLE,24.555368675250005,0.8544866545434928,0.000837396921452623,3,0.133305081054933,0,0,True
89,0,Digit 0,0,Digit 0,max_nhat,RELIABLE,RELIABLE,40.380064515024245,0.8011720018705092,0.000785148561833099,4,0.01777435874304023,0,0,True
90,0,Digit 0,4,Digit 4,max_nhat,UNRELIABLE,IDO,63.08044239327501,0.779303805622472,0.0007637177295100226,3,0.006694111630427435,4,0,False
91,0,Digit 0,0,Digit 0,max_nhat,RELIABLE,RELIABLE,44.72130252084135,0.7841214382738255,0.000768439009508349,2,0.025776541214517,0,0,True
92,0,Digit 0,0,Digit 0,max_nhat,RELIABLE,RELIABLE,15.278622972924246,0.8954003741842874,0.0008774923667006016,3,0.10821318782579226,0,0,True
93,0,Digit 0,3,Digit 3,max_nhat,RELIABLE,RELIABLE,27.396064662563113,0.8716387513437703,0.0008542059763168949,2,0.013957097015549147,3,0,False
94,0,Digit 0,0,Digit 0,max_nhat,RELIABLE,RELIABLE,27.671525151481262,0.8426166232326989,0.0008257642907680449,3,0.12466458585517493,0,0,True
95,0,Digit 0,0,Digit 0,max_nhat,RELIABLE,RELIABLE,55.48746819497592,0.7366217586929785,0.0007218893235191189,3,0.06933671291959143,0,0,True
96,0,Digit 0,0,Digit 0,max_nhat,RELIABLE,RELIABLE,13.250229489086784,0.8905886012239767,0.0008727768291994971,3,0.0763881989927806,0,0,True
97,0,Digit 0,0,Digit 0,max_nhat,RELIABLE,RELIABLE,19.760903193661385,0.8637623372276307,0.0008464870904830781,2,0.11202601486317043,0,0,True
98,0,Digit 0,0,Digit 0,max_nhat,RELIABLE,RELIABLE,17.69221769087915,0.8658988097545857,0.0008485808335594939,2,0.10685698256339704,0,0,True
99,0,Digit 0,0,Digit 0,max_nhat,RELIABLE,RELIABLE,52.079630506088975,0.7773310067189146,0.0007617843865845364,2,0.01872690352509976,0,0,True
100,0,Digit 0,0,Digit 0,max_nhat,RELIABLE,RELIABLE,16.23897273389417,0.8769166465831056,0.0008593783136514435,3,0.051503216628508874,0,0,True
101,0,Digit 0,0,Digit 0,max_nhat,RELIABLE,RELIABLE,16.921832778226353,0.8670055237518884,0.0008496654132768507,3,0.05435658450985281,0,0,True
102,0,Digit 0,0,Digit 0,max_nhat,RELIABLE,RELIABLE,43.29889147809908,0.7979520778583814,0.0007819930363012138,2,0.01128972946904383,0,2,False
103,0,Digit 0,0,Digit 0,max_nhat,RELIABLE,RELIABLE,18.7684390142048,0.8601968668799598,0.0008429929295423606,4,0.054838454762029976,0,0,True
104,0,Digit 0,0,Digit 0,max_nhat,RELIABLE,RELIABLE,51.94513593995734,0.7755002524979009,0.0007599902474479429,2,0.053486900582000674,0,0,True
105,0,Digit 0,0,Digit 0,max_nhat,OOD,OOD,139.81479885158345,0.7041377927524699,0.0006900550368974205,2,0.0027081230028500602,0,0,True
106,0,Digit 0,2,Digit 2,max_nhat,OOD,OOD,181.55662126887296,0.6639326990080938,0.0006506540450279319,0,0.0016308884270529456,2,0,False
107,0,Digit 0,0,Digit 0,max_nhat,RELIABLE,RELIABLE,51.404949037624014,0.8153521812216354,0.0007990451375972027,2,0.0903937194315454,0,0,True
108,0,Digit 0,0,Digit 0,max_nhat,RELIABLE,RELIABLE,26.214126828380497,0.8243970306163428,0.000807909090004016,3,0.01065536683707946,0,0,True
109,0,Digit 0,0,Digit 0,max_nhat,RELIABLE,RELIABLE,20.05365677797679,0.8592860533862512,0.0008421003323185261,2,0.03710781963741849,0,0,True
110,0,Digit 0,0,Digit 0,max_nhat,RELIABLE,RELIABLE,11.904672610855897,0.9110726155745636,0.0008928511632630724,3,0.12352229452478658,0,0,True
111,0,Digit 0,2,Digit 2,max_nhat,RELIABLE,RELIABLE,25.640052996097527,0.8229915456918862,0.0008065317147780484,4,0.011593207735503097,2,2,True
112,0,Digit 0,0,Digit 0,max_nhat,RELIABLE,RELIABLE,16.321000791168302,0.8762288888863093,0.0008587043111085831,3,0.09734475439921064,0,0,True
113,0,Digit 0,2,Digit 2,max_nhat,RELIABLE,RELIABLE,43.11319200259711,0.8032852682248856,0.0007872195628603878,0,0.0003890327634744617,2,0,False
114,0,Digit 0,0,Digit 0,max_nhat,RELIABLE,RELIABLE,47.71125520922836,0.7716584966069739,0.0007562253266748344,2,0.03821224720027161,0,0,True
115,0,Digit 0,0,Digit 0,max_nhat,RELIABLE,RELIABLE,24.54486315191489,0.8310427189945728,0.0008144218646146814,4,0.10879474056092198,0,0,True
116,0,Digit 0,0,Digit 0,max_nhat,RELIABLE,RELIABLE,16.918887415180777,0.874590057134542,0.0008570982559918511,3,0.07228502221573985,0,0,True
117,0,Digit 0,0,Digit 0,max_nhat,RELIABLE,RELIABLE,48.77824697355143,0.766410934894652,0.0007510827161967589,2,0.07608099690246983,0,0,True
118,0,Digit 0,0,Digit 0,max_nhat,RELIABLE,RELIABLE,21.79990661893202,0.8771099344969203,0.0008595677358069819,3,0.09592518321580179,0,0,True
119,0,Digit 0,0,Digit 0,max_nhat,RELIABLE,RELIABLE,37.69775253995824,0.7832017716570386,0.0007675377362238978,2,0.09676177272635511,0,0,True
120,0,Digit 0,0,Digit 0,max_nhat,RELIABLE,RELIABLE,14.101729077470843,0.9009016676663247,0.0008828836343129982,2,0.1791086574287154,0,0,True
121,0,Digit 0,3,Digit 3,max_nhat,RELIABLE,RELIABLE,25.35140268910873,0.8745755451068885,0.0008570840342047507,2,0.041411985398439155,3,3,True
122,0,Digit 0,0,Digit 0,max_nhat,RELIABLE,RELIABLE,32.92889763559503,0.8390883647144182,0.0008223065974201298,3,0.07848833756947704,0,0,True
123,0,Digit 0,0,Digit 0,max_nhat,RELIABLE,RELIABLE,19.61273914273133,0.8576766048341903,0.0008405230727375065,2,0.08355453114198041,0,0,True
124,0,Digit 0,0,Digit 0,max_nhat,RELIABLE,RELIABLE,25.070240783163086,0.8445400013888474,0.0008276492013610705,3,0.0811192758808319,0,0,True
125,0,Digit 0,0,Digit 0,max_nhat,OOD,OOD,123.9447973308195,0.7348737661068636,0.0007201762907847263,2,0.010414867275952644,0,2,False
126,0,Digit 0,0,Digit 0,max_nhat,RELIABLE,RELIABLE,13.731527992268965,0.8966293753179184,0.00087869678781156,3,0.12180321880047529,0,0,True
127,0,Digit 0,0,Digit 0,max_nhat,RELIABLE,RELIABLE,25.569284611661075,0.845906082173244,0.0008289879605297791,3,0.08861666935265933,0,0,True
128,0,Digit 0,0,Digit 0,max_nhat,RELIABLE,RELIABLE,36.7517233790212,0.7917433165246208,0.0007759084501941284,2,0.01695128025191439,0,0,True
129,0,Digit 0,3,Digit 3,max_nhat,RELIABLE,RELIABLE,28.661475692469022,0.8597120125113193,0.000842517772261093,2,0.012842379852566532,3,0,False
130,0,Digit 0,4,Digit 4,max_nhat,OOD,OOD,85.96960631019047,0.8284263750632592,0.000811857847561994,2,0.007236602929195257,4,2,False
131,0,Digit 0,0,Digit 0,max_nhat,RELIABLE,RELIABLE,10.773680081439228,0.9209062683688738,0.0009024881430014963,2,0.11389198118737709,0,0,True
132,0,Digit 0,0,Digit 0,max_nhat,UNRELIABLE,IDO,73.95521474141586,0.7054190917365423,0.0006913107099018114,3,0.06267945717684686,0,0,True
133,0,Digit 0,2,Digit 2,max_nhat,RELIABLE,RELIABLE,21.82408103035921,0.8659325002022096,0.0008486138501981654,3,0.005048397657029358,2,2,True
134,0,Digit 0,0,Digit 0,max_nhat,RELIABLE,RELIABLE,31.294524700754526,0.8148399014278582,0.000798543103399301,4,0.033269816488216586,0,0,True
135,0,Digit 0,0,Digit 0,max_nhat,RELIABLE,RELIABLE,34.195913026193466,0.8013567567537848,0.0007853296216187091,4,0.01731965966873783,0,0,True
136,0,Digit 0,0,Digit 0,max_nhat,RELIABLE,RELIABLE,18.582316497656937,0.859465759399446,0.0008422764442114571,2,0.0990374379411425,0,0,True
137,0,Digit 0,0,Digit 0,max_nhat,RELIABLE,RELIABLE,35.245838829483716,0.827119044021371,0.0008105766631409436,3,0.07654295340397965,0,0,True
138,0,Digit 0,0,Digit 0,max_nhat,RELIABLE,RELIABLE,54.357718185678,0.821552770090749,0.000805121714688934,2,0.11541351258586108,0,0,True
139,0,Digit 0,0,Digit 0,max_nhat,RELIABLE,RELIABLE,31.69286380120527,0.8082446283296666,0.0007920797357630732,2,0.055251446703027396,0,0,True
140,0,Digit 0,0,Digit 0,max_nhat,RELIABLE,RELIABLE,23.08581466407105,0.8425342997401002,0.0008256836137452982,3,0.13654656067221316,0,0,True
141,0,Digit 0,0,Digit 0,max_nhat,RELIABLE,RELIABLE,38.81371877082584,0.7831200053115583,0.0007674576052053272,4,0.03734383133637864,0,0,True
142,0,Digit 0,0,Digit 0,max_nhat,RELIABLE,RELIABLE,31.051324949076104,0.8043803629297058,0.0007882927556711117,4,0.0947433974909796,0,0,True
143,0,Digit 0,0,Digit 0,max_nhat,RELIABLE,RELIABLE,21.479159571811426,0.8799429077581804,0.0008623440496030168,3,0.12824977959647554,0,0,True
144,0,Digit 0,0,Digit 0,max_nhat,RELIABLE,RELIABLE,25.738898587852333,0.8404064389012023,0.0008235983101231782,2,0.10700479381171923,0,0,True
145,0,Digit 0,0,Digit 0,max_nhat,RELIABLE,RELIABLE,33.73051872153598,0.8244640738350735,0.000807974792358372,4,0.057316433178133175,0,0,True
146,0,Digit 0,0,Digit 0,max_nhat,UNRELIABLE,IDO,76.59608992753769,0.7691232041186381,0.0007537407400362654,2,0.09496049324405798,0,0,True
147,0,Digit 0,0,Digit 0,max_nhat,RELIABLE,RELIABLE,22.590120908300186,0.8439673772947717,0.0008270880297488762,3,0.04267400920208053,0,0,True
148,0,Digit 0,0,Digit 0,max_nhat,RELIABLE,RELIABLE,20.01755485591084,0.8612010372472938,0.0008439770165023479,4,0.14225410288420182,0,0,True
149,0,Digit 0,3,Digit 3,max_nhat,RELIABLE,RELIABLE,39.32396577135936,0.8336484109906588,0.0008169754427708455,0,0.006050292273889868,3,0,False
150,0,Digit 0,0,Digit 0,max_nhat,RELIABLE,RELIABLE,31.566122760672034,0.8178665548235072,0.0008015092237270371,2,0.10147060402162966,0,0,True
151,0,Digit 0,0,Digit 0,max_nhat,OOD,OOD,113.28353855038473,0.7993899829614659,0.0007834021833022366,3,0.11862476572022329,0,0,True
152,0,Digit 0,2,Digit 2,max_nhat,RELIABLE,RELIABLE,24.328015368895894,0.838049054501348,0.0008212880734113211,4,0.011494608044365417,2,2,True
153,0,Digit 0,0,Digit 0,max_nhat,RELIABLE,RELIABLE,22.041017140819775,0.8696156040168305,0.0008522232919364938,2,0.09893300976419572,0,0,True
154,0,Digit 0,4,Digit 4,max_nhat,RELIABLE,RELIABLE,33.26231413243781,0.8376681190862693,0.0008209147567045438,2,0.009707660789236128,4,4,True
155,0,Digit 0,0,Digit 0,max_nhat,RELIABLE,RELIABLE,28.3784522050054,0.8534092434327591,0.000836341058564104,2,0.05933217428437976,0,0,True
156,0,Digit 0,3,Digit 3,max_nhat,RELIABLE,RELIABLE,23.038387758647495,0.8621696393457033,0.0008449262465587893,2,0.000804928985880804,3,2,False
157,0,Digit 0,0,Digit 0,max_nhat,RELIABLE,RELIABLE,24.201012809765288,0.837819485530283,0.0008210630958196773,4,0.13550916216135955,0,0,True
158,0,Digit 0,0,Digit 0,max_nhat,RELIABLE,RELIABLE,33.734671296507855,0.8029400521093285,0.0007868812510671419,2,0.022008088829795214,0,0,True
159,0,Digit 0,0,Digit 0,max_nhat,RELIABLE,RELIABLE,21.059207669279395,0.8437766311943431,0.0008269010985704562,4,0.12461511528565061,0,0,True
160,0,Digit 0,0,Digit 0,max_nhat,RELIABLE,RELIABLE,37.128774946520835,0.8019754702712251,0.0007859359608658005,2,0.030966189083962092,0,0,True
161,0,Digit 0,0,Digit 0,max_nhat,RELIABLE,RELIABLE,25.849268319876334,0.8690324576141638,0.0008516518084618805,3,0.0638399776928148,0,0,True
162,0,Digit 0,0,Digit 0,max_nhat,RELIABLE,RELIABLE,31.420834752540827,0.8359929531775571,0.0008192730941140059,3,0.11220120262819477,0,0,True
163,0,Digit 0,0,Digit 0,max_nhat,RELIABLE,RELIABLE,21.485762028124288,0.8564397454114737,0.0008393109505032443,4,0.14023031244774087,0,0,True
164,0,Digit 0,0,Digit 0,max_nhat,RELIABLE,RELIABLE,36.213842472155385,0.7746200486357625,0.0007591276476630473,4,0.0659922297768204,0,0,True
165,0,Digit 0,0,Digit 0,max_nhat,RELIABLE,RELIABLE,21.50240152969205,0.8407806187666009,0.0008239650063912689,4,0.10780889854260389,0,0,True
166,0,Digit 0,0,Digit 0,max_nhat,RELIABLE,RELIABLE,26.844563885065362,0.8310307306106549,0.0008144101159984418,2,0.01064196128557493,0,0,True
167,0,Digit 0,0,Digit 0,max_nhat,RELIABLE,RELIABLE,46.251483208590486,0.780457167096893,0.0007648480237549551,2,0.10720997238387209,0,0,True
168,0,Digit 0,0,Digit 0,max_nhat,RELIABLE,RELIABLE,15.29137300004934,0.8808479222376407,0.0008632309637928879,3,0.15061571412619612,0,0,True
169,0,Digit 0,0,Digit 0,max_nhat,RELIABLE,RELIABLE,54.320393381492735,0.7454383725768693,0.0007305296051253318,3,0.05434844840372699,0,0,True
170,0,Digit 0,0,Digit 0,max_nhat,RELIABLE,RELIABLE,10.137432285865842,0.9138278453320426,0.0008955512884254018,3,0.1357246012975476,0,0,True
171,0,Digit 0,0,Digit 0,max_nhat,RELIABLE,RELIABLE,23.152945150148447,0.8412917919109302,0.0008244659560727116,3,0.12935604585810234,0,0,True
172,0,Digit 0,0,Digit 0,max_nhat,RELIABLE,RELIABLE,28.218583622027047,0.8311237599437102,0.000814501284744836,4,0.054133058451117266,0,0,True
173,0,Digit 0,0,Digit 0,max_nhat,RELIABLE,RELIABLE,43.074736375677055,0.8433374325149978,0.0008264706838646979,2,0.1013936186612413,0,0,True
174,0,Digit 0,0,Digit 0,max_nhat,RELIABLE,RELIABLE,10.046153791731651,0.9202577944404342,0.0009018526385516255,3,0.12668614053226424,0,0,True
175,0,Digit 0,0,Digit 0,max_nhat,RELIABLE,RELIABLE,25.806209543117923,0.8243199154875291,0.0008078335171777786,4,0.06929651754766175,0,0,True
176,0,Digit 0,0,Digit 0,max_nhat,UNRELIABLE,IDO,83.1060588036515,0.7371078276278322,0.0007223656710752755,2,0.04737073627960586,0,0,True
177,0,Digit 0,0,Digit 0,max_nhat,RELIABLE,RELIABLE,43.30120002439819,0.7751078813887834,0.0007596057237610077,2,0.03481421351745051,0,0,True
178,0,Digit 0,0,Digit 0,max_nhat,RELIABLE,RELIABLE,22.401037790352802,0.8429004690156345,0.0008260424596353218,2,0.07274129602667179,0,0,True
179,0,Digit 0,0,Digit 0,max_nhat,RELIABLE,RELIABLE,25.9409392939784,0.850864684873152,0.0008338473911756889,3,0.05722840268109597,0,0,True
180,0,Digit 0,0,Digit 0,max_nhat,RELIABLE,RELIABLE,31.689336716849578,0.8343316216171404,0.0008176449891847975,2,0.05084150241950092,0,0,True
181,0,Digit 0,0,Digit 0,max_nhat,RELIABLE,RELIABLE,20.501800880610396,0.8666768764636472,0.0008493433389343743,3,0.06018886889615638,0,0,True
182,0,Digit 0,0,Digit 0,max_nhat,RELIABLE,RELIABLE,38.04457757005123,0.7928938632039794,0.0007770359859398997,4,0.058319446666054264,0,0,True
183,0,Digit 0,0,Digit 0,max_nhat,RELIABLE,RELIABLE,26.826823308954676,0.8244710878213698,0.0008079816660649424,3,0.12509588539982397,0,0,True
184,0,Digit 0,0,Digit 0,max_nhat,RELIABLE,RELIABLE,17.292418701614313,0.873614969118162,0.0008561426697357988,3,0.042405423898194794,0,0,True
185,0,Digit 0,0,Digit 0,max_nhat,RELIABLE,RELIABLE,47.18883741492735,0.812151017723357,0.0007959079973688898,3,0.09422099407097428,0,0,True
186,0,Digit 0,0,Digit 0,max_nhat,RELIABLE,RELIABLE,28.150953023447236,0.8363602954563756,0.000819633089547248,3,0.09677482461943199,0,0,True
187,0,Digit 0,0,Digit 0,max_nhat,RELIABLE,RELIABLE,11.295363284752982,0.9043761833367328,0.000886288659669998,3,0.10152272380037786,0,0,True
188,0,Digit 0,0,Digit 0,max_nhat,RELIABLE,RELIABLE,14.125441665169424,0.9016840293461789,0.0008836503487592552,3,0.1442755454825415,0,0,True
189,0,Digit 0,0,Digit 0,max_nhat,RELIABLE,RELIABLE,28.64926814730383,0.893787034371161,0.0008759112936837378,2,0.13125354993109573,0,0,True
190,0,Digit 0,0,Digit 0,max_nhat,RELIABLE,RELIABLE,38.38313035183772,0.813161107575723,0.0007968978854242085,4,0.046347512821960035,0,0,True
191,0,Digit 0,0,Digit 0,max_nhat,RELIABLE,RELIABLE,58.03483879283196,0.7555402718623273,0.0007404294664250808,2,0.028135774913325196,0,0,True
192,0,Digit 0,0,Digit 0,max_nhat,RELIABLE,RELIABLE,25.091536036477684,0.8286677521620862,0.0008120943971188445,2,0.03399493496656747,0,0,True
193,0,Digit 0,0,Digit 0,max_nhat,RELIABLE,RELIABLE,16.95274968974652,0.8743740804717458,0.0008568865988623108,3,0.054824593209460426,0,0,True
194,0,Digit 0,0,Digit 0,max_nhat,RELIABLE,RELIABLE,28.639323142636833,0.8375384566939553,0.0008207876875600762,3,0.12109443317599466,0,0,True
195,0,Digit 0,0,Digit 0,max_nhat,RELIABLE,RELIABLE,43.05516353636794,0.8557263646415287,0.0008386118373486981,3,0.11209139624671316,0,0,True
196,0,Digit 0,0,Digit 0,max_nhat,RELIABLE,RELIABLE,21.583619482481794,0.8562394442794908,0.000839114655393901,3,0.051950807789419184,0,0,True
197,0,Digit 0,0,Digit 0,max_nhat,RELIABLE,RELIABLE,15.433378652550601,0.8775371705812032,0.0008599864271695791,2,0.12787713649532484,0,0,True
198,0,Digit 0,0,Digit 0,max_nhat,RELIABLE,RELIABLE,23.488962625616264,0.837649237059417,0.0008208962523182286,4,0.1295273253560092,0,0,True
199,0,Digit 0,0,Digit 0,max_nhat,RELIABLE,RELIABLE,20.992762467044564,0.8540611062948045,0.0008369798841689084,2,0.05718256311330516,0,0,True
200,0,Digit 0,1,Digit 1,max_nhat,RELIABLE,RELIABLE,8.498474602415921,0.9318662183792451,0.0009132288940116601,2,0.09921437493040952,1,1,True
201,0,Digit 0,1,Digit 1,max_nhat,RELIABLE,RELIABLE,28.688589421986187,0.8657956152512294,0.0008484797029462048,2,0.04929411498394998,1,1,True
202,0,Digit 0,1,Digit 1,max_nhat,RELIABLE,RELIABLE,13.982304776877825,0.9149371540926913,0.0008966384110108374,3,0.10914382553873803,1,1,True
203,0,Digit 0,1,Digit 1,max_nhat,RELIABLE,RELIABLE,7.947819420516762,0.93754378033612,0.0009187929047293975,2,0.13706747585581658,1,1,True
204,0,Digit 0,1,Digit 1,max_nhat,RELIABLE,RELIABLE,41.1806193826602,0.8355097425739663,0.0008187995477224869,3,0.03125758696200065,1,2,False
205,0,Digit 0,1,Digit 1,max_nhat,RELIABLE,RELIABLE,11.821796066117866,0.9138483577850786,0.000895571390629377,3,0.08104100890223032,1,1,True
206,0,Digit 0,1,Digit 1,max_nhat,RELIABLE,RELIABLE,9.677367161777553,0.9242592755111765,0.0009057740900009529,2,0.13219289343367846,1,1,True
207,0,Digit 0,1,Digit 1,max_nhat,RELIABLE,RELIABLE,14.961391567345167,0.9079433399898491,0.000889784473190052,4,0.1013221065864055,1,1,True
208,0,Digit 0,1,Digit 1,max_nhat,RELIABLE,RELIABLE,36.1884924453109,0.8649740862896494,0.0008476746045638564,3,0.06441107870652674,1,1,True
209,0,Digit 0,1,Digit 1,max_nhat,RELIABLE,RELIABLE,3.5414143741532422,0.9695171094229946,0.0009501267672345347,2,0.13996130313469057,1,1,True
210,0,Digit 0,1,Digit 1,max_nhat,RELIABLE,RELIABLE,4.916549420051872,0.9605772357152182,0.0009413656910009138,2,0.13220765610969099,1,1,True
211,0,Digit 0,1,Digit 1,max_nhat,RELIABLE,RELIABLE,12.337170031462456,0.9143480147558081,0.0008960610544606919,4,0.10216646783663208,1,1,True
212,0,Digit 0,1,Digit 1,max_nhat,RELIABLE,RELIABLE,18.502134088766155,0.8879956045576831,0.0008702356924665294,2,0.07934214967766406,1,1,True
213,0,Digit 0,1,Digit 1,max_nhat,RELIABLE,RELIABLE,25.227557551283297,0.8730685299716269,0.0008556071593721944,3,0.032623878119895866,1,2,False
214,0,Digit 0,1,Digit 1,max_nhat,RELIABLE,RELIABLE,3.530676995778286,0.9665161423386825,0.0009471858194919088,2,0.1225890862460679,1,1,True
215,0,Digit 0,1,Digit 1,max_nhat,RELIABLE,RELIABLE,8.112265258813853,0.9356186008833636,0.0009169062288656962,2,0.1221135748951333,1,1,True
216,0,Digit 0,1,Digit 1,max_nhat,RELIABLE,RELIABLE,11.042809945275234,0.9156689286282153,0.000897355550055651,4,0.11353886522138767,1,1,True
217,0,Digit 0,1,Digit 1,max_nhat,RELIABLE,RELIABLE,44.40715643780129,0.8160804532158108,0.0007997588441514946,3,0.023421948585980124,1,2,False
218,0,Digit 0,1,Digit 1,max_nhat,RELIABLE,RELIABLE,28.030306645778474,0.8615796056639323,0.0008443480135506536,2,0.06653057013431585,1,1,True
219,0,Digit 0,1,Digit 1,max_nhat,RELIABLE,RELIABLE,24.550174778595427,0.9114583528926881,0.0008932291858348342,2,0.11055267235255739,1,1,True
220,0,Digit 0,1,Digit 1,max_nhat,RELIABLE,RELIABLE,12.19022180334363,0.912344266559962,0.0008940973812287628,4,0.10142264065723106,1,1,True
221,0,Digit 0,1,Digit 1,max_nhat,RELIABLE,RELIABLE,9.345552270535062,0.9263993241390436,0.0009078713376562626,4,0.07860174629422834,1,1,True
222,0,Digit 0,1,Digit 1,max_nhat,RELIABLE,RELIABLE,9.251885794757047,0.9256929291480079,0.0009071790705650478,4,0.11621155802982541,1,1,True
223,0,Digit 0,1,Digit 1,max_nhat,RELIABLE,RELIABLE,8.569892883057289,0.9333730131493521,0.000914705552886365,2,0.1108589673884397,1,1,True
224,0,Digit 0,1,Digit 1,max_nhat,RELIABLE,RELIABLE,27.959457105462498,0.8618460255195464,0.0008446091050091554,2,0.046022060192432046,1,1,True
225,0,Digit 0,1,Digit 1,max_nhat,RELIABLE,RELIABLE,9.760152329652538,0.9296832732276459,0.0009110896077630929,2,0.09459615865873905,1,1,True
226,0,Digit 0,1,Digit 1,max_nhat,RELIABLE,RELIABLE,18.657751250820162,0.8963997499506208,0.0008784717549516083,4,0.06889141682711819,1,1,True
227,0,Digit 0,1,Digit 1,max_nhat,RELIABLE,RELIABLE,8.821819143352888,0.9324956364663827,0.000913845723737055,2,0.1018530062441374,1,1,True
228,0,Digit 0,1,Digit 1,max_nhat,RELIABLE,RELIABLE,8.66637114045809,0.9302286584156803,0.0009116240852473667,2,0.11873981992840854,1,1,True
229,0,Digit 0,1,Digit 1,max_nhat,RELIABLE,RELIABLE,48.35030391140351,0.8294231438740384,0.0008128346809965576,2,0.023735121803514336,1,2,False
230,0,Digit 0,1,Digit 1,max_nhat,RELIABLE,RELIABLE,6.836273056312637,0.9408554489542336,0.0009220383399751489,4,0.107030211039435,1,1,True
231,0,Digit 0,1,Digit 1,max_nhat,RELIABLE,RELIABLE,13.484679352260681,0.9062538516213927,0.0008881287745889649,3,0.11592136914136453,1,1,True
232,0,Digit 0,1,Digit 1,max_nhat,RELIABLE,RELIABLE,4.815769112669916,0.9568896829674018,0.0009377518893080538,2,0.14437388750398394,1,1,True
233,0,Digit 0,1,Digit 1,max_nhat,RELIABLE,RELIABLE,5.319322985973086,0.9512920674729501,0.0009322662261234911,4,0.12315352511374889,1,1,True
234,0,Digit 0,1,Digit 1,max_nhat,RELIABLE,RELIABLE,12.727077946510796,0.910276523430949,0.00089207099296233,2,0.08353717196720145,1,1,True
235,0,Digit 0,1,Digit 1,max_nhat,RELIABLE,RELIABLE,14.351714596229233,0.9405061099097783,0.0009216959877115827,3,0.1200403401978627,1,1,True
236,0,Digit 0,1,Digit 1,max_nhat,RELIABLE,RELIABLE,28.874129560827008,0.8593888261786368,0.000842201049655064,4,0.04941695081765729,1,1,True
237,0,Digit 0,1,Digit 1,max_nhat,RELIABLE,RELIABLE,12.320827771380051,0.9052715003455183,0.0008871660703386079,3,0.12390656725879623,1,1,True
238,0,Digit 0,1,Digit 1,max_nhat,RELIABLE,RELIABLE,55.581196264861134,0.8278626612156635,0.0008113054079913502,2,0.039348271080856256,1,2,False
239,0,Digit 0,2,Digit 2,max_nhat,UNRELIABLE,IDO,63.5995169852285,0.8025606983062841,0.0007865094843401584,4,0.04238363745371143,2,2,True
240,0,Digit 0,1,Digit 1,max_nhat,RELIABLE,RELIABLE,19.859345543735245,0.8818642556918749,0.0008642269705780374,3,0.10859749432434973,1,1,True
241,0,Digit 0,1,Digit 1,max_nhat,RELIABLE,RELIABLE,7.371629906853104,0.9403020929657084,0.0009214960511063942,2,0.10048491492245293,1,1,True
242,0,Digit 0,1,Digit 1,max_nhat,RELIABLE,RELIABLE,11.400188426811226,0.915054565038894,0.0008967534737381161,2,0.08316169983716037,1,1,True
243,0,Digit 0,1,Digit 1,max_nhat,RELIABLE,RELIABLE,10.289955378507413,0.9202099778396109,0.0009018057782828186,3,0.13177881608950548,1,1,True
244,0,Digit 0,1,Digit 1,max_nhat,RELIABLE,RELIABLE,15.967370574773513,0.9115200084100612,0.00089328960824186,2,0.090178473440639,1,1,True
245,0,Digit 0,1,Digit 1,max_nhat,RELIABLE,RELIABLE,8.808493038639291,0.9277583181246306,0.0009092031517621379,3,0.1333630167255958,1,1,True
246,0,Digit 0,1,Digit 1,max_nhat,RELIABLE,RELIABLE,3.603477762632542,0.9664456111674684,0.000947116698944119,2,0.13381257962078785,1,1,True
247,0,Digit 0,1,Digit 1,max_nhat,RELIABLE,RELIABLE,12.372675698991667,0.9106052713900006,0.0008923931659622006,2,0.07941857199212132,1,1,True
248,0,Digit 0,1,Digit 1,max_nhat,RELIABLE,RELIABLE,8.070644155670323,0.9345097103376508,0.0009158195161308978,4,0.11944147601151578,1,1,True
249,0,Digit 0,1,Digit 1,max_nhat,RELIABLE,RELIABLE,13.4028993839205,0.9128989800276679,0.0008946410004271145,2,0.09257591168248513,1,1,True
250,0,Digit 0,1,Digit 1,max_nhat,RELIABLE,RELIABLE,7.128036829715414,0.9386229439721192,0.0009198504850926768,3,0.14339451549093518,1,1,True
251,0,Digit 0,1,Digit 1,max_nhat,RELIABLE,RELIABLE,9.057465109204216,0.9279601094886603,0.000909400907298887,2,0.12154345086560203,1,1,True
252,0,Digit 0,1,Digit 1,max_nhat,RELIABLE,RELIABLE,6.939005875636187,0.9476944412969309,0.0009287405524709923,4,0.12404776563201525,1,1,True
253,0,Digit 0,1,Digit 1,max_nhat,RELIABLE,RELIABLE,10.953210963065949,0.9176753086969788,0.0008993218025230391,3,0.11141969394188733,1,1,True
254,0,Digit 0,1,Digit 1,max_nhat,RELIABLE,RELIABLE,17.17509207583653,0.9104157227882038,0.0008922074083324397,3,0.08763605166957877,1,1,True
255,0,Digit 0,1,Digit 1,max_nhat,RELIABLE,RELIABLE,6.000550873708207,0.9510059748658183,0.0009319858553685019,2,0.1371026155399746,1,1,True
256,0,Digit 0,1,Digit 1,max_nhat,RELIABLE,RELIABLE,28.00479257610042,0.8612809805912185,0.0008440553609793941,3,0.058144837866285104,1,1,True
257,0,Digit 0,1,Digit 1,max_nhat,RELIABLE,RELIABLE,8.914372344400165,0.9321197269488296,0.000913477332409853,4,0.09211876227998061,1,1,True
258,0,Digit 0,1,Digit 1,max_nhat,RELIABLE,RELIABLE,16.227201875313202,0.8968684419950707,0.0008789310731551692,2,0.0721456001130415,1,1,True
259,0,Digit 0,1,Digit 1,max_nhat,RELIABLE,RELIABLE,13.792974612640842,0.9142053688127588,0.0008959212614365036,2,0.09082488820796963,1,1,True
260,0,Digit 0,1,Digit 1,max_nhat,RELIABLE,RELIABLE,13.914816737390101,0.9096834204599592,0.00089148975205076,2,0.08772670715242037,1,1,True
261,0,Digit 0,1,Digit 1,max_nhat,RELIABLE,RELIABLE,6.39069501029841,0.9450246334783696,0.0009261241408088022,2,0.11896158826506475,1,1,True
262,0,Digit 0,1,Digit 1,max_nhat,RELIABLE,RELIABLE,5.798544266196451,0.9497205130507599,0.0009307261027897447,2,0.1444553150216198,1,1,True
263,0,Digit 0,1,Digit 1,max_nhat,RELIABLE,RELIABLE,6.884102563614149,0.940380732505172,0.0009215731178550684,3,0.13680414569663835,1,1,True
264,0,Digit 0,1,Digit 1,max_nhat,RELIABLE,RELIABLE,9.269724266649462,0.9278973634652176,0.0009093394161959131,3,0.12939182439952412,1,1,True
265,0,Digit 0,1,Digit 1,max_nhat,RELIABLE,RELIABLE,8.298697019986905,0.929842083345319,0.0009112452416784126,3,0.09314911212799604,1,1,True
266,0,Digit 0,2,Digit 2,max_nhat,RELIABLE,RELIABLE,39.62814597172163,0.8098256852063127,0.0007936291715021864,4,0.043968775565124796,2,2,True
267,0,Digit 0,1,Digit 1,max_nhat,RELIABLE,RELIABLE,10.307306431556704,0.9449952995809681,0.0009260953935893487,4,0.13010672468857964,1,1,True
268,0,Digit 0,1,Digit 1,max_nhat,RELIABLE,RELIABLE,17.120665550644922,0.8868743000944619,0.0008691368140925726,4,0.07431686631544454,1,1,True
269,0,Digit 0,1,Digit 1,max_nhat,RELIABLE,RELIABLE,16.72166938443236,0.8953182784382228,0.0008774119128694582,2,0.06604900051323426,1,1,True
270,0,Digit 0,1,Digit 1,max_nhat,RELIABLE,RELIABLE,12.627962589563115,0.9066253156629883,0.0008884928093497286,3,0.1012971651166994,1,1,True
271,0,Digit 0,1,Digit 1,max_nhat,RELIABLE,RELIABLE,13.71972118444511,0.908696203414491,0.0008905222793462012,4,0.08959608049467949,1,1,True
272,0,Digit 0,1,Digit 1,max_nhat,RELIABLE,RELIABLE,8.63541244465251,0.9303287116885577,0.0009117221374547865,2,0.12320123743699618,1,1,True
273,0,Digit 0,1,Digit 1,max_nhat,RELIABLE,RELIABLE,15.352624768801372,0.9064641211853807,0.000888334838761673,3,0.09187072515868666,1,1,True
274,0,Digit 0,1,Digit 1,max_nhat,RELIABLE,RELIABLE,7.032887406231944,0.9429890141664631,0.0009241292338831338,3,0.13300638632926387,1,1,True
275,0,Digit 0,1,Digit 1,max_nhat,RELIABLE,RELIABLE,15.26877076673034,0.8999258797150352,0.0008819273621207345,2,0.05974945237168705,1,1,True
276,0,Digit 0,2,Digit 2,max_nhat,RELIABLE,RELIABLE,30.45433409786185,0.8143733155882634,0.0007980858492764981,1,0.00656346963970067,2,2,True
277,0,Digit 0,1,Digit 1,max_nhat,RELIABLE,RELIABLE,8.049525806276726,0.9349953873735083,0.0009162954796260381,2,0.09951566404012568,1,1,True
278,0,Digit 0,1,Digit 1,max_nhat,RELIABLE,RELIABLE,16.569940612734882,0.8909762448262334,0.0008731567199297087,2,0.09346725751217622,1,1,True
279,0,Digit 0,1,Digit 1,max_nhat,RELIABLE,RELIABLE,15.623679821542503,0.9090625144623451,0.0008908812641730982,4,0.08993334003575548,1,1,True
280,0,Digit 0,1,Digit 1,max_nhat,RELIABLE,RELIABLE,6.373976719167392,0.9461167418998413,0.0009271944070618444,2,0.14768598839353153,1,1,True
281,0,Digit 0,1,Digit 1,max_nhat,RELIABLE,RELIABLE,9.616253896009919,0.9256117334555899,0.000907099498786478,4,0.11973994686273037,1,1,True
282,0,Digit 0,1,Digit 1,max_nhat,RELIABLE,RELIABLE,11.212605703922794,0.9135092050119251,0.0008952390209116866,3,0.1281722449706828,1,1,True
283,0,Digit 0,1,Digit 1,max_nhat,RELIABLE,RELIABLE,11.968273740745126,0.9141215285583634,0.0008958390979871961,2,0.09632836793632282,1,1,True
284,0,Digit 0,1,Digit 1,max_nhat,RELIABLE,RELIABLE,14.241352813534423,0.9030603920332221,0.0008849991841925576,3,0.11631481138884281,1,1,True
285,0,Digit 0,1,Digit 1,max_nhat,RELIABLE,RELIABLE,15.42603857413957,0.8946956849000719,0.0008768017712020704,2,0.06631762936767593,1,1,True
286,0,Digit 0,1,Digit 1,max_nhat,RELIABLE,RELIABLE,24.354673529187217,0.8787261170050362,0.0008611515946649355,2,0.0940382224295101,1,1,True
287,0,Digit 0,1,Digit 1,max_nhat,OOD,OOD,137.32009851429189,0.793934965262707,0.0007780562659574528,2,0.015271211541947216,1,2,False
288,0,Digit 0,1,Digit 1,max_nhat,RELIABLE,RELIABLE,8.72893250124677,0.9316213882934716,0.0009129889605276022,2,0.1020348984917373,1,1,True
289,0,Digit 0,1,Digit 1,max_nhat,RELIABLE,RELIABLE,11.168576976965614,0.9411453342048788,0.0009223224275207812,4,0.11030137628295911,1,1,True
290,0,Digit 0,1,Digit 1,max_nhat,UNRELIABLE,IDO,66.12286514618339,0.8208531004370736,0.0008044360384283321,3,0.009413999676964102,1,2,False
291,0,Digit 0,1,Digit 1,max_nhat,RELIABLE,RELIABLE,12.41237841183125,0.9161273316217705,0.000897804784989335,2,0.1164587597564194,1,1,True
292,0,Digit 0,1,Digit 1,max_nhat,RELIABLE,RELIABLE,6.936090354083982,0.9408035240214871,0.0009219874535410573,2,0.1328637221699691,1,1,True
293,0,Digit 0,1,Digit 1,max_nhat,RELIABLE,RELIABLE,27.973938428690595,0.8372111320873488,0.0008204669094456018,4,0.03611410116781755,1,1,True
294,0,Digit 0,1,Digit 1,max_nhat,RELIABLE,RELIABLE,43.22216651308152,0.826668478638552,0.000810135109065781,3,0.05316455611560433,1,1,True
295,0,Digit 0,2,Digit 2,max_nhat,RELIABLE,RELIABLE,39.59700797180829,0.7721454543057858,0.0007567025452196701,4,0.011025708259676303,2,2,True
296,0,Digit 0,1,Digit 1,max_nhat,RELIABLE,RELIABLE,3.417803841490774,0.9691914833217238,0.0009498076536552893,2,0.14419821596333515,1,1,True
297,0,Digit 0,1,Digit 1,max_nhat,RELIABLE,RELIABLE,16.805928351829458,0.9083605559974042,0.0008901933448774561,3,0.10991867231348762,1,1,True
298,0,Digit 0,1,Digit 1,max_nhat,RELIABLE,RELIABLE,9.536566696784844,0.9232627555338645,0.0009047975004231872,2,0.11715296505931305,1,1,True
299,0,Digit 0,1,Digit 1,max_nhat,RELIABLE,RELIABLE,7.452611123178053,0.937653679150887,0.0009189006055678692,4,0.11202076517719506,1,1,True
300,0,Digit 0,1,Digit 1,max_nhat,RELIABLE,RELIABLE,33.70385009660539,0.8255469574735982,0.0008090360183241262,2,0.03603823903932002,1,1,True
301,0,Digit 0,1,Digit 1,max_nhat,RELIABLE,RELIABLE,60.10449566707475,0.8160614025238523,0.0007997401744733753,2,0.018878477213791323,1,2,False
302,0,Digit 0,1,Digit 1,max_nhat,RELIABLE,RELIABLE,2.591297226746325,0.9749205034234121,0.0009554220933549438,2,0.1352394684511734,1,1,True
303,0,Digit 0,1,Digit 1,max_nhat,RELIABLE,RELIABLE,16.199608107024336,0.9229637131992464,0.0009045044389352615,3,0.09784693671513744,1,1,True
304,0,Digit 0,1,Digit 1,max_nhat,RELIABLE,RELIABLE,13.096283882758259,0.9091279533192808,0.0008909453942528951,2,0.08794764529445742,1,1,True
305,0,Digit 0,1,Digit 1,max_nhat,RELIABLE,RELIABLE,17.523197430577344,0.8930023866415719,0.0008751423389087405,2,0.08032538649121856,1,1,True
306,0,Digit 0,1,Digit 1,max_nhat,RELIABLE,RELIABLE,19.13840326219376,0.8910263305278501,0.000873205803917293,2,0.07175056706971294,1,1,True
307,0,Digit 0,1,Digit 1,max_nhat,RELIABLE,RELIABLE,10.7546322030913,0.9212988364146747,0.0009028728596863812,4,0.10287081917659524,1,1,True
308,0,Digit 0,1,Digit 1,max_nhat,RELIABLE,RELIABLE,5.479374878030454,0.9532682490298064,0.0009342028840492103,4,0.11799312589421096,1,1,True
309,0,Digit 0,1,Digit 1,max_nhat,RELIABLE,RELIABLE,19.87217459181734,0.8854590645503239,0.0008677498832593174,2,0.06022795935045866,1,1,True
310,0,Digit 0,1,Digit 1,max_nhat,RELIABLE,RELIABLE,21.34535504085097,0.8705003540827335,0.0008530903470010788,4,0.05280497057855782,1,1,True
311,0,Digit 0,1,Digit 1,max_nhat,RELIABLE,RELIABLE,5.573983131164117,0.9554226471021277,0.0009363141941600851,2,0.13867689059620547,1,1,True
312,0,Digit 0,1,Digit 1,max_nhat,RELIABLE,RELIABLE,10.905619492255141,0.9159162726870603,0.0008975979472333191,2,0.10003912250550118,1,1,True
313,0,Digit 0,1,Digit 1,max_nhat,RELIABLE,RELIABLE,39.95709591054207,0.8467974218418179,0.0008298614734049815,2,0.039181745306906324,1,2,False
314,0,Digit 0,1,Digit 1,max_nhat,RELIABLE,RELIABLE,9.014847330555565,0.9331112616614358,0.000914449036428207,4,0.11962435594110887,1,1,True
315,0,Digit 0,1,Digit 1,max_nhat,RELIABLE,RELIABLE,16.846215109253023,0.8953102344895637,0.0008774040297997724,2,0.0860766347903208,1,1,True
316,0,Digit 0,1,Digit 1,max_nhat,RELIABLE,RELIABLE,7.849388688861779,0.9352971358463088,0.0009165911931293826,2,0.1346494551587749,1,1,True
317,0,Digit 0,1,Digit 1,max_nhat,RELIABLE,RELIABLE,24.431212553372546,0.8711093508651444,0.0008536871638478414,2,0.06669021766435912,1,1,True
318,0,Digit 0,1,Digit 1,max_nhat,RELIABLE,RELIABLE,14.495019657190028,0.9034961696934977,0.0008854262462996276,2,0.0753751022917244,1,1,True
319,0,Digit 0,1,Digit 1,max_nhat,RELIABLE,RELIABLE,18.3472243451099,0.8795599488856131,0.0008619687499079008,2,0.06592941679752218,1,1,True
320,0,Digit 0,1,Digit 1,max_nhat,RELIABLE,RELIABLE,9.897697703802445,0.9274815504664471,0.0009089319194571182,3,0.1079838957773337,1,1,True
321,0,Digit 0,1,Digit 1,max_nhat,RELIABLE,RELIABLE,26.954785351296938,0.8726338958608604,0.0008551812179436432,2,0.05177825188397833,1,1,True
322,0,Digit 0,1,Digit 1,max_nhat,OOD,OOD,131.81462702407208,0.8156010468533915,0.0007992890259163237,2,0.012920135786179121,1,2,False
323,0,Digit 0,1,Digit 1,max_nhat,RELIABLE,RELIABLE,46.78773032313056,0.8454269578373323,0.0008285184186805856,3,0.03216810394848879,1,2,False
324,0,Digit 0,1,Digit 1,max_nhat,RELIABLE,RELIABLE,8.552494488675904,0.9307370038633209,0.0009121222637860544,3,0.138991988365481,1,1,True
325,0,Digit 0,1,Digit 1,max_nhat,RELIABLE,RELIABLE,53.456796458319886,0.8154732487449984,0.0007991637837700984,2,0.025200858922337366,1,2,False
326,0,Digit 0,1,Digit 1,max_nhat,RELIABLE,RELIABLE,8.60431500003461,0.932896315729778,0.0009142383894151824,2,0.0981389303463791,1,1,True
327,0,Digit 0,1,Digit 1,max_nhat,RELIABLE,RELIABLE,53.66304227666879,0.7976772381269258,0.0007817236933643873,2,0.019107761616753538,1,2,False
328,0,Digit 0,1,Digit 1,max_nhat,RELIABLE,RELIABLE,8.106701807480142,0.9352201768705817,0.00091651577333317,2,0.09302406288287779,1,1,True
329,0,Digit 0,1,Digit 1,max_nhat,RELIABLE,RELIABLE,18.462890732498234,0.8764416779403117,0.0008589128443815054,3,0.09033479096064367,1,1,True
330,0,Digit 0,1,Digit 1,max_nhat,UNRELIABLE,IDO,73.85558023310651,0.816600071078264,0.0008002680696566987,2,0.010407644462922638,1,2,False
331,0,Digit 0,1,Digit 1,max_nhat,RELIABLE,RELIABLE,6.299481472977126,0.9454098728208367,0.0009265016753644199,2,0.14317233281995578,1,1,True
332,0,Digit 0,1,Digit 1,max_nhat,RELIABLE,RELIABLE,14.27154411048121,0.8993013616817552,0.00088131533444812,4,0.07954080689547538,1,1,True
333,0,Digit 0,1,Digit 1,max_nhat,RELIABLE,RELIABLE,6.117857245942917,0.9478238048307287,0.0009288673287341141,2,0.14616650253100028,1,1,True
334,0,Digit 0,1,Digit 1,max_nhat,RELIABLE,RELIABLE,8.05098394680191,0.937371018879397,0.000918623598501809,2,0.10911109559021648,1,1,True
335,0,Digit 0,1,Digit 1,max_nhat,RELIABLE,RELIABLE,13.315575731521449,0.918310851318117,0.0008999446342917546,3,0.13546886425669236,1,1,True
336,0,Digit 0,1,Digit 1,max_nhat,RELIABLE,RELIABLE,31.839421475815662,0.9020224024563015,0.0008839819544071754,3,0.10646377453783351,1,1,True
337,0,Digit 0,1,Digit 1,max_nhat,RELIABLE,RELIABLE,21.43658846724511,0.880760765505809,0.0008631455501956928,2,0.06228283012205227,1,1,True
338,0,Digit 0,3,Digit 3,max_nhat,RELIABLE,RELIABLE,27.93118061598021,0.8553048355107591,0.0008381987388005439,2,0.03515033302887505,3,3,True
339,0,Digit 0,1,Digit 1,max_nhat,RELIABLE,RELIABLE,20.090308011578173,0.8850857388312268,0.0008673840240546022,3,0.07854942057034364,1,1,True
340,0,Digit 0,1,Digit 1,max_nhat,RELIABLE,RELIABLE,11.327135708428973,0.9295255136591184,0.000910935003385936,3,0.11380644678069429,1,1,True
341,0,Digit 0,1,Digit 1,max_nhat,RELIABLE,RELIABLE,5.328825166709514,0.9525535866442957,0.0009335025149114097,2,0.15046471378513393,1,1,True
342,0,Digit 0,1,Digit 1,max_nhat,RELIABLE,RELIABLE,53.20280753404066,0.8199491727616397,0.0008035501893064069,3,0.019052866342855523,1,2,False
343,0,Digit 0,1,Digit 1,max_nhat,RELIABLE,RELIABLE,33.46804195737442,0.8168646401246823,0.0008005273473221886,3,0.013577393197576226,1,1,True
344,0,Digit 0,1,Digit 1,max_nhat,RELIABLE,RELIABLE,3.4701576839036337,0.9676632815088888,0.000948310015878711,2,0.15221341444786707,1,1,True
345,0,Digit 0,1,Digit 1,max_nhat,RELIABLE,RELIABLE,34.25791907560607,0.8436373877474956,0.0008267646399925457,2,0.025847873246199526,1,2,False
346,0,Digit 0,1,Digit 1,max_nhat,OOD,OOD,108.26650060593144,0.7909991769375769,0.0007751791933988254,2,0.000731884932489324,1,2,False
347,0,Digit 0,1,Digit 1,max_nhat,RELIABLE,RELIABLE,15.787175809438597,0.9097857947975144,0.0008915900789015641,3,0.11061104506406372,1,1,True
348,0,Digit 0,1,Digit 1,max_nhat,RELIABLE,RELIABLE,11.672907053628206,0.9165791722706993,0.0008982475888252853,3,0.0834706190986586,1,1,True
349,0,Digit 0,1,Digit 1,max_nhat,RELIABLE,RELIABLE,23.63019878432634,0.8677288342470835,0.0008503742575621417,2,0.06098003054888945,1,1,True
350,0,Digit 0,1,Digit 1,max_nhat,RELIABLE,RELIABLE,4.295615919973596,0.9613517538973272,0.0009421247188193807,2,0.14535034272152014,1,1,True
351,0,Digit 0,1,Digit 1,max_nhat,RELIABLE,RELIABLE,15.29262625671885,0.9069318750280584,0.0008887932375274972,2,0.12398143362637559,1,1,True
352,0,Digit 0,1,Digit 1,max_nhat,RELIABLE,RELIABLE,9.775914576878982,0.9241793343116343,0.0009056957476254017,2,0.09221182604043021,1,1,True
353,0,Digit 0,1,Digit 1,max_nhat,RELIABLE,RELIABLE,4.991469766310356,0.9632067155529271,0.0009439425812418686,2,0.1181000478696056,1,1,True
354,0,Digit 0,1,Digit 1,max_nhat,RELIABLE,RELIABLE,8.50920624477729,0.9410069084200289,0.0009221867702516283,3,0.12749930166087586,1,1,True
355,0,Digit 0,1,Digit 1,max_nhat,RELIABLE,RELIABLE,17.860949676333746,0.9082289259639764,0.0008900643474446969,3,0.12669816098801678,1,1,True
356,0,Digit 0,1,Digit 1,max_nhat,RELIABLE,RELIABLE,13.092259779229344,0.9166728644458844,0.0008983394071569666,2,0.10063279823056892,1,1,True
357,0,Digit 0,1,Digit 1,max_nhat,RELIABLE,RELIABLE,8.03286193205161,0.9344102986596209,0.0009157220926864284,2,0.1242171983447029,1,1,True
358,0,Digit 0,1,Digit 1,max_nhat,RELIABLE,RELIABLE,24.346547864131736,0.8780509035436492,0.0008604898854727762,4,0.07434684097878141,1,1,True
359,0,Digit 0,1,Digit 1,max_nhat,RELIABLE,RELIABLE,57.80313453985098,0.8377080565963835,0.0008209538954644558,2,0.005756914703486937,1,2,False
360,0,Digit 0,1,Digit 1,max_nhat,RELIABLE,RELIABLE,11.306748706227868,0.9207845164637771,0.0009023688261345016,2,0.09720147499470866,1,1,True
361,0,Digit 0,1,Digit 1,max_nhat,RELIABLE,RELIABLE,10.279280920361124,0.9207810869278726,0.0009023654651893152,2,0.12747758839485435,1,1,True
362,0,Digit 0,1,Digit 1,max_nhat,RELIABLE,RELIABLE,13.296574584837053,0.9140745015473477,0.0008957930115164008,4,0.09793677888956387,1,1,True
363,0,Digit 0,1,Digit 1,max_nhat,RELIABLE,RELIABLE,19.864468336363704,0.8854718433611495,0.0008677624064939264,3,0.04530170908162201,1,1,True
364,0,Digit 0,1,Digit 1,max_nhat,RELIABLE,RELIABLE,24.645825691239068,0.8702547853957934,0.0008528496896878775,2,0.05634776585147139,1,1,True
365,0,Digit 0,1,Digit 1,max_nhat,RELIABLE,RELIABLE,3.036341249797542,0.9710687213956593,0.000951647346967746,2,0.1262585949570919,1,1,True
366,0,Digit 0,1,Digit 1,max_nhat,RELIABLE,RELIABLE,6.874841710673683,0.9398891061771313,0.0009210913240535886,2,0.10438846393273615,1,1,True
367,0,Digit 0,1,Digit 1,max_nhat,RELIABLE,RELIABLE,20.142769003478747,0.889082378437917,0.0008713007308691587,4,0.08621572970237734,1,1,True
368,0,Digit 0,1,Digit 1,max_nhat,RELIABLE,RELIABLE,19.35494807473883,0.8816609379530019,0.0008640277191939419,2,0.063301483257871,1,1,True
369,0,Digit 0,1,Digit 1,max_nhat,RELIABLE,RELIABLE,9.965398894062934,0.926016050067645,0.0009074957290662921,3,0.1360681916960389,1,1,True
370,0,Digit 0,1,Digit 1,max_nhat,RELIABLE,RELIABLE,12.860120352390624,0.9148525129281652,0.0008965554626696018,3,0.1234442090158403,1,1,True
371,0,Digit 0,1,Digit 1,max_nhat,RELIABLE,RELIABLE,8.107643281386999,0.9339698913035777,0.0009152904934775061,4,0.11875818839363739,1,1,True
372,0,Digit 0,1,Digit 1,max_nhat,RELIABLE,RELIABLE,7.331297888957741,0.93977682775565,0.000920981291200537,2,0.1331524380554503,1,1,True
373,0,Digit 0,1,Digit 1,max_nhat,RELIABLE,RELIABLE,26.225601053690696,0.9014888359797303,0.0008834590592601356,3,0.1106112617358036,1,1,True
374,0,Digit 0,1,Digit 1,max_nhat,RELIABLE,RELIABLE,4.987728894358048,0.9542958526250778,0.0009352099355725762,4,0.1397411146597134,1,1,True
375,0,Digit 0,1,Digit 1,max_nhat,RELIABLE,RELIABLE,11.694396966136477,0.9101847566214875,0.0008919810614890577,4,0.09431607590920921,1,1,True
376,0,Digit 0,1,Digit 1,max_nhat,RELIABLE,RELIABLE,49.95020379411144,0.7952973080689323,0.0007793913619075537,3,0.0006013940966209663,1,2,False
377,0,Digit 0,1,Digit 1,max_nhat,RELIABLE,RELIABLE,51.30379431725737,0.8292690206158857,0.0008126836402035679,2,0.04546856995137494,1,2,False
378,0,Digit 0,1,Digit 1,max_nhat,RELIABLE,RELIABLE,8.022934247621992,0.935356662955069,0.0009166495296959676,3,0.11121802613520004,1,1,True
379,0,Digit 0,1,Digit 1,max_nhat,RELIABLE,RELIABLE,3.7583876892537824,0.9650033317388313,0.0009457032651040547,2,0.13345638851570563,1,1,True
380,0,Digit 0,1,Digit 1,max_nhat,RELIABLE,RELIABLE,9.623328624382502,0.9263199786630584,0.0009077935790897972,2,0.07274303724244724,1,1,True
381,0,Digit 0,1,Digit 1,max_nhat,OOD,OOD,103.18543821751148,0.8153279635331224,0.0007990214042624599,2,0.005293715544926858,1,2,False
382,0,Digit 0,1,Digit 1,max_nhat,RELIABLE,RELIABLE,28.376978207153986,0.8502484143745825,0.0008332434460870909,2,0.055995246365014406,1,1,True
383,0,Digit 0,1,Digit 1,max_nhat,RELIABLE,RELIABLE,18.458479488402578,0.8953423662667387,0.0008774355189414039,2,0.07934810201165066,1,1,True
384,0,Digit 0,1,Digit 1,max_nhat,RELIABLE,RELIABLE,19.046323868355252,0.8960869450438954,0.0008781652061430175,3,0.09850805102842142,1,1,True
385,0,Digit 0,1,Digit 1,max_nhat,RELIABLE,RELIABLE,8.335514398238567,0.932597895369962,0.0009139459374625626,4,0.12369489809625667,1,1,True
386,0,Digit 0,1,Digit 1,max_nhat,RELIABLE,RELIABLE,8.55163798447737,0.9291901479634849,0.0009106063450042152,2,0.09458129576516205,1,1,True
387,0,Digit 0,1,Digit 1,max_nhat,RELIABLE,RELIABLE,35.769035820284714,0.8205226209977025,0.0008041121685777484,2,0.020318332107428616,1,2,False
388,0,Digit 0,1,Digit 1,max_nhat,RELIABLE,RELIABLE,30.473464355071336,0.8655764274578255,0.0008482648989086689,2,0.0604212316122531,1,1,True
389,0,Digit 0,1,Digit 1,max_nhat,RELIABLE,RELIABLE,23.916559623619875,0.8675132346024146,0.0008501629699103662,2,0.05382549245609303,1,1,True
390,0,Digit 0,1,Digit 1,max_nhat,RELIABLE,RELIABLE,20.00637040469532,0.8947529708653911,0.0008768579114480832,2,0.07934759584169726,1,1,True
391,0,Digit 0,1,Digit 1,max_nhat,RELIABLE,RELIABLE,13.166764193907595,0.9196228241153129,0.0009012303676330067,2,0.1055945909413687,1,1,True
392,0,Digit 0,1,Digit 1,max_nhat,RELIABLE,RELIABLE,17.937804563306496,0.8839968282047114,0.0008663168916406171,3,0.09605392012282665,1,1,True
393,0,Digit 0,1,Digit 1,max_nhat,RELIABLE,RELIABLE,3.9356579325376613,0.9632642195523744,0.0009439989351613269,2,0.12470679765304937,1,1,True
394,0,Digit 0,1,Digit 1,max_nhat,RELIABLE,RELIABLE,17.030677545017678,0.9049147578892471,0.0008868164627314622,3,0.10939009644763265,1,1,True
395,0,Digit 0,1,Digit 1,max_nhat,RELIABLE,RELIABLE,8.946920979072262,0.9275413164587425,0.0009089904901295676,4,0.11714098093370195,1,1,True
396,0,Digit 0,1,Digit 1,max_nhat,RELIABLE,RELIABLE,4.840894349110833,0.9565891633709895,0.0009374573801035698,2,0.12814501377534404,1,1,True
397,0,Digit 0,1,Digit 1,max_nhat,RELIABLE,RELIABLE,9.645290459120822,0.9222807227598161,0.0009038351083046198,3,0.13591628404627076,1,1,True
398,0,Digit 0,1,Digit 1,max_nhat,RELIABLE,RELIABLE,9.049137669340572,0.933578976146379,0.0009149073966234514,2,0.1076561102233381,1,1,True
399,0,Digit 0,1,Digit 1,max_nhat,RELIABLE,RELIABLE,29.243216542605,0.8653465539539247,0.0008480396228748462,3,0.048477933304325815,1,1,True
400,0,Digit 0,2,Digit 2,max_nhat,RELIABLE,RELIABLE,18.60865457731758,0.8755103331560071,0.000858000126492887,3,0.026285753730216244,2,2,True
401,0,Digit 0,2,Digit 2,max_nhat,RELIABLE,RELIABLE,27.01209837848049,0.8233628594990035,0.0008068956023090234,3,0.055749914121116184,2,2,True
402,0,Digit 0,1,Digit 1,max_nhat,RELIABLE,RELIABLE,16.948804680896043,0.9062692672459425,0.0008881438819010235,2,0.046859532489447187,1,1,True
403,0,Digit 0,2,Digit 2,max_nhat,RELIABLE,RELIABLE,34.18027277200518,0.8387914177278675,0.0008220155893733101,3,0.028377270757542594,2,2,True
404,0,Digit 0,2,Digit 2,max_nhat,RELIABLE,RELIABLE,39.861668136975034,0.8486416702295663,0.0008316688368249749,3,0.04496611642680559,2,2,True
405,0,Digit 0,2,Digit 2,max_nhat,RELIABLE,RELIABLE,24.603136072933676,0.8391676835089976,0.0008223843298388176,3,0.049940877197934275,2,2,True
406,0,Digit 0,2,Digit 2,max_nhat,RELIABLE,RELIABLE,22.58102470070609,0.8704683369225296,0.000853058970184079,3,0.08522592600852485,2,2,True
407,0,Digit 0,2,Digit 2,max_nhat,RELIABLE,RELIABLE,17.8603289682336,0.8622505664450375,0.0008450055551161368,3,0.07890249978405572,2,2,True
408,0,Digit 0,2,Digit 2,max_nhat,RELIABLE,RELIABLE,39.51017467966479,0.8687580708642648,0.0008513829094469795,3,0.087650658540673,2,2,True
409,0,Digit 0,2,Digit 2,max_nhat,RELIABLE,RELIABLE,56.865269552027335,0.7838117168865114,0.0007681354825487812,3,0.0242147940498193,2,2,True
410,0,Digit 0,2,Digit 2,max_nhat,RELIABLE,RELIABLE,15.240183840182567,0.8779484905712608,0.0008603895207598356,3,0.03163961799562531,2,2,True
411,0,Digit 0,2,Digit 2,max_nhat,RELIABLE,RELIABLE,31.986401283972338,0.8487635189870733,0.0008317882486073317,3,0.011345428901532562,2,2,True
412,0,Digit 0,2,Digit 2,max_nhat,RELIABLE,RELIABLE,27.611849948652495,0.8218552602524802,0.0008054181550474306,1,0.012018167673345737,2,2,True
413,0,Digit 0,2,Digit 2,max_nhat,RELIABLE,RELIABLE,18.307295658231613,0.8618464892473288,0.0008446095594623822,3,0.05682360883907167,2,2,True
414,0,Digit 0,3,Digit 3,max_nhat,RELIABLE,RELIABLE,41.237006420334,0.8445218562741847,0.000827631419148701,2,0.005953075162076216,3,2,False
415,0,Digit 0,2,Digit 2,max_nhat,RELIABLE,RELIABLE,48.96088889545252,0.7659214054291985,0.0007506029773206145,4,0.014234432760995785,2,2,True
416,0,Digit 0,2,Digit 2,max_nhat,RELIABLE,RELIABLE,58.53943681018013,0.7897381065929729,0.0007739433444611134,4,0.03426129193946181,2,2,True
417,0,Digit 0,1,Digit 1,max_nhat,OOD,OOD,118.33839724330568,0.7946570693078495,0.0007787639279216925,2,0.009696381418488942,1,2,False
418,0,Digit 0,2,Digit 2,max_nhat,RELIABLE,RELIABLE,36.36410713871542,0.7985556978378269,0.0007825845838810704,3,0.012377848610165332,2,2,True
419,0,Digit 0,1,Digit 1,max_nhat,OOD,OOD,378.77429385784666,0.8302517576255866,0.0008136467224730748,2,0.01183673865917545,1,2,False
420,0,Digit 0,2,Digit 2,max_nhat,RELIABLE,RELIABLE,27.399069792802845,0.8429174783739654,0.0008260591288064861,3,0.015021563112587066,2,2,True
421,0,Digit 0,2,Digit 2,max_nhat,RELIABLE,RELIABLE,33.94875916707338,0.798956941633899,0.0007829778028012209,0,0.051211223806925554,2,2,True
422,0,Digit 0,2,Digit 2,max_nhat,RELIABLE,RELIABLE,41.2806192203148,0.7962423836248497,0.0007803175359523527,3,0.041759490697535706,2,2,True
423,0,Digit 0,2,Digit 2,max_nhat,RELIABLE,RELIABLE,50.404502507695504,0.8237014381089577,0.0008072274093467785,3,0.028333733507017733,2,2,True
424,0,Digit 0,2,Digit 2,max_nhat,RELIABLE,RELIABLE,21.257248722164448,0.8408762518962924,0.0008240587268583666,3,0.05710126180241093,2,2,True
425,0,Digit 0,2,Digit 2,max_nhat,RELIABLE,RELIABLE,51.6563089310721,0.7523602763402897,0.0007373130708134838,3,0.007731281612060714,2,2,True
426,0,Digit 0,2,Digit 2,max_nhat,RELIABLE,RELIABLE,44.506690086041026,0.7675280529588511,0.000752177491899674,0,0.008533485385077033,2,2,True
427,0,Digit 0,2,Digit 2,max_nhat,RELIABLE,RELIABLE,22.2236186922921,0.8610251979884211,0.0008438046940286527,3,0.09458378510918508,2,2,True
428,0,Digit 0,2,Digit 2,max_nhat,RELIABLE,RELIABLE,28.42476711633291,0.8176632084195427,0.0008013099442511518,3,0.0411900369768845,2,2,True
429,0,Digit 0,2,Digit 2,max_nhat,UNRELIABLE,IDO,80.25895197703632,0.7327555251257382,0.0007181004146232234,0,0.0046325103864037764,2,2,True
430,0,Digit 0,2,Digit 2,max_nhat,RELIABLE,RELIABLE,48.614388389699094,0.8194190936594777,0.0008030307117862882,0,0.005104103477632016,2,2,True
431,0,Digit 0,2,Digit 2,max_nhat,RELIABLE,RELIABLE,17.82226450662618,0.8720666375979602,0.000854625304846001,1,0.0024705651357964653,2,2,True
432,0,Digit 0,2,Digit 2,max_nhat,RELIABLE,RELIABLE,40.62383372207601,0.8252811267560827,0.000808775504220961,3,0.03705419243235797,2,2,True
433,0,Digit 0,2,Digit 2,max_nhat,RELIABLE,RELIABLE,57.72958022794254,0.8392309712489897,0.0008224463518240099,1,0.017102926323146028,2,2,True
434,0,Digit 0,2,Digit 2,max_nhat,RELIABLE,RELIABLE,29.324560791715413,0.8702553474140878,0.0008528502404658061,3,0.06188415327297225,2,2,True
435,0,Digit 0,2,Digit 2,max_nhat,RELIABLE,RELIABLE,24.685761730299745,0.8272452596747526,0.0008107003544812575,3,0.025095943606491478,2,2,True
436,0,Digit 0,3,Digit 3,max_nhat,RELIABLE,RELIABLE,24.444232723886067,0.8587604940603076,0.0008415852841791014,2,0.03211925645296976,3,3,True
437,0,Digit 0,2,Digit 2,max_nhat,RELIABLE,RELIABLE,32.22998870591859,0.8359287734652239,0.0008192101979959194,4,0.042386877465829254,2,2,True
438,0,Digit 0,3,Digit 3,max_nhat,UNRELIABLE,IDO,66.89412906284824,0.8116839616531335,0.0007954502824200708,2,0.003169123272779517,3,2,False
439,0,Digit 0,3,Digit 3,max_nhat,RELIABLE,RELIABLE,27.704112442308578,0.8412350181572967,0.0008244103177941507,4,0.004360052021233796,3,3,True
440,0,Digit 0,2,Digit 2,max_nhat,RELIABLE,RELIABLE,59.33841680647314,0.7970317048868892,0.0007810910707891514,3,0.01577998498586075,2,2,True
441,0,Digit 0,1,Digit 1,max_nhat,OOD,OOD,338.74190357784005,0.827557640071774,0.0008110064872703385,3,0.02356916486418037,1,2,False
442,0,Digit 0,0,Digit 0,max_nhat,UNRELIABLE,IDO,62.95228955427618,0.7711390220902076,0.0007557162416484034,2,0.0008668620445764219,0,2,False
443,0,Digit 0,2,Digit 2,max_nhat,RELIABLE,RELIABLE,31.749946837743963,0.7966047207533163,0.00078067262633825,3,0.049523287905465674,2,2,True
444,0,Digit 0,1,Digit 1,max_nhat,RELIABLE,RELIABLE,51.654381066108684,0.8618942255494026,0.0008446563410384146,2,0.024193465610772624,1,2,False
445,0,Digit 0,2,Digit 2,max_nhat,RELIABLE,RELIABLE,52.6665201248232,0.7867840301616703,0.0007710483495584369,3,0.03875930353110291,2,2,True
446,0,Digit 0,2,Digit 2,max_nhat,RELIABLE,RELIABLE,18.772151523984594,0.8694984941028756,0.0008521085242208181,1,0.050311767660911166,2,2,True
447,0,Digit 0,1,Digit 1,max_nhat,OOD,OOD,214.51309310739,0.8398296279035442,0.0008230330353454733,3,0.010699653683988064,1,3,False
448,0,Digit 0,2,Digit 2,max_nhat,RELIABLE,RELIABLE,25.867446219660266,0.8618637907934501,0.0008446265149775811,3,0.04813687513206566,2,2,True
449,0,Digit 0,2,Digit 2,max_nhat,RELIABLE,RELIABLE,24.00327821896021,0.8436451963605192,0.0008267722924333087,3,0.04959034971291776,2,2,True
450,0,Digit 0,2,Digit 2,max_nhat,RELIABLE,RELIABLE,25.43245907102548,0.8239664501199171,0.0008074871211175188,3,0.04148385519126985,2,2,True
451,0,Digit 0,0,Digit 0,max_nhat,RELIABLE,RELIABLE,20.686160896884886,0.8679163303667901,0.0008505580037594542,2,0.10875972378389465,0,0,True
452,0,Digit 0,2,Digit 2,max_nhat,RELIABLE,RELIABLE,43.152186266316924,0.7874294555902696,0.0007716808664784641,3,0.026338801093912845,2,2,True
453,0,Digit 0,2,Digit 2,max_nhat,RELIABLE,RELIABLE,15.653867573052967,0.8744271497022194,0.0008569386067081749,3,0.0380077321656529,2,2,True
454,0,Digit 0,2,Digit 2,max_nhat,RELIABLE,RELIABLE,13.845821351094777,0.8983000131442146,0.0008803340128813303,3,0.10585248940438519,2,2,True
455,0,Digit 0,2,Digit 2,max_nhat,RELIABLE,RELIABLE,20.522067744014088,0.8636282592578503,0.0008463556940726932,3,0.031018053167245374,2,2,True
456,0,Digit 0,2,Digit 2,max_nhat,RELIABLE,RELIABLE,14.668387874561462,0.8761269501987748,0.0008586044111947994,3,0.032518065674846275,2,2,True
457,0,Digit 0,2,Digit 2,max_nhat,RELIABLE,RELIABLE,28.230325475681145,0.811788668857849,0.0007955528954806919,3,0.06705914617924069,2,2,True
458,0,Digit 0,3,Digit 3,max_nhat,RELIABLE,RELIABLE,27.489867046828603,0.8553702882835045,0.0008382628825178344,2,0.01712249541773192,3,2,False
459,0,Digit 0,3,Digit 3,max_nhat,RELIABLE,RELIABLE,11.13841141276325,0.9058835203347841,0.0008877658499280884,2,0.018091747462932184,3,3,True
460,0,Digit 0,2,Digit 2,max_nhat,RELIABLE,RELIABLE,42.6567231316921,0.8335707608209373,0.0008168993456045185,4,0.052916543151345086,2,2,True
461,0,Digit 0,3,Digit 3,max_nhat,RELIABLE,RELIABLE,25.494809696606627,0.8553244047669634,0.0008382179166716241,4,0.023973884339740903,3,3,True
462,0,Digit 0,2,Digit 2,max_nhat,RELIABLE,RELIABLE,40.70137079858279,0.7894699297784173,0.000773680531182849,0,0.06987633846172214,2,2,True
463,0,Digit 0,0,Digit 0,max_nhat,RELIABLE,RELIABLE,55.36264008841725,0.7889972876049224,0.0007732173418528239,2,0.003687645889675628,0,2,False
464,0,Digit 0,2,Digit 2,max_nhat,RELIABLE,RELIABLE,28.35000327543646,0.8191956495161767,0.0008028117365258532,4,0.030239536782895926,2,2,True
465,0,Digit 0,2,Digit 2,max_nhat,RELIABLE,RELIABLE,59.27850870795741,0.7490780131643365,0.0007340964529010497,3,0.024509237768983172,2,2,True
466,0,Digit 0,0,Digit 0,max_nhat,RELIABLE,RELIABLE,58.12888352467036,0.7911160192619592,0.00077529369887672,2,0.03080164042904987,0,2,False
467,0,Digit 0,2,Digit 2,max_nhat,RELIABLE,RELIABLE,38.248579119338906,0.8242985682370576,0.0008078125968723164,3,0.0006867627929493247,2,2,True
468,0,Digit 0,2,Digit 2,max_nhat,RELIABLE,RELIABLE,25.902009019905787,0.8447292795866923,0.0008278346939949585,3,0.06421875297183033,2,2,True
469,0,Digit 0,2,Digit 2,max_nhat,RELIABLE,RELIABLE,42.04468872178836,0.7851238404043919,0.0007694213635963041,3,0.031131242466183817,2,2,True
470,0,Digit 0,2,Digit 2,max_nhat,RELIABLE,RELIABLE,30.885528269146608,0.8090167701336075,0.0007928364347309354,3,0.011066052512904045,2,2,True
471,0,Digit 0,2,Digit 2,max_nhat,OOD,OOD,142.2441836093053,0.7840516346541437,0.0007683706019610608,4,0.044326172526348295,2,2,True
472,0,Digit 0,3,Digit 3,max_nhat,RELIABLE,RELIABLE,36.68532516186005,0.8161523488134412,0.0007998293018371724,2,0.011606213703938661,3,2,False
473,0,Digit 0,2,Digit 2,max_nhat,RELIABLE,RELIABLE,27.264058749606566,0.8449188876041342,0.0008280205098520516,4,0.06040215581985886,2,2,True
474,0,Digit 0,2,Digit 2,max_nhat,RELIABLE,RELIABLE,14.23896599705347,0.8810864097796203,0.0008634646815840278,3,0.02938079480594047,2,2,True
475,0,Digit 0,2,Digit 2,max_nhat,RELIABLE,RELIABLE,32.492527422847594,0.8110787769464819,0.0007948572014075523,3,0.049975195681606466,2,2,True
476,0,Digit 0,2,Digit 2,max_nhat,RELIABLE,RELIABLE,31.815875691201203,0.8157134411583463,0.0007993991723351793,3,0.01776800884547891,2,2,True
477,0,Digit 0,2,Digit 2,max_nhat,RELIABLE,RELIABLE,20.11647125414647,0.8471591147707519,0.0008302159324753368,3,0.003647372556771944,2,2,True
478,0,Digit 0,2,Digit 2,max_nhat,RELIABLE,RELIABLE,18.08058238508644,0.8653841985844123,0.000848076514612724,1,0.06863330909330889,2,2,True
479,0,Digit 0,2,Digit 2,max_nhat,RELIABLE,RELIABLE,18.490219528306593,0.8544676285682824,0.0008373782759969167,3,0.08174271024048085,2,2,True
480,0,Digit 0,2,Digit 2,max_nhat,RELIABLE,RELIABLE,35.23169426560546,0.8023005816065542,0.000786254569974423,3,0.04264306377264704,2,2,True
481,0,Digit 0,2,Digit 2,max_nhat,RELIABLE,RELIABLE,18.21331195005815,0.8788772261938064,0.0008612996816699302,4,0.058675268186194285,2,2,True
482,0,Digit 0,2,Digit 2,max_nhat,RELIABLE,RELIABLE,47.196704042622535,0.7757050282530058,0.0007601909276879457,4,0.02150279091752072,2,2,True
483,0,Digit 0,3,Digit 3,max_nhat,RELIABLE,RELIABLE,49.8911070330174,0.8131330271567521,0.000796870366613617,2,0.016541486351983492,3,2,False
484,0,Digit 0,2,Digit 2,max_nhat,RELIABLE,RELIABLE,15.049623359564647,0.8796030447360208,0.0008620109838413004,3,0.03875477128989946,2,2,True
485,0,Digit 0,2,Digit 2,max_nhat,UNRELIABLE,IDO,67.17524448625885,0.7653184650096383,0.0007500120957094455,0,0.03648823118772471,2,2,True
486,0,Digit 0,3,Digit 3,max_nhat,RELIABLE,RELIABLE,27.51191597532368,0.8506387645570306,0.00083362598926589,2,0.0089952042886704,3,2,False
487,0,Digit 0,2,Digit 2,max_nhat,RELIABLE,RELIABLE,15.932420400379794,0.8749591940143038,0.0008574600101340176,3,0.060961117338718895,2,2,True
488,0,Digit 0,2,Digit 2,max_nhat,RELIABLE,RELIABLE,27.511375436299595,0.8064358044933816,0.000790307088403514,3,0.046357602935637954,2,2,True
489,0,Digit 0,2,Digit 2,max_nhat,RELIABLE,RELIABLE,39.60495513751872,0.7900409563118195,0.000774240137185583,3,0.06529814832641423,2,2,True
490,0,Digit 0,2,Digit 2,max_nhat,RELIABLE,RELIABLE,20.912900471368015,0.8494548905941947,0.0008324657927823107,3,0.04435463123681416,2,2,True
491,0,Digit 0,2,Digit 2,max_nhat,RELIABLE,RELIABLE,20.43221726187952,0.8498980486343494,0.0008329000876616624,1,0.04934100382275308,2,2,True
492,0,Digit 0,2,Digit 2,max_nhat,RELIABLE,RELIABLE,38.73132153583736,0.8491684108776678,0.0008321850426601144,3,0.04006229461652222,2,2,True
493,0,Digit 0,2,Digit 2,max_nhat,RELIABLE,RELIABLE,29.176605488032322,0.8274076431278343,0.0008108594902652776,3,0.028164618397593433,2,2,True
494,0,Digit 0,0,Digit 0,max_nhat,UNRELIABLE,IDO,76.16810517527851,0.753962414176756,0.0007388831658932209,2,0.012607364104631813,0,2,False
495,0,Digit 0,2,Digit 2,max_nhat,RELIABLE,RELIABLE,15.66500317856741,0.8757222676614964,0.0008582078223082664,4,0.0694485160949786,2,2,True
496,0,Digit 0,2,Digit 2,max_nhat,RELIABLE,RELIABLE,22.033223100890797,0.8448960910677854,0.0008279981692464296,3,0.04546335096645382,2,2,True
497,0,Digit 0,2,Digit 2,max_nhat,RELIABLE,RELIABLE,17.962498413092053,0.8728252852964644,0.0008553687795905352,3,0.0307501950273269,2,2,True
498,0,Digit 0,3,Digit 3,max_nhat,RELIABLE,RELIABLE,46.131526358414085,0.8070218589573482,0.0007908814217782012,2,0.030838822570105062,3,2,False
499,0,Digit 0,2,Digit 2,max_nhat,RELIABLE,RELIABLE,23.14418579233952,0.8618723292793683,0.000844634882693781,3,0.06236254495263993,2,2,True
500,0,Digit 0,4,Digit 4,max_nhat,RELIABLE,RELIABLE,40.26071773713501,0.8335391620164975,0.0008168683787761674,2,0.009665476047978405,4,2,False
501,0,Digit 0,2,Digit 2,max_nhat,RELIABLE,RELIABLE,22.1584817268708,0.8548170319024373,0.0008377206912643885,3,0.07664580384419428,2,2,True
502,0,Digit 0,2,Digit 2,max_nhat,RELIABLE,RELIABLE,11.011367790273484,0.9055237535820165,0.0008874132785103762,3,0.053167535176979364,2,2,True
503,0,Digit 0,2,Digit 2,max_nhat,RELIABLE,RELIABLE,26.840649526285294,0.8394417805332905,0.0008226529449226247,1,0.0565362299145179,2,2,True
504,0,Digit 0,2,Digit 2,max_nhat,RELIABLE,RELIABLE,26.339432008754745,0.8191827800121277,0.0008027991244118852,3,0.016779281554690884,2,2,True
505,0,Digit 0,4,Digit 4,max_nhat,RELIABLE,RELIABLE,46.61821123253602,0.8245362683871202,0.0008080455430193778,1,0.026324756002665595,4,2,False
506,0,Digit 0,2,Digit 2,max_nhat,RELIABLE,RELIABLE,30.4264366990442,0.8144574202331356,0.0007981682718284728,3,0.06979892616588301,2,2,True
507,0,Digit 0,2,Digit 2,max_nhat,RELIABLE,RELIABLE,22.657372273595694,0.8420884695509856,0.0008252467001599659,3,0.03122943766680608,2,2,True
508,0,Digit 0,2,Digit 2,max_nhat,RELIABLE,RELIABLE,18.927354073571752,0.8610244171818856,0.0008438039288382479,1,0.060602369241178344,2,2,True
509,0,Digit 0,2,Digit 2,max_nhat,RELIABLE,RELIABLE,46.38879311874019,0.7975599817748562,0.0007816087821393591,3,0.01728409938179465,2,2,True
510,0,Digit 0,2,Digit 2,max_nhat,RELIABLE,RELIABLE,38.50142533052952,0.8079762399894176,0.0007918167151896292,3,0.0832149806372946,2,2,True
511,0,Digit 0,2,Digit 2,max_nhat,RELIABLE,RELIABLE,29.190569680448125,0.8108318839296221,0.0007946152462510297,1,0.013100649427163269,2,2,True
512,0,Digit 0,1,Digit 1,max_nhat,RELIABLE,RELIABLE,34.31475963006096,0.8908510145328656,0.0008730339942422083,2,0.028170193781951847,1,2,False
513,0,Digit 0,2,Digit 2,max_nhat,RELIABLE,RELIABLE,39.27739005276671,0.8071090053588328,0.0007909668252516561,3,0.06272153750959453,2,2,True
514,0,Digit 0,2,Digit 2,max_nhat,RELIABLE,RELIABLE,31.681168093007972,0.8174643525068827,0.000801115065456745,3,0.008738283335665065,2,2,True
515,0,Digit 0,2,Digit 2,max_nhat,UNRELIABLE,IDO,64.83616153850069,0.7035149402136206,0.0006894446414093482,3,0.016585694036339027,2,2,True
516,0,Digit 0,2,Digit 2,max_nhat,RELIABLE,RELIABLE,29.08192715966904,0.8070854099753788,0.0007909437017758713,3,0.06490007965037492,2,2,True
517,0,Digit 0,2,Digit 2,max_nhat,RELIABLE,RELIABLE,43.59004692225354,0.7910020348899445,0.0007751819941921456,4,0.006208160642982019,2,2,True
518,0,Digit 0,2,Digit 2,max_nhat,RELIABLE,RELIABLE,40.00775543664839,0.8052145492255208,0.0007891102582410104,3,0.03076911860730569,2,2,True
519,0,Digit 0,2,Digit 2,max_nhat,RELIABLE,RELIABLE,45.50017241298204,0.8166922473728592,0.000800358402425402,3,0.013068066146315616,2,2,True
520,0,Digit 0,2,Digit 2,max_nhat,RELIABLE,RELIABLE,28.82497862271475,0.8239969206324207,0.0008075169822197723,0,0.044246622116868584,2,2,True
521,0,Digit 0,2,Digit 2,max_nhat,RELIABLE,RELIABLE,32.30442440842146,0.8056261160249075,0.0007895135937044094,4,0.05718689467458815,2,2,True
522,0,Digit 0,0,Digit 0,max_nhat,RELIABLE,RELIABLE,25.193331369850565,0.8321828376740291,0.0008155391809205485,2,0.05138844067271464,0,0,True
523,0,Digit 0,2,Digit 2,max_nhat,RELIABLE,RELIABLE,21.80273305478934,0.8640099730432559,0.0008467297735823907,3,0.025831168766729307,2,2,True
524,0,Digit 0,0,Digit 0,max_nhat,RELIABLE,RELIABLE,52.04375908393837,0.7931392770905848,0.0007772764915487732,2,0.005552301925863867,0,2,False
525,0,Digit 0,2,Digit 2,max_nhat,RELIABLE,RELIABLE,47.139668328160205,0.7609716263482676,0.0007457521938213022,0,0.03384741499355859,2,2,True
526,0,Digit 0,2,Digit 2,max_nhat,RELIABLE,RELIABLE,38.367784114944534,0.8061615736943131,0.0007900383422204268,3,0.011231688856103483,2,2,True
527,0,Digit 0,2,Digit 2,max_nhat,RELIABLE,RELIABLE,18.481515165617086,0.861851293913365,0.0008446142680350977,0,0.046815572290595076,2,2,True
528,0,Digit 0,4,Digit 4,max_nhat,RELIABLE,RELIABLE,39.328066123065845,0.8313299700889439,0.0008147033706871651,2,0.0060792802618704345,4,2,False
529,0,Digit 0,2,Digit 2,max_nhat,RELIABLE,RELIABLE,58.59496180679297,0.8147460652270717,0.0007984511439225303,1,0.04400019456064741,2,2,True
530,0,Digit 0,2,Digit 2,max_nhat,RELIABLE,RELIABLE,53.45985269302127,0.7914690760979305,0.0007756396945759719,4,0.03957871410033553,2,2,True
531,0,Digit 0,2,Digit 2,max_nhat,RELIABLE,RELIABLE,20.61061524618562,0.8756407883173469,0.000858127972551,3,0.06987021055086473,2,2,True
532,0,Digit 0,4,Digit 4,max_nhat,RELIABLE,RELIABLE,29.241495881966717,0.8559721612764318,0.0008388527180509032,2,0.01484032059682694,4,2,False
533,0,Digit 0,2,Digit 2,max_nhat,RELIABLE,RELIABLE,55.4523270854265,0.7702434471366079,0.0007548385781938757,0,0.033100688100867526,2,2,True
534,0,Digit 0,2,Digit 2,max_nhat,RELIABLE,RELIABLE,39.81712840661802,0.7702077955391672,0.0007548036396283839,1,0.006774282208530935,2,2,True
535,0,Digit 0,2,Digit 2,max_nhat,RELIABLE,RELIABLE,55.50321306915841,0.7712643172075603,0.0007558390308634091,3,0.021150785912158132,2,2,True
536,0,Digit 0,2,Digit 2,max_nhat,RELIABLE,RELIABLE,22.14411557302437,0.8413841799881899,0.0008245564963884261,4,0.05327161540833314,2,2,True
537,0,Digit 0,2,Digit 2,max_nhat,RELIABLE,RELIABLE,20.81975603523864,0.8588724579871899,0.0008416950088274461,3,0.017642604557466912,2,2,True
538,0,Digit 0,2,Digit 2,max_nhat,RELIABLE,RELIABLE,24.938432868265142,0.8205806148556245,0.000804169002558512,3,0.01803488160255229,2,2,True
539,0,Digit 0,2,Digit 2,max_nhat,RELIABLE,RELIABLE,21.325257622829813,0.8496357496298952,0.0008326430346372973,3,0.016172019214124922,2,2,True
540,0,Digit 0,2,Digit 2,max_nhat,RELIABLE,RELIABLE,45.984380874274535,0.7777189813251695,0.0007621646016986661,4,0.015825166996537465,2,2,True
541,0,Digit 0,2,Digit 2,max_nhat,RELIABLE,RELIABLE,43.1225948092642,0.7659764991172414,0.0007506569691348965,3,0.010696198227373999,2,2,True
542,0,Digit 0,2,Digit 2,max_nhat,RELIABLE,RELIABLE,22.598641719508677,0.8468235973252024,0.0008298871253786984,3,0.012325071642993013,2,2,True
543,0,Digit 0,3,Digit 3,max_nhat,RELIABLE,RELIABLE,26.73552098975123,0.8441481043521307,0.000827265142265088,2,0.024252600530799806,3,3,True
544,0,Digit 0,2,Digit 2,max_nhat,RELIABLE,RELIABLE,16.16501639583668,0.8763516660948617,0.0008588246327729645,3,0.07112469447852765,2,2,True
545,0,Digit 0,2,Digit 2,max_nhat,RELIABLE,RELIABLE,26.251991776573256,0.8192166215114698,0.0008028322890812404,3,0.08432969819495717,2,2,True
546,0,Digit 0,2,Digit 2,max_nhat,RELIABLE,RELIABLE,21.060177150539175,0.8600867661338979,0.0008428850308112199,3,0.011469807927119158,2,2,True
547,0,Digit 0,2,Digit 2,max_nhat,RELIABLE,RELIABLE,32.83693729572649,0.8274458877640818,0.0008108969700088001,3,0.03828874967664231,2,2,True
548,0,Digit 0,2,Digit 2,max_nhat,UNRELIABLE,IDO,66.79283138803278,0.7307168882384705,0.0007161025504737011,0,0.044624108111137706,2,2,True
549,0,Digit 0,2,Digit 2,max_nhat,RELIABLE,RELIABLE,26.485629817142133,0.8328671719864186,0.0008162098285466902,3,0.003405519670485746,2,2,True
550,0,Digit 0,2,Digit 2,max_nhat,UNRELIABLE,IDO,74.25860252452179,0.756241459913628,0.0007411166307153554,0,0.03214129947728106,2,2,True
551,0,Digit 0,2,Digit 2,max_nhat,RELIABLE,RELIABLE,20.277940874444926,0.856032623007021,0.0008389119705468805,3,0.02991223485810468,2,2,True
552,0,Digit 0,2,Digit 2,max_nhat,RELIABLE,RELIABLE,14.598482362649634,0.8884651711985122,0.0008706958677745419,3,0.04182633642565714,2,2,True
553,0,Digit 0,2,Digit 2,max_nhat,RELIABLE,RELIABLE,26.301306506461696,0.8423461638176403,0.0008254992405412875,3,0.017308396843449425,2,2,True
554,0,Digit 0,2,Digit 2,max_nhat,RELIABLE,RELIABLE,42.141585336274424,0.7844303484956263,0.0007687417415257137,3,0.02413426920778794,2,2,True
555,0,Digit 0,2,Digit 2,max_nhat,RELIABLE,RELIABLE,43.7034769731299,0.7773417618538305,0.0007617949266167539,3,0.0009624776807749535,2,2,True
556,0,Digit 0,1,Digit 1,max_nhat,OOD,OOD,350.98524209399955,0.814645786900005,0.0007983528711620048,2,0.00019077286124213888,1,2,False
557,0,Digit 0,0,Digit 0,max_nhat,RELIABLE,RELIABLE,25.92777442284497,0.8542798181894924,0.0008371942218257025,2,0.024887619879002676,0,2,False
558,0,Digit 0,2,Digit 2,max_nhat,RELIABLE,RELIABLE,44.16183564189085,0.7968713833760463,0.0007809339557085254,0,0.027880266246423813,2,2,True
559,0,Digit 0,2,Digit 2,max_nhat,RELIABLE,RELIABLE,37.79170201827628,0.8150400810941705,0.000798739279472287,3,0.047457144521787065,2,2,True
560,0,Digit 0,4,Digit 4,max_nhat,RELIABLE,RELIABLE,52.52941811950045,0.8568395737428215,0.000839702782267965,2,0.002960143473246024,4,2,False
561,0,Digit 0,2,Digit 2,max_nhat,RELIABLE,RELIABLE,38.801821859489756,0.7874013490877102,0.000771653322105956,0,0.04446465595203297,2,2,True
562,0,Digit 0,2,Digit 2,max_nhat,RELIABLE,RELIABLE,34.63616862605982,0.812503549620748,0.0007962534786283331,0,0.012059412438193862,2,2,True
563,0,Digit 0,0,Digit 0,max_nhat,RELIABLE,RELIABLE,52.443811050292155,0.7618148980716494,0.0007465786001102163,2,0.013581080952759894,0,0,True
564,0,Digit 0,2,Digit 2,max_nhat,RELIABLE,RELIABLE,37.1795683187623,0.832986891284749,0.000816327153459054,3,0.07903019517728316,2,2,True
565,0,Digit 0,1,Digit 1,max_nhat,OOD,OOD,529.3703157461647,0.8391168495130936,0.0008223345125228318,2,0.012258160779453076,1,2,False
566,0,Digit 0,2,Digit 2,max_nhat,RELIABLE,RELIABLE,24.02703503615506,0.8268067014497109,0.0008102705674207166,3,0.0342959576957117,2,2,True
567,0,Digit 0,2,Digit 2,max_nhat,RELIABLE,RELIABLE,29.441958205346694,0.818605974559158,0.0008022338550679747,3,0.014334173028879627,2,2,True
568,0,Digit 0,2,Digit 2,max_nhat,RELIABLE,RELIABLE,21.916397532220483,0.8541752428519735,0.000837091737994934,3,0.033209229454875255,2,2,True
569,0,Digit 0,2,Digit 2,max_nhat,RELIABLE,RELIABLE,46.77840536552448,0.7607248789297819,0.0007455103813511862,3,0.02918409280434997,2,2,True
570,0,Digit 0,2,Digit 2,max_nhat,RELIABLE,RELIABLE,35.28596462129693,0.8033480925437221,0.0007872811306928476,3,0.08600074612071507,2,2,True
571,0,Digit 0,3,Digit 3,max_nhat,UNRELIABLE,IDO,73.14643651202954,0.8226834237371798,0.0008062297552624362,2,0.009863101919755035,3,2,False
572,0,Digit 0,2,Digit 2,max_nhat,RELIABLE,RELIABLE,22.804705614782293,0.838705916672163,0.0008219317983387197,4,0.025903336144002975,2,2,True
573,0,Digit 0,2,Digit 2,max_nhat,RELIABLE,RELIABLE,14.001247853873073,0.8827169620322375,0.0008650626227915927,3,0.06065116314096142,2,2,True
574,0,Digit 0,2,Digit 2,max_nhat,RELIABLE,RELIABLE,19.63364166486206,0.847536134147717,0.0008305854114647627,4,0.07525590932970971,2,2,True
575,0,Digit 0,2,Digit 2,max_nhat,RELIABLE,RELIABLE,36.37209343646925,0.7843385165798702,0.0007686517462482728,0,0.00693362299470035,2,2,True
576,0,Digit 0,2,Digit 2,max_nhat,RELIABLE,RELIABLE,25.005192038722093,0.8347655608415756,0.0008180702496247441,3,0.024312587034721833,2,2,True
577,0,Digit 0,2,Digit 2,max_nhat,RELIABLE,RELIABLE,22.28052634840604,0.8564922063031727,0.0008393623621771092,3,0.017643784167642784,2,2,True
578,0,Digit 0,2,Digit 2,max_nhat,RELIABLE,RELIABLE,36.65171553338731,0.8320547859143111,0.0008154136901960249,3,0.0582374875572198,2,2,True
579,0,Digit 0,2,Digit 2,max_nhat,RELIABLE,RELIABLE,39.83481341180485,0.7729536973674682,0.0007574946234201189,3,0.01681984873557385,2,2,True
580,0,Digit 0,0,Digit 0,max_nhat,OOD,OOD,128.4461579057302,0.7858815166375066,0.0007701638863047564,2,0.020579678830718873,0,2,False
581,0,Digit 0,2,Digit 2,max_nhat,RELIABLE,RELIABLE,28.442858982109552,0.817226599748738,0.0008008820677537633,3,0.014553232866415522,2,2,True
582,0,Digit 0,2,Digit 2,max_nhat,RELIABLE,RELIABLE,28.802840311621196,0.8135400374464244,0.0007972692366974959,3,0.02056574084122076,2,2,True
583,0,Digit 0,4,Digit 4,max_nhat,RELIABLE,RELIABLE,48.04777554438918,0.8456170519100369,0.0008287047108718361,2,0.006910012431862733,4,2,False
584,0,Digit 0,2,Digit 2,max_nhat,RELIABLE,RELIABLE,33.378278638080225,0.8178778799768084,0.0008015203223772722,3,0.07606683378385226,2,2,True
585,0,Digit 0,3,Digit 3,max_nhat,RELIABLE,RELIABLE,23.32749587399551,0.8457272872806896,0.0008288127415350758,2,0.002091143907811399,3,3,True
586,0,Digit 0,2,Digit 2,max_nhat,RELIABLE,RELIABLE,49.657701354627136,0.799754706101013,0.0007837596119789926,0,0.019450052076470215,2,0,False
587,0,Digit 0,3,Digit 3,max_nhat,RELIABLE,RELIABLE,61.86440266299468,0.8434078679609466,0.0008265397106017276,2,0.0001972271315945351,3,2,False
588,0,Digit 0,2,Digit 2,max_nhat,RELIABLE,RELIABLE,48.99132125403195,0.7640110392482651,0.0007487308184632997,3,0.04186078163793705,2,2,True
589,0,Digit 0,2,Digit 2,max_nhat,RELIABLE,RELIABLE,19.27865585144885,0.8663185802572761,0.0008489922086521306,3,0.01564568163777935,2,2,True
590,0,Digit 0,2,Digit 2,max_nhat,UNRELIABLE,IDO,64.31826010537299,0.8221658217085916,0.0008057225052744198,3,0.05079765409679671,2,2,True
591,0,Digit 0,2,Digit 2,max_nhat,RELIABLE,RELIABLE,20.34882727483975,0.8711023612518578,0.0008536803140268206,3,0.01180251961681067,2,2,True
592,0,Digit 0,2,Digit 2,max_nhat,RELIABLE,RELIABLE,25.03101160641577,0.831264431481084,0.0008146391428514622,4,0.0015992335760447451,2,2,True
593,0,Digit 0,2,Digit 2,max_nhat,RELIABLE,RELIABLE,15.076460364487094,0.8907722071342842,0.0008729567629915984,3,0.01798392269685334,2,2,True
594,0,Digit 0,2,Digit 2,max_nhat,RELIABLE,RELIABLE,16.669518568193553,0.8692647440657363,0.0008518794491844215,3,0.07135493445655383,2,2,True
595,0,Digit 0,2,Digit 2,max_nhat,RELIABLE,RELIABLE,28.695219956644344,0.8486352361066857,0.000831662531384552,1,0.07162516494760796,2,2,True
596,0,Digit 0,2,Digit 2,max_nhat,RELIABLE,RELIABLE,37.218018405464996,0.8679438460810357,0.000850584969159415,3,0.08080672564437097,2,2,True
597,0,Digit 0,3,Digit 3,max_nhat,RELIABLE,RELIABLE,52.94654868350885,0.8091772296155906,0.0007929936850232787,2,0.015520689456274384,3,2,False
598,0,Digit 0,2,Digit 2,max_nhat,RELIABLE,RELIABLE,41.66235048108086,0.7726614040345546,0.0007572081759538636,3,0.020581305809345696,2,2,True
599,0,Digit 0,2,Digit 2,max_nhat,RELIABLE,RELIABLE,46.32098763520558,0.8222066943041623,0.000805762560418079,3,0.0798304205061664,2,2,True
600,0,Digit 0,3,Digit 3,max_nhat,UNRELIABLE,IDO,84.15565724379566,0.6892169735305566,0.0006754326340599454,2,0.03957331109377227,3,3,True
601,0,Digit 0,3,Digit 3,max_nhat,RELIABLE,RELIABLE,37.522964649584296,0.8331149229682118,0.0008164526245088475,1,0.041691712808222814,3,3,True
602,0,Digit 0,3,Digit 3,max_nhat,UNRELIABLE,IDO,82.18379668028072,0.755238447263212,0.0007401336783179477,2,0.016977146505449903,3,3,True
603,0,Digit 0,1,Digit 1,max_nhat,UNRELIABLE,IDO,81.96843886782548,0.8472985726571867,0.000830352601204043,3,0.012646421423499254,1,3,False
604,0,Digit 0,3,Digit 3,max_nhat,UNRELIABLE,IDO,79.87676830021744,0.7483546147949751,0.0007333875224990756,0,0.0016588014650990024,3,4,False
605,0,Digit 0,3,Digit 3,max_nhat,RELIABLE,RELIABLE,29.459605478567596,0.8296013643787741,0.0008130093370911985,2,0.02216142662264242,3,3,True
606,0,Digit 0,3,Digit 3,max_nhat,RELIABLE,RELIABLE,11.67188991401608,0.900313707295167,0.0008823074331492637,2,0.04223222780417479,3,3,True
607,0,Digit 0,2,Digit 2,max_nhat,RELIABLE,RELIABLE,28.629505348741898,0.8235573658199737,0.0008070862185035742,3,0.006963772681262026,2,2,True
608,0,Digit 0,1,Digit 1,max_nhat,UNRELIABLE,IDO,78.27719553196515,0.8644034281318879,0.0008471153595692501,3,0.0022816823440129363,1,3,False
609,0,Digit 0,3,Digit 3,max_nhat,RELIABLE,RELIABLE,47.348494507629155,0.8080510906125407,0.0007918900688002899,2,0.04043801243195522,3,3,True
610,0,Digit 0,3,Digit 3,max_nhat,RELIABLE,RELIABLE,9.571867437240671,0.917859459544314,0.0008995022703534277,2,0.07491461959483281,3,3,True
611,0,Digit 0,3,Digit 3,max_nhat,RELIABLE,RELIABLE,34.162955170952856,0.8016753421232559,0.0007856418352807907,0,0.06118277990241883,3,3,True
612,0,Digit 0,3,Digit 3,max_nhat,RELIABLE,RELIABLE,36.242433862488376,0.8150184122180159,0.0007987180439736555,0,0.05245068414886889,3,3,True
613,0,Digit 0,3,Digit 3,max_nhat,RELIABLE,RELIABLE,26.22432774337117,0.8447818539437527,0.0008278862168648776,2,0.03156566370196878,3,3,True
614,0,Digit 0,3,Digit 3,max_nhat,RELIABLE,RELIABLE,14.273457724267857,0.884376703527737,0.0008666891694571823,1,0.037449552059852786,3,3,True
615,0,Digit 0,3,Digit 3,max_nhat,RELIABLE,RELIABLE,38.654831406792,0.8420056056254772,0.0008251654935129677,2,0.06297934973918462,3,3,True
616,0,Digit 0,3,Digit 3,max_nhat,RELIABLE,RELIABLE,11.367260388996016,0.9080622549081434,0.0008899010098099805,2,0.0630747721066246,3,3,True
617,0,Digit 0,3,Digit 3,max_nhat,OOD,OOD,98.4022104846079,0.7047599449502603,0.0006906647460512551,4,0.04329521858295604,3,3,True
618,0,Digit 0,3,Digit 3,max_nhat,RELIABLE,RELIABLE,22.94914010334512,0.859549000218707,0.0008423580202143328,4,0.015049974761832341,3,3,True
619,0,Digit 0,0,Digit 0,max_nhat,OOD,OOD,95.35733016594149,0.7313432209758882,0.0007167163565563704,3,0.024092096170538868,0,2,False
620,0,Digit 0,3,Digit 3,max_nhat,RELIABLE,RELIABLE,38.14708996310657,0.8280400903121264,0.0008114792885058839,2,0.033126664315817234,3,2,False
621,0,Digit 0,1,Digit 1,max_nhat,OOD,OOD,292.61139476676567,0.8106641824583974,0.0007944508988092294,3,0.01968784671557866,1,3,False
622,0,Digit 0,3,Digit 3,max_nhat,RELIABLE,RELIABLE,33.31546651374958,0.8252480760180613,0.0008087431144977001,2,0.08959662633151455,3,3,True
623,0,Digit 0,3,Digit 3,max_nhat,RELIABLE,RELIABLE,11.173089151111714,0.904105329408083,0.0008860232228199213,2,0.039070410010585865,3,3,True
624,0,Digit 0,3,Digit 3,max_nhat,RELIABLE,RELIABLE,27.904182680827297,0.8403602489433649,0.0008235530439644976,0,0.032232978025617975,3,3,True
625,0,Digit 0,3,Digit 3,max_nhat,RELIABLE,RELIABLE,29.779081970665402,0.82558561154319,0.0008090738993123262,1,0.0040027770536040785,3,2,False
626,0,Digit 0,3,Digit 3,max_nhat,RELIABLE,RELIABLE,15.388216148700758,0.8802513460198474,0.0008626463190994504,2,0.022758248490313604,3,3,True
627,0,Digit 0,3,Digit 3,max_nhat,RELIABLE,RELIABLE,21.510647420936394,0.8572973476950762,0.0008401514007411746,2,0.0946877320413203,3,3,True
628,0,Digit 0,3,Digit 3,max_nhat,RELIABLE,RELIABLE,20.266592991359317,0.8557684586687427,0.0008386530894953679,0,0.0673094818196508,3,3,True
629,0,Digit 0,3,Digit 3,max_nhat,RELIABLE,RELIABLE,10.674841264130352,0.9049017034419435,0.0008868036693731046,2,0.06438639883565178,3,3,True
630,0,Digit 0,3,Digit 3,max_nhat,RELIABLE,RELIABLE,16.977702478749755,0.8783756438369618,0.0008608081309602225,2,0.05069153701186946,3,3,True
631,0,Digit 0,3,Digit 3,max_nhat,RELIABLE,RELIABLE,45.827073665968975,0.771038147990575,0.0007556173850307634,2,0.07411489926787385,3,3,True
632,0,Digit 0,3,Digit 3,max_nhat,RELIABLE,RELIABLE,43.51496276327943,0.8108362439651674,0.000794619519085864,2,0.0040753976541798576,3,2,False
633,0,Digit 0,3,Digit 3,max_nhat,RELIABLE,RELIABLE,23.097189588386737,0.832639763089236,0.0008159869678274513,0,0.06705533212823156,3,3,True
634,0,Digit 0,3,Digit 3,max_nhat,RELIABLE,RELIABLE,17.952209353586674,0.862865928289991,0.0008456086097241911,2,0.055240901793844,3,3,True
635,0,Digit 0,3,Digit 3,max_nhat,RELIABLE,RELIABLE,12.901190330823303,0.8934957011328165,0.0008756257871101601,2,0.07533513465247854,3,3,True
636,0,Digit 0,3,Digit 3,max_nhat,RELIABLE,RELIABLE,18.87649718251604,0.8625001166146342,0.0008452501142823415,2,0.09892189805536789,3,3,True
637,0,Digit 0,3,Digit 3,max_nhat,RELIABLE,RELIABLE,16.468953634539012,0.8751318177190978,0.0008576291813647157,2,0.06782886747678984,3,3,True
638,0,Digit 0,3,Digit 3,max_nhat,RELIABLE,RELIABLE,28.337366969036776,0.8585305972972512,0.0008413599853513062,0,0.022788049223542495,3,0,False
639,0,Digit 0,3,Digit 3,max_nhat,RELIABLE,RELIABLE,17.27211324453684,0.8826511689204525,0.0008649981455420434,2,0.07617959165383248,3,3,True
640,0,Digit 0,3,Digit 3,max_nhat,RELIABLE,RELIABLE,28.56015228515737,0.8396823675525814,0.0008228887202015297,2,0.023568586945937664,3,3,True
641,0,Digit 0,3,Digit 3,max_nhat,RELIABLE,RELIABLE,12.93498285556754,0.8963188899350327,0.000878392512136332,2,0.1136792203840602,3,3,True
642,0,Digit 0,3,Digit 3,max_nhat,RELIABLE,RELIABLE,49.00700706249431,0.8228688733753757,0.0008064114959078682,2,0.03628949641623114,3,3,True
643,0,Digit 0,3,Digit 3,max_nhat,RELIABLE,RELIABLE,23.050478988378373,0.8362433504451517,0.0008195184834362487,1,0.018014369107478667,3,3,True
644,0,Digit 0,3,Digit 3,max_nhat,RELIABLE,RELIABLE,16.65529549609178,0.8751156760958485,0.0008576133625739315,2,0.10030895791666972,3,3,True
645,0,Digit 0,3,Digit 3,max_nhat,RELIABLE,RELIABLE,13.046301413173262,0.8956178526224706,0.0008777054955700212,2,0.07077840110598943,3,3,True
646,0,Digit 0,3,Digit 3,max_nhat,RELIABLE,RELIABLE,11.140955415915208,0.908983936720895,0.000890804257986477,2,0.0757330975530196,3,3,True
647,0,Digit 0,3,Digit 3,max_nhat,RELIABLE,RELIABLE,15.445908405114558,0.8808896635334534,0.0008632718702627843,2,0.06797516265915593,3,3,True
648,0,Digit 0,3,Digit 3,max_nhat,RELIABLE,RELIABLE,30.49636763944983,0.8094928668176481,0.0007933030094812951,2,0.03247095353991469,3,3,True
649,0,Digit 0,3,Digit 3,max_nhat,RELIABLE,RELIABLE,15.038148019515628,0.8833997997157784,0.0008657318037214629,1,0.055109768750042365,3,3,True
650,0,Digit 0,3,Digit 3,max_nhat,RELIABLE,RELIABLE,17.357095047164627,0.8730662925719462,0.0008556049667205073,2,0.07839034616399054,3,3,True
651,0,Digit 0,3,Digit 3,max_nhat,RELIABLE,RELIABLE,19.335970113441874,0.8684568349158945,0.0008510876982175766,0,0.1147340493274317,3,3,True
652,0,Digit 0,3,Digit 3,max_nhat,RELIABLE,RELIABLE,29.208490853461445,0.8775178087387571,0.000859967452563982,2,0.0561717501776976,3,3,True
653,0,Digit 0,2,Digit 2,max_nhat,UNRELIABLE,IDO,83.09500278212387,0.6954967728707981,0.0006815868374133821,3,0.009622692574007274,2,2,True
654,0,Digit 0,3,Digit 3,max_nhat,RELIABLE,RELIABLE,10.815000253221601,0.9061002019917318,0.0008879781979518972,2,0.05699377553770113,3,3,True
655,0,Digit 0,3,Digit 3,max_nhat,RELIABLE,RELIABLE,16.14259969017988,0.8860584741052744,0.0008683373046231689,2,0.065638835263785,3,3,True
656,0,Digit 0,3,Digit 3,max_nhat,RELIABLE,RELIABLE,14.400911445948466,0.8780093334825737,0.0008604491468129222,2,0.07544388944890013,3,3,True
657,0,Digit 0,3,Digit 3,max_nhat,RELIABLE,RELIABLE,30.18065703930621,0.8137913163389929,0.000797515490012213,2,0.03704931440136883,3,3,True
658,0,Digit 0,3,Digit 3,max_nhat,UNRELIABLE,IDO,76.73771090639788,0.8092915104579088,0.0007931056802487506,2,0.011536825370278225,3,3,True
659,0,Digit 0,3,Digit 3,max_nhat,RELIABLE,RELIABLE,24.36079040086814,0.8469638102341165,0.0008300245340294341,2,0.08123698637896193,3,3,True
660,0,Digit 0,3,Digit 3,max_nhat,RELIABLE,RELIABLE,25.595323302945225,0.8377955672490857,0.0008210396559041039,2,0.06783013280588446,3,3,True
661,0,Digit 0,3,Digit 3,max_nhat,RELIABLE,RELIABLE,34.50696849960515,0.8523453216051129,0.0008352984151730106,2,0.036830844762465564,3,3,True
662,0,Digit 0,1,Digit 1,max_nhat,OOD,OOD,234.1363715609989,0.8032606907420586,0.0007871954769272174,3,0.02037993725207543,1,3,False
663,0,Digit 0,3,Digit 3,max_nhat,RELIABLE,RELIABLE,44.450811049344026,0.8088190966063067,0.0007926427146741805,2,0.04718489394226655,3,3,True
664,0,Digit 0,3,Digit 3,max_nhat,UNRELIABLE,IDO,63.588211035565635,0.8168942895880059,0.0008005564037962458,0,0.045259187885362984,3,3,True
665,0,Digit 0,3,Digit 3,max_nhat,RELIABLE,RELIABLE,12.924826163238333,0.8979328693330256,0.0008799742119463651,2,0.06323337501952686,3,3,True
666,0,Digit 0,3,Digit 3,max_nhat,RELIABLE,RELIABLE,29.49413660315772,0.8177867159251113,0.000801430981606609,1,0.006075700921181815,3,3,True
667,0,Digit 0,3,Digit 3,max_nhat,RELIABLE,RELIABLE,44.57201726800706,0.8218894216687476,0.0008054516332353726,2,0.044574898323383794,3,3,True
668,0,Digit 0,3,Digit 3,max_nhat,RELIABLE,RELIABLE,12.905048917668754,0.8979646663416518,0.0008800053730148188,2,0.0827162130153194,3,3,True
669,0,Digit 0,3,Digit 3,max_nhat,RELIABLE,RELIABLE,21.486314729714536,0.8489775261260459,0.000831997975603525,2,0.0469501031817241,3,3,True
670,0,Digit 0,3,Digit 3,max_nhat,RELIABLE,RELIABLE,12.509390199985239,0.8930930766231601,0.0008752312150906969,2,0.07137184676454345,3,3,True
671,0,Digit 0,3,Digit 3,max_nhat,OOD,OOD,168.96140706132618,0.7589717626156899,0.0007437923273633761,2,0.013885952098490972,3,2,False
672,0,Digit 0,2,Digit 2,max_nhat,RELIABLE,RELIABLE,60.744372570606984,0.8126321353327588,0.0007963794926261036,3,0.014791806502301164,2,2,True
673,0,Digit 0,3,Digit 3,max_nhat,RELIABLE,RELIABLE,29.478985347850653,0.82243281796436,0.0008059841616050728,1,0.01921074272492962,3,3,True
674,0,Digit 0,3,Digit 3,max_nhat,RELIABLE,RELIABLE,14.893127738432007,0.8867329859492672,0.0008689983262302818,2,0.09480837882102011,3,3,True
675,0,Digit 0,3,Digit 3,max_nhat,RELIABLE,RELIABLE,28.59093913912763,0.8345955545148686,0.0008179036434245711,2,0.0438702510319553,3,3,True
676,0,Digit 0,3,Digit 3,max_nhat,RELIABLE,RELIABLE,8.201823118011529,0.9302485077580871,0.0009116435376029254,2,0.07581601467798793,3,3,True
677,0,Digit 0,4,Digit 4,max_nhat,UNRELIABLE,IDO,77.72161298269464,0.8230641554996009,0.0008066028723896088,3,0.002536629291109649,4,4,True
678,0,Digit 0,1,Digit 1,max_nhat,OOD,OOD,186.34329506105243,0.8638619154561485,0.0008465846771470256,3,0.04761315763387919,1,3,False
679,0,Digit 0,3,Digit 3,max_nhat,RELIABLE,RELIABLE,8.966058422034022,0.9180158956355637,0.0008996555777228525,2,0.07096131703185071,3,3,True
680,0,Digit 0,3,Digit 3,max_nhat,RELIABLE,RELIABLE,24.616061274475694,0.8556118698277997,0.0008384996324312437,2,0.007561898343347417,3,3,True
681,0,Digit 0,3,Digit 3,max_nhat,RELIABLE,RELIABLE,21.821455623789536,0.8515719801132084,0.0008345405405109442,2,0.041428364865951806,3,3,True
682,0,Digit 0,3,Digit 3,max_nhat,RELIABLE,RELIABLE,13.975389656795095,0.8917937083705497,0.0008739578342031387,2,0.07350440289371352,3,3,True
683,0,Digit 0,3,Digit 3,max_nhat,RELIABLE,RELIABLE,12.491827031724872,0.8996676898818535,0.0008816743360842164,2,0.09153876535759775,3,3,True
684,0,Digit 0,1,Digit 1,max_nhat,RELIABLE,RELIABLE,41.299860446493454,0.889522647938934,0.0008717321949801552,3,0.030188761098817185,1,3,False
685,0,Digit 0,3,Digit 3,max_nhat,RELIABLE,RELIABLE,12.04817351883437,0.9049021445545846,0.0008868041016634929,2,0.07845924331820908,3,3,True
686,0,Digit 0,2,Digit 2,max_nhat,RELIABLE,RELIABLE,55.28793244201519,0.793179575130666,0.0007773159836280526,3,0.00529632470833219,2,3,False
687,0,Digit 0,3,Digit 3,max_nhat,RELIABLE,RELIABLE,15.360581154006367,0.8896266943137816,0.000871834160427506,2,0.07383662762418974,3,3,True
688,0,Digit 0,3,Digit 3,max_nhat,UNRELIABLE,IDO,84.26174351450797,0.6526007860339843,0.0006395487703133046,2,0.008047838472169055,3,3,True
689,0,Digit 0,3,Digit 3,max_nhat,RELIABLE,RELIABLE,11.387274306813115,0.9047487448292739,0.0008866537699326884,2,0.07557644932650642,3,3,True
690,0,Digit 0,3,Digit 3,max_nhat,RELIABLE,RELIABLE,47.51220607262041,0.7940434604212951,0.0007781625912128692,2,0.028652881166445376,3,2,False
691,0,Digit 0,1,Digit 1,max_nhat,UNRELIABLE,IDO,74.11204989328441,0.8463992850701882,0.0008294712993687845,3,0.015566123839306223,1,3,False
692,0,Digit 0,1,Digit 1,max_nhat,OOD,OOD,103.86476651820401,0.8592539763000534,0.0008420688967740523,3,0.004346432127768862,1,3,False
693,0,Digit 0,3,Digit 3,max_nhat,RELIABLE,RELIABLE,19.671374229527345,0.859273721725377,0.0008420882472908694,2,0.07215982918333863,3,3,True
694,0,Digit 0,3,Digit 3,max_nhat,RELIABLE,RELIABLE,28.74867256867971,0.8428886761348486,0.0008260309026121516,2,0.0022087122119412994,3,2,False
695,0,Digit 0,2,Digit 2,max_nhat,RELIABLE,RELIABLE,46.358994291721835,0.7986155925583073,0.0007826432807071411,3,0.006682568424149715,2,2,True
696,0,Digit 0,3,Digit 3,max_nhat,RELIABLE,RELIABLE,16.77908677307479,0.8758010565377817,0.000858285035407026,2,0.08833343002078253,3,3,True
697,0,Digit 0,3,Digit 3,max_nhat,RELIABLE,RELIABLE,23.03793572619685,0.8452034960849679,0.0008282994261632685,2,0.039167585780927716,3,3,True
698,0,Digit 0,3,Digit 3,max_nhat,RELIABLE,RELIABLE,30.566250406167832,0.8118186753742935,0.0007955823018668077,2,0.03714683252159623,3,3,True
699,0,Digit 0,3,Digit 3,max_nhat,RELIABLE,RELIABLE,55.761607445252295,0.7933673685438538,0.0007775000211729768,0,0.007114662446150888,3,3,True
700,0,Digit 0,3,Digit 3,max_nhat,RELIABLE,RELIABLE,17.264835602482282,0.8734533450944854,0.0008559842781925957,1,0.025204863885304518,3,3,True
701,0,Digit 0,3,Digit 3,max_nhat,RELIABLE,RELIABLE,12.733137552588634,0.8925434853577653,0.00087469261565061,2,0.04028060206676387,3,3,True
702,0,Digit 0,1,Digit 1,max_nhat,UNRELIABLE,IDO,65.71085515741125,0.8431205835736669,0.0008262581719021936,3,0.018218223380153664,1,3,False
703,0,Digit 0,3,Digit 3,max_nhat,RELIABLE,RELIABLE,10.580022967144131,0.9108610477698511,0.0008926438268144541,2,0.04555150985845502,3,3,True
704,0,Digit 0,3,Digit 3,max_nhat,RELIABLE,RELIABLE,13.128618037383017,0.8922812925436483,0.0008744356666927753,1,0.04203000294141912,3,3,True
705,0,Digit 0,3,Digit 3,max_nhat,RELIABLE,RELIABLE,12.925454183331372,0.8939361300664032,0.0008760574074650751,2,0.07150870614722882,3,3,True
706,0,Digit 0,3,Digit 3,max_nhat,RELIABLE,RELIABLE,26.273165696463913,0.833203251689458,0.0008165391866556688,2,0.04723952981953994,3,3,True
707,0,Digit 0,3,Digit 3,max_nhat,RELIABLE,RELIABLE,19.712384781584582,0.8626056423174971,0.0008453535294711471,2,0.06438458373110367,3,3,True
708,0,Digit 0,2,Digit 2,max_nhat,RELIABLE,RELIABLE,32.66201813682709,0.8241181634519168,0.0008076358001828784,3,0.0062921446424992755,2,3,False
709,0,Digit 0,4,Digit 4,max_nhat,RELIABLE,RELIABLE,28.353570649959984,0.82502128693207,0.0008085208611934286,3,0.03794183354978298,4,4,True
710,0,Digit 0,3,Digit 3,max_nhat,RELIABLE,RELIABLE,25.86965462986162,0.8651604813527743,0.0008478572717257188,2,0.031907434632087006,3,3,True
711,0,Digit 0,3,Digit 3,max_nhat,RELIABLE,RELIABLE,21.34729535873658,0.8605550947670823,0.0008433439928717405,2,0.03833530745220681,3,3,True
712,0,Digit 0,3,Digit 3,max_nhat,RELIABLE,RELIABLE,19.84696520785039,0.8644475403183173,0.000847158589511951,2,0.05238649960195685,3,3,True
713,0,Digit 0,3,Digit 3,max_nhat,RELIABLE,RELIABLE,13.81607300260873,0.8882318251157112,0.0008704671886133969,2,0.0647657570920207,3,3,True
714,0,Digit 0,3,Digit 3,max_nhat,RELIABLE,RELIABLE,46.39500966405694,0.826738801573663,0.0008102040255421897,2,0.04781152440058156,3,2,False
715,0,Digit 0,3,Digit 3,max_nhat,RELIABLE,RELIABLE,18.990685161257172,0.8947035060833582,0.0008768094359616911,2,0.04227738042548623,3,3,True
716,0,Digit 0,3,Digit 3,max_nhat,RELIABLE,RELIABLE,40.09097988805743,0.81440404796209,0.0007981159670028482,2,0.026281132758285475,3,3,True
717,0,Digit 0,2,Digit 2,max_nhat,RELIABLE,RELIABLE,32.84837874868835,0.8048154169082451,0.0007887191085700801,3,5.669416803666394e-05,2,2,True
718,0,Digit 0,4,Digit 4,max_nhat,OOD,OOD,123.37463894799647,0.8157810408867897,0.0007994654200690539,3,0.03513349050419823,4,3,False
719,0,Digit 0,3,Digit 3,max_nhat,RELIABLE,RELIABLE,27.004865118663012,0.8573302570739118,0.0008401836519324335,2,0.08278831631630479,3,3,True
720,0,Digit 0,3,Digit 3,max_nhat,RELIABLE,RELIABLE,29.202678035257442,0.820987789164194,0.0008045680333809101,2,0.045027561301505314,3,3,True
721,0,Digit 0,3,Digit 3,max_nhat,RELIABLE,RELIABLE,8.18508911812851,0.9280238738962847,0.000909463396418359,2,0.08098295966607383,3,3,True
722,0,Digit 0,3,Digit 3,max_nhat,RELIABLE,RELIABLE,19.014300957098065,0.8691852199009946,0.0008518015155029747,0,0.05961297640758856,3,3,True
723,0,Digit 0,3,Digit 3,max_nhat,RELIABLE,RELIABLE,23.07132232126582,0.8735012410279155,0.0008560312162073572,2,0.0293347741515968,3,3,True
724,0,Digit 0,2,Digit 2,max_nhat,OOD,OOD,98.89164045382601,0.7104311219829469,0.000696222499543288,3,0.00626368222362117,2,3,False
725,0,Digit 0,3,Digit 3,max_nhat,RELIABLE,RELIABLE,17.343516691686247,0.861984172477872,0.0008447444890283145,2,0.06175282046473063,3,3,True
726,0,Digit 0,3,Digit 3,max_nhat,RELIABLE,RELIABLE,19.803829318444023,0.8787904436003355,0.0008612146347283288,2,0.027761835581923577,3,3,True
727,0,Digit 0,3,Digit 3,max_nhat,UNRELIABLE,IDO,80.92595446641351,0.7011245279257189,0.0006871020373672045,4,0.03680776967128596,3,3,True
728,0,Digit 0,3,Digit 3,max_nhat,RELIABLE,RELIABLE,12.880333980598829,0.9013139453420145,0.0008832876664351742,2,0.09737098931632893,3,3,True
729,0,Digit 0,3,Digit 3,max_nhat,RELIABLE,RELIABLE,29.671732150848207,0.8529874489184543,0.0008359276999400853,2,0.09249844098315052,3,3,True
730,0,Digit 0,3,Digit 3,max_nhat,RELIABLE,RELIABLE,42.64959411484455,0.7863628660393636,0.0007706356087185763,0,0.010199342190291283,3,3,True
731,0,Digit 0,3,Digit 3,max_nhat,RELIABLE,RELIABLE,14.264986639358497,0.8871918237239026,0.0008694479872494245,2,0.04546657771607321,3,3,True
732,0,Digit 0,2,Digit 2,max_nhat,RELIABLE,RELIABLE,24.523790503535476,0.8347909225829849,0.0008180951041313252,3,0.010990448723515622,2,2,True
733,0,Digit 0,3,Digit 3,max_nhat,RELIABLE,RELIABLE,11.944129908664035,0.9033087037967598,0.0008852425297208246,2,0.043198443505781614,3,3,True
734,0,Digit 0,3,Digit 3,max_nhat,RELIABLE,RELIABLE,46.314296368494816,0.7975050966736634,0.0007815549947401901,2,0.04034344074265939,3,3,True
735,0,Digit 0,3,Digit 3,max_nhat,RELIABLE,RELIABLE,49.26831516164051,0.7905614676989863,0.0007747502383450065,2,0.030254183998491113,3,2,False
736,0,Digit 0,3,Digit 3,max_nhat,RELIABLE,RELIABLE,11.862237988046523,0.8969623767141117,0.0008790231291798294,2,0.09592335147672049,3,3,True
737,0,Digit 0,3,Digit 3,max_nhat,RELIABLE,RELIABLE,30.19081925124134,0.8258059512781224,0.0008092898322525599,1,0.009225176510597954,3,2,False
738,0,Digit 0,3,Digit 3,max_nhat,RELIABLE,RELIABLE,26.699776268344603,0.8148564701088579,0.0007985593407066807,0,0.06760804593884995,3,3,True
739,0,Digit 0,3,Digit 3,max_nhat,RELIABLE,RELIABLE,19.743271404010837,0.8585760678287679,0.0008414045464721926,1,0.03759302299325662,3,3,True
740,0,Digit 0,2,Digit 2,max_nhat,RELIABLE,RELIABLE,43.34790335834415,0.8119071828371849,0.0007956690391804412,3,0.009087038149922178,2,3,False
741,0,Digit 0,3,Digit 3,max_nhat,RELIABLE,RELIABLE,18.181666866353986,0.8669872087470152,0.0008496474645720749,1,0.0223408368802821,3,3,True
742,0,Digit 0,1,Digit 1,max_nhat,RELIABLE,RELIABLE,28.052824263825425,0.8664148785978454,0.0008490865810258884,4,0.032468901525115945,1,1,True
743,0,Digit 0,3,Digit 3,max_nhat,RELIABLE,RELIABLE,29.391400089990178,0.8320362301068055,0.0008153955055046694,2,0.0434881888354236,3,3,True
744,0,Digit 0,3,Digit 3,max_nhat,RELIABLE,RELIABLE,40.99276067431256,0.8212231472625405,0.0008047986843172897,2,0.01141368133658549,3,2,False
745,0,Digit 0,3,Digit 3,max_nhat,RELIABLE,RELIABLE,15.039268444784488,0.880597088723052,0.0008629851469485909,2,0.07858032881253907,3,3,True
746,0,Digit 0,3,Digit 3,max_nhat,RELIABLE,RELIABLE,23.734480958354993,0.8816765362766433,0.0008640430055511105,2,0.042998645575032524,3,3,True
747,0,Digit 0,3,Digit 3,max_nhat,RELIABLE,RELIABLE,20.603209456492863,0.8474376556473203,0.0008304889025343738,0,0.061905776820234126,3,3,True
748,0,Digit 0,2,Digit 2,max_nhat,RELIABLE,RELIABLE,33.901339976236926,0.8287205503268953,0.0008121461393203574,3,0.006054525321829929,2,3,False
749,0,Digit 0,3,Digit 3,max_nhat,RELIABLE,RELIABLE,45.27265516574067,0.8249111545115771,0.0008084129314213455,2,0.01660506949777285,3,2,False
750,0,Digit 0,3,Digit 3,max_nhat,RELIABLE,RELIABLE,37.72718782549121,0.7783813301182043,0.0007628137035158402,2,0.05939971433066227,3,3,True
751,0,Digit 0,3,Digit 3,max_nhat,RELIABLE,RELIABLE,11.775965549215433,0.9097102485173052,0.0008915160435469591,2,0.07791076726830404,3,3,True
752,0,Digit 0,3,Digit 3,max_nhat,RELIABLE,RELIABLE,28.157274950707155,0.8505131455488439,0.000833502882637867,2,0.05835312759434175,3,3,True
753,0,Digit 0,3,Digit 3,max_nhat,RELIABLE,RELIABLE,31.16204220381004,0.8335342881157694,0.0008168636023534539,2,0.029323596886614567,3,3,True
754,0,Digit 0,3,Digit 3,max_nhat,RELIABLE,RELIABLE,17.723284559027967,0.8701308327576089,0.0008527282161024568,4,0.014474577272193034,3,3,True
755,0,Digit 0,3,Digit 3,max_nhat,RELIABLE,RELIABLE,34.52218837131751,0.7867880861906206,0.0007710523244668082,2,0.007591467902528293,3,3,True
756,0,Digit 0,3,Digit 3,max_nhat,RELIABLE,RELIABLE,15.069649002636611,0.8779949654783539,0.0008604350661687868,2,0.03752567838951615,3,3,True
757,0,Digit 0,3,Digit 3,max_nhat,RELIABLE,RELIABLE,20.561895396660084,0.8682900175289944,0.0008509242171784144,2,0.08140241444946827,3,3,True
758,0,Digit 0,3,Digit 3,max_nhat,RELIABLE,RELIABLE,18.529072436724384,0.8763336158526153,0.000858806943535563,2,0.05184530749141547,3,3,True
759,0,Digit 0,3,Digit 3,max_nhat,RELIABLE,RELIABLE,12.734531759691045,0.8920116563622937,0.0008741714232350478,2,0.05815068537957668,3,3,True
760,0,Digit 0,3,Digit 3,max_nhat,RELIABLE,RELIABLE,34.641742707788225,0.8210191430581028,0.0008045987601969407,2,0.03978130187732143,3,3,True
761,0,Digit 0,3,Digit 3,max_nhat,RELIABLE,RELIABLE,20.239157988638045,0.8563373298382264,0.0008392105832414618,2,0.07175517561293765,3,3,True
762,0,Digit 0,3,Digit 3,max_nhat,RELIABLE,RELIABLE,20.858457465872366,0.8512682170621032,0.0008342428527208612,2,0.039291538544392046,3,3,True
763,0,Digit 0,3,Digit 3,max_nhat,RELIABLE,RELIABLE,47.097779368530055,0.8364836589171946,0.0008197539857388507,2,0.05310237381546712,3,3,True
764,0,Digit 0,4,Digit 4,max_nhat,RELIABLE,RELIABLE,53.674019292595474,0.8222479848048151,0.0008058030251087187,2,0.016908522284469485,4,2,False
765,0,Digit 0,3,Digit 3,max_nhat,RELIABLE,RELIABLE,28.105860362892784,0.866209778836321,0.0008488855832595946,0,0.03674353720654333,3,3,True
766,0,Digit 0,3,Digit 3,max_nhat,RELIABLE,RELIABLE,28.172584248023725,0.8253879908189028,0.0008088802310025247,2,0.022348189774309857,3,3,True
767,0,Digit 0,3,Digit 3,max_nhat,RELIABLE,RELIABLE,14.078661329009796,0.8901351877164433,0.0008723324839621144,1,0.01080150816923009,3,3,True
768,0,Digit 0,3,Digit 3,max_nhat,RELIABLE,RELIABLE,28.900087191543143,0.8280842593459948,0.000811522574159075,4,0.026324178418210664,3,3,True
769,0,Digit 0,3,Digit 3,max_nhat,RELIABLE,RELIABLE,19.475780983044256,0.859438099595039,0.0008422493376031383,0,0.09475025717828667,3,3,True
770,0,Digit 0,3,Digit 3,max_nhat,RELIABLE,RELIABLE,16.71315787105783,0.8789046242510608,0.0008613265317660396,2,0.03832616085207552,3,3,True
771,0,Digit 0,3,Digit 3,max_nhat,RELIABLE,RELIABLE,16.58937521347742,0.8854449607558156,0.0008677360615406992,1,0.05458736824616528,3,3,True
772,0,Digit 0,3,Digit 3,max_nhat,RELIABLE,RELIABLE,39.21375698790138,0.7900892278911454,0.0007742874433333225,2,0.0066743649779800185,3,2,False
773,0,Digit 0,3,Digit 3,max_nhat,RELIABLE,RELIABLE,20.13736195890579,0.8604880731015626,0.0008432783116395314,2,0.08814475711891268,3,3,True
774,0,Digit 0,3,Digit 3,max_nhat,RELIABLE,RELIABLE,17.7437001594652,0.8712109956408843,0.0008537867757280666,0,0.04850940145451432,3,3,True
775,0,Digit 0,3,Digit 3,max_nhat,RELIABLE,RELIABLE,28.93008769056238,0.8267642990765585,0.0008102290130950272,4,0.008288833993341793,3,3,True
776,0,Digit 0,3,Digit 3,max_nhat,RELIABLE,RELIABLE,17.08320992991428,0.8684879471882491,0.000851118188244484,2,0.05059397696875456,3,3,True
777,0,Digit 0,3,Digit 3,max_nhat,RELIABLE,RELIABLE,9.083666614527415,0.9226980655249664,0.000904244104214467,2,0.05590313841762973,3,3,True
778,0,Digit 0,3,Digit 3,max_nhat,RELIABLE,RELIABLE,23.358736041300183,0.8503637962549557,0.0008333565203298566,2,0.07525682476271489,3,3,True
779,0,Digit 0,3,Digit 3,max_nhat,RELIABLE,RELIABLE,44.22209446843736,0.7979124072404249,0.0007819541590956164,0,0.04811607003125373,3,3,True
780,0,Digit 0,3,Digit 3,max_nhat,RELIABLE,RELIABLE,49.20205625618514,0.7925196264100977,0.0007766692338818956,2,0.021092484940793854,3,3,True
781,0,Digit 0,2,Digit 2,max_nhat,RELIABLE,RELIABLE,55.26041395317052,0.8381583156966383,0.0008213951493827056,3,0.005994674298872349,2,3,False
782,0,Digit 0,1,Digit 1,max_nhat,OOD,OOD,534.5358160964558,0.7723553116600302,0.0007569082054268297,4,0.0013120348964634765,1,3,False
783,0,Digit 0,3,Digit 3,max_nhat,RELIABLE,RELIABLE,24.704712239600134,0.8414213294264439,0.000824592902837915,2,0.06849726738494111,3,3,True
784,0,Digit 0,3,Digit 3,max_nhat,RELIABLE,RELIABLE,18.593690275411745,0.8655207847236546,0.0008482103690291814,0,0.04020662675803932,3,3,True
785,0,Digit 0,3,Digit 3,max_nhat,RELIABLE,RELIABLE,11.643799623584181,0.8976886824258579,0.0008797349087773407,2,0.04368425125221098,3,3,True
786,0,Digit 0,3,Digit 3,max_nhat,RELIABLE,RELIABLE,23.825152138025736,0.8365652058088245,0.000819833901692648,4,0.050100881001294395,3,3,True
787,0,Digit 0,3,Digit 3,max_nhat,RELIABLE,RELIABLE,13.244535361552307,0.8888162338668367,0.0008710399091894999,2,0.056261205531081715,3,3,True
788,0,Digit 0,3,Digit 3,max_nhat,RELIABLE,RELIABLE,13.774869752976397,0.9060087903977386,0.0008878886145897838,2,0.047014542325092834,3,3,True
789,0,Digit 0,3,Digit 3,max_nhat,RELIABLE,RELIABLE,19.101449721699023,0.8606515084783541,0.0008434384783087871,0,0.044240904915206936,3,3,True
790,0,Digit 0,3,Digit 3,max_nhat,UNRELIABLE,IDO,71.07705498714255,0.7913846064248927,0.0007755569142963948,2,0.06612233434024573,3,3,True
791,0,Digit 0,3,Digit 3,max_nhat,RELIABLE,RELIABLE,20.43735717130349,0.8609026491257961,0.0008436845961432801,0,0.05351799394172441,3,3,True
792,0,Digit 0,3,Digit 3,max_nhat,RELIABLE,RELIABLE,19.367278286250297,0.8669996565977774,0.0008496596634658219,4,0.02172686691214898,3,3,True
793,0,Digit 0,3,Digit 3,max_nhat,RELIABLE,RELIABLE,23.44882097513774,0.8453051331834924,0.0008283990305198225,0,0.05139037947664005,3,3,True
794,0,Digit 0,3,Digit 3,max_nhat,RELIABLE,RELIABLE,12.279940125407173,0.894331097307151,0.0008764444753610079,2,0.08521406915269492,3,3,True
795,0,Digit 0,3,Digit 3,max_nhat,RELIABLE,RELIABLE,27.371952640263505,0.815040337197335,0.0007987395304533883,0,0.0313122411998743,3,3,True
796,0,Digit 0,3,Digit 3,max_nhat,RELIABLE,RELIABLE,9.765136155648644,0.9144076515167181,0.0008961194984863837,2,0.04688473146248595,3,3,True
797,0,Digit 0,3,Digit 3,max_nhat,RELIABLE,RELIABLE,17.18105595549455,0.8726774981214439,0.000855223948159015,2,0.03397509808837762,3,3,True
798,0,Digit 0,3,Digit 3,max_nhat,RELIABLE,RELIABLE,33.277282505013574,0.7948712397393287,0.0007789738149445422,0,0.028921576889062273,3,3,True
799,0,Digit 0,2,Digit 2,max_nhat,RELIABLE,RELIABLE,42.777449317952055,0.7909277379918537,0.0007751091832320165,3,0.0001205629544701603,2,3,False
800,0,Digit 0,4,Digit 4,max_nhat,RELIABLE,RELIABLE,9.737781799802523,0.9137396076918765,0.0008954648155380389,3,0.08320150517184632,4,4,True
801,0,Digit 0,3,Digit 3,max_nhat,UNRELIABLE,IDO,74.05988323894374,0.7956985317759379,0.0007797845611404191,2,0.0003963862192037926,3,4,False
802,0,Digit 0,4,Digit 4,max_nhat,RELIABLE,RELIABLE,13.485268805031048,0.8905964286626121,0.0008727845000893598,2,0.09139981145640286,4,4,True
803,0,Digit 0,2,Digit 2,max_nhat,UNRELIABLE,IDO,77.14612580365088,0.7397884595499156,0.0007249926903589172,4,0.01310035154860656,2,2,True
804,0,Digit 0,0,Digit 0,max_nhat,RELIABLE,RELIABLE,48.143564516693964,0.7979487161759717,0.0007819897418524523,2,0.0334604230101575,0,2,False
805,0,Digit 0,4,Digit 4,max_nhat,RELIABLE,RELIABLE,32.73839100082219,0.8212709550631232,0.0008048455359618607,2,0.03755021637931011,4,4,True
806,0,Digit 0,4,Digit 4,max_nhat,UNRELIABLE,IDO,82.4297834180854,0.7794902853779344,0.0007639004796703757,2,0.00848284037561442,4,2,False
807,0,Digit 0,4,Digit 4,max_nhat,RELIABLE,RELIABLE,18.14322970799642,0.8784806332290409,0.0008609110205644601,2,0.09499335250704066,4,4,True
808,0,Digit 0,4,Digit 4,max_nhat,RELIABLE,RELIABLE,12.264047310219546,0.913129455814717,0.0008948668666984227,2,0.13064410109994695,4,4,True
809,0,Digit 0,1,Digit 1,max_nhat,UNRELIABLE,IDO,71.01908818044599,0.8725916389541623,0.0008551398061750789,2,0.028621837936093186,1,4,False
810,0,Digit 0,4,Digit 4,max_nhat,RELIABLE,RELIABLE,12.78662257213593,0.8973760238005175,0.0008794285033245071,3,0.06366524476875168,4,4,True
811,0,Digit 0,4,Digit 4,max_nhat,RELIABLE,RELIABLE,38.693094740608686,0.8443009314347706,0.0008274149128060751,2,0.006207327587532507,4,2,False
812,0,Digit 0,4,Digit 4,max_nhat,RELIABLE,RELIABLE,19.62453827125649,0.887252654910359,0.0008695076018121518,2,0.024877065940356213,4,2,False
813,0,Digit 0,4,Digit 4,max_nhat,UNRELIABLE,IDO,64.89238844595353,0.7469973900840937,0.0007320574422824118,2,0.011322488564585287,4,4,True
814,0,Digit 0,1,Digit 1,max_nhat,OOD,OOD,134.79676579224414,0.8942223319280093,0.0008763378852894491,4,0.02224347100990831,1,4,False
815,0,Digit 0,4,Digit 4,max_nhat,RELIABLE,RELIABLE,36.73732216214068,0.8031765591129653,0.0007871130279307059,2,0.020738914152645838,4,4,True
816,0,Digit 0,4,Digit 4,max_nhat,RELIABLE,RELIABLE,13.93743806133278,0.9005086668487181,0.0008824984935117437,2,0.1086152484495958,4,4,True
817,0,Digit 0,4,Digit 4,max_nhat,RELIABLE,RELIABLE,28.208342911452633,0.8440723122882268,0.0008271908660424622,3,0.04064899457997606,4,4,True
818,0,Digit 0,4,Digit 4,max_nhat,RELIABLE,RELIABLE,17.167307061446415,0.8682834554721174,0.000850917786362675,3,0.046234967138626626,4,4,True
819,0,Digit 0,4,Digit 4,max_nhat,RELIABLE,RELIABLE,18.55305273687424,0.8593965635797395,0.0008422086323081446,1,0.003886079554552224,4,4,True
820,0,Digit 0,4,Digit 4,max_nhat,RELIABLE,RELIABLE,45.58748937074319,0.8068565990072,0.000790719467027056,2,0.04419461384131251,4,4,True
821,0,Digit 0,4,Digit 4,max_nhat,OOD,OOD,93.30668356611385,0.7547548494993165,0.0007396597525093302,2,0.017506805105548695,4,2,False
822,0,Digit 0,4,Digit 4,max_nhat,RELIABLE,RELIABLE,17.235646960643166,0.8846853596770133,0.0008669916524834731,2,0.07576499943900261,4,4,True
823,0,Digit 0,4,Digit 4,max_nhat,RELIABLE,RELIABLE,38.41776059640109,0.8124751707478209,0.0007962256673328645,2,0.02766123726687031,4,4,True
824,0,Digit 0,2,Digit 2,max_nhat,UNRELIABLE,IDO,73.97734735151907,0.7274174599598652,0.0007128691107606679,0,0.019477626610295395,2,2,True
825,0,Digit 0,4,Digit 4,max_nhat,RELIABLE,RELIABLE,15.363793791688005,0.8795872250204407,0.0008619954805200319,3,0.07357848774363263,4,4,True
826,0,Digit 0,4,Digit 4,max_nhat,RELIABLE,RELIABLE,23.115003689694625,0.8391847450137592,0.000822401050113484,3,0.05243645375135464,4,4,True
827,0,Digit 0,4,Digit 4,max_nhat,RELIABLE,RELIABLE,19.241008747612312,0.866464428756295,0.0008491351401811691,2,0.04161135577693431,4,4,True
828,0,Digit 0,2,Digit 2,max_nhat,RELIABLE,RELIABLE,23.597399657989417,0.8442683687090641,0.0008273830013348827,1,0.0028121901084627865,2,4,False
829,0,Digit 0,4,Digit 4,max_nhat,RELIABLE,RELIABLE,14.108825096626354,0.8919624554739342,0.0008741232063644555,2,0.034746089400688907,4,4,True
830,0,Digit 0,4,Digit 4,max_nhat,RELIABLE,RELIABLE,18.23907466372503,0.8632520173813918,0.000845986977033764,1,0.0005011500805395253,4,4,True
831,0,Digit 0,2,Digit 2,max_nhat,RELIABLE,RELIABLE,24.644724155373115,0.8631783520433077,0.0008459147850024415,4,0.03260974424409668,2,2,True
832,0,Digit 0,4,Digit 4,max_nhat,RELIABLE,RELIABLE,16.535743252773983,0.8691712326259836,0.000851787807973464,1,0.044146346069936504,4,4,True
833,0,Digit 0,1,Digit 1,max_nhat,OOD,OOD,111.2440385999302,0.8515090431015465,0.0008344788622395155,4,0.0026975809682475704,1,2,False
834,0,Digit 0,4,Digit 4,max_nhat,RELIABLE,RELIABLE,11.49735681083276,0.9092631939173864,0.0008910779300390386,3,0.08069922086366932,4,4,True
835,0,Digit 0,4,Digit 4,max_nhat,RELIABLE,RELIABLE,14.108352222076267,0.8834092689376009,0.0008657410835588488,1,0.049131371840958615,4,4,True
836,0,Digit 0,4,Digit 4,max_nhat,RELIABLE,RELIABLE,11.475499488859725,0.9058555154160084,0.0008877384051076882,1,0.11531257807518369,4,4,True
837,0,Digit 0,4,Digit 4,max_nhat,RELIABLE,RELIABLE,23.386580826577095,0.8406349507034403,0.0008238222516893715,0,0.05804435737652558,4,4,True
838,0,Digit 0,4,Digit 4,max_nhat,RELIABLE,RELIABLE,11.497086228305733,0.9025003022976787,0.0008844502962517251,1,0.05941190289262155,4,4,True
839,0,Digit 0,4,Digit 4,max_nhat,RELIABLE,RELIABLE,17.72186779324833,0.874515663523919,0.0008570253502534406,2,0.038188365567438765,4,4,True
840,0,Digit 0,4,Digit 4,max_nhat,OOD,OOD,166.00755711594059,0.7978602948372454,0.0007819030889405005,2,0.028305781392883533,4,4,True
841,0,Digit 0,4,Digit 4,max_nhat,RELIABLE,RELIABLE,22.510366148901362,0.8537625711384911,0.0008366873197157213,2,0.03626410912464939,4,4,True
842,0,Digit 0,1,Digit 1,max_nhat,OOD,OOD,242.1840412993148,0.8351149324831637,0.0008184126338335004,4,0.004692021227143961,1,4,False
843,0,Digit 0,4,Digit 4,max_nhat,RELIABLE,RELIABLE,32.66801022647514,0.8183614277976996,0.0008019941992417456,2,0.01998690550045945,4,4,True
844,0,Digit 0,4,Digit 4,max_nhat,RELIABLE,RELIABLE,29.18036499594608,0.8224377750669387,0.0008059890195655999,2,0.05103244820516217,4,4,True
845,0,Digit 0,4,Digit 4,max_nhat,RELIABLE,RELIABLE,29.22394502495552,0.8196599488648006,0.0008032667498875046,2,0.0660118071753415,4,4,True
846,0,Digit 0,4,Digit 4,max_nhat,RELIABLE,RELIABLE,13.26380272282097,0.8917735072746236,0.000873938037129131,2,0.06994409807107438,4,4,True
847,0,Digit 0,4,Digit 4,max_nhat,RELIABLE,RELIABLE,46.32099284635824,0.8074710436470893,0.0007913216227741476,3,0.06249659297175869,4,4,True
848,0,Digit 0,4,Digit 4,max_nhat,RELIABLE,RELIABLE,17.008473864185667,0.8769483080407028,0.0008594093418798887,2,0.017937579202897513,4,4,True
849,0,Digit 0,4,Digit 4,max_nhat,RELIABLE,RELIABLE,14.998192535136136,0.8873321313223046,0.0008695854886958585,3,0.057649814948139144,4,4,True
850,0,Digit 0,4,Digit 4,max_nhat,RELIABLE,RELIABLE,61.10140380254646,0.8053265375510315,0.0007892200068000108,2,0.04944282809103018,4,4,True
851,0,Digit 0,4,Digit 4,max_nhat,RELIABLE,RELIABLE,56.739287938882306,0.8247870634284823,0.0008082913221599126,2,0.05277330475433539,4,4,True
852,0,Digit 0,4,Digit 4,max_nhat,RELIABLE,RELIABLE,25.17915166366177,0.8702052053022358,0.000852801101196191,2,0.04511142273345414,4,4,True
853,0,Digit 0,4,Digit 4,max_nhat,RELIABLE,RELIABLE,12.384138930680333,0.8958164056940194,0.0008779000775801391,2,0.06141915098987538,4,4,True
854,0,Digit 0,4,Digit 4,max_nhat,RELIABLE,RELIABLE,35.261136909746384,0.8176388174826744,0.0008012860411330209,2,0.018711645006700417,4,4,True
855,0,Digit 0,4,Digit 4,max_nhat,RELIABLE,RELIABLE,57.82298798853572,0.7827671171596954,0.0007671117748165014,2,0.038120006249524496,4,4,True
856,0,Digit 0,4,Digit 4,max_nhat,RELIABLE,RELIABLE,10.206386882228845,0.9144710755999731,0.0008961816540879736,3,0.08083804260456906,4,4,True
857,0,Digit 0,1,Digit 1,max_nhat,OOD,OOD,121.21963472998883,0.8699902566881587,0.0008525904515543954,4,0.005384979543688551,1,4,False
858,0,Digit 0,4,Digit 4,max_nhat,RELIABLE,RELIABLE,21.136021302847816,0.848225971846712,0.0008312614524097777,2,0.022470323883949428,4,4,True
859,0,Digit 0,4,Digit 4,max_nhat,RELIABLE,RELIABLE,18.943010039577743,0.865642766173899,0.000848329910850421,3,0.06830267578720528,4,4,True
860,0,Digit 0,4,Digit 4,max_nhat,RELIABLE,RELIABLE,16.24137347014727,0.9000824831423702,0.0008820808334795227,2,0.04256181166868389,4,4,True
861,0,Digit 0,4,Digit 4,max_nhat,UNRELIABLE,IDO,71.62655361823096,0.7724903839398548,0.0007570405762610577,2,0.010589913655211891,4,4,True
862,0,Digit 0,4,Digit 4,max_nhat,RELIABLE,RELIABLE,42.46493473281456,0.8006427049647461,0.0007846298508654511,2,0.027390859414833213,4,4,True
863,0,Digit 0,4,Digit 4,max_nhat,RELIABLE,RELIABLE,13.259938200720791,0.8933276902440397,0.0008754611364391588,2,0.05977243344246641,4,4,True
864,0,Digit 0,4,Digit 4,max_nhat,RELIABLE,RELIABLE,6.847402465416693,0.9375045470031401,0.0009187544560630773,2,0.10968380602941064,4,4,True
865,0,Digit 0,4,Digit 4,max_nhat,RELIABLE,RELIABLE,33.165228135182424,0.8331881772351939,0.00081652441369049,3,0.04415560247358152,4,4,True
866,0,Digit 0,4,Digit 4,max_nhat,RELIABLE,RELIABLE,8.346035341167216,0.9242174550998268,0.0009057331059978302,1,0.09058954745227354,4,4,True
867,0,Digit 0,4,Digit 4,max_nhat,RELIABLE,RELIABLE,34.90520290033483,0.810225479657223,0.0007940209700640785,0,0.060211156835860535,4,4,True
868,0,Digit 0,4,Digit 4,max_nhat,RELIABLE,RELIABLE,16.726440427885343,0.8743851016583737,0.0008568973996252062,2,0.041974030091367354,4,4,True
869,0,Digit 0,4,Digit 4,max_nhat,RELIABLE,RELIABLE,16.46899665672303,0.8765535769102583,0.0008590225053720531,3,0.059538377997324754,4,4,True
870,0,Digit 0,1,Digit 1,max_nhat,OOD,OOD,196.19774864422436,0.8565881290857318,0.0008394563665040172,4,0.022731637325898335,1,4,False
871,0,Digit 0,4,Digit 4,max_nhat,RELIABLE,RELIABLE,16.808383276093107,0.883919768666892,0.0008662413732935542,2,0.06613596602044647,4,4,True
872,0,Digit 0,4,Digit 4,max_nhat,RELIABLE,RELIABLE,24.57495280295483,0.8523383453100725,0.000835291578403871,1,0.0790955906903259,4,4,True
873,0,Digit 0,2,Digit 2,max_nhat,UNRELIABLE,IDO,71.48664156982777,0.7553061176741697,0.0007401999953206862,4,0.02742202489973844,2,4,False
874,0,Digit 0,1,Digit 1,max_nhat,OOD,OOD,637.7744311569307,0.7987130617371293,0.0007827388005023867,4,0.008802671989425193,1,4,False
875,0,Digit 0,4,Digit 4,max_nhat,RELIABLE,RELIABLE,14.731484762233976,0.8852961320141942,0.0008675902093739103,2,0.04947400028652593,4,4,True
876,0,Digit 0,4,Digit 4,max_nhat,RELIABLE,RELIABLE,13.35285188183239,0.8928563448155443,0.0008749992179192334,1,0.04683376117014049,4,4,True
877,0,Digit 0,4,Digit 4,max_nhat,RELIABLE,RELIABLE,12.543538055691105,0.9066445408165432,0.0008885116500002123,2,0.07301361535615969,4,4,True
878,0,Digit 0,4,Digit 4,max_nhat,RELIABLE,RELIABLE,17.2190478569278,0.869153313961485,0.0008517702476822553,2,0.10215566994378011,4,4,True
879,0,Digit 0,4,Digit 4,max_nhat,RELIABLE,RELIABLE,16.50383357591995,0.880364626353419,0.0008627573338263507,2,0.0628577000836471,4,4,True
880,0,Digit 0,2,Digit 2,max_nhat,RELIABLE,RELIABLE,22.49682064114256,0.8468654783644489,0.0008299281687971599,4,0.005033320414965292,2,2,True
881,0,Digit 0,4,Digit 4,max_nhat,RELIABLE,RELIABLE,23.94868316750971,0.8465119154216667,0.0008295816771132333,2,0.030233668795828006,4,4,True
882,0,Digit 0,4,Digit 4,max_nhat,RELIABLE,RELIABLE,15.851744682882211,0.8782030532596922,0.0008606389921944983,2,0.03728350168391947,4,4,True
883,0,Digit 0,4,Digit 4,max_nhat,RELIABLE,RELIABLE,17.58943635812555,0.8664093761148953,0.0008490811885925974,3,0.05761845546515443,4,4,True
884,0,Digit 0,4,Digit 4,max_nhat,UNRELIABLE,IDO,64.56757205997344,0.7879344599711033,0.0007721757707716812,2,0.041320701225054046,4,2,False
885,0,Digit 0,2,Digit 2,max_nhat,RELIABLE,RELIABLE,26.19881047243595,0.8180651947622534,0.0008017038908670083,1,0.04513305898442044,2,2,True
886,0,Digit 0,1,Digit 1,max_nhat,OOD,OOD,126.05729043171237,0.8744198197215158,0.0008569314233270855,4,0.002820195984584384,1,4,False
887,0,Digit 0,4,Digit 4,max_nhat,RELIABLE,RELIABLE,52.83254695599636,0.7761044565454781,0.0007605823674145685,2,0.04176561643344534,4,4,True
888,0,Digit 0,4,Digit 4,max_nhat,RELIABLE,RELIABLE,17.636547189194488,0.8645140997741426,0.0008472238177786597,1,0.0006336951702984317,4,4,True
889,0,Digit 0,4,Digit 4,max_nhat,RELIABLE,RELIABLE,20.35230508144543,0.8681039669098961,0.0008507418875716981,2,0.03161455673642655,4,4,True
890,0,Digit 0,4,Digit 4,max_nhat,RELIABLE,RELIABLE,24.658656656515124,0.8385445944807356,0.0008217737025911208,2,0.08669107566154688,4,4,True
891,0,Digit 0,2,Digit 2,max_nhat,RELIABLE,RELIABLE,61.42445145243061,0.7773608101255841,0.0007618135939230724,4,0.019374895389670077,2,4,False
892,0,Digit 0,4,Digit 4,max_nhat,RELIABLE,RELIABLE,16.182054067963293,0.8893804931984444,0.0008715928833344755,2,0.09420713745694209,4,4,True
893,0,Digit 0,1,Digit 1,max_nhat,UNRELIABLE,IDO,67.90312575102388,0.9073241305135835,0.0008891776479033118,4,0.06753977074388284,1,4,False
894,0,Digit 0,4,Digit 4,max_nhat,RELIABLE,RELIABLE,24.17125572149937,0.8446588496118467,0.0008277656726196097,1,0.012697332729124877,4,4,True
895,0,Digit 0,4,Digit 4,max_nhat,RELIABLE,RELIABLE,21.697717459164323,0.8589005755721558,0.0008417225640607127,1,0.02220339511289804,4,4,True
896,0,Digit 0,4,Digit 4,max_nhat,RELIABLE,RELIABLE,45.99563286796355,0.8252202290956279,0.0008087158245137153,2,0.048703112106266655,4,4,True
897,0,Digit 0,4,Digit 4,max_nhat,RELIABLE,RELIABLE,23.63313193498002,0.838030467426218,0.0008212698580776937,3,0.018191858299745123,4,4,True
898,0,Digit 0,2,Digit 2,max_nhat,UNRELIABLE,IDO,65.28636729060125,0.7866717741038878,0.00077093833862181,4,0.0014763545154936608,2,4,False
899,0,Digit 0,4,Digit 4,max_nhat,RELIABLE,RELIABLE,11.410440917790385,0.9053267612497565,0.0008872202260247614,3,0.06862278196142557,4,4,True
900,0,Digit 0,4,Digit 4,max_nhat,RELIABLE,RELIABLE,13.31234930111355,0.8922204521585595,0.0008743760431153883,2,0.07374135964222295,4,4,True
901,0,Digit 0,4,Digit 4,max_nhat,RELIABLE,RELIABLE,13.368194937455542,0.8872545438482354,0.0008695094529712707,1,0.039465623745386536,4,4,True
902,0,Digit 0,4,Digit 4,max_nhat,RELIABLE,RELIABLE,12.12189804969674,0.897577478123855,0.0008796259285613779,3,0.10724891545078008,4,4,True
903,0,Digit 0,4,Digit 4,max_nhat,RELIABLE,RELIABLE,12.420326297021614,0.8951333684953569,0.0008772307011254497,2,0.05344128304425999,4,4,True
904,0,Digit 0,4,Digit 4,max_nhat,RELIABLE,RELIABLE,15.768075788915885,0.8879247455993465,0.0008701662506873596,0,0.09306134685314882,4,4,True
905,0,Digit 0,4,Digit 4,max_nhat,RELIABLE,RELIABLE,33.619499188083,0.8416853016794407,0.0008248515956458518,2,0.011117203786660479,4,2,False
906,0,Digit 0,4,Digit 4,max_nhat,RELIABLE,RELIABLE,7.95510869465387,0.9277954502984997,0.0009092395412925297,2,0.07180912121630156,4,4,True
907,0,Digit 0,4,Digit 4,max_nhat,RELIABLE,RELIABLE,24.746966398512807,0.8640800146369771,0.0008467984143442376,2,0.0793304618467009,4,4,True
908,0,Digit 0,4,Digit 4,max_nhat,RELIABLE,RELIABLE,18.57642789012293,0.8694795683394249,0.0008520899769726364,2,0.04535655524616511,4,4,True
909,0,Digit 0,4,Digit 4,max_nhat,RELIABLE,RELIABLE,26.396383795465304,0.8622763983509132,0.0008450308703838949,2,0.0650792146053425,4,4,True
910,0,Digit 0,4,Digit 4,max_nhat,RELIABLE,RELIABLE,16.2917300169802,0.8808636262059735,0.000863246353681854,2,0.11205056768557098,4,4,True
911,0,Digit 0,4,Digit 4,max_nhat,RELIABLE,RELIABLE,30.763183801883116,0.8169480890472667,0.0008006091272663213,1,0.021718969696657986,4,4,True
912,0,Digit 0,4,Digit 4,max_nhat,RELIABLE,RELIABLE,10.008469868660121,0.9127086639719227,0.0008944544906924843,2,0.0995567287254272,4,4,True
913,0,Digit 0,4,Digit 4,max_nhat,RELIABLE,RELIABLE,34.88686466441766,0.822109647981128,0.0008056674550215053,2,0.060469555953735266,4,4,True
914,0,Digit 0,4,Digit 4,max_nhat,RELIABLE,RELIABLE,32.85756870640044,0.8031636534821894,0.0007871003804125456,1,0.05886946382015101,4,4,True
915,0,Digit 0,4,Digit 4,max_nhat,RELIABLE,RELIABLE,16.882379819781427,0.8750306967317636,0.0008575300827971283,2,0.04009612779218796,4,4,True
916,0,Digit 0,4,Digit 4,max_nhat,RELIABLE,RELIABLE,11.600798356534819,0.9047908186735351,0.0008866950023000643,2,0.06827142190234226,4,4,True
917,0,Digit 0,4,Digit 4,max_nhat,RELIABLE,RELIABLE,10.758702638793402,0.9069147416599235,0.000888776446826725,2,0.13334495845759609,4,4,True
918,0,Digit 0,4,Digit 4,max_nhat,RELIABLE,RELIABLE,41.35067904444887,0.786092616033928,0.0007703707637132494,3,0.0008224762166169075,4,4,True
919,0,Digit 0,4,Digit 4,max_nhat,RELIABLE,RELIABLE,16.783624373339002,0.8698038682705908,0.0008524077909051789,2,0.0721575963868969,4,4,True
920,0,Digit 0,4,Digit 4,max_nhat,RELIABLE,RELIABLE,20.683419567954722,0.862244757593736,0.0008449998624418612,2,0.04526806295141539,4,4,True
921,0,Digit 0,4,Digit 4,max_nhat,RELIABLE,RELIABLE,28.651906563364825,0.844278654797371,0.0008273930817014236,0,0.08583116663570622,4,4,True
922,0,Digit 0,4,Digit 4,max_nhat,RELIABLE,RELIABLE,23.84934948643869,0.8426188049655111,0.0008257664288662008,2,0.04494801563287576,4,4,True
923,0,Digit 0,2,Digit 2,max_nhat,RELIABLE,RELIABLE,28.856092059851736,0.8249396273820463,0.0008084408348344054,4,0.0007129063474355934,2,2,True
924,0,Digit 0,4,Digit 4,max_nhat,RELIABLE,RELIABLE,40.835091845030384,0.8080947435338176,0.0007919328486631412,2,0.039204733945775616,4,4,True
925,0,Digit 0,4,Digit 4,max_nhat,RELIABLE,RELIABLE,26.62983450084698,0.8277333512394381,0.0008111786842146493,2,0.03830763012222904,4,4,True
926,0,Digit 0,4,Digit 4,max_nhat,RELIABLE,RELIABLE,32.62992037969749,0.8298015144104148,0.0008132054841222065,2,0.04504841571040141,4,4,True
927,0,Digit 0,4,Digit 4,max_nhat,RELIABLE,RELIABLE,25.39478771748272,0.8476305352420161,0.0008306779245371758,3,0.04703993710604981,4,4,True
928,0,Digit 0,4,Digit 4,max_nhat,RELIABLE,RELIABLE,23.69883667526198,0.8360948624089626,0.0008193729651607833,3,0.0708386571390398,4,4,True
929,0,Digit 0,4,Digit 4,max_nhat,RELIABLE,RELIABLE,39.361782599813566,0.8111362227143532,0.0007949134982600661,0,0.04226655571866211,4,4,True
930,0,Digit 0,4,Digit 4,max_nhat,RELIABLE,RELIABLE,34.73640642790198,0.8511668047115818,0.0008341434686173501,2,0.07446109870442819,4,4,True
931,0,Digit 0,4,Digit 4,max_nhat,RELIABLE,RELIABLE,23.832533068164132,0.8523235523693928,0.000835277081322005,2,0.020052605967184056,4,4,True
932,0,Digit 0,4,Digit 4,max_nhat,RELIABLE,RELIABLE,23.16259106615441,0.8691045627786934,0.0008517224715231196,0,0.08358586661545742,4,4,True
933,0,Digit 0,4,Digit 4,max_nhat,RELIABLE,RELIABLE,18.788705636990624,0.8559666943245211,0.0008388473604380306,2,0.026935538648200974,4,4,True
934,0,Digit 0,4,Digit 4,max_nhat,RELIABLE,RELIABLE,12.335648908655246,0.897884533002197,0.000879926842342153,2,0.06687721362808807,4,4,True
935,0,Digit 0,4,Digit 4,max_nhat,RELIABLE,RELIABLE,45.53417869259771,0.7961591650691855,0.0007802359817678017,2,0.029880475970316844,4,4,True
936,0,Digit 0,1,Digit 1,max_nhat,RELIABLE,RELIABLE,39.4749262316766,0.8788781644554786,0.000861300601166369,2,0.06086889531253448,1,4,False
937,0,Digit 0,4,Digit 4,max_nhat,RELIABLE,RELIABLE,24.678990601791693,0.8698628609544311,0.0008524656037353425,2,0.1156249106434617,4,4,True
938,0,Digit 0,4,Digit 4,max_nhat,RELIABLE,RELIABLE,33.43852035699898,0.8421334624049489,0.0008252907931568499,2,0.05053127693236892,4,4,True
939,0,Digit 0,4,Digit 4,max_nhat,RELIABLE,RELIABLE,25.530095460578643,0.8289589835604716,0.0008123798038892621,2,0.012445241752799041,4,4,True
940,0,Digit 0,4,Digit 4,max_nhat,RELIABLE,RELIABLE,44.79071576550693,0.8246892211810781,0.0008081954367574565,0,0.06046062587393786,4,4,True
941,0,Digit 0,4,Digit 4,max_nhat,RELIABLE,RELIABLE,16.100904031851044,0.8759102170488903,0.0008583920127079124,2,0.040756718272068726,4,4,True
942,0,Digit 0,4,Digit 4,max_nhat,RELIABLE,RELIABLE,18.281771304770974,0.8681199171885274,0.0008507575188447568,3,0.053850008914838376,4,4,True
943,0,Digit 0,4,Digit 4,max_nhat,RELIABLE,RELIABLE,20.730314164062193,0.8630582927026605,0.0008457971268486073,0,0.08905611350787723,4,4,True
944,0,Digit 0,4,Digit 4,max_nhat,RELIABLE,RELIABLE,24.634903104770473,0.86175223909934,0.0008445171943173531,2,0.038526904992357225,4,4,True
945,0,Digit 0,4,Digit 4,max_nhat,RELIABLE,RELIABLE,28.942202103475964,0.8306564318758327,0.000814043303238316,2,0.012158423566960397,4,2,False
946,0,Digit 0,4,Digit 4,max_nhat,RELIABLE,RELIABLE,15.99617146183687,0.8749054019858805,0.0008574072939461629,0,0.08992851013335934,4,4,True
947,0,Digit 0,2,Digit 2,max_nhat,RELIABLE,RELIABLE,32.68914811022723,0.8351971530514145,0.0008184932099903862,4,0.010181696440454524,2,4,False
948,0,Digit 0,4,Digit 4,max_nhat,RELIABLE,RELIABLE,16.974367962526443,0.875914523675875,0.0008583962332023575,2,0.07735454030889666,4,4,True
949,0,Digit 0,4,Digit 4,max_nhat,RELIABLE,RELIABLE,8.908658825418659,0.9227249319911476,0.0009042704333513246,2,0.08824927428074691,4,4,True
950,0,Digit 0,4,Digit 4,max_nhat,RELIABLE,RELIABLE,18.92047715348192,0.8695665491816926,0.0008521752181980587,2,0.06209020354829575,4,4,True
951,0,Digit 0,4,Digit 4,max_nhat,RELIABLE,RELIABLE,25.194628339438466,0.8373937645684675,0.0008206458892770981,0,0.05708346155286437,4,4,True
952,0,Digit 0,4,Digit 4,max_nhat,RELIABLE,RELIABLE,12.386054204290776,0.8956062012716016,0.0008776940772461696,1,0.05248174280413931,4,4,True
953,0,Digit 0,4,Digit 4,max_nhat,RELIABLE,RELIABLE,17.16322515624262,0.8769525074843713,0.0008594134573346839,2,0.09444026607825562,4,4,True
954,0,Digit 0,4,Digit 4,max_nhat,RELIABLE,RELIABLE,15.479597125913072,0.8809906302763993,0.0008633708176708714,2,0.06220151526180906,4,4,True
955,0,Digit 0,2,Digit 2,max_nhat,OOD,OOD,121.12760623462427,0.7443373843334753,0.0007294506366468058,4,0.014282302779131562,2,2,True
956,0,Digit 0,4,Digit 4,max_nhat,RELIABLE,RELIABLE,58.85936329105891,0.7838400375290533,0.0007681632367784722,2,0.06362989006935615,4,4,True
957,0,Digit 0,4,Digit 4,max_nhat,RELIABLE,RELIABLE,17.001471680799067,0.8744834295572643,0.000856993760966119,2,0.09083490261911087,4,4,True
958,0,Digit 0,4,Digit 4,max_nhat,RELIABLE,RELIABLE,21.08360694024171,0.8495783711157052,0.0008325868036933911,3,0.09608565337953179,4,4,True
959,0,Digit 0,4,Digit 4,max_nhat,RELIABLE,RELIABLE,60.47037416029603,0.7984898579654963,0.0007825200608061863,2,0.05494410571187747,4,4,True
960,0,Digit 0,4,Digit 4,max_nhat,RELIABLE,RELIABLE,17.636747325104132,0.8959888956552919,0.0008780691177421861,2,0.06489506980996962,4,4,True
961,0,Digit 0,4,Digit 4,max_nhat,RELIABLE,RELIABLE,33.03732803745858,0.8088413932800815,0.0007926645654144799,0,0.060171578445145646,4,4,True
962,0,Digit 0,2,Digit 2,max_nhat,RELIABLE,RELIABLE,21.797496394091763,0.8586731055857595,0.0008414996434740442,3,0.020403417443904392,2,2,True
963,0,Digit 0,4,Digit 4,max_nhat,RELIABLE,RELIABLE,42.34454655122764,0.8235386840325429,0.000807067910351892,2,0.054466961048196816,4,4,True
964,0,Digit 0,1,Digit 1,max_nhat,OOD,OOD,102.51388391269467,0.872014063947515,0.0008545737826685647,4,0.0052016915596313495,1,4,False
965,0,Digit 0,4,Digit 4,max_nhat,RELIABLE,RELIABLE,29.65698572247064,0.8492894752232645,0.0008323036857187992,2,0.011647888600250789,4,4,True
966,0,Digit 0,4,Digit 4,max_nhat,RELIABLE,RELIABLE,11.944984409432852,0.903452977115267,0.0008853839175729616,1,0.04203629647197782,4,4,True
967,0,Digit 0,4,Digit 4,max_nhat,RELIABLE,RELIABLE,16.383231498466202,0.8858796034506867,0.000868162011381673,2,0.10687414900485837,4,4,True
968,0,Digit 0,4,Digit 4,max_nhat,RELIABLE,RELIABLE,18.111283399834235,0.8797764099238394,0.0008621808817253626,2,0.04331447749618922,4,4,True
969,0,Digit 0,4,Digit 4,max_nhat,RELIABLE,RELIABLE,21.04028998730202,0.880633721369934,0.0008630210469425353,0,0.08698533536457742,4,4,True
970,0,Digit 0,4,Digit 4,max_nhat,RELIABLE,RELIABLE,17.389545899771505,0.8906166502700574,0.0008728043172646563,2,0.06300272827742048,4,4,True
971,0,Digit 0,4,Digit 4,max_nhat,RELIABLE,RELIABLE,14.787831973092288,0.8836649619620551,0.000865991662722814,2,0.11855554601477147,4,4,True
972,0,Digit 0,4,Digit 4,max_nhat,RELIABLE,RELIABLE,37.65972073264619,0.7833577722660454,0.0007676906168207245,2,0.02499935847108703,4,4,True
973,0,Digit 0,4,Digit 4,max_nhat,RELIABLE,RELIABLE,14.315936231824052,0.8831365203762783,0.0008654737899687527,2,0.10764948211165903,4,4,True
974,0,Digit 0,4,Digit 4,max_nhat,RELIABLE,RELIABLE,22.908384646860142,0.8368945037512167,0.0008201566136761923,3,0.0330922715059605,4,4,True
975,0,Digit 0,4,Digit 4,max_nhat,RELIABLE,RELIABLE,34.738307801850574,0.7976404617953868,0.0007816876525594791,3,0.04876861000892241,4,4,True
976,0,Digit 0,4,Digit 4,max_nhat,RELIABLE,RELIABLE,16.518244758927242,0.8744782503169612,0.000856988685310622,2,0.05336521545884099,4,4,True
977,0,Digit 0,4,Digit 4,max_nhat,RELIABLE,RELIABLE,38.596956083217584,0.8233942105593348,0.0008069263263481481,0,0.019393311306487915,4,2,False
978,0,Digit 0,4,Digit 4,max_nhat,RELIABLE,RELIABLE,48.94556504910905,0.7927253001452361,0.0007768707941423314,0,0.05473057784155144,4,4,True
979,0,Digit 0,4,Digit 4,max_nhat,RELIABLE,RELIABLE,32.4877225582822,0.8224506352293703,0.0008060016225247829,1,0.023475966144102633,4,4,True
980,0,Digit 0,1,Digit 1,max_nhat,RELIABLE,RELIABLE,24.0599355412721,0.8779271990846981,0.0008603686551030041,2,0.011574202964373392,1,2,False
981,0,Digit 0,2,Digit 2,max_nhat,RELIABLE,RELIABLE,56.416000825647764,0.7634803679930121,0.0007482107606331519,4,0.03658414276388078,2,2,True
982,0,Digit 0,4,Digit 4,max_nhat,RELIABLE,RELIABLE,21.64308806241828,0.8459645155522912,0.0008290452252412454,3,0.077441918900227,4,4,True
983,0,Digit 0,0,Digit 0,max_nhat,RELIABLE,RELIABLE,46.29393264860293,0.7928364814924572,0.0007769797518626081,4,0.008287547471885648,0,0,True
984,0,Digit 0,4,Digit 4,max_nhat,RELIABLE,RELIABLE,10.010159396639626,0.9189633326490648,0.0009005840659960834,2,0.1144461166700842,4,4,True
985,0,Digit 0,4,Digit 4,max_nhat,RELIABLE,RELIABLE,10.049931318084635,0.9159349169311896,0.0008976162185925658,2,0.08257118126338547,4,4,True
986,0,Digit 0,4,Digit 4,max_nhat,OOD,OOD,117.03820428325115,0.7337010698417139,0.0007190270484448796,0,0.004224833164164665,4,0,False
987,0,Digit 0,4,Digit 4,max_nhat,RELIABLE,RELIABLE,39.326535138273584,0.8140780345751382,0.0007977964738836354,2,0.04750813866754111,4,4,True
988,0,Digit 0,4,Digit 4,max_nhat,RELIABLE,RELIABLE,23.8165743163077,0.8535347824942547,0.0008364640868443696,2,0.06329991668231183,4,4,True
989,0,Digit 0,4,Digit 4,max_nhat,RELIABLE,RELIABLE,35.993131373454176,0.7817451853877214,0.000766110281679967,2,0.03764549261727024,4,4,True
990,0,Digit 0,4,Digit 4,max_nhat,RELIABLE,RELIABLE,46.29647806383154,0.8021756720288572,0.00078613215858828,2,0.028797503159862292,4,2,False
991,0,Digit 0,4,Digit 4,max_nhat,RELIABLE,RELIABLE,19.025387082754843,0.8645940003493029,0.0008473021203423168,2,0.060718355686189995,4,4,True
992,0,Digit 0,4,Digit 4,max_nhat,UNRELIABLE,IDO,85.31123485880481,0.843096009977441,0.0008262340897778922,2,0.04878298646100099,4,4,True
993,0,Digit 0,4,Digit 4,max_nhat,UNRELIABLE,IDO,71.7202762667846,0.7135739824812249,0.0006993025028316004,0,0.00545978477746456,4,4,True
994,0,Digit 0,4,Digit 4,max_nhat,RELIABLE,RELIABLE,22.724226366225906,0.8605569249413962,0.0008433457864425683,0,0.08241294399296784,4,4,True
995,0,Digit 0,4,Digit 4,max_nhat,OOD,OOD,129.56947960719762,0.7191155462041612,0.0007047332352800779,2,0.012743906986409592,4,2,False
996,0,Digit 0,4,Digit 4,max_nhat,RELIABLE,RELIABLE,28.539876129907356,0.8074931414384381,0.0007913432786096693,0,0.01812181128200341,4,4,True
997,0,Digit 0,4,Digit 4,max_nhat,RELIABLE,RELIABLE,15.959101663969676,0.8773114561890474,0.0008597652270652664,1,0.008645979408601234,4,4,True
998,0,Digit 0,2,Digit 2,max_nhat,RELIABLE,RELIABLE,19.815829981081457,0.8482041884929392,0.0008312401047230804,4,0.038561764712308544,2,2,True
999,0,Digit 0,4,Digit 4,max_nhat,RELIABLE,RELIABLE,21.537632784691745,0.8793726208645337,0.000861785168447243,3,0.07727147110014254,4,4,True
